﻿URL,MatchDateTime,Station,Show,IAShowID,IAPreviewThumb,Snippet
https://archive.org/details/BBCNEWS_20180227_040000_BBC_News#start/693/end/728,2/27/2018 4:11:48,BBCNEWS,BBC News,BBCNEWS_20180227_040000_BBC_News,https://archive.org/download/BBCNEWS_20180227_040000_BBC_News/BBCNEWS_20180227_040000_BBC_News.thumbs/BBCNEWS_20180227_040000_BBC_News_000688.jpg,"in preparation for the days ahead. scientists say two-thirds of the population of king penguins could disappear or have to re-locate by the end of the century due to global warming."
https://archive.org/details/BBCNEWS_20180227_200000_BBC_News#start/51/end/86,2/27/2018 20:01:06,BBCNEWS,BBC News,BBCNEWS_20180227_200000_BBC_News,https://archive.org/download/BBCNEWS_20180227_200000_BBC_News/BBCNEWS_20180227_200000_BBC_News.thumbs/BBCNEWS_20180227_200000_BBC_News_000057.jpg,"five-hour ceasefire in syria ends in failure. russia ordered a pause in fighting in eastern ghouta but the un said continued airstrikes and shelling had stopped it from delivering aid to the area. and scientists warn king penguins are under threat as global warming"
https://archive.org/details/BBCNEWS_20180223_213000_Damming_The_Nile#start/1187/end/1222,2/23/2018 21:50:02,BBCNEWS,Damming The Nile,BBCNEWS_20180223_213000_Damming_The_Nile,https://archive.org/download/BBCNEWS_20180223_213000_Damming_The_Nile/BBCNEWS_20180223_213000_Damming_The_Nile.thumbs/BBCNEWS_20180223_213000_Damming_The_Nile_001167.jpg,"government argues it is already recycling water, using it efficiently and importing wheat rather than using water to grow it. egypt's water minister says one big threat is climate change. it is"
https://archive.org/details/BBCNEWS_20180208_140000_Afternoon_Live#start/6360/end/6395,2/8/2018 15:46:15,BBCNEWS,Afternoon Live,BBCNEWS_20180208_140000_Afternoon_Live,https://archive.org/download/BBCNEWS_20180208_140000_Afternoon_Live/BBCNEWS_20180208_140000_Afternoon_Live.thumbs/BBCNEWS_20180208_140000_Afternoon_Live_006358.jpg,"the more we are finding. arctic scientists don't know yet whether the plastic tide will affect local fish stocks, but it is another human threats to a fragile environment, already being transformed by man-made climate change."
https://archive.org/details/BBCNEWS_20180210_200000_BBC_News#start/975/end/1010,2/10/2018 20:16:30,BBCNEWS,BBC News,BBCNEWS_20180210_200000_BBC_News,https://archive.org/download/BBCNEWS_20180210_200000_BBC_News/BBCNEWS_20180210_200000_BBC_News.thumbs/BBCNEWS_20180210_200000_BBC_News_000957.jpg,"that returning britain's energy system to public ownership is the best way of going green. speaking at a conference outlining labour's alternative models of ownership, mr corbyn said labour needs to take a radical approach to battling climate change."
https://archive.org/details/BBCNEWS_20180227_140000_Afternoon_Live#start/6768/end/6803,2/27/2018 15:53:03,BBCNEWS,Afternoon Live,BBCNEWS_20180227_140000_Afternoon_Live,https://archive.org/download/BBCNEWS_20180227_140000_Afternoon_Live/BBCNEWS_20180227_140000_Afternoon_Live.thumbs/BBCNEWS_20180227_140000_Afternoon_Live_006747.jpg,"scientists are warning that global warming could have a devastating impact on king penguins. researchers say climate change is shifting the ocean currents the penguins depend on forfood."
https://archive.org/details/BBCNEWS_20180208_170000_BBC_News_at_Five#start/3281/end/3316,2/8/2018 17:54:56,BBCNEWS,BBC News at Five,BBCNEWS_20180208_170000_BBC_News_at_Five,https://archive.org/download/BBCNEWS_20180208_170000_BBC_News_at_Five/BBCNEWS_20180208_170000_BBC_News_at_Five.thumbs/BBCNEWS_20180208_170000_BBC_News_at_Five_003267.jpg,"more we look for the plastics, the more we are finding. arctic scientists don't know yet whether the plastic tide will affect local fish stocks, but it is another human threat to a fragile environment already being transformed by man-made climate change. coming up"
https://archive.org/details/BBCNEWS_20180213_000000_Newsday#start/959/end/994,2/13/2018 0:16:14,BBCNEWS,Newsday,BBCNEWS_20180213_000000_Newsday,https://archive.org/download/BBCNEWS_20180213_000000_Newsday/BBCNEWS_20180213_000000_Newsday.thumbs/BBCNEWS_20180213_000000_Newsday_000958.jpg,"in cities - that percentage is only expected to grow. and the work done in cities make up 80% of the global economy. but the impact is not all positive. large cities also create 70% of global carbon dioxide emissions, giving urban areas a crucial role in fighting climate change."
https://archive.org/details/BBCNEWS_20180227_030000_BBC_News#start/705/end/740,2/27/2018 3:12:00,BBCNEWS,BBC News,BBCNEWS_20180227_030000_BBC_News,https://archive.org/download/BBCNEWS_20180227_030000_BBC_News/BBCNEWS_20180227_030000_BBC_News.thumbs/BBCNEWS_20180227_030000_BBC_News_000687.jpg,"of the population of king penguins could disappear or have to re-locate by the end of the century due to global warming. they say climate change is shifting the ocean currents that the king penguins depend on for food, away from their traditional breeding grounds near the antarctic."
https://archive.org/details/BBCNEWS_20180220_090000_Victoria_Derbyshire#start/5056/end/5091,2/20/2018 10:24:31,BBCNEWS,Victoria Derbyshire,BBCNEWS_20180220_090000_Victoria_Derbyshire,https://archive.org/download/BBCNEWS_20180220_090000_Victoria_Derbyshire/BBCNEWS_20180220_090000_Victoria_Derbyshire.thumbs/BBCNEWS_20180220_090000_Victoria_Derbyshire_005038.jpg,"greenhouse gases do not respect continental or national boundaries, international collaboration, like the parish -- paris climate            _"
https://archive.org/details/BBCNEWS_20180220_090000_Victoria_Derbyshire#start/5262/end/5297,2/20/2018 10:27:57,BBCNEWS,Victoria Derbyshire,BBCNEWS_20180220_090000_Victoria_Derbyshire,https://archive.org/download/BBCNEWS_20180220_090000_Victoria_Derbyshire/BBCNEWS_20180220_090000_Victoria_Derbyshire.thumbs/BBCNEWS_20180220_090000_Victoria_Derbyshire_005248.jpg,"country in the world to set legally binding targets to reduce greenhouse gas, reducing emissions by 40% since 1990, faster than any g-7 country or european country. and after brexit,"
https://archive.org/details/BBCNEWS_20180226_110000_BBC_Newsroom_Live#start/1380/end/1415,2/26/2018 11:23:15,BBCNEWS,BBC Newsroom Live,BBCNEWS_20180226_110000_BBC_Newsroom_Live,https://archive.org/download/BBCNEWS_20180226_110000_BBC_Newsroom_Live/BBCNEWS_20180226_110000_BBC_Newsroom_Live.thumbs/BBCNEWS_20180226_110000_BBC_Newsroom_Live_001378.jpg,"eco-design and energy labelling standards, greenhouse gas emission standards for vehicles and internal energy market product standard services, chemical radiation and nuclear safety and safeguards. the importance of getting our brexit"
https://archive.org/details/BBCNEWS_20180212_060000_Breakfast#start/2349/end/2384,2/12/2018 6:39:24,BBCNEWS,Breakfast,BBCNEWS_20180212_060000_Breakfast,https://archive.org/download/BBCNEWS_20180212_060000_Breakfast/BBCNEWS_20180212_060000_Breakfast.thumbs/BBCNEWS_20180212_060000_Breakfast_003537.jpg,"taking off, is that global warming or is it something else? or is it something else?"
https://archive.org/details/BBCNEWS_20180208_130000_BBC_News_at_One#start/256/end/291,2/8/2018 13:04:31,BBCNEWS,BBC News at One,BBCNEWS_20180208_130000_BBC_News_at_One,https://archive.org/download/BBCNEWS_20180208_130000_BBC_News_at_One/BBCNEWS_20180208_130000_BBC_News_at_One.thumbs/BBCNEWS_20180208_130000_BBC_News_at_One_000238.jpg,"for the plastics, the more we are finding. arctic scientists don't know yet whether the plastic tide will affect local fish stocks but it is another human threats to a fragile environment, already being transformed by man-made climate"
https://archive.org/details/BBCNEWS_20180227_140000_Afternoon_Live#start/97/end/132,2/27/2018 14:01:52,BBCNEWS,Afternoon Live,BBCNEWS_20180227_140000_Afternoon_Live,https://archive.org/download/BBCNEWS_20180227_140000_Afternoon_Live/BBCNEWS_20180227_140000_Afternoon_Live.thumbs/BBCNEWS_20180227_140000_Afternoon_Live_000087.jpg,"just wait until tomorrow. also coming up, the warning that global warming could have a devastating impact on king penguins. heavy snowfall is hitting parts"
https://archive.org/details/BBCNEWS_20180223_043000_HARDtalk#start/1408/end/1443,2/23/2018 4:53:43,BBCNEWS,HARDtalk,BBCNEWS_20180223_043000_HARDtalk,https://archive.org/download/BBCNEWS_20180223_043000_HARDtalk/BBCNEWS_20180223_043000_HARDtalk.thumbs/BBCNEWS_20180223_043000_HARDtalk_001409.jpg,"so just go back to climate change, we are not on track to solving the problem of climate change, there's no doubt. i'm not an optimist in the sense that everything will all work out. we're almost out of time but in essence you almost are."
https://archive.org/details/BBCNEWS_20180227_140000_Afternoon_Live#start/3616/end/3651,2/27/2018 15:00:31,BBCNEWS,Afternoon Live,BBCNEWS_20180227_140000_Afternoon_Live,https://archive.org/download/BBCNEWS_20180227_140000_Afternoon_Live/BBCNEWS_20180227_140000_Afternoon_Live.thumbs/BBCNEWS_20180227_140000_Afternoon_Live_003597.jpg,"it is in black and white. the warning that global warming could have a devastating impact on king penguins. heavy snowfall is hitting parts of the uk, causing road,"
https://archive.org/details/BBCNEWS_20180228_054500_The_Briefing#start/504/end/539,2/28/2018 5:53:39,BBCNEWS,The Briefing,BBCNEWS_20180228_054500_The_Briefing,https://archive.org/download/BBCNEWS_20180228_054500_The_Briefing/BBCNEWS_20180228_054500_The_Briefing.thumbs/BBCNEWS_20180228_054500_The_Briefing_000508.jpg,"the question is it is clearly a battle between the scientists, is it global warming or a natural phenomenon. but we don't want a warmer arctic. there are"
https://archive.org/details/BBCNEWS_20180222_231500_Newsnight#start/2295/end/2330,2/22/2018 23:53:30,BBCNEWS,Newsnight,BBCNEWS_20180222_231500_Newsnight,https://archive.org/download/BBCNEWS_20180222_231500_Newsnight/BBCNEWS_20180222_231500_Newsnight.thumbs/BBCNEWS_20180222_231500_Newsnight_002277.jpg,"was incapable of making the world any better than the way we find it today. so just go back to climate change, we are not on track to solving the problem of climate change, there's no doubt. i'm not an optimist in the sense that everything will all work out. we're almost out of time"
https://archive.org/details/BBCNEWS_20180210_190000_BBC_News#start/980/end/1015,2/10/2018 19:16:35,BBCNEWS,BBC News,BBCNEWS_20180210_190000_BBC_News,https://archive.org/download/BBCNEWS_20180210_190000_BBC_News/BBCNEWS_20180210_190000_BBC_News.thumbs/BBCNEWS_20180210_190000_BBC_News_000958.jpg,"necessary action, to help avert climate catastrophe requires us to be at least as radical as that government was, if not more. tackling global warming will not be achieved by warm words. -- clement       _"
https://archive.org/details/BBCNEWS_20180227_200000_BBC_News#start/3176/end/3211,2/27/2018 20:53:11,BBCNEWS,BBC News,BBCNEWS_20180227_200000_BBC_News,https://archive.org/download/BBCNEWS_20180227_200000_BBC_News/BBCNEWS_20180227_200000_BBC_News.thumbs/BBCNEWS_20180227_200000_BBC_News_003177.jpg,"starts to focus on newer, cleaner technologies, and those voices would wholeheartedly say that perhaps diesel has had its day. scientists are warning that global warming could have a devastating impact on king penguins."
https://archive.org/details/BBCNEWS_20180227_140000_Afternoon_Live#start/7093/end/7128,2/27/2018 15:58:28,BBCNEWS,Afternoon Live,BBCNEWS_20180227_140000_Afternoon_Live,https://archive.org/download/BBCNEWS_20180227_140000_Afternoon_Live/BBCNEWS_20180227_140000_Afternoon_Live.thumbs/BBCNEWS_20180227_140000_Afternoon_Live_007077.jpg,"also coming up. more travel disruption because of the snow, more on that in the next half an hour. it's in black and white - the warning from scientists that global warming could have a devastating"
https://archive.org/details/BBCNEWS_20180215_054500_The_Briefing#start/344/end/379,2/15/2018 5:50:59,BBCNEWS,The Briefing,BBCNEWS_20180215_054500_The_Briefing,https://archive.org/download/BBCNEWS_20180215_054500_The_Briefing/BBCNEWS_20180215_054500_The_Briefing.thumbs/BBCNEWS_20180215_054500_The_Briefing_000327.jpg,"are becoming more accessible to vessels. with that, people are able, one side says the ship routes will become faster and there are economic opportunities and other people argue it is another example of global warming affecting the planet."
https://archive.org/details/BBCNEWS_20180227_130000_BBC_News_at_One#start/1252/end/1287,2/27/2018 13:21:07,BBCNEWS,BBC News at One,BBCNEWS_20180227_130000_BBC_News_at_One,https://archive.org/download/BBCNEWS_20180227_130000_BBC_News_at_One/BBCNEWS_20180227_130000_BBC_News_at_One.thumbs/BBCNEWS_20180227_130000_BBC_News_at_One_001228.jpg,"freezing temperatures and heavy snow cause disruption across large parts of the uk, with amber warnings of more severe weather ahead. and still to come. penguins in peril - why global warming is threatening the survival of these birds."
https://archive.org/details/BBCNEWS_20180227_130000_BBC_News_at_One#start/1719/end/1754,2/27/2018 13:28:54,BBCNEWS,BBC News at One,BBCNEWS_20180227_130000_BBC_News_at_One,https://archive.org/download/BBCNEWS_20180227_130000_BBC_News_at_One/BBCNEWS_20180227_130000_BBC_News_at_One.thumbs/BBCNEWS_20180227_130000_BBC_News_at_One_001708.jpg,"douglas innes denies four counts of manslaughter by gross negligence. the trial is due to last until easter. duncan kennedy, bbc news, at winchester crown court. scientists are warning that global warming could have a devastating"
https://archive.org/details/BBCNEWS_20180227_200000_BBC_News#start/3369/end/3404,2/27/2018 20:56:24,BBCNEWS,BBC News,BBCNEWS_20180227_200000_BBC_News,https://archive.org/download/BBCNEWS_20180227_200000_BBC_News/BBCNEWS_20180227_200000_BBC_News.thumbs/BBCNEWS_20180227_200000_BBC_News_003357.jpg,"issue here is global warming will stop beyond addressing that, other other solutions that can be found to make sure these colonies of king penguins can survive? there are limits to what we can do because"
https://archive.org/details/BBCNEWS_20180227_060000_Breakfast#start/2236/end/2271,2/27/2018 6:37:31,BBCNEWS,Breakfast,BBCNEWS_20180227_060000_Breakfast,https://archive.org/download/BBCNEWS_20180227_060000_Breakfast/BBCNEWS_20180227_060000_Breakfast.thumbs/BBCNEWS_20180227_060000_Breakfast_002217.jpg,"as 70% of the world's king penguins will be forced to relocate, or could disappear over the next 80 years, because of global warming. it's thought over a million breeding pairs could struggle to find food"
https://archive.org/details/BBCNEWS_20180227_060000_Breakfast#start/5759/end/5794,2/27/2018 7:36:14,BBCNEWS,Breakfast,BBCNEWS_20180227_060000_Breakfast,https://archive.org/download/BBCNEWS_20180227_060000_Breakfast/BBCNEWS_20180227_060000_Breakfast.thumbs/BBCNEWS_20180227_060000_Breakfast_005757.jpg,"killed in the crash. scientists are warning as many as 70% of the world's king penguins will be forced to relocate, or could disappear over the next 80 years, because of global warming. it's thought over a million breeding"
https://archive.org/details/BBCNEWS_20180225_003000_Damming_The_Nile#start/1179/end/1214,2/25/2018 0:49:54,BBCNEWS,Damming The Nile,BBCNEWS_20180225_003000_Damming_The_Nile,https://archive.org/download/BBCNEWS_20180225_003000_Damming_The_Nile/BBCNEWS_20180225_003000_Damming_The_Nile.thumbs/BBCNEWS_20180225_003000_Damming_The_Nile_001168.jpg,"threat is climate change. the second threat is the unilateral action in the upstream countries."
https://archive.org/details/BBCNEWS_20180210_180000_BBC_News#start/1390/end/1425,2/10/2018 18:23:25,BBCNEWS,BBC News,BBCNEWS_20180210_180000_BBC_News,https://archive.org/download/BBCNEWS_20180210_180000_BBC_News/BBCNEWS_20180210_180000_BBC_News.thumbs/BBCNEWS_20180210_180000_BBC_News_001377.jpg,"least as radical as that government was, if not more. tackling global warming will not be achieved by warm words. jeremy corbyn. her majesty's revenue and customs has written to retailers warning them about a scam involving the apple itunes service."
https://archive.org/details/BBCNEWS_20180226_190000_Beyond_100_Days#start/974/end/1009,2/26/2018 19:16:29,BBCNEWS,Beyond 100 Days,BBCNEWS_20180226_190000_Beyond_100_Days,https://archive.org/download/BBCNEWS_20180226_190000_Beyond_100_Days/BBCNEWS_20180226_190000_Beyond_100_Days.thumbs/BBCNEWS_20180226_190000_Beyond_100_Days_000958.jpg,"immigration, climate change. has the internet exacerbated this? definitely, internet, social media. there are studies i described that"
https://archive.org/details/BBCNEWS_20180226_231500_Newsnight#start/2188/end/2223,2/26/2018 23:51:43,BBCNEWS,Newsnight,BBCNEWS_20180226_231500_Newsnight,https://archive.org/download/BBCNEWS_20180226_231500_Newsnight/BBCNEWS_20180226_231500_Newsnight.thumbs/BBCNEWS_20180226_231500_Newsnight_002187.jpg,"getting the warm air? the whole thing is going round the wrong way. so when we hear about global warming, it's people like you who are out there in these more remote parts measuring it and monitoring it. yes. if you look at what's been happening"
https://archive.org/details/BBCNEWS_20180220_090000_Victoria_Derbyshire#start/5046/end/5081,2/20/2018 10:24:21,BBCNEWS,Victoria Derbyshire,BBCNEWS_20180220_090000_Victoria_Derbyshire,https://archive.org/download/BBCNEWS_20180220_090000_Victoria_Derbyshire/BBCNEWS_20180220_090000_Victoria_Derbyshire.thumbs/BBCNEWS_20180220_090000_Victoria_Derbyshire_005038.jpg,"without handicapping industry. this race to the top is essential to tackle shared challenges. work to combat climate change must be done,"
https://archive.org/details/BBCNEWS_20180210_200000_BBC_News#start/1024/end/1059,2/10/2018 20:17:19,BBCNEWS,BBC News,BBCNEWS_20180210_200000_BBC_News,https://archive.org/download/BBCNEWS_20180210_200000_BBC_News/BBCNEWS_20180210_200000_BBC_News.thumbs/BBCNEWS_20180210_200000_BBC_News_001017.jpg,"catastrophe requires us to be at least as radical as that government was, if not more. tackling global warming won't be achieved by warm words. the headlines on bbc news. the haitian ambassador tells the bbc his government wants oxfam to explain how it dealt with allegations of aid"
https://archive.org/details/BBCNEWS_20180208_140000_Afternoon_Live#start/3877/end/3912,2/8/2018 15:04:52,BBCNEWS,Afternoon Live,BBCNEWS_20180208_140000_Afternoon_Live,https://archive.org/download/BBCNEWS_20180208_140000_Afternoon_Live/BBCNEWS_20180208_140000_Afternoon_Live.thumbs/BBCNEWS_20180208_140000_Afternoon_Live_003868.jpg,"local fish stocks, but it is another human threats to a fragile environment, already being transformed by man-made climate change. roger harrabin with that report. ben"
https://archive.org/details/BBCNEWS_20180208_220000_BBC_News_at_Ten#start/1489/end/1524,2/8/2018 22:25:04,BBCNEWS,BBC News at Ten,BBCNEWS_20180208_220000_BBC_News_at_Ten,https://archive.org/download/BBCNEWS_20180208_220000_BBC_News_at_Ten/BBCNEWS_20180208_220000_BBC_News_at_Ten.thumbs/BBCNEWS_20180208_220000_BBC_News_at_Ten_001467.jpg,"by man-made climate change. roger harrabin, bbc news, in the norwegian arctic. an inquest has found that a man with a learning disability died from complications caused"
https://archive.org/details/BBCNEWS_20180209_083000_BBC_Business_Live#start/1458/end/1493,2/9/2018 8:54:33,BBCNEWS,BBC Business Live,BBCNEWS_20180209_083000_BBC_Business_Live,https://archive.org/download/BBCNEWS_20180209_083000_BBC_Business_Live/BBCNEWS_20180209_083000_BBC_Business_Live.thumbs/BBCNEWS_20180209_083000_BBC_Business_Live_001438.jpg,"england investment funds? issues of diversity, gender, climate change. i think they had already mentioned. mentioned. but they are setting the moral bar, aren't they? moral bar, aren't they?"
https://archive.org/details/BBCNEWS_20180227_050000_The_Briefing#start/869/end/904,2/27/2018 5:14:44,BBCNEWS,The Briefing,BBCNEWS_20180227_050000_The_Briefing,https://archive.org/download/BBCNEWS_20180227_050000_The_Briefing/BBCNEWS_20180227_050000_The_Briefing.thumbs/BBCNEWS_20180227_050000_The_Briefing_000868.jpg,"that because the atmosphere is much warmer than it has been in the past, climate change is supercharging these weather events. we have more unprecedented extremes. that was my"
https://archive.org/details/BBCNEWS_20180226_110000_BBC_Newsroom_Live#start/1302/end/1337,2/26/2018 11:21:57,BBCNEWS,BBC Newsroom Live,BBCNEWS_20180226_110000_BBC_Newsroom_Live,https://archive.org/download/BBCNEWS_20180226_110000_BBC_Newsroom_Live/BBCNEWS_20180226_110000_BBC_Newsroom_Live.thumbs/BBCNEWS_20180226_110000_BBC_Newsroom_Live_001288.jpg,"offshore in order to avoid paying their dues to fund the public services that they all use at some point in their lives. second, climate change, which is creating"
https://archive.org/details/BBCNEWS_20180224_143000_Damming_The_Nile#start/1238/end/1273,2/24/2018 14:50:53,BBCNEWS,Damming The Nile,BBCNEWS_20180224_143000_Damming_The_Nile,https://archive.org/download/BBCNEWS_20180224_143000_Damming_The_Nile/BBCNEWS_20180224_143000_Damming_The_Nile.thumbs/BBCNEWS_20180224_143000_Damming_The_Nile_001227.jpg,"wheat rather than using water to grow it. egypt's water minister says one big threat is climate change. it is unilateral action in upstream countries, it will have severe impacts"
https://archive.org/details/BBCNEWS_20180225_103000_Damming_The_Nile#start/1317/end/1352,2/25/2018 10:52:12,BBCNEWS,Damming The Nile,BBCNEWS_20180225_103000_Damming_The_Nile,https://archive.org/download/BBCNEWS_20180225_103000_Damming_The_Nile/BBCNEWS_20180225_103000_Damming_The_Nile.thumbs/BBCNEWS_20180225_103000_Damming_The_Nile_001318.jpg,"using it efficiently and importing wheat rather than using water to grow it. egypt's water minister says one big threat is climate change. it is unilateral action in upstream countries,"
https://archive.org/details/BBCNEWS_20180227_140000_Afternoon_Live#start/8586/end/8621,2/27/2018 16:23:21,BBCNEWS,Afternoon Live,BBCNEWS_20180227_140000_Afternoon_Live,https://archive.org/download/BBCNEWS_20180227_140000_Afternoon_Live/BBCNEWS_20180227_140000_Afternoon_Live.thumbs/BBCNEWS_20180227_140000_Afternoon_Live_008577.jpg,"that climate change could have a devastating impact on king penguins. 70% could be forced to move from current nesting sites or die. here isjohn amos. splashing ashore after another"
https://archive.org/details/BBCNEWS_20180208_200000_BBC_News#start/2634/end/2669,2/8/2018 20:44:09,BBCNEWS,BBC News,BBCNEWS_20180208_200000_BBC_News,https://archive.org/download/BBCNEWS_20180208_200000_BBC_News/BBCNEWS_20180208_200000_BBC_News.thumbs/BBCNEWS_20180208_200000_BBC_News_002637.jpg,"but it is another human threat to a fragile environment, already being transformed by man-made climate change. roger harribgan, bbc news, in the norwegian arctic. are in washington to hear evidence"
https://archive.org/details/BBCNEWS_20180207_060000_Breakfast#start/6263/end/6298,2/7/2018 7:44:38,BBCNEWS,Breakfast,BBCNEWS_20180207_060000_Breakfast,https://archive.org/download/BBCNEWS_20180207_060000_Breakfast/BBCNEWS_20180207_060000_Breakfast.thumbs/BBCNEWS_20180207_060000_Breakfast_006237.jpg,"climate change. we need to be doing something about it. it is hard sometimes for people to brought -- to relate. plastic, just stop using a straw, straightaway, you are doing something about it. it doesn't need"
https://archive.org/details/BBCNEWS_20180214_050000_The_Briefing#start/1154/end/1189,2/14/2018 5:19:29,BBCNEWS,The Briefing,BBCNEWS_20180214_050000_The_Briefing,https://archive.org/download/BBCNEWS_20180214_050000_The_Briefing/BBCNEWS_20180214_050000_The_Briefing.thumbs/BBCNEWS_20180214_050000_The_Briefing_001137.jpg,"gita reached 233km/h. here's our briefing on some of the key events happening later. we begin in the philippines where greenpeace ship rainbow warrior is on a visit to promote climate change awareness while in brussels,"
https://archive.org/details/BBCNEWS_20180210_170000_BBC_News#start/672/end/707,2/10/2018 17:11:27,BBCNEWS,BBC News,BBCNEWS_20180210_170000_BBC_News,https://archive.org/download/BBCNEWS_20180210_170000_BBC_News/BBCNEWS_20180210_170000_BBC_News.thumbs/BBCNEWS_20180210_170000_BBC_News_000658.jpg,"on in her speech, international issues, the middle east, catalonia, climate change and also more specific to politics here on the island of ireland, the legacy of the conflict in northern ireland, for example, paying tribute to her predecessors"
https://archive.org/details/BBCNEWS_20180210_180000_BBC_News#start/722/end/757,2/10/2018 18:12:17,BBCNEWS,BBC News,BBCNEWS_20180210_180000_BBC_News,https://archive.org/download/BBCNEWS_20180210_180000_BBC_News/BBCNEWS_20180210_180000_BBC_News.thumbs/BBCNEWS_20180210_180000_BBC_News_000717.jpg,"now, other issues that mary lou mcdonald touched on in her speech, international issues, the middle east, catalonia, climate change and also more specific to politics here on the island of ireland, the legacy of the conflict"
https://archive.org/details/BBCNEWS_20180216_140000_Afternoon_Live#start/8092/end/8127,2/16/2018 16:15:07,BBCNEWS,Afternoon Live,BBCNEWS_20180216_140000_Afternoon_Live,https://archive.org/download/BBCNEWS_20180216_140000_Afternoon_Live/BBCNEWS_20180216_140000_Afternoon_Live.thumbs/BBCNEWS_20180216_140000_Afternoon_Live_008067.jpg,"forces supporting the iraqi government to territory in their brave fight against daesh in the middle east. and in areas like google health, climate change, uk germany corporation has shaped the agenda internationally. in our talks"
https://archive.org/details/BBCNEWS_20180227_200000_BBC_News#start/3193/end/3228,2/27/2018 20:53:28,BBCNEWS,BBC News,BBCNEWS_20180227_200000_BBC_News,https://archive.org/download/BBCNEWS_20180227_200000_BBC_News/BBCNEWS_20180227_200000_BBC_News.thumbs/BBCNEWS_20180227_200000_BBC_News_003177.jpg,"researchers say climate change is shifting the ocean currents the penguins depend on forfood. 70% of them may be forced to move from their current nesting sites or die. here's our science correspondentjonathan amos. splashing ashore after another"
https://archive.org/details/BBCNEWS_20180227_050000_The_Briefing#start/888/end/923,2/27/2018 5:15:03,BBCNEWS,The Briefing,BBCNEWS_20180227_050000_The_Briefing,https://archive.org/download/BBCNEWS_20180227_050000_The_Briefing/BBCNEWS_20180227_050000_The_Briefing.thumbs/BBCNEWS_20180227_050000_The_Briefing_000868.jpg,"next question, whether this is a climate change issue, and if it is, to what extent are we having to get our heads around how things will be different in future? will this becoming more frequent event? we"
https://archive.org/details/BBCNEWS_20180222_000000_Newsday#start/1045/end/1080,2/22/2018 0:17:40,BBCNEWS,Newsday,BBCNEWS_20180222_000000_Newsday,https://archive.org/download/BBCNEWS_20180222_000000_Newsday/BBCNEWS_20180222_000000_Newsday.thumbs/BBCNEWS_20180222_000000_Newsday_001018.jpg,"certainly a tool for land breeders who are developing these improved crops forfarmers to crops for farmers to grow because we need crops to be more productive, in the face of climate change, warmer temperatures, more frequent"
https://archive.org/details/BBCNEWS_20180220_170000_BBC_News_at_Five#start/1427/end/1462,2/20/2018 17:24:02,BBCNEWS,BBC News at Five,BBCNEWS_20180220_170000_BBC_News_at_Five,https://archive.org/download/BBCNEWS_20180220_170000_BBC_News_at_Five/BBCNEWS_20180220_170000_BBC_News_at_Five.thumbs/BBCNEWS_20180220_170000_BBC_News_at_Five_001408.jpg,"britain could raise standards, not just maintain, on animal welfare and climate change, for instance, if we exceed eu minimum, could that lead to problems as well? that could see costs to adhere to it, that could"
https://archive.org/details/BBCNEWS_20180220_140000_Afternoon_Live#start/606/end/641,2/20/2018 14:10:21,BBCNEWS,Afternoon Live,BBCNEWS_20180220_140000_Afternoon_Live,https://archive.org/download/BBCNEWS_20180220_140000_Afternoon_Live/BBCNEWS_20180220_140000_Afternoon_Live.thumbs/BBCNEWS_20180220_140000_Afternoon_Live_000597.jpg,"just maintain, on animal welfare and climate change, for instance, if we exceed eu minimum, could that be problems as well? that could see costs to adhere to it, that could interfere with competitiveness. that may be so."
https://archive.org/details/BBCNEWS_20180226_090000_Victoria_Derbyshire#start/7117/end/7152,2/26/2018 10:58:52,BBCNEWS,Victoria Derbyshire,BBCNEWS_20180226_090000_Victoria_Derbyshire,https://archive.org/download/BBCNEWS_20180226_090000_Victoria_Derbyshire/BBCNEWS_20180226_090000_Victoria_Derbyshire.thumbs/BBCNEWS_20180226_090000_Victoria_Derbyshire_007107.jpg,"know that our interests are bound up with millions of others all across the globe. whether that is in order to tackle the huge challenges of climate change, build a more peaceful world, or clamp down on the"
https://archive.org/details/BBCNEWS_20180224_203000_Damming_The_Nile#start/1283/end/1318,2/24/2018 20:51:38,BBCNEWS,Damming The Nile,BBCNEWS_20180224_203000_Damming_The_Nile,https://archive.org/download/BBCNEWS_20180224_203000_Damming_The_Nile/BBCNEWS_20180224_203000_Damming_The_Nile.thumbs/BBCNEWS_20180224_203000_Damming_The_Nile_001257.jpg,"but the government argues 12: 4.52.25: freezers; 5.52.45; - -~----~ -- -,,-, 7- m- using it efficiently and importing wheat rather than using water to grow it. egypt's water minister says one big threat is climate change. the second threat is unilateral"
https://archive.org/details/BBCNEWS_20180208_140000_Afternoon_Live#start/1514/end/1549,2/8/2018 14:25:29,BBCNEWS,Afternoon Live,BBCNEWS_20180208_140000_Afternoon_Live,https://archive.org/download/BBCNEWS_20180208_140000_Afternoon_Live/BBCNEWS_20180208_140000_Afternoon_Live.thumbs/BBCNEWS_20180208_140000_Afternoon_Live_001498.jpg,"the more we are finding. arctic scientists don't know yet whether the plastic tide will affect local fish stocks, but it is another human threats to a fragile environment, already being transformed by man-made climate change. at least eight people have died"
https://archive.org/details/BBCNEWS_20180213_000000_Newsday#start/1310/end/1345,2/13/2018 0:22:05,BBCNEWS,Newsday,BBCNEWS_20180213_000000_Newsday,https://archive.org/download/BBCNEWS_20180213_000000_Newsday/BBCNEWS_20180213_000000_Newsday.thumbs/BBCNEWS_20180213_000000_Newsday_001288.jpg,"it for me? what is it for my culture, what is in it for me on the street? what about the third generation? they start to the environmental aspects. we are all aware of the climate change agenda, keeping a lid"
https://archive.org/details/BBCNEWS_20180211_020000_BBC_News#start/774/end/809,2/11/2018 2:13:09,BBCNEWS,BBC News,BBCNEWS_20180211_020000_BBC_News,https://archive.org/download/BBCNEWS_20180211_020000_BBC_News/BBCNEWS_20180211_020000_BBC_News.thumbs/BBCNEWS_20180211_020000_BBC_News_000747.jpg,"mcdonald touched on in her speech, international issues, the middle east, catalonia, climate change will stop she said it would be important in the years to come. also, more specific to politics here on the complex northern ireland. she paid"
https://archive.org/details/BBCNEWS_20180227_130000_BBC_News_at_One#start/1735/end/1770,2/27/2018 13:29:10,BBCNEWS,BBC News at One,BBCNEWS_20180227_130000_BBC_News_at_One,https://archive.org/download/BBCNEWS_20180227_130000_BBC_News_at_One/BBCNEWS_20180227_130000_BBC_News_at_One.thumbs/BBCNEWS_20180227_130000_BBC_News_at_One_001708.jpg,"impact on king penguins. researchers say climate change is shifting the ocean currents the penguins depend on forfood. 70% of them may be forced to move from their current nesting sites or die. here's our science correspondent, jonathan amos. splashing ashore after another"
https://archive.org/details/BBCNEWS_20180222_043000_HARDtalk#start/1366/end/1401,2/22/2018 4:53:01,BBCNEWS,HARDtalk,BBCNEWS_20180222_043000_HARDtalk,https://archive.org/download/BBCNEWS_20180222_043000_HARDtalk/BBCNEWS_20180222_043000_HARDtalk.thumbs/BBCNEWS_20180222_043000_HARDtalk_001348.jpg,"solving the problem of climate change, there's no doubt. i'm not an optimist in the sense that everything will all workout. we're almost out of time but in essence you always are. here's my invitation to you at the end of this programme,"
https://archive.org/details/BBCNEWS_20180222_043000_HARDtalk#start/1383/end/1418,2/22/2018 4:53:18,BBCNEWS,HARDtalk,BBCNEWS_20180222_043000_HARDtalk,https://archive.org/download/BBCNEWS_20180222_043000_HARDtalk/BBCNEWS_20180222_043000_HARDtalk.thumbs/BBCNEWS_20180222_043000_HARDtalk_001378.jpg,"some people today look at where we are with climate change, for example, or indeed with nuclear proliferation, and in particular the nuclear stand-off right now with donald trump's united states administration and north korea, and they think to themselves, we've"
https://archive.org/details/BBCNEWS_20180222_010000_Newsday#start/1092/end/1127,2/22/2018 1:18:27,BBCNEWS,Newsday,BBCNEWS_20180222_010000_Newsday,https://archive.org/download/BBCNEWS_20180222_010000_Newsday/BBCNEWS_20180222_010000_Newsday.thumbs/BBCNEWS_20180222_010000_Newsday_001077.jpg,"in the face of climate change, so that's warmer temperatures, more frequent droughts, rapidly evolving diseases, and even making them more nutritious as well, for humans to consume. but the way it works is that we expose the plants to 22"
https://archive.org/details/BBCNEWS_20180220_130000_BBC_News_at_One#start/669/end/704,2/20/2018 13:11:24,BBCNEWS,BBC News at One,BBCNEWS_20180220_130000_BBC_News_at_One,https://archive.org/download/BBCNEWS_20180220_130000_BBC_News_at_One/BBCNEWS_20180220_130000_BBC_News_at_One.thumbs/BBCNEWS_20180220_130000_BBC_News_at_One_000657.jpg,"written could raise standards, not just maintain, on animal welfare and climate change, for instance, if we exceed eu minimum, could that be problems as well? that could see costs to adhere to it, that could interfere with competitiveness. but"
https://archive.org/details/BBCNEWS_20180219_003000_Baftas_2018#start/556/end/591,2/19/2018 0:39:31,BBCNEWS,Baftas 2018,BBCNEWS_20180219_003000_Baftas_2018,https://archive.org/download/BBCNEWS_20180219_003000_Baftas_2018/BBCNEWS_20180219_003000_Baftas_2018.thumbs/BBCNEWS_20180219_003000_Baftas_2018_000537.jpg,"there is a wake-up call here and thatis there is a wake-up call here and that is climate change and our vulnerability to get. it was true ten years ago, it was true five years ago, it was undeniable today."
https://archive.org/details/BBCNEWS_20180226_110000_BBC_Newsroom_Live#start/1396/end/1431,2/26/2018 11:23:31,BBCNEWS,BBC Newsroom Live,BBCNEWS_20180226_110000_BBC_Newsroom_Live,https://archive.org/download/BBCNEWS_20180226_110000_BBC_Newsroom_Live/BBCNEWS_20180226_110000_BBC_Newsroom_Live.thumbs/BBCNEWS_20180226_110000_BBC_Newsroom_Live_001378.jpg,"settle m e nt importance of getting our brexit settlement right is vital in this area both in terms of the industrial role of britain in reducing climate change and protecting jobs and industry. third, there are unprecedented numbers of people"
https://archive.org/details/BBCNEWS_20180208_180000_BBC_News_at_Six#start/1089/end/1124,2/8/2018 18:18:24,BBCNEWS,BBC News at Six,BBCNEWS_20180208_180000_BBC_News_at_Six,https://archive.org/download/BBCNEWS_20180208_180000_BBC_News_at_Six/BBCNEWS_20180208_180000_BBC_News_at_Six.thumbs/BBCNEWS_20180208_180000_BBC_News_at_Six_001078.jpg,"so sad. arctic scientists don't know yet whether the plastic tide will affect local fish stocks, but it is another human threat to a fragile environment, already being transformed by man-made climate change. roger harribgan, bbc news, in the norwegian arctic. a series of failures led"
https://archive.org/details/BBCNEWS_20180210_190000_BBC_News#start/938/end/973,2/10/2018 19:15:53,BBCNEWS,BBC News,BBCNEWS_20180210_190000_BBC_News,https://archive.org/download/BBCNEWS_20180210_190000_BBC_News/BBCNEWS_20180210_190000_BBC_News.thumbs/BBCNEWS_20180210_190000_BBC_News_000928.jpg,"that returning britain's energy system to public ownership is the best way of going green. speaking at a conference outlining labour's alternative models of ownership, mr corbyn said labour needs to take a radical approach to battling climate change. in 1945, we elected a labour"
https://archive.org/details/BBCNEWS_20180210_180000_BBC_News#start/1359/end/1394,2/10/2018 18:22:54,BBCNEWS,BBC News,BBCNEWS_20180210_180000_BBC_News,https://archive.org/download/BBCNEWS_20180210_180000_BBC_News/BBCNEWS_20180210_180000_BBC_News.thumbs/BBCNEWS_20180210_180000_BBC_News_001347.jpg,"speaking at a conference outlining labour's alternative models of ownership, mr corbyn said labour needs to take a radical approach to battling climate change. in 1945 re-elected a labour government to take control of the country that was ravaged by six yea rs of"
https://archive.org/details/BBCNEWS_20180209_050000_The_Briefing#start/1359/end/1394,2/9/2018 5:22:54,BBCNEWS,The Briefing,BBCNEWS_20180209_050000_The_Briefing,https://archive.org/download/BBCNEWS_20180209_050000_The_Briefing/BBCNEWS_20180209_050000_The_Briefing.thumbs/BBCNEWS_20180209_050000_The_Briefing_001348.jpg,"it's clearly been deliberately cut. so's that. arctic scientists don't know yet whether the plastic tide will affect local fish stocks, but it is another human threat to a fragile environment already being transformed by man-made climate change. roger harrabin, bbc news, in the norwegian arctic."
https://archive.org/details/BBCNEWS_20180218_030000_BBC_News#start/979/end/1014,2/18/2018 3:16:34,BBCNEWS,BBC News,BBCNEWS_20180218_030000_BBC_News,https://archive.org/download/BBCNEWS_20180218_030000_BBC_News/BBCNEWS_20180218_030000_BBC_News.thumbs/BBCNEWS_20180218_030000_BBC_News_000957.jpg,"in warzone in war zone places like yemen, syria, south sudan, somalia, iran, afghanistan. it is man-made conflict and renew compound that with climate change, it is a disaster in the works. we are dealing with this and every time you have hunger, you have"
https://archive.org/details/BBCNEWS_20180222_231500_Newsnight#start/2313/end/2348,2/22/2018 23:53:48,BBCNEWS,Newsnight,BBCNEWS_20180222_231500_Newsnight,https://archive.org/download/BBCNEWS_20180222_231500_Newsnight/BBCNEWS_20180222_231500_Newsnight.thumbs/BBCNEWS_20180222_231500_Newsnight_002307.jpg,"but in essence you almost are. here's my invitation to you at the end of this programme, some people today look at where we are with climate change, for example, or indeed with nuclear proliferation, and in particular the nuclear stand-off right now"
https://archive.org/details/BBCNEWS_20180223_043000_HARDtalk#start/1258/end/1293,2/23/2018 4:51:13,BBCNEWS,HARDtalk,BBCNEWS_20180223_043000_HARDtalk,https://archive.org/download/BBCNEWS_20180223_043000_HARDtalk/BBCNEWS_20180223_043000_HARDtalk.thumbs/BBCNEWS_20180223_043000_HARDtalk_001258.jpg,"and the degree to which they continue to deliver us to a better place, one can quite quickly counter with obviously climate change, being a massive global problem which science, for the moment, seems incapable of coming up with a clear solution. one could look at"
https://archive.org/details/BBCNEWS_20180227_200000_BBC_News#start/3306/end/3341,2/27/2018 20:55:21,BBCNEWS,BBC News,BBCNEWS_20180227_200000_BBC_News,https://archive.org/download/BBCNEWS_20180227_200000_BBC_News/BBCNEWS_20180227_200000_BBC_News.thumbs/BBCNEWS_20180227_200000_BBC_News_003297.jpg,"increasing the moment but it doesn't mean they will always be safe. as we have seen from this study, as the polar front moves south due to climate change, some of the more northern colonies may no longer be suitable habitat for them. but other"
https://archive.org/details/BBCNEWS_20180222_043000_HARDtalk#start/1351/end/1386,2/22/2018 4:52:46,BBCNEWS,HARDtalk,BBCNEWS_20180222_043000_HARDtalk,https://archive.org/download/BBCNEWS_20180222_043000_HARDtalk/BBCNEWS_20180222_043000_HARDtalk.thumbs/BBCNEWS_20180222_043000_HARDtalk_001348.jpg,"you're much more optimistic than doctor pangalos? pangalos was a a defender of the belief that god was incapable of making the world any better than the way we find it today. just go back to climate change, we are not on track to"
https://archive.org/details/BBCNEWS_20180220_140000_Afternoon_Live#start/4490/end/4525,2/20/2018 15:15:05,BBCNEWS,Afternoon Live,BBCNEWS_20180220_140000_Afternoon_Live,https://archive.org/download/BBCNEWS_20180220_140000_Afternoon_Live/BBCNEWS_20180220_140000_Afternoon_Live.thumbs/BBCNEWS_20180220_140000_Afternoon_Live_004467.jpg,"of course we trust david davis but we do not know who will come after him. david davis has made clear that britain could raise standards, not just maintain them, on animal welfare and climate change, for instance, if we exceed eu minimum, could that be"
https://archive.org/details/BBCNEWS_20180219_190000_Beyond_100_Days#start/3223/end/3258,2/19/2018 19:53:58,BBCNEWS,Beyond 100 Days,BBCNEWS_20180219_190000_Beyond_100_Days,https://archive.org/download/BBCNEWS_20180219_190000_Beyond_100_Days/BBCNEWS_20180219_190000_Beyond_100_Days.thumbs/BBCNEWS_20180219_190000_Beyond_100_Days_003208.jpg,"areas, the rest of the world would like america to be part of the fight against global climate change but he will have nothing to do with it. they just do not like theyjust do not like what america is doing. these are new times we're"
https://archive.org/details/BBCNEWS_20180218_040000_BBC_News#start/989/end/1024,2/18/2018 4:16:44,BBCNEWS,BBC News,BBCNEWS_20180218_040000_BBC_News,https://archive.org/download/BBCNEWS_20180218_040000_BBC_News/BBCNEWS_20180218_040000_BBC_News.thumbs/BBCNEWS_20180218_040000_BBC_News_000987.jpg,"afghanistan. it's man-made conflict and when you compound that with climate change, it's a disaster in the works. we are dealing with this and every time you have hunger, you have a migration. we know for every 1% increase of hunger, there's a 2%"
https://archive.org/details/BBCNEWS_20180225_000000_BBC_News#start/542/end/577,2/25/2018 0:09:17,BBCNEWS,BBC News,BBCNEWS_20180225_000000_BBC_News,https://archive.org/download/BBCNEWS_20180225_000000_BBC_News/BBCNEWS_20180225_000000_BBC_News.thumbs/BBCNEWS_20180225_000000_BBC_News_000538.jpg,"have a liberal base that is very agitated, they are agitated about climate change, about many things, and this is one of the issue that really feeds into this divide between liberal, conservative, and so between liberal, conservative, and so you have an activated race ready"
https://archive.org/details/BBCNEWS_20180225_000000_BBC_News#start/620/end/655,2/25/2018 0:10:35,BBCNEWS,BBC News,BBCNEWS_20180225_000000_BBC_News,https://archive.org/download/BBCNEWS_20180225_000000_BBC_News/BBCNEWS_20180225_000000_BBC_News.thumbs/BBCNEWS_20180225_000000_BBC_News_000598.jpg,"couple of weeks and now, the news cycle can move forward and it drags oui' our attention to something else, so it could be immigration, it could be climate change. there are so many different things that can grab our attention, that what we have seen in"
https://archive.org/details/BBCNEWS_20180216_133000_BBC_News#start/1305/end/1340,2/16/2018 13:52:00,BBCNEWS,BBC News,BBCNEWS_20180216_133000_BBC_News,https://archive.org/download/BBCNEWS_20180216_133000_BBC_News/BBCNEWS_20180216_133000_BBC_News.thumbs/BBCNEWS_20180216_133000_BBC_News_001287.jpg,"the encouragement of the arts, manufactures and commerce said it could pave the way to everyone getting a basic state wage and would compensate workers for the wayjobs are changing in light of automation and climate change. french car-maker renault posted record sales and profits last year, with operating profit surging more than 17%."
https://archive.org/details/BBCNEWS_20180215_053000_Business_Briefing#start/828/end/863,2/15/2018 5:44:03,BBCNEWS,Business Briefing,BBCNEWS_20180215_053000_Business_Briefing,https://archive.org/download/BBCNEWS_20180215_053000_Business_Briefing/BBCNEWS_20180215_053000_Business_Briefing.thumbs/BBCNEWS_20180215_053000_Business_Briefing_000808.jpg,"of the porn star who allegedly had an affair with donald trump has been given new life after the president's lawyer admited paying her off. it's said she believes she's now free to talk about the claims. the independent report on the latest example of climate change. it says a ship's managed to get"
https://archive.org/details/BBCNEWS_20180214_140000_Afternoon_Live#start/5848/end/5883,2/14/2018 15:37:43,BBCNEWS,Afternoon Live,BBCNEWS_20180214_140000_Afternoon_Live,https://archive.org/download/BBCNEWS_20180214_140000_Afternoon_Live/BBCNEWS_20180214_140000_Afternoon_Live.thumbs/BBCNEWS_20180214_140000_Afternoon_Live_005848.jpg,"young people in the future hinges, and the rules of the progress we have made in terms of environment and climate change hinges as well. and that is something borisjohnson but also the hard right of the tory party who seem to be leading this would do well to remember. but when"
https://archive.org/details/BBCNEWS_20180222_231500_Newsnight#start/2165/end/2200,2/22/2018 23:51:20,BBCNEWS,Newsnight,BBCNEWS_20180222_231500_Newsnight,https://archive.org/download/BBCNEWS_20180222_231500_Newsnight/BBCNEWS_20180222_231500_Newsnight.thumbs/BBCNEWS_20180222_231500_Newsnight_002157.jpg,"for technology and science and the degree to which they continue to deliver us to a better place, one can quite quickly counter with obviously climate change, being a massive global problem which science, for the moment, seems incapable of coming up with a clear solution. one could look at the degradation of our environments,"
https://archive.org/details/BBCNEWS_20180227_040000_BBC_News#start/708/end/743,2/27/2018 4:12:03,BBCNEWS,BBC News,BBCNEWS_20180227_040000_BBC_News,https://archive.org/download/BBCNEWS_20180227_040000_BBC_News/BBCNEWS_20180227_040000_BBC_News.thumbs/BBCNEWS_20180227_040000_BBC_News_000688.jpg,"they say climate change is shifting the ocean currents that the king penguins depend on for food, away from their traditional breeding grounds near the antarctic. the researchers say this will cause serious disruption, meaning some major nesting sites will have to be abandoned. stay with us on bbc news, still to come."
https://archive.org/details/BBCNEWS_20180219_190000_Beyond_100_Days#start/3146/end/3181,2/19/2018 19:52:41,BBCNEWS,Beyond 100 Days,BBCNEWS_20180219_190000_Beyond_100_Days,https://archive.org/download/BBCNEWS_20180219_190000_Beyond_100_Days/BBCNEWS_20180219_190000_Beyond_100_Days.thumbs/BBCNEWS_20180219_190000_Beyond_100_Days_003148.jpg,"grasp the new age. we had side events grasp the new age. we had side eve nts o n grasp the new age. we had side events on artificial intelligence and climate change and also traditional topics that have come back at us again, for instance nuclear issues. we are at the start"
https://archive.org/details/BBCNEWS_20180228_053000_Business_Briefing#start/851/end/886,2/28/2018 5:44:26,BBCNEWS,Business Briefing,BBCNEWS_20180228_053000_Business_Briefing,https://archive.org/download/BBCNEWS_20180228_053000_Business_Briefing/BBCNEWS_20180228_053000_Business_Briefing.thumbs/BBCNEWS_20180228_053000_Business_Briefing_000838.jpg,"the paper says an alarming heatwave in the sunless winter arctic is causing blizzards in europe and forcing scientists to reconsider even their most pessimistic forecasts of climate change. with me isjonathan charles who is managing director of the communications department at the european bank for reconstruction and development. good morning. braving the snowy"
https://archive.org/details/BBCNEWS_20180213_010000_Newsday#start/953/end/988,2/13/2018 1:16:08,BBCNEWS,Newsday,BBCNEWS_20180213_010000_Newsday,https://archive.org/download/BBCNEWS_20180213_010000_Newsday/BBCNEWS_20180213_010000_Newsday.thumbs/BBCNEWS_20180213_010000_Newsday_000927.jpg,"large cities also create 70% of global carbon dioxide emissions, giving urban areas a crucial role in fighting climate change. and not everyone benefits equally as more and more people move to the cities. there are nearly 900 million people still living in slums, highlighting the pressing need for affordable housing. let's go to our reporters to see"
https://archive.org/details/BBCNEWS_20180213_010000_Newsday#start/1299/end/1334,2/13/2018 1:21:54,BBCNEWS,Newsday,BBCNEWS_20180213_010000_Newsday,https://archive.org/download/BBCNEWS_20180213_010000_Newsday/BBCNEWS_20180213_010000_Newsday.thumbs/BBCNEWS_20180213_010000_Newsday_001287.jpg,"they start to the environmental aspects. we are all aware of the climate change agenda, keeping a lid on temperature rising. what we see is a greater embrace of greenery, open spaces for the greater good of man as well as the environment. but can these three generations be embraced by asian cities? it can indeed."
https://archive.org/details/BBCNEWS_20180216_110000_BBC_Newsroom_Live#start/3078/end/3113,2/16/2018 11:51:33,BBCNEWS,BBC Newsroom Live,BBCNEWS_20180216_110000_BBC_Newsroom_Live,https://archive.org/download/BBCNEWS_20180216_110000_BBC_Newsroom_Live/BBCNEWS_20180216_110000_BBC_Newsroom_Live.thumbs/BBCNEWS_20180216_110000_BBC_Newsroom_Live_003058.jpg,"the royal society for the encouragement of the arts, manufactures and commerce said it could pave the way to everyone getting a basic state wage. that would compensate workers for the way that jobs that would compensate workers for the way thatjobs are changing in the light of automation and climate change. the strong financial performance may"
https://archive.org/details/BBCNEWS_20180222_043000_HARDtalk#start/1226/end/1261,2/22/2018 4:50:41,BBCNEWS,HARDtalk,BBCNEWS_20180222_043000_HARDtalk,https://archive.org/download/BBCNEWS_20180222_043000_HARDtalk/BBCNEWS_20180222_043000_HARDtalk.thumbs/BBCNEWS_20180222_043000_HARDtalk_001198.jpg,"obviously climate change being a ma55ive global problem which 5cience for the moment seems incapable of coming up with a clear 5olution, coming up with a clear solution, one could look at the degradation of our environments, particularly the ocea n5 oceans and microplastic5 right now. 0ne one could say your faith in science look5 misplaced."
https://archive.org/details/BBCNEWS_20180223_043000_HARDtalk#start/1424/end/1459,2/23/2018 4:53:59,BBCNEWS,HARDtalk,BBCNEWS_20180223_043000_HARDtalk,https://archive.org/download/BBCNEWS_20180223_043000_HARDtalk/BBCNEWS_20180223_043000_HARDtalk.thumbs/BBCNEWS_20180223_043000_HARDtalk_001409.jpg,"here's my invitation to you at the end of this programme, some people today look at where we are with climate change, for example, or indeed with nuclear proliferation, and in particular the nuclear stand-off right now with donald trump's united states administration and north korea, and they think to themselves, we've probably never been closer to seeing existential"
