﻿URL,MatchDateTime,Station,Show,IAShowID,IAPreviewThumb,Snippet
https://archive.org/details/BBCNEWS_20170227_043000_HARDtalk#start/626/end/661,2/27/2017 4:40:41,BBCNEWS,HARDtalk,BBCNEWS_20170227_043000_HARDtalk,https://archive.org/download/BBCNEWS_20170227_043000_HARDtalk/BBCNEWS_20170227_043000_HARDtalk.thumbs/BBCNEWS_20170227_043000_HARDtalk_000598.jpg,"around climate change. and it's instructive to me that two of the grandees of the republican party, jim baker and georgia schultz, on this very day have published an article arguing for a carbon tax,"
https://archive.org/details/BBCNEWS_20170209_043000_HARDtalk#start/797/end/832,2/9/2017 4:43:32,BBCNEWS,HARDtalk,BBCNEWS_20170209_043000_HARDtalk,https://archive.org/download/BBCNEWS_20170209_043000_HARDtalk/BBCNEWS_20170209_043000_HARDtalk.thumbs/BBCNEWS_20170209_043000_HARDtalk_000778.jpg,"campaign. he promised to withdraw from the paris climate treaty, he promised to defunct united nations climate programmes, and he promised to get rid of all withdraw or rescind a number of greenhouse gas"
https://archive.org/details/BBCNEWS_20170228_003000_HARDtalk#start/869/end/904,2/28/2017 0:44:44,BBCNEWS,HARDtalk,BBCNEWS_20170228_003000_HARDtalk,https://archive.org/download/BBCNEWS_20170228_003000_HARDtalk/BBCNEWS_20170228_003000_HARDtalk.thumbs/BBCNEWS_20170228_003000_HARDtalk_000867.jpg,"the waters of the us rule, the standards imposed on the chesapeake bay, these are all gone as far as you're concerned, if donald trump gets his way? not the clean air act but the greenhouse gas rules that"
https://archive.org/details/BBCNEWS_20170213_200000_BBC_News#start/1088/end/1123,2/13/2017 20:18:23,BBCNEWS,BBC News,BBCNEWS_20170213_200000_BBC_News,https://archive.org/download/BBCNEWS_20170213_200000_BBC_News/BBCNEWS_20170213_200000_BBC_News.thumbs/BBCNEWS_20170213_200000_BBC_News_001078.jpg,"the environment. --- passed under the bus. we know that president tom says that climate change is something cooked up by --- president trump. says that climate change is"
https://archive.org/details/BBCNEWS_20170213_200000_BBC_News#start/1107/end/1142,2/13/2017 20:18:42,BBCNEWS,BBC News,BBCNEWS_20170213_200000_BBC_News,https://archive.org/download/BBCNEWS_20170213_200000_BBC_News/BBCNEWS_20170213_200000_BBC_News.thumbs/BBCNEWS_20170213_200000_BBC_News_001108.jpg,"cooked up by the chinese government. how can they see eye to eye on this? they chose to ignore their differences on this, by minister trudeau believes in a carbon tax,"
https://archive.org/details/BBCNEWS_20170206_023000_The_Week_in_Parliament#start/663/end/698,2/6/2017 2:41:18,BBCNEWS,The Week in Parliament,BBCNEWS_20170206_023000_The_Week_in_Parliament,https://archive.org/download/BBCNEWS_20170206_023000_The_Week_in_Parliament/BBCNEWS_20170206_023000_The_Week_in_Parliament.thumbs/BBCNEWS_20170206_023000_The_Week_in_Parliament_000657.jpg,"in his election campaign. president trump has torn up international agreements on refugees. he has threatened to dump international agreements on climate change."
https://archive.org/details/BBCNEWS_20170212_013000_The_Travel_Show#start/348/end/383,2/12/2017 1:36:03,BBCNEWS,The Travel Show,BBCNEWS_20170212_013000_The_Travel_Show,https://archive.org/download/BBCNEWS_20170212_013000_The_Travel_Show/BBCNEWS_20170212_013000_The_Travel_Show.thumbs/BBCNEWS_20170212_013000_The_Travel_Show_000327.jpg,"today, he earns his living teaching the sport. but stephan doesn'tjust show his clients how to bend the knees and slide. he also warns them that ignoring climate change"
https://archive.org/details/BBCNEWS_20170228_003000_HARDtalk#start/694/end/729,2/28/2017 0:41:49,BBCNEWS,HARDtalk,BBCNEWS_20170228_003000_HARDtalk,https://archive.org/download/BBCNEWS_20170228_003000_HARDtalk/BBCNEWS_20170228_003000_HARDtalk.thumbs/BBCNEWS_20170228_003000_HARDtalk_000687.jpg,"with the atmosphere, they are too compelling now to ignore. are you swayed by the fact that, you know, so many conservative political fears are now saying this? no, in fact, the house of representatives held a test vote on a carbon tax last year"
https://archive.org/details/BBCNEWS_20170210_003000_HARDtalk#start/63/end/98,2/10/2017 0:31:18,BBCNEWS,HARDtalk,BBCNEWS_20170210_003000_HARDtalk,https://archive.org/download/BBCNEWS_20170210_003000_HARDtalk/BBCNEWS_20170210_003000_HARDtalk.thumbs/BBCNEWS_20170210_003000_HARDtalk_000058.jpg,"$33: the trump administration is intent on a radical reset of america's energy and environment policies. the implications will be profound on everything from fossil fuel production to climate change policy. my"
https://archive.org/details/BBCNEWS_20170212_013000_The_Travel_Show#start/570/end/605,2/12/2017 1:39:45,BBCNEWS,The Travel Show,BBCNEWS_20170212_013000_The_Travel_Show,https://archive.org/download/BBCNEWS_20170212_013000_The_Travel_Show/BBCNEWS_20170212_013000_The_Travel_Show.thumbs/BBCNEWS_20170212_013000_The_Travel_Show_000567.jpg,"take a budget airline, and then perhaps hire a car. but chamonix is determined to keep that mountain air pure. at one with nature, or against it, the speed of climate change means"
https://archive.org/details/BBCNEWS_20170212_203000_The_Travel_Show#start/723/end/758,2/12/2017 20:42:18,BBCNEWS,The Travel Show,BBCNEWS_20170212_203000_The_Travel_Show,https://archive.org/download/BBCNEWS_20170212_203000_The_Travel_Show/BBCNEWS_20170212_203000_The_Travel_Show.thumbs/BBCNEWS_20170212_203000_The_Travel_Show_000718.jpg,"take a budget airline, and then perhaps hire a car. but chamonix is determined to keep that mountain air pure. at one with nature, or against it, the speed of climate change means"
https://archive.org/details/BBCNEWS_20170212_133000_The_Travel_Show#start/556/end/591,2/12/2017 13:39:31,BBCNEWS,The Travel Show,BBCNEWS_20170212_133000_The_Travel_Show,https://archive.org/download/BBCNEWS_20170212_133000_The_Travel_Show/BBCNEWS_20170212_133000_The_Travel_Show.thumbs/BBCNEWS_20170212_133000_The_Travel_Show_000537.jpg,"take a budget airline, and then perhaps hire a car. but chamonix is determined to keep that mountain air pure. at one with nature, or against it, the speed of climate change means"
https://archive.org/details/BBCNEWS_20170227_043000_HARDtalk#start/656/end/691,2/27/2017 4:41:11,BBCNEWS,HARDtalk,BBCNEWS_20170227_043000_HARDtalk,https://archive.org/download/BBCNEWS_20170227_043000_HARDtalk/BBCNEWS_20170227_043000_HARDtalk.thumbs/BBCNEWS_20170227_043000_HARDtalk_000658.jpg,"no, in fact, the house of representatives held a test vote on a carbon tax last year and every single republican, including those who agree with your statement that climate change is a growing problem, voted against a carbon tax. every single republican. so i think that the republican party"
https://archive.org/details/BBCNEWS_20170209_043000_HARDtalk#start/346/end/381,2/9/2017 4:36:01,BBCNEWS,HARDtalk,BBCNEWS_20170209_043000_HARDtalk,https://archive.org/download/BBCNEWS_20170209_043000_HARDtalk/BBCNEWS_20170209_043000_HARDtalk.thumbs/BBCNEWS_20170209_043000_HARDtalk_000328.jpg,"was making a joke, but i don't think it isa was making a joke, but i don't think it is a big problem is the gist of his position, i think. his position, ithink. i mean, iwas about to say i am assuming you don't think climate change, giving given all of the consensus, you don't think man-made climate change,"
https://archive.org/details/BBCNEWS_20170213_010000_Newsday#start/518/end/553,2/13/2017 1:08:53,BBCNEWS,Newsday,BBCNEWS_20170213_010000_Newsday,https://archive.org/download/BBCNEWS_20170213_010000_Newsday/BBCNEWS_20170213_010000_Newsday.thumbs/BBCNEWS_20170213_010000_Newsday_000508.jpg,"number of extremely hot days and severe fire seasons. but for this week, at least, they are hoping new, cooler weather fronts will give some urgent relief. david campanale, bbc news. will steffen is a climate change"
https://archive.org/details/BBCNEWS_20170203_110000_BBC_Newsroom_Live#start/6463/end/6498,2/3/2017 12:47:58,BBCNEWS,BBC Newsroom Live,BBCNEWS_20170203_110000_BBC_Newsroom_Live,https://archive.org/download/BBCNEWS_20170203_110000_BBC_Newsroom_Live/BBCNEWS_20170203_110000_BBC_Newsroom_Live.thumbs/BBCNEWS_20170203_110000_BBC_Newsroom_Live_006448.jpg,"taste anything like as good as a british strawberry in the summer. secondly, there is this business of flying all this stuff all the way around the world, and the impact that has on climate change."
https://archive.org/details/BBCNEWS_20170228_003000_HARDtalk#start/710/end/745,2/28/2017 0:42:05,BBCNEWS,HARDtalk,BBCNEWS_20170228_003000_HARDtalk,https://archive.org/download/BBCNEWS_20170228_003000_HARDtalk/BBCNEWS_20170228_003000_HARDtalk.thumbs/BBCNEWS_20170228_003000_HARDtalk_000687.jpg,"and every single republican, including those who agree with your statement that climate change is a growing problem, voted against a carbon tax. every single republican."
https://archive.org/details/BBCNEWS_20170210_003000_HARDtalk#start/716/end/751,2/10/2017 0:42:11,BBCNEWS,HARDtalk,BBCNEWS_20170210_003000_HARDtalk,https://archive.org/download/BBCNEWS_20170210_003000_HARDtalk/BBCNEWS_20170210_003000_HARDtalk.thumbs/BBCNEWS_20170210_003000_HARDtalk_000688.jpg,"on a carbon tax last year and every single republican, including those who agree with your statement that climate change is a growing problem, voted against a carbon tax. every single republican. so i think that the republican party is united, and we have some people who have perhaps served their country well many decades ago"
https://archive.org/details/BBCNEWS_20170202_140000_BBC_News#start/3115/end/3150,2/2/2017 14:52:10,BBCNEWS,BBC News,BBCNEWS_20170202_140000_BBC_News,https://archive.org/download/BBCNEWS_20170202_140000_BBC_News/BBCNEWS_20170202_140000_BBC_News.thumbs/BBCNEWS_20170202_140000_BBC_News_003088.jpg,"investment should be more important? 0bviously obviously is not just obviously is notjust about noise pollution. that's a busy very important but there's also a pollution, which is an issue for people across london and the south-east. there's also the wider climate change considerations, but"
https://archive.org/details/BBCNEWS_20170213_010000_Newsday#start/556/end/591,2/13/2017 1:09:31,BBCNEWS,Newsday,BBCNEWS_20170213_010000_Newsday,https://archive.org/download/BBCNEWS_20170213_010000_Newsday/BBCNEWS_20170213_010000_Newsday.thumbs/BBCNEWS_20170213_010000_Newsday_000538.jpg,"and that's the sort of weather we were just then talking about. extremely hot days, high winds, low humidity. we've been monitoring that for half a century, and we see a significant increase in this type of weather over the last 50 years. that's been pushed up by climate change,"
https://archive.org/details/BBCNEWS_20170209_043000_HARDtalk#start/719/end/754,2/9/2017 4:42:14,BBCNEWS,HARDtalk,BBCNEWS_20170209_043000_HARDtalk,https://archive.org/download/BBCNEWS_20170209_043000_HARDtalk/BBCNEWS_20170209_043000_HARDtalk.thumbs/BBCNEWS_20170209_043000_HARDtalk_000718.jpg,"single republican, including those who agree with your statement that climate change is a growing problem voted against a carbon tax. every single republican. so i think that the republican party is united, and we have some people who have perhaps"
https://archive.org/details/BBCNEWS_20170228_003000_HARDtalk#start/337/end/372,2/28/2017 0:35:52,BBCNEWS,HARDtalk,BBCNEWS_20170228_003000_HARDtalk,https://archive.org/download/BBCNEWS_20170228_003000_HARDtalk/BBCNEWS_20170228_003000_HARDtalk.thumbs/BBCNEWS_20170228_003000_HARDtalk_000327.jpg,"and then he walks back, so he said climate change is a hoax and later when asked about it he said, 'i was making a joke, but i don't think it is a big problem,' is the gist of his position, i think. i mean, i was about to say i am assuming you don't think climate"
https://archive.org/details/BBCNEWS_20170228_003000_HARDtalk#start/599/end/634,2/28/2017 0:40:14,BBCNEWS,HARDtalk,BBCNEWS_20170228_003000_HARDtalk,https://archive.org/download/BBCNEWS_20170228_003000_HARDtalk/BBCNEWS_20170228_003000_HARDtalk.thumbs/BBCNEWS_20170228_003000_HARDtalk_000597.jpg,"primarily burning coal, oil and natural gas, but, for example, we have produced - humanity as a whole has produced about 31% of the total greenhouse"
https://archive.org/details/BBCNEWS_20170228_003000_HARDtalk#start/678/end/713,2/28/2017 0:41:33,BBCNEWS,HARDtalk,BBCNEWS_20170228_003000_HARDtalk,https://archive.org/download/BBCNEWS_20170228_003000_HARDtalk/BBCNEWS_20170228_003000_HARDtalk.thumbs/BBCNEWS_20170228_003000_HARDtalk_000657.jpg,"on the whole are now very accepting of the scientific consensus around climate change. and it's instructive to me that two of the grandees of the republican party, jim baker and georgia schultz, on this very day have published an article arguing for a carbon tax, saying that there is mounting scientific evidence of the problems"
https://archive.org/details/BBCNEWS_20170210_003000_HARDtalk#start/945/end/980,2/10/2017 0:46:00,BBCNEWS,HARDtalk,BBCNEWS_20170210_003000_HARDtalk,https://archive.org/download/BBCNEWS_20170210_003000_HARDtalk/BBCNEWS_20170210_003000_HARDtalk.thumbs/BBCNEWS_20170210_003000_HARDtalk_000928.jpg,"the fact is the greenhouse gas emissions have nothing to do"
https://archive.org/details/BBCNEWS_20170202_231500_Newsnight#start/626/end/661,2/2/2017 23:25:41,BBCNEWS,Newsnight,BBCNEWS_20170202_231500_Newsnight,https://archive.org/download/BBCNEWS_20170202_231500_Newsnight/BBCNEWS_20170202_231500_Newsnight.thumbs/BBCNEWS_20170202_231500_Newsnight_000598.jpg,"more to reduce global greenhouse gas emissions than any other country. right. if the us, i suppose what i am really getting"
https://archive.org/details/BBCNEWS_20170210_003000_HARDtalk#start/591/end/626,2/10/2017 0:40:06,BBCNEWS,HARDtalk,BBCNEWS_20170210_003000_HARDtalk,https://archive.org/download/BBCNEWS_20170210_003000_HARDtalk/BBCNEWS_20170210_003000_HARDtalk.thumbs/BBCNEWS_20170210_003000_HARDtalk_000568.jpg,"since the end of the little ice age in the middle of the 19th century is modest. it may be that there is an increasing component of that change caused by human activity, primarily burning coal, oil and natural gas, but, for example, we have produced - humanity as a whole has produced about 31% of the total greenhouse"
https://archive.org/details/BBCNEWS_20170228_003000_HARDtalk#start/807/end/842,2/28/2017 0:43:42,BBCNEWS,HARDtalk,BBCNEWS_20170228_003000_HARDtalk,https://archive.org/download/BBCNEWS_20170228_003000_HARDtalk/BBCNEWS_20170228_003000_HARDtalk.thumbs/BBCNEWS_20170228_003000_HARDtalk_000807.jpg,"and he promised to get rid of or withdraw or rescind a number of greenhouse gas rules and other environmental rules that he said, and i think quite correctly,"
https://archive.org/details/BBCNEWS_20170210_003000_HARDtalk#start/799/end/834,2/10/2017 0:43:34,BBCNEWS,HARDtalk,BBCNEWS_20170210_003000_HARDtalk,https://archive.org/download/BBCNEWS_20170210_003000_HARDtalk/BBCNEWS_20170210_003000_HARDtalk.thumbs/BBCNEWS_20170210_003000_HARDtalk_000778.jpg,"united nations' climate programmes, and he promised to get rid of or withdraw or rescind a number of greenhouse gas rules and other environmental rules that he said,"
https://archive.org/details/BBCNEWS_20170228_160000_BBC_News#start/3272/end/3307,2/28/2017 16:54:47,BBCNEWS,BBC News,BBCNEWS_20170228_160000_BBC_News,https://archive.org/download/BBCNEWS_20170228_160000_BBC_News/BBCNEWS_20170228_160000_BBC_News.thumbs/BBCNEWS_20170228_160000_BBC_News_003268.jpg,"down nhs costs and it can create jobs, improve skills and increase our exports. all at the same time as simultaneously reducing our greenhouse gas emissions. here is the scale of"
https://archive.org/details/BBCNEWS_20170209_043000_HARDtalk#start/608/end/643,2/9/2017 4:40:23,BBCNEWS,HARDtalk,BBCNEWS_20170209_043000_HARDtalk,https://archive.org/download/BBCNEWS_20170209_043000_HARDtalk/BBCNEWS_20170209_043000_HARDtalk.thumbs/BBCNEWS_20170209_043000_HARDtalk_000598.jpg,"but, for example, we have produced - humanity as a whole has produced about 31% of the total greenhouse gas emissions since the beginning of the industrial age, they have been"
https://archive.org/details/BBCNEWS_20170228_003000_HARDtalk#start/949/end/984,2/28/2017 0:46:04,BBCNEWS,HARDtalk,BBCNEWS_20170228_003000_HARDtalk,https://archive.org/download/BBCNEWS_20170228_003000_HARDtalk/BBCNEWS_20170228_003000_HARDtalk.thumbs/BBCNEWS_20170228_003000_HARDtalk_000927.jpg,"the fact is the greenhouse gas emissions have nothing to do with clean air. carbon dioxide is a naturally occurring trace gas necessary for life on earth, it is not a pollutant and the waters of the us"
https://archive.org/details/BBCNEWS_20170227_043000_HARDtalk#start/833/end/868,2/27/2017 4:44:08,BBCNEWS,HARDtalk,BBCNEWS_20170227_043000_HARDtalk,https://archive.org/download/BBCNEWS_20170227_043000_HARDtalk/BBCNEWS_20170227_043000_HARDtalk.thumbs/BBCNEWS_20170227_043000_HARDtalk_000809.jpg,"these are all gone as far as you're concerned, if donald trump gets his way? not the clean air act but the greenhouse gas rules that have been propagated under the clean air act. sure, which are very important"
https://archive.org/details/BBCNEWS_20170228_160000_BBC_News#start/3222/end/3257,2/28/2017 16:53:57,BBCNEWS,BBC News,BBCNEWS_20170228_160000_BBC_News,https://archive.org/download/BBCNEWS_20170228_160000_BBC_News/BBCNEWS_20170228_160000_BBC_News.thumbs/BBCNEWS_20170228_160000_BBC_News_003208.jpg,"not this one. its insulated rear white wall is fatter than the neighbour's brick wall. inside they are testing the upgraded house for drafts and cold spots. i am very concerned about climate"
https://archive.org/details/BBCNEWS_20170228_003000_HARDtalk#start/1025/end/1060,2/28/2017 0:47:20,BBCNEWS,HARDtalk,BBCNEWS_20170228_003000_HARDtalk,https://archive.org/download/BBCNEWS_20170228_003000_HARDtalk/BBCNEWS_20170228_003000_HARDtalk.thumbs/BBCNEWS_20170228_003000_HARDtalk_001017.jpg,"to say that my organisation, cei, has been a co plaintiff with attorney general pruitt in oklahoma on several of these major suits, including the case trying to overturn or block the greenhouse gas rules for power plants. your delight at the appointment"
https://archive.org/details/BBCNEWS_20170210_003000_HARDtalk#start/337/end/372,2/10/2017 0:35:52,BBCNEWS,HARDtalk,BBCNEWS_20170210_003000_HARDtalk,https://archive.org/download/BBCNEWS_20170210_003000_HARDtalk/BBCNEWS_20170210_003000_HARDtalk.thumbs/BBCNEWS_20170210_003000_HARDtalk_000328.jpg,"i mean, i was about to say i am assuming you don't think climate change, given all of the consensus, you don't think man-made climate change, the warming of the planet, you don't think it is a hoax,"
https://archive.org/details/BBCNEWS_20170228_003000_HARDtalk#start/415/end/450,2/28/2017 0:37:10,BBCNEWS,HARDtalk,BBCNEWS_20170228_003000_HARDtalk,https://archive.org/download/BBCNEWS_20170228_003000_HARDtalk/BBCNEWS_20170228_003000_HARDtalk.thumbs/BBCNEWS_20170228_003000_HARDtalk_000387.jpg,"about climate change, are nasa, and goodness knows they rely on science, and the us department of defence, which have stated in 2015 that climate change is an urgent and growing threat to our national security, so, leave aside politics,"
https://archive.org/details/BBCNEWS_20170227_043000_HARDtalk#start/897/end/932,2/27/2017 4:45:12,BBCNEWS,HARDtalk,BBCNEWS_20170227_043000_HARDtalk,https://archive.org/download/BBCNEWS_20170227_043000_HARDtalk/BBCNEWS_20170227_043000_HARDtalk.thumbs/BBCNEWS_20170227_043000_HARDtalk_000898.jpg,"during the campaign that he wanted to return the epa to its core functions of protecting the air and the water. the fact is the greenhouse gas emissions have nothing to do with clean air. carbon dioxide is a naturally occurring trace gas necessary for life on earth, it is not"
https://archive.org/details/BBCNEWS_20170210_003000_HARDtalk#start/879/end/914,2/10/2017 0:44:54,BBCNEWS,HARDtalk,BBCNEWS_20170210_003000_HARDtalk,https://archive.org/download/BBCNEWS_20170210_003000_HARDtalk/BBCNEWS_20170210_003000_HARDtalk.thumbs/BBCNEWS_20170210_003000_HARDtalk_000868.jpg,"these are all gone as far as you're concerned, if donald trump gets his way? not the clean air act but the greenhouse gas rules that have been propagated under the clean air act. sure, which are very important to the future operations of power stations across the us?"
https://archive.org/details/BBCNEWS_20170212_203000_The_Travel_Show#start/467/end/502,2/12/2017 20:38:02,BBCNEWS,The Travel Show,BBCNEWS_20170212_203000_The_Travel_Show,https://archive.org/download/BBCNEWS_20170212_203000_The_Travel_Show/BBCNEWS_20170212_203000_The_Travel_Show.thumbs/BBCNEWS_20170212_203000_The_Travel_Show_000448.jpg,"but everybody in the mountain is trying to adapt to global warming. we already lost 40% of snow cover at 1300 metres, compared to the '60s."
https://archive.org/details/BBCNEWS_20170212_133000_The_Travel_Show#start/302/end/337,2/12/2017 13:35:17,BBCNEWS,The Travel Show,BBCNEWS_20170212_133000_The_Travel_Show,https://archive.org/download/BBCNEWS_20170212_133000_The_Travel_Show/BBCNEWS_20170212_133000_The_Travel_Show.thumbs/BBCNEWS_20170212_133000_The_Travel_Show_000297.jpg,"but everybody in the mountain is trying to adapt to global warming. we already lost 40% of snow cover at 1300 metres, compared to the '60s."
https://archive.org/details/BBCNEWS_20170227_043000_HARDtalk#start/544/end/579,2/27/2017 4:39:19,BBCNEWS,HARDtalk,BBCNEWS_20170227_043000_HARDtalk,https://archive.org/download/BBCNEWS_20170227_043000_HARDtalk/BBCNEWS_20170227_043000_HARDtalk.thumbs/BBCNEWS_20170227_043000_HARDtalk_000538.jpg,"century is modest. it may be that there is an increasing component of that change caused by human activity, primarily burning coal, oil and natural gas, but, for example, we have produced - humanity as a whole has produced about 31% of the total greenhouse gas emissions since the beginning of the industrial age,"
https://archive.org/details/BBCNEWS_20170210_003000_HARDtalk#start/1034/end/1069,2/10/2017 0:47:29,BBCNEWS,HARDtalk,BBCNEWS_20170210_003000_HARDtalk,https://archive.org/download/BBCNEWS_20170210_003000_HARDtalk/BBCNEWS_20170210_003000_HARDtalk.thumbs/BBCNEWS_20170210_003000_HARDtalk_001018.jpg,"with attorney general pruitt in oklahoma on several of these major suits, including the case trying to overturn or block the greenhouse gas rules for power plants. your delight at the appointment of scott pruitt has not been matched by the feelings of epa employees from the very recent past - 400 signed a petition saying"
https://archive.org/details/BBCNEWS_20170227_043000_HARDtalk#start/360/end/395,2/27/2017 4:36:15,BBCNEWS,HARDtalk,BBCNEWS_20170227_043000_HARDtalk,https://archive.org/download/BBCNEWS_20170227_043000_HARDtalk/BBCNEWS_20170227_043000_HARDtalk.thumbs/BBCNEWS_20170227_043000_HARDtalk_000358.jpg,"of exaggeration, let'sjust, and i don't want to spend long on it, let's be specific, two of the us federal agencies that have voiced most concerned about climate change, are nasa, and goodness knows they rely on science, and the us department of defence, which have stated in 2015 that climate change is an urgent"
https://archive.org/details/BBCNEWS_20170210_003000_HARDtalk#start/404/end/439,2/10/2017 0:36:59,BBCNEWS,HARDtalk,BBCNEWS_20170210_003000_HARDtalk,https://archive.org/download/BBCNEWS_20170210_003000_HARDtalk/BBCNEWS_20170210_003000_HARDtalk.thumbs/BBCNEWS_20170210_003000_HARDtalk_000388.jpg,"of exaggeration, let'sjust, and i don't want to spend long on it, let's be specific, two of the us federal agencies that have voiced most concerned about climate change, are nasa, and goodness knows they rely on science, and the us department of defence, which have stated in 2015 that climate change is an urgent"
https://archive.org/details/BBCNEWS_20170210_003000_HARDtalk#start/290/end/325,2/10/2017 0:35:05,BBCNEWS,HARDtalk,BBCNEWS_20170210_003000_HARDtalk,https://archive.org/download/BBCNEWS_20170210_003000_HARDtalk/BBCNEWS_20170210_003000_HARDtalk.thumbs/BBCNEWS_20170210_003000_HARDtalk_000268.jpg,"agree with president trump when he tweets, as he has, in the last few years, in fact, because it is a consistent thought of his, that global warming is a hoax?"
https://archive.org/details/BBCNEWS_20170204_163000_Reporters#start/168/end/203,2/4/2017 16:33:03,BBCNEWS,Reporters,BBCNEWS_20170204_163000_Reporters,https://archive.org/download/BBCNEWS_20170204_163000_Reporters/BBCNEWS_20170204_163000_Reporters.thumbs/BBCNEWS_20170204_163000_Reporters_000148.jpg,"camilla costa reports on new health fears for the thousands of babies infected with the disease. kenya's disappearing desert lake. nancy kacungira finds out how global warming is putting the livelihoods"
https://archive.org/details/BBCNEWS_20170227_043000_HARDtalk#start/748/end/783,2/27/2017 4:42:43,BBCNEWS,HARDtalk,BBCNEWS_20170227_043000_HARDtalk,https://archive.org/download/BBCNEWS_20170227_043000_HARDtalk/BBCNEWS_20170227_043000_HARDtalk.thumbs/BBCNEWS_20170227_043000_HARDtalk_000748.jpg,"he promised to defund united nations' climate programmes, and he promised to get rid of or withdraw or rescind a number of greenhouse gas rules and other environmental rules that he said, and i think quite correctly, had very little to do with environmental protection, but have a huge negative effect on the economy, and they are"
https://archive.org/details/BBCNEWS_20170212_013000_The_Travel_Show#start/315/end/350,2/12/2017 1:35:30,BBCNEWS,The Travel Show,BBCNEWS_20170212_013000_The_Travel_Show,https://archive.org/download/BBCNEWS_20170212_013000_The_Travel_Show/BBCNEWS_20170212_013000_The_Travel_Show.thumbs/BBCNEWS_20170212_013000_The_Travel_Show_000297.jpg,"but everybody in the mountain is trying to adapt to global warming. we already lost 40% of snow cover at 1300 metres, compared to the '60s. and what we have to know"
https://archive.org/details/BBCNEWS_20170227_043000_HARDtalk#start/311/end/346,2/27/2017 4:35:26,BBCNEWS,HARDtalk,BBCNEWS_20170227_043000_HARDtalk,https://archive.org/download/BBCNEWS_20170227_043000_HARDtalk/BBCNEWS_20170227_043000_HARDtalk.thumbs/BBCNEWS_20170227_043000_HARDtalk_000298.jpg,"i mean, i was about to say i am assuming you don't think climate change, given all of the consensus, you don't think man-made climate change, the warming of the planet, you don't think it is a hoax, do you, or do you? no, but i think a great deal of exaggeration has entered the debate by the campaigners"
https://archive.org/details/BBCNEWS_20170220_190000_100_Days#start/2394/end/2429,2/20/2017 19:40:09,BBCNEWS,100 Days,BBCNEWS_20170220_190000_100_Days,https://archive.org/download/BBCNEWS_20170220_190000_100_Days/BBCNEWS_20170220_190000_100_Days.thumbs/BBCNEWS_20170220_190000_100_Days_002367.jpg,"the health of our people and to our planet. and stop all payments of the united states tax dollars to un global warming programmes. united states tax dollars to un globalwarming programmes. president trump's supporters say the academics"
https://archive.org/details/BBCNEWS_20170227_210000_Outside_Source#start/1078/end/1113,2/27/2017 21:18:13,BBCNEWS,Outside Source,BBCNEWS_20170227_210000_Outside_Source,https://archive.org/download/BBCNEWS_20170227_210000_Outside_Source/BBCNEWS_20170227_210000_Outside_Source.thumbs/BBCNEWS_20170227_210000_Outside_Source_001078.jpg,"this is global warming. there was consensus. in the sense that we are living through summer, the weather is supposed to be nice right now but it is unpredictable what happens on these rains were not expected here."
https://archive.org/details/BBCNEWS_20170211_053000_The_Travel_Show#start/452/end/487,2/11/2017 5:37:47,BBCNEWS,The Travel Show,BBCNEWS_20170211_053000_The_Travel_Show,https://archive.org/download/BBCNEWS_20170211_053000_The_Travel_Show/BBCNEWS_20170211_053000_The_Travel_Show.thumbs/BBCNEWS_20170211_053000_The_Travel_Show_000448.jpg,"the green snowflake. a lot of people will say that, no, there is no such thing as green ski. but everybody in the mountain is trying to adapt to global warming. we already lost 40% of snow"
https://archive.org/details/BBCNEWS_20170220_060000_Breakfast#start/1413/end/1448,2/20/2017 6:23:48,BBCNEWS,Breakfast,BBCNEWS_20170220_060000_Breakfast,https://archive.org/download/BBCNEWS_20170220_060000_Breakfast/BBCNEWS_20170220_060000_Breakfast.thumbs/BBCNEWS_20170220_060000_Breakfast_001407.jpg,"values of freedom and equality. i am living in this country as a muslim. i have no issues. i think is a climate change denier, and i think he is pro- torture. climate change denier, and i think he is pro- torture. why are people scared about him? his approaches are just archaic and shocking. scared about him? his approaches are just archaic and shocking. you think is dangerous? very much so. very,"
https://archive.org/details/BBCNEWS_20170211_103000_The_Travel_Show#start/414/end/449,2/11/2017 10:37:09,BBCNEWS,The Travel Show,BBCNEWS_20170211_103000_The_Travel_Show,https://archive.org/download/BBCNEWS_20170211_103000_The_Travel_Show/BBCNEWS_20170211_103000_The_Travel_Show.thumbs/BBCNEWS_20170211_103000_The_Travel_Show_000387.jpg,"the green snowflake. a lot of people will say that, no, there is no such thing as green ski. but everybody in the mountain is trying to adapt to global warming. we already lost 40% of snow cover at 1300 metres,"
https://archive.org/details/BBCNEWS_20170206_003000_Reporters#start/143/end/178,2/6/2017 0:32:38,BBCNEWS,Reporters,BBCNEWS_20170206_003000_Reporters,https://archive.org/download/BBCNEWS_20170206_003000_Reporters/BBCNEWS_20170206_003000_Reporters.thumbs/BBCNEWS_20170206_003000_Reporters_000118.jpg,"nancy kacungira finds out how global warming is putting the livelihoods of hundreds of thousands of people at risk. this shoreline here at lake turkana has seen some drastic changes in recent times. it is here now butjust a few months"
https://archive.org/details/BBCNEWS_20170210_003000_HARDtalk#start/683/end/718,2/10/2017 0:41:38,BBCNEWS,HARDtalk,BBCNEWS_20170210_003000_HARDtalk,https://archive.org/download/BBCNEWS_20170210_003000_HARDtalk/BBCNEWS_20170210_003000_HARDtalk.thumbs/BBCNEWS_20170210_003000_HARDtalk_000658.jpg,"that two of the grandees of the republican party, jim baker and georgia schultz, on this very day have published an article arguing for a carbon tax, saying that there is mounting"
https://archive.org/details/BBCNEWS_20170210_003000_HARDtalk#start/568/end/603,2/10/2017 0:39:43,BBCNEWS,HARDtalk,BBCNEWS_20170210_003000_HARDtalk,https://archive.org/download/BBCNEWS_20170210_003000_HARDtalk/BBCNEWS_20170210_003000_HARDtalk.thumbs/BBCNEWS_20170210_003000_HARDtalk_000568.jpg,"in denying climate change. i think that the facts are that the warming we have seen"
https://archive.org/details/BBCNEWS_20170228_003000_HARDtalk#start/305/end/340,2/28/2017 0:35:20,BBCNEWS,HARDtalk,BBCNEWS_20170228_003000_HARDtalk,https://archive.org/download/BBCNEWS_20170228_003000_HARDtalk/BBCNEWS_20170228_003000_HARDtalk.thumbs/BBCNEWS_20170228_003000_HARDtalk_000297.jpg,"in fact, because it is a consistent thought of his, that global warming is a hoax? 'i am not a believer' he has said. 'we have the weather, it goes up and down, but we have much bigger problems than that.' do you think with those sorts"
https://archive.org/details/BBCNEWS_20170207_033000_Reporters#start/127/end/162,2/7/2017 3:32:22,BBCNEWS,Reporters,BBCNEWS_20170207_033000_Reporters,https://archive.org/download/BBCNEWS_20170207_033000_Reporters/BBCNEWS_20170207_033000_Reporters.thumbs/BBCNEWS_20170207_033000_Reporters_000118.jpg,"the curse of the zika virus. one year on from the outbreak, camilla costa reports on new health fears for the thousands of babies infected with the disease. kenya's disappearing desert lake. nancy kacungira finds out how global warming is putting the livelihoods of hundreds of thousands"
https://archive.org/details/BBCNEWS_20170209_043000_HARDtalk#start/688/end/723,2/9/2017 4:41:43,BBCNEWS,HARDtalk,BBCNEWS_20170209_043000_HARDtalk,https://archive.org/download/BBCNEWS_20170209_043000_HARDtalk/BBCNEWS_20170209_043000_HARDtalk.thumbs/BBCNEWS_20170209_043000_HARDtalk_000688.jpg,"georgia shorts, on this very day have published an article arguing for a carbon tax as saying that there is mounting scientific evidence of the problems with the atmosphere, they are too compelling 110w now to ignore -- schultz. i use                 _"
https://archive.org/details/BBCNEWS_20170227_043000_HARDtalk#start/339/end/374,2/27/2017 4:35:54,BBCNEWS,HARDtalk,BBCNEWS_20170227_043000_HARDtalk,https://archive.org/download/BBCNEWS_20170227_043000_HARDtalk/BBCNEWS_20170227_043000_HARDtalk.thumbs/BBCNEWS_20170227_043000_HARDtalk_000328.jpg,"to exaggerate the impact of climate change. well, let's try to keep it out of politics and the realms"
https://archive.org/details/BBCNEWS_20170213_190000_100_Days#start/51/end/86,2/13/2017 19:01:06,BBCNEWS,100 Days,BBCNEWS_20170213_190000_100_Days,https://archive.org/download/BBCNEWS_20170213_190000_100_Days/BBCNEWS_20170213_190000_100_Days.thumbs/BBCNEWS_20170213_190000_100_Days_000061.jpg,"climate change, free trade and perhaps a whole host of other important issues, donald trump and justin trudeau are polar opposites."
https://archive.org/details/BBCNEWS_20170205_003000_Reporters#start/147/end/182,2/5/2017 0:32:42,BBCNEWS,Reporters,BBCNEWS_20170205_003000_Reporters,https://archive.org/download/BBCNEWS_20170205_003000_Reporters/BBCNEWS_20170205_003000_Reporters.thumbs/BBCNEWS_20170205_003000_Reporters_000147.jpg,"nancy kacungira finds out how global warming is putting the livelihoods of hundreds of thousands of people at risk. this shoreline here at lake turkana has seen some drastic changes in recent times. it is here now butjust a few months ago it was even further back than this,"
https://archive.org/details/BBCNEWS_20170228_003000_HARDtalk#start/440/end/475,2/28/2017 0:37:35,BBCNEWS,HARDtalk,BBCNEWS_20170228_003000_HARDtalk,https://archive.org/download/BBCNEWS_20170228_003000_HARDtalk/BBCNEWS_20170228_003000_HARDtalk.thumbs/BBCNEWS_20170228_003000_HARDtalk_000417.jpg,"and that they were told to make sure that climate change is involved in all of your thinking about defence, so, no,"
https://archive.org/details/BBCNEWS_20170227_043000_HARDtalk#start/229/end/264,2/27/2017 4:34:04,BBCNEWS,HARDtalk,BBCNEWS_20170227_043000_HARDtalk,https://archive.org/download/BBCNEWS_20170227_043000_HARDtalk/BBCNEWS_20170227_043000_HARDtalk.thumbs/BBCNEWS_20170227_043000_HARDtalk_000208.jpg,"president trump, that climate change is not one of their top concerns and that there are a lot more pressing issues to take up by the government."
https://archive.org/details/BBCNEWS_20170211_103000_The_Travel_Show#start/681/end/716,2/11/2017 10:41:36,BBCNEWS,The Travel Show,BBCNEWS_20170211_103000_The_Travel_Show,https://archive.org/download/BBCNEWS_20170211_103000_The_Travel_Show/BBCNEWS_20170211_103000_The_Travel_Show.thumbs/BBCNEWS_20170211_103000_The_Travel_Show_000657.jpg,"at one with nature, or against it, the speed of climate change means resorts like chamonix are being forced to find a harmonising rhythm to counter it."
https://archive.org/details/BBCNEWS_20170212_133000_The_Travel_Show#start/355/end/390,2/12/2017 13:36:10,BBCNEWS,The Travel Show,BBCNEWS_20170212_133000_The_Travel_Show,https://archive.org/download/BBCNEWS_20170212_133000_The_Travel_Show/BBCNEWS_20170212_133000_The_Travel_Show.thumbs/BBCNEWS_20170212_133000_The_Travel_Show_000327.jpg,"ignoring climate change could send the ski industry, and his own livelihood, downhill fast. don't think too much speed. think all the time, skiing under control."
https://archive.org/details/BBCNEWS_20170221_054500_BBC_News#start/103/end/138,2/21/2017 5:46:58,BBCNEWS,BBC News,BBCNEWS_20170221_054500_BBC_News,https://archive.org/download/BBCNEWS_20170221_054500_BBC_News/BBCNEWS_20170221_054500_BBC_News.thumbs/BBCNEWS_20170221_054500_BBC_News_000087.jpg,"living in africa, security, a civil war, famine, climate change, these are all interlinked with everything so so it could be everybody's responsibility to do something. our"
https://archive.org/details/BBCNEWS_20170210_003000_HARDtalk#start/481/end/516,2/10/2017 0:38:16,BBCNEWS,HARDtalk,BBCNEWS_20170210_003000_HARDtalk,https://archive.org/download/BBCNEWS_20170210_003000_HARDtalk/BBCNEWS_20170210_003000_HARDtalk.thumbs/BBCNEWS_20170210_003000_HARDtalk_000478.jpg,"on the climate change agenda, so it is indeed interesting that donald trump picked you to handle his epa and environmental policy transition, isn't it? yes, i was surprised."
https://archive.org/details/BBCNEWS_20170211_053000_The_Travel_Show#start/499/end/534,2/11/2017 5:38:34,BBCNEWS,The Travel Show,BBCNEWS_20170211_053000_The_Travel_Show,https://archive.org/download/BBCNEWS_20170211_053000_The_Travel_Show/BBCNEWS_20170211_053000_The_Travel_Show.thumbs/BBCNEWS_20170211_053000_The_Travel_Show_000478.jpg,"the knees and slide. he also warns them that ignoring climate change could send the ski industry, and his own livelihood, downhill fast. don't think too much speed."
https://archive.org/details/BBCNEWS_20170211_103000_The_Travel_Show#start/461/end/496,2/11/2017 10:37:56,BBCNEWS,The Travel Show,BBCNEWS_20170211_103000_The_Travel_Show,https://archive.org/download/BBCNEWS_20170211_103000_The_Travel_Show/BBCNEWS_20170211_103000_The_Travel_Show.thumbs/BBCNEWS_20170211_103000_The_Travel_Show_000447.jpg,"show his clients how to bend the knees and slide. he also warns them that ignoring climate change could send the ski industry, and his own livelihood, downhill fast."
https://archive.org/details/BBCNEWS_20170212_203000_The_Travel_Show#start/511/end/546,2/12/2017 20:38:46,BBCNEWS,The Travel Show,BBCNEWS_20170212_203000_The_Travel_Show,https://archive.org/download/BBCNEWS_20170212_203000_The_Travel_Show/BBCNEWS_20170212_203000_The_Travel_Show.thumbs/BBCNEWS_20170212_203000_The_Travel_Show_000508.jpg,"the knees and slide. he also warns them that ignoring climate change could send the ski industry, and his own livelihood, downhill fast. don't think too much speed."
https://archive.org/details/BBCNEWS_20170221_231500_Newsnight#start/287/end/322,2/21/2017 23:20:02,BBCNEWS,Newsnight,BBCNEWS_20170221_231500_Newsnight,https://archive.org/download/BBCNEWS_20170221_231500_Newsnight/BBCNEWS_20170221_231500_Newsnight.thumbs/BBCNEWS_20170221_231500_Newsnight_000267.jpg,"about climate change. please, come to france. you are welcome. it's your nation. we like innovation. now, the french election comes to a showdown between the top two candidates."
https://archive.org/details/BBCNEWS_20170225_130000_BBC_News#start/1610/end/1645,2/25/2017 13:27:05,BBCNEWS,BBC News,BBCNEWS_20170225_130000_BBC_News,https://archive.org/download/BBCNEWS_20170225_130000_BBC_News/BBCNEWS_20170225_130000_BBC_News.thumbs/BBCNEWS_20170225_130000_BBC_News_001587.jpg,"reason why we need to continue. china's massive renewables programme was one sign of the world's determination to carry on tackling climate change. china says it will show leadership"
https://archive.org/details/BBCNEWS_20170225_150000_BBC_News#start/1556/end/1591,2/25/2017 15:26:11,BBCNEWS,BBC News,BBCNEWS_20170225_150000_BBC_News,https://archive.org/download/BBCNEWS_20170225_150000_BBC_News/BBCNEWS_20170225_150000_BBC_News.thumbs/BBCNEWS_20170225_150000_BBC_News_001528.jpg,"reason why we need to continue. china's massive renewables programme was one sign of the world's determination to carry on tackling climate change. china says it will show leadership"
https://archive.org/details/BBCNEWS_20170227_043000_HARDtalk#start/252/end/287,2/27/2017 4:34:27,BBCNEWS,HARDtalk,BBCNEWS_20170227_043000_HARDtalk,https://archive.org/download/BBCNEWS_20170227_043000_HARDtalk/BBCNEWS_20170227_043000_HARDtalk.thumbs/BBCNEWS_20170227_043000_HARDtalk_000238.jpg,"do you think the american people agree with president trump when he tweets, as he has, in the last few years, in fact, because it is a consistent thought of his, that global warming is a hoax? 'i am not a believer' he has said. 'we have the weather, it goes up and down, but we have much bigger"
https://archive.org/details/BBCNEWS_20170209_043000_HARDtalk#start/702/end/737,2/9/2017 4:41:57,BBCNEWS,HARDtalk,BBCNEWS_20170209_043000_HARDtalk,https://archive.org/download/BBCNEWS_20170209_043000_HARDtalk/BBCNEWS_20170209_043000_HARDtalk.thumbs/BBCNEWS_20170209_043000_HARDtalk_000688.jpg,"weighed by the fact that, you know, so many conservative political fears are now saying this? -- are you swayed. no, infact, the are now saying this? -- are you swayed. no, in fact, the house of representatives held a test vote on a carbon tax last year and every"
https://archive.org/details/BBCNEWS_20170210_003000_HARDtalk#start/383/end/418,2/10/2017 0:36:38,BBCNEWS,HARDtalk,BBCNEWS_20170210_003000_HARDtalk,https://archive.org/download/BBCNEWS_20170210_003000_HARDtalk/BBCNEWS_20170210_003000_HARDtalk.thumbs/BBCNEWS_20170210_003000_HARDtalk_000358.jpg,"but also in the business community, that it is in their interest to exaggerate the impact of climate change. well, let's try to keep it out of politics and the realms"
https://archive.org/details/BBCNEWS_20170201_133000_BBC_News#start/1166/end/1201,2/1/2017 13:49:41,BBCNEWS,BBC News,BBCNEWS_20170201_133000_BBC_News,https://archive.org/download/BBCNEWS_20170201_133000_BBC_News/BBCNEWS_20170201_133000_BBC_News.thumbs/BBCNEWS_20170201_133000_BBC_News_001167.jpg,"corbyn about her response to the us president's emigration ban. he has torn up international agreements on refugees, threatens to dump international agreements on climate change, praised the use of torture,"
https://archive.org/details/BBCNEWS_20170227_043000_HARDtalk#start/65/end/100,2/27/2017 4:31:20,BBCNEWS,HARDtalk,BBCNEWS_20170227_043000_HARDtalk,https://archive.org/download/BBCNEWS_20170227_043000_HARDtalk/BBCNEWS_20170227_043000_HARDtalk.thumbs/BBCNEWS_20170227_043000_HARDtalk_000058.jpg,"production to climate change policy. my guest today is myron ebell, who led the trump transition team on environment policy and has long been an advocate of radical reform of the federal environmental"
https://archive.org/details/BBCNEWS_20170210_003000_HARDtalk#start/268/end/303,2/10/2017 0:34:43,BBCNEWS,HARDtalk,BBCNEWS_20170210_003000_HARDtalk,https://archive.org/download/BBCNEWS_20170210_003000_HARDtalk/BBCNEWS_20170210_003000_HARDtalk.thumbs/BBCNEWS_20170210_003000_HARDtalk_000268.jpg,"president trump, that climate change is not one of their top concerns and that there are a lot more pressing issues to take up by the government. do you think the american people"
https://archive.org/details/BBCNEWS_20170209_043000_HARDtalk#start/498/end/533,2/9/2017 4:38:33,BBCNEWS,HARDtalk,BBCNEWS_20170209_043000_HARDtalk,https://archive.org/download/BBCNEWS_20170209_043000_HARDtalk/BBCNEWS_20170209_043000_HARDtalk.thumbs/BBCNEWS_20170209_043000_HARDtalk_000478.jpg,"climate change agenda, so it is indeed interesting that donald trump pick you to handle his epa and environmental policy transition, isn't it? yes, i was surprised. usually an insider is chosen for"
https://archive.org/details/BBCNEWS_20170228_060000_Breakfast#start/7847/end/7882,2/28/2017 8:11:02,BBCNEWS,Breakfast,BBCNEWS_20170228_060000_Breakfast,https://archive.org/download/BBCNEWS_20170228_060000_Breakfast/BBCNEWS_20170228_060000_Breakfast.thumbs/BBCNEWS_20170228_060000_Breakfast_007828.jpg,"am concerned about climate change. i believe i'm going to sleep around 80% on my heating bills. -- save around. here is the scale of the installation challenge. . the government needs to get 25 million"
https://archive.org/details/BBCNEWS_20170222_200000_BBC_News#start/2833/end/2868,2/22/2017 20:47:28,BBCNEWS,BBC News,BBCNEWS_20170222_200000_BBC_News,https://archive.org/download/BBCNEWS_20170222_200000_BBC_News/BBCNEWS_20170222_200000_BBC_News.thumbs/BBCNEWS_20170222_200000_BBC_News_002818.jpg,"have just got to accept? so many governments, wars, climate change? can we do more to stop this happening again? we have got a lot of drought happening across africa. and africa does experience drought."
https://archive.org/details/BBCNEWS_20170227_043000_HARDtalk#start/528/end/563,2/27/2017 4:39:03,BBCNEWS,HARDtalk,BBCNEWS_20170227_043000_HARDtalk,https://archive.org/download/BBCNEWS_20170227_043000_HARDtalk/BBCNEWS_20170227_043000_HARDtalk.thumbs/BBCNEWS_20170227_043000_HARDtalk_000508.jpg,"who have an interest in denying climate change. i think that the facts are that the warming we have seen since the end of the little ice age in the middle of the 19th"
https://archive.org/details/BBCNEWS_20170213_190000_100_Days#start/806/end/841,2/13/2017 19:13:41,BBCNEWS,100 Days,BBCNEWS_20170213_190000_100_Days,https://archive.org/download/BBCNEWS_20170213_190000_100_Days/BBCNEWS_20170213_190000_100_Days.thumbs/BBCNEWS_20170213_190000_100_Days_000781.jpg,"try to find areas of agreement but one of them is pursuing a very conservative policy here in the us, socially, on climate change, economic 's comic immigration, and aides is known as the liberal leader"
https://archive.org/details/BBCNEWS_20170205_053000_The_Week_in_Parliament#start/625/end/660,2/5/2017 5:40:40,BBCNEWS,The Week in Parliament,BBCNEWS_20170205_053000_The_Week_in_Parliament,https://archive.org/download/BBCNEWS_20170205_053000_The_Week_in_Parliament/BBCNEWS_20170205_053000_The_Week_in_Parliament.thumbs/BBCNEWS_20170205_053000_The_Week_in_Parliament_000597.jpg,"in his election campaign. president trump has torn up international agreements on refugees. he has threatened to dump international agreements on climate change. he has praised the use of torture. he has incited hatred"
https://archive.org/details/BBCNEWS_20170205_143000_The_Week_in_Parliament#start/642/end/677,2/5/2017 14:40:57,BBCNEWS,The Week in Parliament,BBCNEWS_20170205_143000_The_Week_in_Parliament,https://archive.org/download/BBCNEWS_20170205_143000_The_Week_in_Parliament/BBCNEWS_20170205_143000_The_Week_in_Parliament.thumbs/BBCNEWS_20170205_143000_The_Week_in_Parliament_000627.jpg,"in his election campaign. president trump has torn up international agreements on refugees. he has threatened to dump international agreements on climate change. he has praised the use of torture. he has incited hatred"
https://archive.org/details/BBCNEWS_20170225_140000_BBC_News#start/1500/end/1535,2/25/2017 14:25:15,BBCNEWS,BBC News,BBCNEWS_20170225_140000_BBC_News,https://archive.org/download/BBCNEWS_20170225_140000_BBC_News/BBCNEWS_20170225_140000_BBC_News.thumbs/BBCNEWS_20170225_140000_BBC_News_001497.jpg,"china's massive renewables programme was one sign of the world's determination to carry on tackling climate change. china says it will show leadership if the us does pull out of the un climate deal."
https://archive.org/details/BBCNEWS_20170204_023000_The_Week_in_Parliament#start/670/end/705,2/4/2017 2:41:25,BBCNEWS,The Week in Parliament,BBCNEWS_20170204_023000_The_Week_in_Parliament,https://archive.org/download/BBCNEWS_20170204_023000_The_Week_in_Parliament/BBCNEWS_20170204_023000_The_Week_in_Parliament.thumbs/BBCNEWS_20170204_023000_The_Week_in_Parliament_000657.jpg,"torn up international agreements on refugees. he has threatened to dump international agreements on climate change. he has praised the use of torture. he has incited hatred against muslims, he has directly attacked women's rights."
https://archive.org/details/BBCNEWS_20170201_110000_BBC_Newsroom_Live#start/4084/end/4119,2/1/2017 12:08:19,BBCNEWS,BBC Newsroom Live,BBCNEWS_20170201_110000_BBC_Newsroom_Live,https://archive.org/download/BBCNEWS_20170201_110000_BBC_Newsroom_Live/BBCNEWS_20170201_110000_BBC_Newsroom_Live.thumbs/BBCNEWS_20170201_110000_BBC_Newsroom_Live_004077.jpg,"president trump has torn up international agreements on refugees. he has threatened to dump international agreements on climate change. he has praised the use of torture. he has incited hatred against muslims, he is directly"
https://archive.org/details/BBCNEWS_20170228_003000_HARDtalk#start/65/end/100,2/28/2017 0:31:20,BBCNEWS,HARDtalk,BBCNEWS_20170228_003000_HARDtalk,https://archive.org/download/BBCNEWS_20170228_003000_HARDtalk/BBCNEWS_20170228_003000_HARDtalk.thumbs/BBCNEWS_20170228_003000_HARDtalk_000057.jpg,"on everything from fossil fuel production to climate change policy. my guest today is myron ebell, who led the trump transition team on environment policy and has long been an advocate of radical reform of the federal environmental"
https://archive.org/details/BBCNEWS_20170228_130000_BBC_News_at_One#start/1458/end/1493,2/28/2017 13:24:33,BBCNEWS,BBC News at One,BBCNEWS_20170228_130000_BBC_News_at_One,https://archive.org/download/BBCNEWS_20170228_130000_BBC_News_at_One/BBCNEWS_20170228_130000_BBC_News_at_One.thumbs/BBCNEWS_20170228_130000_BBC_News_at_One_001437.jpg,"which contribute to climate change. but improving energy efficiency is a massive task. according to the green building council, a house would have to be refurbished every minute until the year 2050, we neath your floor boards, one"
https://archive.org/details/BBCNEWS_20170220_190000_100_Days#start/2299/end/2334,2/20/2017 19:38:34,BBCNEWS,100 Days,BBCNEWS_20170220_190000_100_Days,https://archive.org/download/BBCNEWS_20170220_190000_100_Days/BBCNEWS_20170220_190000_100_Days.thumbs/BBCNEWS_20170220_190000_100_Days_002277.jpg,"crisis we have seen in environmental and climate change. we are going to cancel the paris climate agreement. mit is one of the leading science universities in the world. feelings among the staff and students are"
https://archive.org/details/BBCNEWS_20170220_190000_100_Days#start/2360/end/2395,2/20/2017 19:39:35,BBCNEWS,100 Days,BBCNEWS_20170220_190000_100_Days,https://archive.org/download/BBCNEWS_20170220_190000_100_Days/BBCNEWS_20170220_190000_100_Days.thumbs/BBCNEWS_20170220_190000_100_Days_002337.jpg,"and billions of dollars, we are going to fix our own environment. this professor is a brain researcher and she is angered by the president's statement that climate change is a hoax, and the setting up"
https://archive.org/details/BBCNEWS_20170212_210000_World_News_Today#start/1253/end/1288,2/12/2017 21:21:08,BBCNEWS,World News Today,BBCNEWS_20170212_210000_World_News_Today,https://archive.org/download/BBCNEWS_20170212_210000_World_News_Today/BBCNEWS_20170212_210000_World_News_Today.thumbs/BBCNEWS_20170212_210000_World_News_Today_001227.jpg,"pressure on electricity supplies. some businesses have reduced or halted operations to conserve energy. wild bushfires are not uncommon in australia's arid summer, climate change has pushed up average land and sea temperatures over the past century."
https://archive.org/details/BBCNEWS_20170213_010000_Newsday#start/505/end/540,2/13/2017 1:08:40,BBCNEWS,Newsday,BBCNEWS_20170213_010000_Newsday,https://archive.org/download/BBCNEWS_20170213_010000_Newsday/BBCNEWS_20170213_010000_Newsday.thumbs/BBCNEWS_20170213_010000_Newsday_000478.jpg,"of people have flocked to the beaches to cool off. while bushfires are not uncommon in australia's arid summer, climate change has pushed up average land and sea temperatures over the past century. australians are seeing a rising"
https://archive.org/details/BBCNEWS_20170213_190000_100_Days#start/792/end/827,2/13/2017 19:13:27,BBCNEWS,100 Days,BBCNEWS_20170213_190000_100_Days,https://archive.org/download/BBCNEWS_20170213_190000_100_Days/BBCNEWS_20170213_190000_100_Days.thumbs/BBCNEWS_20170213_190000_100_Days_000781.jpg,"executive order that the president signed, it was a gift to the canadians. but i do think climate change will be a sticking point between them. these are two men with three different worldviews. i will"
https://archive.org/details/BBCNEWS_20170213_200000_BBC_News#start/1009/end/1044,2/13/2017 20:17:04,BBCNEWS,BBC News,BBCNEWS_20170213_200000_BBC_News,https://archive.org/download/BBCNEWS_20170213_200000_BBC_News/BBCNEWS_20170213_200000_BBC_News.thumbs/BBCNEWS_20170213_200000_BBC_News_000988.jpg,"immigration, climate change, security, those sorts of things. nafta, is an issue, as well and president from told the lot about mexico rather than canada, suggesting it would be difficult talking to the mexicans in terms of"
https://archive.org/details/BBCNEWS_20170209_043000_HARDtalk#start/63/end/98,2/9/2017 4:31:18,BBCNEWS,HARDtalk,BBCNEWS_20170209_043000_HARDtalk,https://archive.org/download/BBCNEWS_20170209_043000_HARDtalk/BBCNEWS_20170209_043000_HARDtalk.thumbs/BBCNEWS_20170209_043000_HARDtalk_000058.jpg,"ona the trump administration is intent on a radical reset of america's energy and environment policies. the implications will be profound on everything from fossil fuel production to climate change policy. my my guest today is myron ebell, who"
https://archive.org/details/BBCNEWS_20170209_043000_HARDtalk#start/577/end/612,2/9/2017 4:39:52,BBCNEWS,HARDtalk,BBCNEWS_20170209_043000_HARDtalk,https://archive.org/download/BBCNEWS_20170209_043000_HARDtalk/BBCNEWS_20170209_043000_HARDtalk.thumbs/BBCNEWS_20170209_043000_HARDtalk_000568.jpg,"have very ably represented, very influential in represented, has an agenda which is driven by people who have an interest in denying climate change. i think that the facts are that the warming we have seen since"
https://archive.org/details/BBCNEWS_20170209_043000_HARDtalk#start/672/end/707,2/9/2017 4:41:27,BBCNEWS,HARDtalk,BBCNEWS_20170209_043000_HARDtalk,https://archive.org/download/BBCNEWS_20170209_043000_HARDtalk/BBCNEWS_20170209_043000_HARDtalk.thumbs/BBCNEWS_20170209_043000_HARDtalk_000658.jpg,"asia, everywhere else, and, frankly, right or centre politicians on the whole art now very accepting of the scientific consensus around climate change -- australiasia. -- are now. and two other grandees of the republican party, jim baker and"
https://archive.org/details/BBCNEWS_20170202_231500_Newsnight#start/530/end/565,2/2/2017 23:24:05,BBCNEWS,Newsnight,BBCNEWS_20170202_231500_Newsnight,https://archive.org/download/BBCNEWS_20170202_231500_Newsnight/BBCNEWS_20170202_231500_Newsnight.thumbs/BBCNEWS_20170202_231500_Newsnight_000508.jpg,"let's move to another important multilateral area, climate change, international agreements. you are not a fan. you are in the transition team as the transitional head of the environmental protection agency. do you think president trump will pull"
https://archive.org/details/BBCNEWS_20170209_043000_HARDtalk#start/312/end/347,2/9/2017 4:35:27,BBCNEWS,HARDtalk,BBCNEWS_20170209_043000_HARDtalk,https://archive.org/download/BBCNEWS_20170209_043000_HARDtalk/BBCNEWS_20170209_043000_HARDtalk.thumbs/BBCNEWS_20170209_043000_HARDtalk_000298.jpg,"consistent thought of his, that global warming is a hoax, globalwarming is a hoax, 'i am not a believer' he has said, we have the weather, it goes up and down, but we have much bigger problems than that. do you think with those sorts of m essa 9 es do you think with those sorts of messages that he tweets out, he is speaking for the american people?”"
https://archive.org/details/BBCNEWS_20170228_003000_HARDtalk#start/398/end/433,2/28/2017 0:36:53,BBCNEWS,HARDtalk,BBCNEWS_20170228_003000_HARDtalk,https://archive.org/download/BBCNEWS_20170228_003000_HARDtalk/BBCNEWS_20170228_003000_HARDtalk.thumbs/BBCNEWS_20170228_003000_HARDtalk_000387.jpg,"of climate change. well, let's try to keep it out of politics and the realms of exaggeration, let'sjust, and i don't want to spend long on it, let's be specific, two of the us federal agencies that have voiced most concern"
https://archive.org/details/BBCNEWS_20170228_003000_HARDtalk#start/568/end/603,2/28/2017 0:39:43,BBCNEWS,HARDtalk,BBCNEWS_20170228_003000_HARDtalk,https://archive.org/download/BBCNEWS_20170228_003000_HARDtalk/BBCNEWS_20170228_003000_HARDtalk.thumbs/BBCNEWS_20170228_003000_HARDtalk_000567.jpg,"represented, very influential in represented, has an agenda which is driven by people who have an interest in denying climate change. i think that the facts are that the warming we have seen since the end of the little ice age"
https://archive.org/details/BBCNEWS_20170228_054500_BBC_News#start/66/end/101,2/28/2017 5:46:21,BBCNEWS,BBC News,BBCNEWS_20170228_054500_BBC_News,https://archive.org/download/BBCNEWS_20170228_054500_BBC_News/BBCNEWS_20170228_054500_BBC_News.thumbs/BBCNEWS_20170228_054500_BBC_News_000058.jpg,"it. the general idea is that he looks like he will be ruthless, that things like climate change, foreign trade investment, and so on will go to hell and a high place. so even the fact that social security is"
https://archive.org/details/BBCNEWS_20170223_190000_100_Days#start/1310/end/1345,2/23/2017 19:22:05,BBCNEWS,100 Days,BBCNEWS_20170223_190000_100_Days,https://archive.org/download/BBCNEWS_20170223_190000_100_Days/BBCNEWS_20170223_190000_100_Days.thumbs/BBCNEWS_20170223_190000_100_Days_001288.jpg,"but there is frustration. most had come to vent their anger over the policies of president trump. out of control. climate change. i am a person from a muslim country and i am a muslim. who is going to save me here?"
https://archive.org/details/BBCNEWS_20170220_150000_BBC_News#start/2056/end/2091,2/20/2017 15:34:31,BBCNEWS,BBC News,BBCNEWS_20170220_150000_BBC_News,https://archive.org/download/BBCNEWS_20170220_150000_BBC_News/BBCNEWS_20170220_150000_BBC_News.thumbs/BBCNEWS_20170220_150000_BBC_News_002037.jpg,"asylu m of fronts. notjust his ban on asylum seekers, but on free trade, climate change, relations with russia and iran, trump's policies are opposed to british values and interests. i'm sure the prime minister is aware of this yet her"
https://archive.org/details/BBCNEWS_20170227_231500_Newsnight#start/851/end/886,2/27/2017 23:29:26,BBCNEWS,Newsnight,BBCNEWS_20170227_231500_Newsnight,https://archive.org/download/BBCNEWS_20170227_231500_Newsnight/BBCNEWS_20170227_231500_Newsnight.thumbs/BBCNEWS_20170227_231500_Newsnight_000837.jpg,"climate change or convince us that vaccinations are safe? look at the experts we've had. 0k, look at the experts. some even see in the anti-expert rhetoric a slippery slope that leads to the post fact morass of trump's america."
https://archive.org/details/BBCNEWS_20170227_231500_Newsnight#start/2146/end/2181,2/27/2017 23:51:01,BBCNEWS,Newsnight,BBCNEWS_20170227_231500_Newsnight,https://archive.org/download/BBCNEWS_20170227_231500_Newsnight/BBCNEWS_20170227_231500_Newsnight.thumbs/BBCNEWS_20170227_231500_Newsnight_002127.jpg,"does it have a knock-on effect in different fields, whether it's science, climate change, inoculations, all those sorts of things? the biggest danger is the knock-on effect in politics. which is if we have the belief starting to take hold"
https://archive.org/details/BBCNEWS_20170213_000000_Newsday#start/560/end/595,2/13/2017 0:09:35,BBCNEWS,Newsday,BBCNEWS_20170213_000000_Newsday,https://archive.org/download/BBCNEWS_20170213_000000_Newsday/BBCNEWS_20170213_000000_Newsday.thumbs/BBCNEWS_20170213_000000_Newsday_000538.jpg,"of many of the impacts of climate change. last year we saw massive bleaching of the great barrier reef, this year we are seeing extreme heat, extreme bushfires, and yet our federal government is still pushing for increased use of fossil fuels."
https://archive.org/details/BBCNEWS_20170213_010000_Newsday#start/538/end/573,2/13/2017 1:09:13,BBCNEWS,Newsday,BBCNEWS_20170213_010000_Newsday,https://archive.org/download/BBCNEWS_20170213_010000_Newsday/BBCNEWS_20170213_010000_Newsday.thumbs/BBCNEWS_20170213_010000_Newsday_000538.jpg,"expert and former government adviser. speaking from sydney, he told me australia's extreme weather is consistent with what scientists say will happen with climate change. one of the ways we can measure this is a thing called high fire danger weather index."
https://archive.org/details/BBCNEWS_20170213_030000_BBC_News#start/1123/end/1158,2/13/2017 3:18:58,BBCNEWS,BBC News,BBCNEWS_20170213_030000_BBC_News,https://archive.org/download/BBCNEWS_20170213_030000_BBC_News/BBCNEWS_20170213_030000_BBC_News.thumbs/BBCNEWS_20170213_030000_BBC_News_001108.jpg,"the state capital, where thousands of people have flocked to the beaches to cool off. while bushfires are not uncommon in australia's arid summer, climate change has pushed up average land and sea temperatures over the past century. australians are seeing a rising"
https://archive.org/details/BBCNEWS_20170202_023000_Wednesday_in_Parliament#start/711/end/746,2/2/2017 2:42:06,BBCNEWS,Wednesday in Parliament,BBCNEWS_20170202_023000_Wednesday_in_Parliament,https://archive.org/download/BBCNEWS_20170202_023000_Wednesday_in_Parliament/BBCNEWS_20170202_023000_Wednesday_in_Parliament.thumbs/BBCNEWS_20170202_023000_Wednesday_in_Parliament_000687.jpg,"agreements on climate change, he's praised the use of torture, he has incited hatred against muslims. he has directed attacked women's rights. what more does the president trump have to do before the prime minister will listen to the 1.8 billion people who"
https://archive.org/details/BBCNEWS_20170203_133000_BBC_News#start/1323/end/1358,2/3/2017 13:52:18,BBCNEWS,BBC News,BBCNEWS_20170203_133000_BBC_News,https://archive.org/download/BBCNEWS_20170203_133000_BBC_News/BBCNEWS_20170203_133000_BBC_News.thumbs/BBCNEWS_20170203_133000_BBC_News_001318.jpg,"and the impact that has on climate change. there's nothing wrong about buying a little bit more home produce. assuming we have the eastern european workers to pick them, but that might not happen either. thousands of protesters have staged"
https://archive.org/details/BBCNEWS_20170206_210000_Outside_Source#start/795/end/830,2/6/2017 21:13:30,BBCNEWS,Outside Source,BBCNEWS_20170206_210000_Outside_Source,https://archive.org/download/BBCNEWS_20170206_210000_Outside_Source/BBCNEWS_20170206_210000_Outside_Source.thumbs/BBCNEWS_20170206_210000_Outside_Source_000778.jpg,"president 0bama read regulations. he wa nts to president 0bama read regulations. he wants to contain methane that has been bent it off, especially in public lands. normally companies just burn it off and it to climate change. they are saying that"
https://archive.org/details/BBCNEWS_20170225_100000_BBC_News#start/1554/end/1589,2/25/2017 10:26:09,BBCNEWS,BBC News,BBCNEWS_20170225_100000_BBC_News,https://archive.org/download/BBCNEWS_20170225_100000_BBC_News/BBCNEWS_20170225_100000_BBC_News.thumbs/BBCNEWS_20170225_100000_BBC_News_001527.jpg,"the reason why we need to continue. china's massive renewables programme was one sign of the world's determination to carry on tackling climate change. china says it will show leadership if the us does pull out of the un climate deal. but even"
https://archive.org/details/BBCNEWS_20170225_160000_BBC_News#start/1487/end/1522,2/25/2017 16:25:02,BBCNEWS,BBC News,BBCNEWS_20170225_160000_BBC_News,https://archive.org/download/BBCNEWS_20170225_160000_BBC_News/BBCNEWS_20170225_160000_BBC_News.thumbs/BBCNEWS_20170225_160000_BBC_News_001468.jpg,"china's massive renewables programme was one sign of the world's determination to carry on tackling climate change. china says it will show leadership if the us does pull out of the un climate deal. but even the us itself has a boom"
https://archive.org/details/BBCNEWS_20170209_043000_HARDtalk#start/279/end/314,2/9/2017 4:34:54,BBCNEWS,HARDtalk,BBCNEWS_20170209_043000_HARDtalk,https://archive.org/download/BBCNEWS_20170209_043000_HARDtalk/BBCNEWS_20170209_043000_HARDtalk.thumbs/BBCNEWS_20170209_043000_HARDtalk_000269.jpg,"energy policy and put forward very different views. 0ne different views. one side won and the other side lost, so i think the american people basically agree with president trump, that climate change is not one of their top concerns and"
https://archive.org/details/BBCNEWS_20170209_043000_HARDtalk#start/411/end/446,2/9/2017 4:37:06,BBCNEWS,HARDtalk,BBCNEWS_20170209_043000_HARDtalk,https://archive.org/download/BBCNEWS_20170209_043000_HARDtalk/BBCNEWS_20170209_043000_HARDtalk.thumbs/BBCNEWS_20170209_043000_HARDtalk_000388.jpg,"let's just, and i let'sjust, and i don't want to spend long on it, let's be specific, two of the us federal agencies that have voiced most concerned about climate change, our nasa, and goodness knows they rely on science"
https://archive.org/details/BBCNEWS_20170209_043000_HARDtalk#start/426/end/461,2/9/2017 4:37:21,BBCNEWS,HARDtalk,BBCNEWS_20170209_043000_HARDtalk,https://archive.org/download/BBCNEWS_20170209_043000_HARDtalk/BBCNEWS_20170209_043000_HARDtalk.thumbs/BBCNEWS_20170209_043000_HARDtalk_000418.jpg,"and the us department of defence, which are stated in 2015 that climate change is an urgent and growing threat to our national security, so, leave aside politics, leave aside exaggeration, you would accept the words of nasa and the"
https://archive.org/details/BBCNEWS_20170201_083000_BBC_Business_Live#start/967/end/1002,2/1/2017 8:46:22,BBCNEWS,BBC Business Live,BBCNEWS_20170201_083000_BBC_Business_Live,https://archive.org/download/BBCNEWS_20170201_083000_BBC_Business_Live/BBCNEWS_20170201_083000_BBC_Business_Live.thumbs/BBCNEWS_20170201_083000_BBC_Business_Live_000958.jpg,"ahead with his plans to build a controversial new oil pipeline in north dakota. the us president has previously voiced his support for the country's fossil fuel industry amid criticism from international climate change groups. there is a lot going on when it"
https://archive.org/details/BBCNEWS_20170216_140000_BBC_News#start/715/end/750,2/16/2017 14:12:10,BBCNEWS,BBC News,BBCNEWS_20170216_140000_BBC_News,https://archive.org/download/BBCNEWS_20170216_140000_BBC_News/BBCNEWS_20170216_140000_BBC_News.thumbs/BBCNEWS_20170216_140000_BBC_News_000718.jpg,"global climate change, issues like syria? certainly syria ? certainly in syria? certainly in europe and particularly here in berlin there is concern about where it can to stand on nature. we know mr trump has described nato as obsolete. mr"
https://archive.org/details/BBCNEWS_20170228_003000_HARDtalk#start/271/end/306,2/28/2017 0:34:46,BBCNEWS,HARDtalk,BBCNEWS_20170228_003000_HARDtalk,https://archive.org/download/BBCNEWS_20170228_003000_HARDtalk/BBCNEWS_20170228_003000_HARDtalk.thumbs/BBCNEWS_20170228_003000_HARDtalk_000267.jpg,"and on energy policy and put forward very different views. one side won and the other side lost, so i think the american people basically agree with president trump, that climate change is not one of their top concerns and that there are a lot more"
https://archive.org/details/BBCNEWS_20170228_060000_Breakfast#start/613/end/648,2/28/2017 6:10:28,BBCNEWS,Breakfast,BBCNEWS_20170228_060000_Breakfast,https://archive.org/download/BBCNEWS_20170228_060000_Breakfast/BBCNEWS_20170228_060000_Breakfast.thumbs/BBCNEWS_20170228_060000_Breakfast_000598.jpg,"for d rafts for drafts and cold spots. i'm really concerned about climate change. i wanted to make my house more comfortable, easier to control the heating and i believe i am going to save around 80%, heating bill. here is the scale of the inflation"
https://archive.org/details/BBCNEWS_20170228_130000_BBC_News_at_One#start/1550/end/1585,2/28/2017 13:26:05,BBCNEWS,BBC News at One,BBCNEWS_20170228_130000_BBC_News_at_One,https://archive.org/download/BBCNEWS_20170228_130000_BBC_News_at_One/BBCNEWS_20170228_130000_BBC_News_at_One.thumbs/BBCNEWS_20170228_130000_BBC_News_at_One_001527.jpg,"and because i'm really concerned about climate change. i wanted to make my house for comfortable and easy to control the heating and i believe i'm going to save round about 80% on my heating bills. creating good quality well-designed"
https://archive.org/details/BBCNEWS_20170210_003000_HARDtalk#start/435/end/470,2/10/2017 0:37:30,BBCNEWS,HARDtalk,BBCNEWS_20170210_003000_HARDtalk,https://archive.org/download/BBCNEWS_20170210_003000_HARDtalk/BBCNEWS_20170210_003000_HARDtalk.thumbs/BBCNEWS_20170210_003000_HARDtalk_000418.jpg,"political supervision from the 0bama white house and that they were told to make sure that climate change is involved in all of your thinking about defence, so, no, i do not accept that and i think that opinion at nasa is divided between the modelling community"
https://archive.org/details/BBCNEWS_20170210_003000_HARDtalk#start/661/end/696,2/10/2017 0:41:16,BBCNEWS,HARDtalk,BBCNEWS_20170210_003000_HARDtalk,https://archive.org/download/BBCNEWS_20170210_003000_HARDtalk/BBCNEWS_20170210_003000_HARDtalk.thumbs/BBCNEWS_20170210_003000_HARDtalk_000658.jpg,"parties and politicians sit around the world on this issue, and i have looked from, you know, western europe, australasia, everywhere else, and, frankly, right of centre politicians on the whole are now very accepting of the scientific consensus around climate change. and it's instructive to me"
https://archive.org/details/BBCNEWS_20170213_000000_Newsday#start/497/end/532,2/13/2017 0:08:32,BBCNEWS,Newsday,BBCNEWS_20170213_000000_Newsday,https://archive.org/download/BBCNEWS_20170213_000000_Newsday/BBCNEWS_20170213_000000_Newsday.thumbs/BBCNEWS_20170213_000000_Newsday_000478.jpg,"australians are seeing a rising number of extremely hot days and severe fire seasons. but for this week, at least, they are hoping new, cooler weather fronts will give some urgent relief. david campanale, bbc news. will steffen is a climate change expert and former government adviser."
https://archive.org/details/BBCNEWS_20170206_003000_Reporters#start/1193/end/1228,2/6/2017 0:50:08,BBCNEWS,Reporters,BBCNEWS_20170206_003000_Reporters,https://archive.org/download/BBCNEWS_20170206_003000_Reporters/BBCNEWS_20170206_003000_Reporters.thumbs/BBCNEWS_20170206_003000_Reporters_001168.jpg,"is disappearing. around 300000 people live around its waters, many make their living by fishing in it. but now dam and irrigation projects in neighbouring ethiopia combined with climate change could see it reduced to a small pool of water. the bbc's nancy kacungira has been"
https://archive.org/details/BBCNEWS_20170209_043000_HARDtalk#start/447/end/482,2/9/2017 4:37:42,BBCNEWS,HARDtalk,BBCNEWS_20170209_043000_HARDtalk,https://archive.org/download/BBCNEWS_20170209_043000_HARDtalk/BBCNEWS_20170209_043000_HARDtalk.thumbs/BBCNEWS_20170209_043000_HARDtalk_000448.jpg,"pentagon, would you? no, i think that the department of defence was under very strict political supervision from the 0bama white house and that they were told to make sure that climate change is involved in all of your thinking about defence, so no, i do not"
https://archive.org/details/BBCNEWS_20170203_090000_Victoria_Derbyshire#start/5704/end/5739,2/3/2017 10:35:19,BBCNEWS,Victoria Derbyshire,BBCNEWS_20170203_090000_Victoria_Derbyshire,https://archive.org/download/BBCNEWS_20170203_090000_Victoria_Derbyshire/BBCNEWS_20170203_090000_Victoria_Derbyshire.thumbs/BBCNEWS_20170203_090000_Victoria_Derbyshire_005697.jpg,"around the world and the impact this have on climate change. there is nothing wrong with buying a little bit more home produce. assuming we have the eastern european workers to pick them and that may not happen either! thank you, good to talk to"
https://archive.org/details/BBCNEWS_20170216_180000_BBC_News_at_Six#start/818/end/853,2/16/2017 18:13:53,BBCNEWS,BBC News at Six,BBCNEWS_20170216_180000_BBC_News_at_Six,https://archive.org/download/BBCNEWS_20170216_180000_BBC_News_at_Six/BBCNEWS_20170216_180000_BBC_News_at_Six.thumbs/BBCNEWS_20170216_180000_BBC_News_at_Six_000807.jpg,"over climate change, and the host of this global gathering, germany, well, its leader, chancellor merkel, is blunt - no one country, she says, can solve the world's problems on its own. james robbins, bbc news, bonn. a 15 year old girl has pleaded not"
https://archive.org/details/BBCNEWS_20170228_003000_HARDtalk#start/351/end/386,2/28/2017 0:36:06,BBCNEWS,HARDtalk,BBCNEWS_20170228_003000_HARDtalk,https://archive.org/download/BBCNEWS_20170228_003000_HARDtalk/BBCNEWS_20170228_003000_HARDtalk.thumbs/BBCNEWS_20170228_003000_HARDtalk_000327.jpg,"change, given all of the consensus, you don't think man-made climate change, the warming of the planet, you don't think it is a hoax, do you, or do you? no, but i think a great deal of exaggeration has entered the debate by the campaigners for very rigourous climate policies,"
https://archive.org/details/BBCNEWS_20170228_003000_HARDtalk#start/493/end/528,2/28/2017 0:38:28,BBCNEWS,HARDtalk,BBCNEWS_20170228_003000_HARDtalk,https://archive.org/download/BBCNEWS_20170228_003000_HARDtalk/BBCNEWS_20170228_003000_HARDtalk.thumbs/BBCNEWS_20170228_003000_HARDtalk_000477.jpg,"by people who clearly have an interest in pouring scorn on the climate change agenda, so it is indeed interesting that donald trump picked you to handle his epa and environmental policy transition, isn't it? yes, i was surprised. usually an insider is chosen for each transition team."
https://archive.org/details/BBCNEWS_20170222_060000_Breakfast#start/8067/end/8102,2/22/2017 8:14:42,BBCNEWS,Breakfast,BBCNEWS_20170222_060000_Breakfast,https://archive.org/download/BBCNEWS_20170222_060000_Breakfast/BBCNEWS_20170222_060000_Breakfast.thumbs/BBCNEWS_20170222_060000_Breakfast_008067.jpg,"medium term. we can save lives and stop children from dying, but most of the famines are caused, there are climatic issues related to climate change, but the majority of the cause of these famines and this hunger is conflict. so we also need the international community to step"
https://archive.org/details/BBCNEWS_20170227_231500_Newsnight#start/1615/end/1650,2/27/2017 23:42:10,BBCNEWS,Newsnight,BBCNEWS_20170227_231500_Newsnight,https://archive.org/download/BBCNEWS_20170227_231500_Newsnight/BBCNEWS_20170227_231500_Newsnight.thumbs/BBCNEWS_20170227_231500_Newsnight_001617.jpg,"can any layman decide that if the evidence on climate change stacks up, or if vaccines are safe, or whether it's safe to eat gm crops? after seeing their brexit advice ignored, at least one expert decided to express herself more forcefully in the days after the referendum."
https://archive.org/details/BBCNEWS_20170210_003000_HARDtalk#start/320/end/355,2/10/2017 0:35:35,BBCNEWS,HARDtalk,BBCNEWS_20170210_003000_HARDtalk,https://archive.org/download/BBCNEWS_20170210_003000_HARDtalk/BBCNEWS_20170210_003000_HARDtalk.thumbs/BBCNEWS_20170210_003000_HARDtalk_000298.jpg,"he tends to exaggerate for a fact and then he walks back, so he said climate change is a hoax and later when asked about it he said, 'i was making a joke, but i don't think it is a big problem,' is the gist of his position, i think."
https://archive.org/details/BBCNEWS_20170213_000000_Newsday#start/480/end/515,2/13/2017 0:08:15,BBCNEWS,Newsday,BBCNEWS_20170213_000000_Newsday,https://archive.org/download/BBCNEWS_20170213_000000_Newsday/BBCNEWS_20170213_000000_Newsday.thumbs/BBCNEWS_20170213_000000_Newsday_000478.jpg,"the areas hit by fires are a long way from sydney, the state capital, where thousands of people have flocked to the beaches to cool off. while bushfires are not uncommon in australia's arid summer, climate change has pushed up average land and sea temperatures over the past century."
https://archive.org/details/BBCNEWS_20170213_000000_Newsday#start/608/end/643,2/13/2017 0:10:23,BBCNEWS,Newsday,BBCNEWS_20170213_000000_Newsday,https://archive.org/download/BBCNEWS_20170213_000000_Newsday/BBCNEWS_20170213_000000_Newsday.thumbs/BBCNEWS_20170213_000000_Newsday_000598.jpg,"instantly, but you have got to start turning the wheel if you want to turn the ship down the road. we actually have to do this now with climate change, if we want to stabilise the climate system, to prevent an ongoing, long-term increase in these conditions, we"
https://archive.org/details/BBCNEWS_20170213_010000_Newsday#start/584/end/619,2/13/2017 1:09:59,BBCNEWS,Newsday,BBCNEWS_20170213_010000_Newsday,https://archive.org/download/BBCNEWS_20170213_010000_Newsday/BBCNEWS_20170213_010000_Newsday.thumbs/BBCNEWS_20170213_010000_Newsday_000568.jpg,"well, we seem to have a real paradox here, in that australia is on the frontline of many of the impacts of climate change. last year we saw massive bleaching of the great barrier reef, this year we are seeing extreme heat, extreme bushfires. and yet our federal government"
https://archive.org/details/BBCNEWS_20170221_050000_BBC_News#start/504/end/539,2/21/2017 5:08:39,BBCNEWS,BBC News,BBCNEWS_20170221_050000_BBC_News,https://archive.org/download/BBCNEWS_20170221_050000_BBC_News/BBCNEWS_20170221_050000_BBC_News.thumbs/BBCNEWS_20170221_050000_BBC_News_000477.jpg,"has had successive droughts. climate change is very real in this part of the world. the government has done incredibly well. un agencies continue to support. and where i sit in canyoner, can it has also had successive droughts. so there are people in this part of the world who"
https://archive.org/details/BBCNEWS_20170205_143000_The_Week_in_Parliament#start/286/end/321,2/5/2017 14:35:01,BBCNEWS,The Week in Parliament,BBCNEWS_20170205_143000_The_Week_in_Parliament,https://archive.org/download/BBCNEWS_20170205_143000_The_Week_in_Parliament/BBCNEWS_20170205_143000_The_Week_in_Parliament.thumbs/BBCNEWS_20170205_143000_The_Week_in_Parliament_000267.jpg,"you're notjust divvying up the nana mouskouri records here or divvying up the borgen box set. this has an impact on each and every one of us. europe is where our future lies - it's one where we tackle inequality, climate change, refugess get help, areas that don't get much of"
https://archive.org/details/BBCNEWS_20170202_230000_BBC_News#start/827/end/862,2/2/2017 23:14:02,BBCNEWS,BBC News,BBCNEWS_20170202_230000_BBC_News,https://archive.org/download/BBCNEWS_20170202_230000_BBC_News/BBCNEWS_20170202_230000_BBC_News.thumbs/BBCNEWS_20170202_230000_BBC_News_000807.jpg,"we'll ask the president's recent adviser on climate change and environment. also tonight, our official policy on brexit now runs to 75 pages, but it's not entirely up to us. britain wants to free itself from much of the eu customs union to allow it to negotiate new free trade"
https://archive.org/details/BBCNEWS_20170207_033000_Reporters#start/1184/end/1219,2/7/2017 3:49:59,BBCNEWS,Reporters,BBCNEWS_20170207_033000_Reporters,https://archive.org/download/BBCNEWS_20170207_033000_Reporters/BBCNEWS_20170207_033000_Reporters.thumbs/BBCNEWS_20170207_033000_Reporters_001168.jpg,"but kenya's lake turkana is disappearing. around 300000 people live around its waters, many make their living by fishing in it. but now dam and irrigation projects in neighbouring ethiopia combined with climate change could see it reduced to a small pool of water. the bbc's nancy kacungira has been"
https://archive.org/details/BBCNEWS_20170206_023000_The_Week_in_Parliament#start/308/end/343,2/6/2017 2:35:23,BBCNEWS,The Week in Parliament,BBCNEWS_20170206_023000_The_Week_in_Parliament,https://archive.org/download/BBCNEWS_20170206_023000_The_Week_in_Parliament/BBCNEWS_20170206_023000_The_Week_in_Parliament.thumbs/BBCNEWS_20170206_023000_The_Week_in_Parliament_000297.jpg,"you're notjust divvying up the nana mouskouri records here or divvying up the borgen box set - this has an impact on each and every one of us. europe is where our future lies - it's one where we tackle inequality, climate change, refugess get help, areas that don't get much of"
https://archive.org/details/BBCNEWS_20170209_043000_HARDtalk#start/328/end/363,2/9/2017 4:35:43,BBCNEWS,HARDtalk,BBCNEWS_20170209_043000_HARDtalk,https://archive.org/download/BBCNEWS_20170209_043000_HARDtalk/BBCNEWS_20170209_043000_HARDtalk.thumbs/BBCNEWS_20170209_043000_HARDtalk_000328.jpg,"think he is speaking for a majority of the american people and i think, you know, he tends to exaggerate for a fa ct a fact and then he walks back, so he said climate change is a hoax and later when asked about it he said, i"
https://archive.org/details/BBCNEWS_20170209_043000_HARDtalk#start/395/end/430,2/9/2017 4:36:50,BBCNEWS,HARDtalk,BBCNEWS_20170209_043000_HARDtalk,https://archive.org/download/BBCNEWS_20170209_043000_HARDtalk/BBCNEWS_20170209_043000_HARDtalk.thumbs/BBCNEWS_20170209_043000_HARDtalk_000388.jpg,"but i think the fact is that there are large interests, both in the scientific community but also in the business community, that it is in their interest to exaggerate the impact of climate change. well, let's try to keep it out of politics and the realms of exaggeration,"
https://archive.org/details/BBCNEWS_20170201_210000_Outside_Source#start/1165/end/1200,2/1/2017 21:19:40,BBCNEWS,Outside Source,BBCNEWS_20170201_210000_Outside_Source,https://archive.org/download/BBCNEWS_20170201_210000_Outside_Source/BBCNEWS_20170201_210000_Outside_Source.thumbs/BBCNEWS_20170201_210000_Outside_Source_001138.jpg,"does not believe in climate change. when he looks at the energy sector, asa when he looks at the energy sector, as a candidate he said he wanted to block all imports from saudi arabia. he said it repeatedly. the white house energy policy talks about working closely with the united"
https://archive.org/details/BBCNEWS_20170227_043000_HARDtalk#start/396/end/431,2/27/2017 4:36:51,BBCNEWS,HARDtalk,BBCNEWS_20170227_043000_HARDtalk,https://archive.org/download/BBCNEWS_20170227_043000_HARDtalk/BBCNEWS_20170227_043000_HARDtalk.thumbs/BBCNEWS_20170227_043000_HARDtalk_000388.jpg,"political supervision from the obama white house and that they were told to make sure that climate change is involved in all of your thinking about defence, so, no, i do not accept that and i think that opinion at nasa is divided between the modelling community and what i would call the empirical"
https://archive.org/details/BBCNEWS_20170210_160000_BBC_News#start/1432/end/1467,2/10/2017 16:24:07,BBCNEWS,BBC News,BBCNEWS_20170210_160000_BBC_News,https://archive.org/download/BBCNEWS_20170210_160000_BBC_News/BBCNEWS_20170210_160000_BBC_News.thumbs/BBCNEWS_20170210_160000_BBC_News_001407.jpg,"in the meantime. this is a very important relationships of the united states. although there is challenge is, it is important for to cooperate in terms of economy and climate change and so on. his advisers convinced him it was the right thing to have this conversation, and the only way to do"
https://archive.org/details/BBCNEWS_20170213_000000_Newsday#start/531/end/566,2/13/2017 0:09:06,BBCNEWS,Newsday,BBCNEWS_20170213_000000_Newsday,https://archive.org/download/BBCNEWS_20170213_000000_Newsday/BBCNEWS_20170213_000000_Newsday.thumbs/BBCNEWS_20170213_000000_Newsday_000508.jpg,"winds, low humidity. we have been monitoring that for half a century and we see a significant increase in this type of weather over the last 50 yea rs. 50 years. that has been pushed up why climate change, by the commission of fossil fuels. we are seeing very hot fires, fires that"
https://archive.org/details/BBCNEWS_20170213_010000_Newsday#start/632/end/667,2/13/2017 1:10:47,BBCNEWS,Newsday,BBCNEWS_20170213_010000_Newsday,https://archive.org/download/BBCNEWS_20170213_010000_Newsday/BBCNEWS_20170213_010000_Newsday.thumbs/BBCNEWS_20170213_010000_Newsday_000628.jpg,"this is a bit like trying to turn around a battleship. you can't do it instantly, but you have got to start turning the wheel if you want to turn the ship down the road. we actually have to do this now with climate change, if we want to stabilise the climate system."
https://archive.org/details/BBCNEWS_20170202_231500_Newsnight#start/376/end/411,2/2/2017 23:21:31,BBCNEWS,Newsnight,BBCNEWS_20170202_231500_Newsnight,https://archive.org/download/BBCNEWS_20170202_231500_Newsnight/BBCNEWS_20170202_231500_Newsnight.thumbs/BBCNEWS_20170202_231500_Newsnight_000358.jpg,"on global affairs, country by country. president trump is not keen on the big international bodies or the multi-country trade deals. the us prefers bilaterals to multilaterals now. one area where the existing global arrangements are being reviewed for example, is in climate change. president trump wants to exit the paris agreement."
https://archive.org/details/BBCNEWS_20170202_231500_Newsnight#start/437/end/472,2/2/2017 23:22:32,BBCNEWS,Newsnight,BBCNEWS_20170202_231500_Newsnight,https://archive.org/download/BBCNEWS_20170202_231500_Newsnight/BBCNEWS_20170202_231500_Newsnight.thumbs/BBCNEWS_20170202_231500_Newsnight_000418.jpg,"talk about climate change but the line he used about ' every country the world is taking advantage of the united states'? do you agree? clearly the us is one of the richest countries in the world so you might not think it was the most obvious feature. do you accept that every"
https://archive.org/details/BBCNEWS_20170202_231500_Newsnight#start/610/end/645,2/2/2017 23:25:25,BBCNEWS,Newsnight,BBCNEWS_20170202_231500_Newsnight,https://archive.org/download/BBCNEWS_20170202_231500_Newsnight/BBCNEWS_20170202_231500_Newsnight.thumbs/BBCNEWS_20170202_231500_Newsnight_000598.jpg,"paris and put a small tariff on american exports because they are not burdened by the climate change taxes that we are all bearing. i think the rest of the world can't talk about that but it should be recognised that the united states, because of the shale oil and gas revolution, has done"
https://archive.org/details/BBCNEWS_20170202_231500_Newsnight#start/389/end/424,2/2/2017 23:21:44,BBCNEWS,Newsnight,BBCNEWS_20170202_231500_Newsnight,https://archive.org/download/BBCNEWS_20170202_231500_Newsnight/BBCNEWS_20170202_231500_Newsnight.thumbs/BBCNEWS_20170202_231500_Newsnight_000388.jpg,"so who better to speak to about his approach to international affairs and climate change than myron ebell, who was in the transition team, in an environment role? thank you forjoining us. good to talk to you. there is a huge weight in trying to understand the rules of the game under president trump."
https://archive.org/details/BBCNEWS_20170227_043000_HARDtalk#start/288/end/323,2/27/2017 4:35:03,BBCNEWS,HARDtalk,BBCNEWS_20170227_043000_HARDtalk,https://archive.org/download/BBCNEWS_20170227_043000_HARDtalk/BBCNEWS_20170227_043000_HARDtalk.thumbs/BBCNEWS_20170227_043000_HARDtalk_000268.jpg,"people and i think, you know, he tends to exaggerate for a fact and then he walks back, so he said climate change is a hoax and later when asked about it he said, 'i was making a joke, but i don't think it is a big problem,' is the gist of his position, i think."
https://archive.org/details/BBCNEWS_20170211_053000_The_Travel_Show#start/718/end/753,2/11/2017 5:42:13,BBCNEWS,The Travel Show,BBCNEWS_20170211_053000_The_Travel_Show,https://archive.org/download/BBCNEWS_20170211_053000_The_Travel_Show/BBCNEWS_20170211_053000_The_Travel_Show.thumbs/BBCNEWS_20170211_053000_The_Travel_Show_000718.jpg,"almost 75% of an average ski resort's carbon footprint is created by a visitor's mode of transport. that's because most of us take a budget airline, and then perhaps hire a car. but chamonix is determined to keep that mountain air pure. at one with nature, or against it, the speed of climate change means resorts like chamonix"
https://archive.org/details/BBCNEWS_20170220_060000_Breakfast#start/5049/end/5084,2/20/2017 7:24:24,BBCNEWS,Breakfast,BBCNEWS_20170220_060000_Breakfast,https://archive.org/download/BBCNEWS_20170220_060000_Breakfast/BBCNEWS_20170220_060000_Breakfast.thumbs/BBCNEWS_20170220_060000_Breakfast_005037.jpg,"donald trump is his own man. i think he's a real threat to the values of freedom and equality. i'm living in this country as a muslim. i have no issues. i think he's a climate change denier, and i think he's pro-torture. why are people scared about him? his approaches are just archaic and shocking."
https://archive.org/details/BBCNEWS_20170205_053000_The_Week_in_Parliament#start/285/end/320,2/5/2017 5:35:00,BBCNEWS,The Week in Parliament,BBCNEWS_20170205_053000_The_Week_in_Parliament,https://archive.org/download/BBCNEWS_20170205_053000_The_Week_in_Parliament/BBCNEWS_20170205_053000_The_Week_in_Parliament.thumbs/BBCNEWS_20170205_053000_The_Week_in_Parliament_000267.jpg,"europe is where our future lies - it's one where we tackle inequality, climate change, refugess get help, areas that don't get much of a hearing in whitehall these days. pooling our sovereignty and working together is a good thing. passing this bill, and turning your back on our amendment, would turn its back on the progress made, and disrespect"
https://archive.org/details/BBCNEWS_20170204_023000_The_Week_in_Parliament#start/312/end/347,2/4/2017 2:35:27,BBCNEWS,The Week in Parliament,BBCNEWS_20170204_023000_The_Week_in_Parliament,https://archive.org/download/BBCNEWS_20170204_023000_The_Week_in_Parliament/BBCNEWS_20170204_023000_The_Week_in_Parliament.thumbs/BBCNEWS_20170204_023000_The_Week_in_Parliament_000297.jpg,"you're notjust divvying up the nana mouskouri records here or divvying up the borgen box set - this has an impact on each and every one of us. europe is where our future lies - it's one where we tackle inequality, climate change, refugess get help, areas that don't get much of a hearing in whitehall these days."
https://archive.org/details/BBCNEWS_20170227_043000_HARDtalk#start/430/end/465,2/27/2017 4:37:25,BBCNEWS,HARDtalk,BBCNEWS_20170227_043000_HARDtalk,https://archive.org/download/BBCNEWS_20170227_043000_HARDtalk/BBCNEWS_20170227_043000_HARDtalk.thumbs/BBCNEWS_20170227_043000_HARDtalk_000418.jpg,"right. i mean, it is probably inportant to remind everyone you come from a background, the competitive enterprise institute centre for energy and environment, which we know the past has been funded by exxon mobil, by the koch brothers, by people who clearly have an interest in pouring scorn on the climate change agenda, so it is indeed interesting that"
https://archive.org/details/BBCNEWS_20170213_000000_Newsday#start/514/end/549,2/13/2017 0:08:49,BBCNEWS,Newsday,BBCNEWS_20170213_000000_Newsday,https://archive.org/download/BBCNEWS_20170213_000000_Newsday/BBCNEWS_20170213_000000_Newsday.thumbs/BBCNEWS_20170213_000000_Newsday_000508.jpg,"speaking from sydney, he says australia's extreme weather is consistent with what scientists say will happen with climate change. one of the ways we can measure this isa one of the ways we can measure this is a thing called high fire danger weather index. and that is the sort of whether we were just then talking about, extremely hot days, high"
https://archive.org/details/BBCNEWS_20170202_231500_Newsnight#start/595/end/630,2/2/2017 23:25:10,BBCNEWS,Newsnight,BBCNEWS_20170202_231500_Newsnight,https://archive.org/download/BBCNEWS_20170202_231500_Newsnight/BBCNEWS_20170202_231500_Newsnight.thumbs/BBCNEWS_20170202_231500_Newsnight_000568.jpg,"the congress will never appropriate that money. so it seems that this is going to happen. most of the rest of the world has a different view about the appropriate action to take on climate change, different to that of the us. is the rest of the world entitled to say you can put america first and do what you want, we will stick to"
https://archive.org/details/BBCNEWS_20170225_120000_BBC_News#start/1501/end/1536,2/25/2017 12:25:16,BBCNEWS,BBC News,BBCNEWS_20170225_120000_BBC_News,https://archive.org/download/BBCNEWS_20170225_120000_BBC_News/BBCNEWS_20170225_120000_BBC_News.thumbs/BBCNEWS_20170225_120000_BBC_News_001498.jpg,"reason why we need to continue. china's massive renewables programme was one sign of the world's determination to carry on tackling climate change. china says it will show leadership if the us does pull out of the un climate deal. but even the us itself has a boom in wind and solar power. the election of president trump is a setback for miss espinosa"
