﻿URL,MatchDateTime,Station,Show,IAShowID,IAPreviewThumb,Snippet
https://archive.org/details/CNNW_20130711_100000_New_Day#start/7068/end/7103,7/11/2013 11:58:03,CNN,New Day,CNNW_20130711_100000_New_Day,https://archive.org/download/CNNW_20130711_100000_New_Day/CNNW_20130711_100000_New_Day.thumbs/CNNW_20130711_100000_New_Day_007065.jpg,"factor. from the 'las vegas sun' o.j. simpson getting a parole hearing later this month. 33 years for a kidnapping arm aed robbery. a climate change study will"
https://archive.org/details/CNNW_20130728_170000_Fareed_Zakaria_GPS#start/1563/end/1598,7/28/2013 17:26:18,CNN,Fareed Zakaria GPS,CNNW_20130728_170000_Fareed_Zakaria_GPS,https://archive.org/download/CNNW_20130728_170000_Fareed_Zakaria_GPS/CNNW_20130728_170000_Fareed_Zakaria_GPS.thumbs/CNNW_20130728_170000_Fareed_Zakaria_GPS_001545.jpg,"an intensification of the greenhouse gas effect and more extreme weather. the study's model climbs that the cost of this is more than"
https://archive.org/details/CNNW_20130728_140000_Fareed_Zakaria_GPS#start/1555/end/1590,7/28/2013 14:26:10,CNN,Fareed Zakaria GPS,CNNW_20130728_140000_Fareed_Zakaria_GPS,https://archive.org/download/CNNW_20130728_140000_Fareed_Zakaria_GPS/CNNW_20130728_140000_Fareed_Zakaria_GPS.thumbs/CNNW_20130728_140000_Fareed_Zakaria_GPS_001546.jpg,"calculating the thawing in the arctic. leading to the release of large amounts of methane, that means an intensification of the greenhouse gas effect and more extreme weather."
https://archive.org/details/CNNW_20130729_100000_New_Day#start/2324/end/2359,7/29/2013 10:38:59,CNN,New Day,CNNW_20130729_100000_New_Day,https://archive.org/download/CNNW_20130729_100000_New_Day/CNNW_20130729_100000_New_Day.thumbs/CNNW_20130729_100000_New_Day_002325.jpg,"on some things we're going to find work-arounds. if we don't agree on climate change, we'll do our own thing. shaping up for 2016, abortion rights seem to be becoming a hot button issue politically. you've got members on the right"
