﻿URL,MatchDateTime,Station,Show,IAShowID,IAPreviewThumb,Snippet
https://archive.org/details/CNN_20100425_230000_CNN_Newsroom#start/2795/end/2830,4/25/2010 23:46:50,CNN,CNN Newsroom,CNN_20100425_230000_CNN_Newsroom,https://archive.org/download/CNN_20100425_230000_CNN_Newsroom/CNN_20100425_230000_CNN_Newsroom.thumbs/CNN_20100425_230000_CNN_Newsroom_002783.jpg,"government is going to solve it. you know, the man in the street can do a little bit, but big governments need to make decisions. we need to stop clear-cutting forests, protect the forest. it's the simplest way of cutting greenhouse gases."
https://archive.org/details/CNN_20100411_190000_Your_Money#start/2768/end/2803,4/11/2010 19:46:23,CNN,Your Money,CNN_20100411_190000_Your_Money,https://archive.org/download/CNN_20100411_190000_Your_Money/CNN_20100411_190000_Your_Money.thumbs/CNN_20100411_190000_Your_Money_002722.jpg,"where it won't get into the atmosphere. exxonmobil is spending more than 100 million dollars. to build a plant that will demonstrate this process. i'm very optimistic about it. because this technology could be used. to reduce greenhouse gas emissions significantly. to reduce greenhouse gas emissions significantly."
https://archive.org/details/CNN_20100430_060000_Anderson_Cooper_360#start/1933/end/1968,4/30/2010 6:32:28,CNN,Anderson Cooper 360,CNN_20100430_060000_Anderson_Cooper_360,https://archive.org/download/CNN_20100430_060000_Anderson_Cooper_360/CNN_20100430_060000_Anderson_Cooper_360.thumbs/CNN_20100430_060000_Anderson_Cooper_360_001920.jpg,"where it won't get into the atmosphere. exxonmobil is spending more than 100 million dollars. to build a plant that will demonstrate this process. i'm very optimistic about it. because this technology could be used. to reduce greenhouse gas emissions significantly. to reduce greenhouse gas emissions significantly."
https://archive.org/details/CNN_20100410_160000_CNN_Newsroom#start/1178/end/1213,4/10/2010 16:19:53,CNN,CNN Newsroom,CNN_20100410_160000_CNN_Newsroom,https://archive.org/download/CNN_20100410_160000_CNN_Newsroom/CNN_20100410_160000_CNN_Newsroom.thumbs/CNN_20100410_160000_CNN_Newsroom_001164.jpg,"so we can safely store it. where it won't get into the atmosphere. exxonmobil is spending more than 100 million dollars. to build a plant that will demonstrate this process. i'm very optimistic about it. because this technology could be used. to reduce greenhouse gas emissions significantly."
https://archive.org/details/CNN_20100415_230000_John_King_USA#start/2851/end/2886,4/15/2010 23:47:46,CNN,John King USA,CNN_20100415_230000_John_King_USA,https://archive.org/download/CNN_20100415_230000_John_King_USA/CNN_20100415_230000_John_King_USA.thumbs/CNN_20100415_230000_John_King_USA_002850.jpg,"so we can safely store it. where it won't get into the atmosphere. exxonmobil is spending more than 100 million dollars. to build a plant that will demonstrate this process. i'm very optimistic about it. because this technology could be used. to reduce greenhouse gas emissions significantly."
https://archive.org/details/CNN_20100401_050000_Anderson_Cooper_360#start/3089/end/3124,4/1/2010 5:51:44,CNN,Anderson Cooper 360,CNN_20100401_050000_Anderson_Cooper_360,https://archive.org/download/CNN_20100401_050000_Anderson_Cooper_360/CNN_20100401_050000_Anderson_Cooper_360.thumbs/CNN_20100401_050000_Anderson_Cooper_360_003083.jpg,"sneak out? go to ac360.com to watch parts one and two of the special. coming up next, getting to the truth of climategate, a new development behind the controversy over global warming"
https://archive.org/details/CNN_20100426_020000_CNN_Newsroom#start/1246/end/1281,4/26/2010 2:21:01,CNN,CNN Newsroom,CNN_20100426_020000_CNN_Newsroom,https://archive.org/download/CNN_20100426_020000_CNN_Newsroom/CNN_20100426_020000_CNN_Newsroom.thumbs/CNN_20100426_020000_CNN_Newsroom_001225.jpg,"decisions. we need to stop clear-cutting forests, we need to protect the forests. that's the simplest way of cutting greenhouse gases. yeah. and prevent global warming. either of you can respond, but what do you make of those who say that -- who question            _"
https://archive.org/details/CNN_20100426_050000_CNN_Newsroom#start/1239/end/1274,4/26/2010 5:20:54,CNN,CNN Newsroom,CNN_20100426_050000_CNN_Newsroom,https://archive.org/download/CNN_20100426_050000_CNN_Newsroom/CNN_20100426_050000_CNN_Newsroom.thumbs/CNN_20100426_050000_CNN_Newsroom_001225.jpg,"decisions. we need to stop clear-cutting forests, we need to protect the forests. that's the simplest way of cutting greenhouse gases. yeah. i have to ask you -- and prevent global warming. either of you can respond, but what do you make of those who say that -- who question            _"
https://archive.org/details/CNN_20100424_210000_CNN_Newsroom#start/1044/end/1079,4/24/2010 21:17:39,CNN,CNN Newsroom,CNN_20100424_210000_CNN_Newsroom,https://archive.org/download/CNN_20100424_210000_CNN_Newsroom/CNN_20100424_210000_CNN_Newsroom.thumbs/CNN_20100424_210000_CNN_Newsroom_000030.jpg,"face a major roadblock with this. reporter: that's right, don. in fact, dana and i just confirming that republican senator lindsey graham is now abruptly announcing he's pulling out of the separate climate change talks."
https://archive.org/details/CNN_20100430_100000_American_Morning#start/8028/end/8063,4/30/2010 12:14:03,CNN,American Morning,CNN_20100430_100000_American_Morning,https://archive.org/download/CNN_20100430_100000_American_Morning/CNN_20100430_100000_American_Morning.thumbs/CNN_20100430_100000_American_Morning_008010.jpg,"asking the white house to do? stop the five-year plan on drilling on the offshore continental united states until we get to the bottom of this. you know, the president wants to pass a climate change bill later"
https://archive.org/details/CNN_20100426_050000_CNN_Newsroom#start/1272/end/1307,4/26/2010 5:21:27,CNN,CNN Newsroom,CNN_20100426_050000_CNN_Newsroom,https://archive.org/download/CNN_20100426_050000_CNN_Newsroom/CNN_20100426_050000_CNN_Newsroom.thumbs/CNN_20100426_050000_CNN_Newsroom_001255.jpg,"happen in copenhagen, and i think all our hopes were dashed when not one government member was prepared to say, not one government leader was prepared, we are really going to do something about climate change."
https://archive.org/details/CNN_20100429_230000_John_King_USA#start/218/end/253,4/29/2010 23:03:53,CNN,John King USA,CNN_20100429_230000_John_King_USA,https://archive.org/download/CNN_20100429_230000_John_King_USA/CNN_20100429_230000_John_King_USA.thumbs/CNN_20100429_230000_John_King_USA_000210.jpg,"important to national security and our national economy and to a big part of america's population. you know the answer's no? senator graham has already said he feels senator reid broke a promise to him on climate change"
https://archive.org/details/CNN_20100425_120000_CNN_Sunday_Morning#start/1319/end/1354,4/25/2010 12:22:14,CNN,CNN Sunday Morning,CNN_20100425_120000_CNN_Sunday_Morning,https://archive.org/download/CNN_20100425_120000_CNN_Sunday_Morning/CNN_20100425_120000_CNN_Sunday_Morning.thumbs/CNN_20100425_120000_CNN_Sunday_Morning_001314.jpg,"bill could lead to racial profiling. he says that section mirrors the laws of the federal government. thousands of people will be gathering at the national mall in washington, d.c. to rally for climate change, james cameron"
https://archive.org/details/CNN_20100426_020000_CNN_Newsroom#start/1278/end/1313,4/26/2010 2:21:33,CNN,CNN Newsroom,CNN_20100426_020000_CNN_Newsroom,https://archive.org/download/CNN_20100426_020000_CNN_Newsroom/CNN_20100426_020000_CNN_Newsroom.thumbs/CNN_20100426_020000_CNN_Newsroom_001255.jpg,"happen in copenhagen, and i think all our hopes were dashed when not one government member was prepared to say, not one government leader was prepared, we are really going to do something about climate change."
https://archive.org/details/CNN_20100425_230000_CNN_Newsroom#start/2889/end/2924,4/25/2010 23:48:24,CNN,CNN Newsroom,CNN_20100425_230000_CNN_Newsroom,https://archive.org/download/CNN_20100425_230000_CNN_Newsroom/CNN_20100425_230000_CNN_Newsroom.thumbs/CNN_20100425_230000_CNN_Newsroom_002872.jpg,"skeptic, is somebody who jumps out of the 20th floor of a hotel and for 19 floors he tells everybody, hey, it's fine, nothing's wrong. he's crazy, but i can't imagine a more serious problem than climate change frankly."
https://archive.org/details/CNN_20100426_030000_State_of_the_Union#start/300/end/335,4/26/2010 3:05:15,CNN,State of the Union,CNN_20100426_030000_State_of_the_Union,https://archive.org/download/CNN_20100426_030000_State_of_the_Union/CNN_20100426_030000_State_of_the_Union.thumbs/CNN_20100426_030000_State_of_the_Union_000295.jpg,"reasonable and cautious manner, not let the emotions of people run away with this, because it is just simply stated a very, very serious issue. but you're on to go at it now rather than put climate change"
https://archive.org/details/CNN_20100422_100000_American_Morning#start/6335/end/6370,4/22/2010 11:45:50,CNN,American Morning,CNN_20100422_100000_American_Morning,https://archive.org/download/CNN_20100422_100000_American_Morning/CNN_20100422_100000_American_Morning.thumbs/CNN_20100422_100000_American_Morning_006319.jpg,"environmental message coming out on dvd today. there were some people critical of it, thinking it was too much of an environmental lecture. at the same time, as we talk about all of this on thisth day, it's interesting to note that more and more people are becoming skeptical of this whole idea of global warming and its"
https://archive.org/details/CNN_20100423_210000_The_Situation_Room_With_Wolf_Blitzer#start/4390/end/4425,4/23/2010 22:13:25,CNN,The Situation Room With Wolf Blitzer,CNN_20100423_210000_The_Situation_Room_With_Wolf_Blitzer,https://archive.org/download/CNN_20100423_210000_The_Situation_Room_With_Wolf_Blitzer/CNN_20100423_210000_The_Situation_Room_With_Wolf_Blitzer.thumbs/CNN_20100423_210000_The_Situation_Room_With_Wolf_Blitzer_004371.jpg,"alienating more of their base with reports circulating this week with the plan that they want to undertake immigration reform rather than climate change, but immigration reform, could help with the hispanic vote, a lot of liberal believe that now's the best time in years to pass a bill on global"
https://archive.org/details/CNN_20100426_230000_John_King_USA#start/910/end/945,4/26/2010 23:15:25,CNN,John King USA,CNN_20100426_230000_John_King_USA,https://archive.org/download/CNN_20100426_230000_John_King_USA/CNN_20100426_230000_John_King_USA.thumbs/CNN_20100426_230000_John_King_USA_000895.jpg,"good about. senator demint, gloria borger here. can i just change a topic on you for a moment. one of the other controversies you were dealing with today was whether the senate does immigration reform or energy reform, climate change."
https://archive.org/details/CNN_20100427_000000_Campbell_Brown#start/1383/end/1418,4/27/2010 0:23:18,CNN,Campbell Brown,CNN_20100427_000000_Campbell_Brown,https://archive.org/download/CNN_20100427_000000_Campbell_Brown/CNN_20100427_000000_Campbell_Brown.thumbs/CNN_20100427_000000_Campbell_Brown_001374.jpg,"pretty much decided that they're going to be no more victories this year for democrats because the benefit is too much to democrats and president obama. we saw today on financial regulatory reform, an issue that country overwhelmingly wants to see passed, climate change"
https://archive.org/details/CNN_20100423_230000_John_King_USA#start/1480/end/1515,4/23/2010 23:24:55,CNN,John King USA,CNN_20100423_230000_John_King_USA,https://archive.org/download/CNN_20100423_230000_John_King_USA/CNN_20100423_230000_John_King_USA.thumbs/CNN_20100423_230000_John_King_USA_001464.jpg,"house. the president stood at the state of the union and had a list of house passed bill in the senate, which we all know has the mechanism to give the minorities the ability to block legislation, so now when they have passed climate change, when"
https://archive.org/details/CNN_20100424_210000_CNN_Newsroom#start/1058/end/1093,4/24/2010 21:17:53,CNN,CNN Newsroom,CNN_20100424_210000_CNN_Newsroom,https://archive.org/download/CNN_20100424_210000_CNN_Newsroom/CNN_20100424_210000_CNN_Newsroom.thumbs/CNN_20100424_210000_CNN_Newsroom_000030.jpg,"they're the there is supposed to be a big news conference on monday where they were going to unveil det l details of a new environmental piece of legislation there because he's frustrated that the white house and senate democrats want to push immigration reform ahead of this climate change"
https://archive.org/details/CNN_20100426_230000_John_King_USA#start/48/end/83,4/26/2010 23:01:03,CNN,John King USA,CNN_20100426_230000_John_King_USA,https://archive.org/download/CNN_20100426_230000_John_King_USA/CNN_20100426_230000_John_King_USA.thumbs/CNN_20100426_230000_John_King_USA_000026.jpg,"tornado. it killed 12 people in mississippi and alabama. you'll hear from mississippi's governor that will give you the latest on the recovery effort and show you the dramatic picture. one on one with the independent senator joe lieberman. he was in the middle of the big climate change debate."
https://archive.org/details/CNN_20100425_150000_Reliable_Sources#start/3219/end/3254,4/25/2010 15:53:54,CNN,Reliable Sources,CNN_20100425_150000_Reliable_Sources,https://archive.org/download/CNN_20100425_150000_Reliable_Sources/CNN_20100425_150000_Reliable_Sources.thumbs/CNN_20100425_150000_Reliable_Sources_003203.jpg,"fact more work had been done on climate change than on immigration. so whichever is ready to go up would likely come up after we get through wall street reform. let me just add for the record i will be stunned if they could get through a climate"
https://archive.org/details/CNN_20100423_130000_CNN_Newsroom#start/3494/end/3529,4/23/2010 13:58:29,CNN,CNN Newsroom,CNN_20100423_130000_CNN_Newsroom,https://archive.org/download/CNN_20100423_130000_CNN_Newsroom/CNN_20100423_130000_CNN_Newsroom.thumbs/CNN_20100423_130000_CNN_Newsroom_003473.jpg,"project was an effort on hour behalf to find a way to reduce the greenhouse gas emissions from milk production. go! come on! we thought our factory was going to be the biggest part of the contribution to climate change and lo and behold it was"
https://archive.org/details/CNN_20100401_100000_American_Morning#start/4563/end/4598,4/1/2010 11:16:18,CNN,American Morning,CNN_20100401_100000_American_Morning,https://archive.org/download/CNN_20100401_100000_American_Morning/CNN_20100401_100000_American_Morning.thumbs/CNN_20100401_100000_American_Morning_004560.jpg,"scientists about climate change were hacked and posted on the internet. it showed that scientists were trying to exaggerate the threat of global warming. well, now, a parliamentary committee in the uk that they've been investigating has now"
https://archive.org/details/CNN_20100426_020000_CNN_Newsroom#start/556/end/591,4/26/2010 2:09:31,CNN,CNN Newsroom,CNN_20100426_020000_CNN_Newsroom,https://archive.org/download/CNN_20100426_020000_CNN_Newsroom/CNN_20100426_020000_CNN_Newsroom.thumbs/CNN_20100426_020000_CNN_Newsroom_000535.jpg,"it may be tedious for some, but it may have a big impact on your wallet. congress taking up financial reform this week. cnn's political editor, mark preston, explains what might happen and what it means to you. that is coming up. also, a treat for you. rock legend sting is talking climate change."
https://archive.org/details/CNN_20100425_230000_CNN_Newsroom#start/2812/end/2847,4/25/2010 23:47:07,CNN,CNN Newsroom,CNN_20100425_230000_CNN_Newsroom,https://archive.org/download/CNN_20100425_230000_CNN_Newsroom/CNN_20100425_230000_CNN_Newsroom.thumbs/CNN_20100425_230000_CNN_Newsroom_002813.jpg,"either of you can respond, what do you make of those who say that, who question climate change or global warming, because trudy, you said you have been in the fight for years. well, i addressed the u.n. general assembly five days"
https://archive.org/details/CNN_20100424_140000_CNN_Newsroom#start/520/end/555,4/24/2010 14:08:55,CNN,CNN Newsroom,CNN_20100424_140000_CNN_Newsroom,https://archive.org/download/CNN_20100424_140000_CNN_Newsroom/CNN_20100424_140000_CNN_Newsroom.thumbs/CNN_20100424_140000_CNN_Newsroom_000506.jpg,"closely monitor the situation and examine the civil rights and other implications of this legislation. reporter: in fact, as you know right now the president engaged in a big battle over wall street reform the white house believes they will win the next couple of weeks on. then turn to a big issue likes climate change."
https://archive.org/details/CNN_20100425_150000_Reliable_Sources#start/3113/end/3148,4/25/2010 15:52:08,CNN,Reliable Sources,CNN_20100425_150000_Reliable_Sources,https://archive.org/download/CNN_20100425_150000_Reliable_Sources/CNN_20100425_150000_Reliable_Sources.thumbs/CNN_20100425_150000_Reliable_Sources_003112.jpg,"surface and that's immigration. it has. what is interesting to me is that the democratic leadership signalled, by the way, we decided to switch things up. instead of doing global warming and climate change as the next issue after financial reform, we're going to go to immigration."
https://archive.org/details/CNN_20100401_100000_American_Morning#start/8945/end/8980,4/1/2010 12:29:20,CNN,American Morning,CNN_20100401_100000_American_Morning,https://archive.org/download/CNN_20100401_100000_American_Morning/CNN_20100401_100000_American_Morning.thumbs/CNN_20100401_100000_American_Morning_008940.jpg,"make his case for climate change. you will remember that his e-mails were leaked late last year giving global warming sceptics a slew of ammunition to make their case. our mary snow has been following this story for us. this came to a head right before"
https://archive.org/details/CNN_20100426_050000_CNN_Newsroom#start/1256/end/1291,4/26/2010 5:21:11,CNN,CNN Newsroom,CNN_20100426_050000_CNN_Newsroom,https://archive.org/download/CNN_20100426_050000_CNN_Newsroom/CNN_20100426_050000_CNN_Newsroom.thumbs/CNN_20100426_050000_CNN_Newsroom_001255.jpg,"climate change or global warming? because, trudie, you say you have been in the fight for years. well, i addressed the u.n. general assembly five days before they went to copenhagen and there was a great feeling from the representatives of the u.n. that something was going to"
https://archive.org/details/CNN_20100401_130000_CNN_Newsroom#start/6819/end/6854,4/1/2010 14:53:54,CNN,CNN Newsroom,CNN_20100401_130000_CNN_Newsroom,https://archive.org/download/CNN_20100401_130000_CNN_Newsroom/CNN_20100401_130000_CNN_Newsroom.thumbs/CNN_20100401_130000_CNN_Newsroom_006799.jpg,"by 1000 bucks. with better gas mileage, drivers could get the extra money back within three years. britain, remember the controversy from the global"
https://archive.org/details/CNN_20100401_100000_American_Morning#start/8990/end/9025,4/1/2010 12:30:05,CNN,American Morning,CNN_20100401_100000_American_Morning,https://archive.org/download/CNN_20100401_100000_American_Morning/CNN_20100401_100000_American_Morning.thumbs/CNN_20100401_100000_American_Morning_008970.jpg,"investigation and cleared jones of hiding or manipulating data. they concluded we have found no reason in this unfortunate episode to challenge the scientific consensus that global"
https://archive.org/details/CNN_20100401_020000_Anderson_Cooper_360#start/3307/end/3342,4/1/2010 2:55:22,CNN,Anderson Cooper 360,CNN_20100401_020000_Anderson_Cooper_360,https://archive.org/download/CNN_20100401_020000_Anderson_Cooper_360/CNN_20100401_020000_Anderson_Cooper_360.thumbs/CNN_20100401_020000_Anderson_Cooper_360_003293.jpg,"his personal issues. he moved out of the home after four women said they had affairs with james. and climate gate, scientists accused of tampering with global"
https://archive.org/details/CNN_20100423_210000_The_Situation_Room_With_Wolf_Blitzer#start/4671/end/4706,4/23/2010 22:18:06,CNN,The Situation Room With Wolf Blitzer,CNN_20100423_210000_The_Situation_Room_With_Wolf_Blitzer,https://archive.org/download/CNN_20100423_210000_The_Situation_Room_With_Wolf_Blitzer/CNN_20100423_210000_The_Situation_Room_With_Wolf_Blitzer.thumbs/CNN_20100423_210000_The_Situation_Room_With_Wolf_Blitzer_004670.jpg,"suzanne, they'll be monitoring it very closely. oil spills, plules, greenhouse gases, what effect are we having on the earth? anderson cooper and dr. sanjay gupta investigate on 'planet in peril' this saturday night at"
https://archive.org/details/CNN_20100426_230000_John_King_USA#start/1715/end/1750,4/26/2010 23:28:50,CNN,John King USA,CNN_20100426_230000_John_King_USA,https://archive.org/download/CNN_20100426_230000_John_King_USA/CNN_20100426_230000_John_King_USA.thumbs/CNN_20100426_230000_John_King_USA_001704.jpg,"did reid make that promise to move to climate change after financial reform? when we met with harry reid, he said that he would take up the energy climate change bill as soon as we were ready."
https://archive.org/details/CNN_20100423_130000_CNN_Newsroom#start/3509/end/3544,4/23/2010 13:58:44,CNN,CNN Newsroom,CNN_20100423_130000_CNN_Newsroom,https://archive.org/download/CNN_20100423_130000_CNN_Newsroom/CNN_20100423_130000_CNN_Newsroom.thumbs/CNN_20100423_130000_CNN_Newsroom_003503.jpg,"actually the milk production. the cows themselves and their burps. cows release methane which is a very potent greenhouse gas. a lot of people think when they hear gas from cows that is"
https://archive.org/details/CNN_20100412_100000_American_Morning#start/5829/end/5864,4/12/2010 11:37:24,CNN,American Morning,CNN_20100412_100000_American_Morning,https://archive.org/download/CNN_20100412_100000_American_Morning/CNN_20100412_100000_American_Morning.thumbs/CNN_20100412_100000_American_Morning_005810.jpg,"and that's something i think a lot of americans aren't prepared to hear. we shouldn't be thinking in terms of centuries. things are moving much too quickly, political institutions are still relatively mature. we have things on horizon, nuclear proliferation, climate"
https://archive.org/details/CNN_20100401_100000_American_Morning#start/4518/end/4553,4/1/2010 11:15:33,CNN,American Morning,CNN_20100401_100000_American_Morning,https://archive.org/download/CNN_20100401_100000_American_Morning/CNN_20100401_100000_American_Morning.thumbs/CNN_20100401_100000_American_Morning_004380.jpg,"whoa! oh my. [ male announcer ] quattron from sharp. you have to see it, to see it. [ engineer laughs ]. got some new developments to tell you about this morning, involving a scientist who is accused of cooking the books to make this case for climate"
https://archive.org/details/CNN_20100411_230000_CNN_Newsroom#start/642/end/677,4/11/2010 23:10:57,CNN,CNN Newsroom,CNN_20100411_230000_CNN_Newsroom,https://archive.org/download/CNN_20100411_230000_CNN_Newsroom/CNN_20100411_230000_CNN_Newsroom.thumbs/CNN_20100411_230000_CNN_Newsroom_000566.jpg,"because this technology could be used. to reduce greenhouse gas emissions significantly. keller graduate school of management, you'll have a professor with you every step of the way. whether you take classes on campus, online, or both,"
https://archive.org/details/CNN_20100428_210000_The_Situation_Room_With_Wolf_Blitzer#start/5099/end/5134,4/28/2010 22:25:14,CNN,The Situation Room With Wolf Blitzer,CNN_20100428_210000_The_Situation_Room_With_Wolf_Blitzer,https://archive.org/download/CNN_20100428_210000_The_Situation_Room_With_Wolf_Blitzer/CNN_20100428_210000_The_Situation_Room_With_Wolf_Blitzer.thumbs/CNN_20100428_210000_The_Situation_Room_With_Wolf_Blitzer_005040.jpg,"to build a plant that will demonstrate this process. i'm very optimistic about it. because this technology could be used. to reduce greenhouse gas emissions significantly. [ male announcer ] designed to function the way you function. the lexus rx."
https://archive.org/details/CNN_20100422_020000_Anderson_Cooper_360#start/5568/end/5603,4/22/2010 3:33:03,CNN,Anderson Cooper 360,CNN_20100422_020000_Anderson_Cooper_360,https://archive.org/download/CNN_20100422_020000_Anderson_Cooper_360/CNN_20100422_020000_Anderson_Cooper_360.thumbs/CNN_20100422_020000_Anderson_Cooper_360_005450.jpg,"i'm very optimistic about it. because this technology could be used. to reduce greenhouse gas emissions significantly. still ahead, who killed a popular middle schoolteacher? was it one of his students? more in 'crime and punishment'"
https://archive.org/details/CNN_20100424_200000_CNN_Newsroom#start/2391/end/2426,4/24/2010 20:40:06,CNN,CNN Newsroom,CNN_20100424_200000_CNN_Newsroom,https://archive.org/download/CNN_20100424_200000_CNN_Newsroom/CNN_20100424_200000_CNN_Newsroom.thumbs/CNN_20100424_200000_CNN_Newsroom_002363.jpg,"privately, the white house has been warned by senator graham he was going to bolt these climate change talks. now this spat spilled out into the public. this top white house aide said this president is still going to push forward on both climate change and immigration reform and harry reid in fact put out a"
https://archive.org/details/CNN_20100427_170000_CNN_Newsroom#start/5052/end/5087,4/27/2010 18:24:27,CNN,CNN Newsroom,CNN_20100427_170000_CNN_Newsroom,https://archive.org/download/CNN_20100427_170000_CNN_Newsroom/CNN_20100427_170000_CNN_Newsroom.thumbs/CNN_20100427_170000_CNN_Newsroom_005031.jpg,"get done and theoretically it's doing it in protest. right. he's got some legitimate facts on the point that immigration has vaulted up. it's a controversial issue. yep. hard to deal with, and once you put that on plate, getting energy reform, which is also tough, dealing with climate"
https://archive.org/details/CNN_20100419_210000_The_Situation_Room_With_Wolf_Blitzer#start/2565/end/2600,4/19/2010 21:43:00,CNN,The Situation Room With Wolf Blitzer,CNN_20100419_210000_The_Situation_Room_With_Wolf_Blitzer,https://archive.org/download/CNN_20100419_210000_The_Situation_Room_With_Wolf_Blitzer/CNN_20100419_210000_The_Situation_Room_With_Wolf_Blitzer.thumbs/CNN_20100419_210000_The_Situation_Room_With_Wolf_Blitzer_002543.jpg,"to build a plant that will demonstrate this process. i'm very optimistic about it. because this technology could be used. to reduce greenhouse gas emissions significantly. on this 15th anniversary of the oklahoma city bombing, how much trust do americans have in"
https://archive.org/details/CNN_20100426_230000_John_King_USA#start/956/end/991,4/26/2010 23:16:11,CNN,John King USA,CNN_20100426_230000_John_King_USA,https://archive.org/download/CNN_20100426_230000_John_King_USA/CNN_20100426_230000_John_King_USA.thumbs/CNN_20100426_230000_John_King_USA_000955.jpg,"immigration, that there's no policy that will make any sense or make any difference if we can't control our borders. we've got thousands of mexicans being killed on the border because the federal government will not do its job to control our border and secure our country. but do you want to do climate"
https://archive.org/details/CNN_20100408_130000_CNN_Newsroom#start/831/end/866,4/8/2010 13:14:06,CNN,CNN Newsroom,CNN_20100408_130000_CNN_Newsroom,https://archive.org/download/CNN_20100408_130000_CNN_Newsroom/CNN_20100408_130000_CNN_Newsroom.thumbs/CNN_20100408_130000_CNN_Newsroom_000805.jpg,"to reduce greenhouse gas emissions significantly. i have missed you. pollen in the air kept hunter cooped up itching his eyes and sneezing. but now i found zyrtec®. it's #1 allergist recommended. with children's zyrtec® he can get 24-hour allergy relief"
https://archive.org/details/CNN_20100426_210000_The_Situation_Room_With_Wolf_Blitzer#start/2537/end/2572,4/26/2010 21:42:32,CNN,The Situation Room With Wolf Blitzer,CNN_20100426_210000_The_Situation_Room_With_Wolf_Blitzer,https://archive.org/download/CNN_20100426_210000_The_Situation_Room_With_Wolf_Blitzer/CNN_20100426_210000_The_Situation_Room_With_Wolf_Blitzer.thumbs/CNN_20100426_210000_The_Situation_Room_With_Wolf_Blitzer_002513.jpg,"to build a plant that will demonstrate this process. i'm very optimistic about it. because this technology could be used. to reduce greenhouse gas emissions significantly. very worried at the white house about the mid-term congressional elections. the president trying to pump up,"
https://archive.org/details/CNN_20100429_170000_CNN_Newsroom#start/1100/end/1135,4/29/2010 17:18:35,CNN,CNN Newsroom,CNN_20100429_170000_CNN_Newsroom,https://archive.org/download/CNN_20100429_170000_CNN_Newsroom/CNN_20100429_170000_CNN_Newsroom.thumbs/CNN_20100429_170000_CNN_Newsroom_000990.jpg,"where it won't get into the atmosphere. exxonmobil is spending more than 100 million dollars. to build a plant that will demonstrate this process. i'm very optimistic about it. because this technology could be used. to reduce greenhouse gas emissions significantly. okay, blackberries, google,"
https://archive.org/details/CNN_20100401_100000_American_Morning#start/4579/end/4614,4/1/2010 11:16:34,CNN,American Morning,CNN_20100401_100000_American_Morning,https://archive.org/download/CNN_20100401_100000_American_Morning/CNN_20100401_100000_American_Morning.thumbs/CNN_20100401_100000_American_Morning_004560.jpg,"cleared jones of hiding or manipulating data. it concludes 'we have found no reason in the unfortunate episode to challenge the scientific consensus that global warming has been is happening"
https://archive.org/details/CNN_20100412_210000_The_Situation_Room_With_Wolf_Blitzer#start/2245/end/2280,4/12/2010 21:37:40,CNN,The Situation Room With Wolf Blitzer,CNN_20100412_210000_The_Situation_Room_With_Wolf_Blitzer,https://archive.org/download/CNN_20100412_210000_The_Situation_Room_With_Wolf_Blitzer/CNN_20100412_210000_The_Situation_Room_With_Wolf_Blitzer.thumbs/CNN_20100412_210000_The_Situation_Room_With_Wolf_Blitzer_002130.jpg,"to build a plant that will demonstrate this process. i'm very optimistic about it. because this technology could be used. to reduce greenhouse gas emissions significantly. to finish what you started today. for the aches and sleeplessness in between, there's new motrin pm. no other medicine, not even advil pm,"
https://archive.org/details/CNN_20100423_130000_CNN_Newsroom#start/3556/end/3591,4/23/2010 13:59:31,CNN,CNN Newsroom,CNN_20100423_130000_CNN_Newsroom,https://archive.org/download/CNN_20100423_130000_CNN_Newsroom/CNN_20100423_130000_CNN_Newsroom.thumbs/CNN_20100423_130000_CNN_Newsroom_003533.jpg,"i want to do my share. this is part of the reason why we farm in a sustainable manner and this just makes it better. the benefits are not only for the greenhouse gas emission, but it's for the animals' health and the human health as well as the"
https://archive.org/details/CNN_20100401_100000_American_Morning#start/4534/end/4569,4/1/2010 11:15:49,CNN,American Morning,CNN_20100401_100000_American_Morning,https://archive.org/download/CNN_20100401_100000_American_Morning/CNN_20100401_100000_American_Morning.thumbs/CNN_20100401_100000_American_Morning_004530.jpg,"change. you'll remember phil jones' e-mails were leaked last year, giving global warming skeptics a whole slew of ammunition. mary snow has been following the story because there's an investigation. she's here with us."
https://archive.org/details/CNN_20100401_100000_American_Morning#start/3666/end/3701,4/1/2010 11:01:21,CNN,American Morning,CNN_20100401_100000_American_Morning,https://archive.org/download/CNN_20100401_100000_American_Morning/CNN_20100401_100000_American_Morning.thumbs/CNN_20100401_100000_American_Morning_003660.jpg,"our alina cho tracks him down. our live report today. and critics suggesting that global warming was cooked up by climate researchers. were the fact really distorted? we'll tell what you investigators found straight"
https://archive.org/details/CNN_20100414_170000_CNN_Newsroom#start/5359/end/5394,4/14/2010 18:29:34,CNN,CNN Newsroom,CNN_20100414_170000_CNN_Newsroom,https://archive.org/download/CNN_20100414_170000_CNN_Newsroom/CNN_20100414_170000_CNN_Newsroom.thumbs/CNN_20100414_170000_CNN_Newsroom_005328.jpg,"plus, if you get any splashing, you could lose the dam. it's not common, a glacier on top of a mountain, that leads to a river that leads into a town. with global warming. thank you, chad."
https://archive.org/details/CNN_20100422_230000_John_King_USA#start/3543/end/3578,4/22/2010 23:59:18,CNN,John King USA,CNN_20100422_230000_John_King_USA,https://archive.org/download/CNN_20100422_230000_John_King_USA/CNN_20100422_230000_John_King_USA.thumbs/CNN_20100422_230000_John_King_USA_003531.jpg,"bought our first recycling containers. bought the first container in 2010? two weeks ago. trying to be honest. are you concerned in brazil about global warming? oh, we are very worried. the whole country? any controversy?"
https://archive.org/details/CNN_20100401_020000_Anderson_Cooper_360#start/3056/end/3091,4/1/2010 2:51:11,CNN,Anderson Cooper 360,CNN_20100401_020000_Anderson_Cooper_360,https://archive.org/download/CNN_20100401_020000_Anderson_Cooper_360/CNN_20100401_020000_Anderson_Cooper_360.thumbs/CNN_20100401_020000_Anderson_Cooper_360_003053.jpg,"new development behind the controversy over global warming and involves the scientistses who leaked e-mails triggered the uproar. later, the shock, declawing the claw game. we've all played this annoying game but how do you master it"
https://archive.org/details/CNN_20100414_000000_Campbell_Brown#start/2768/end/2803,4/14/2010 0:46:23,CNN,Campbell Brown,CNN_20100414_000000_Campbell_Brown,https://archive.org/download/CNN_20100414_000000_Campbell_Brown/CNN_20100414_000000_Campbell_Brown.thumbs/CNN_20100414_000000_Campbell_Brown_002754.jpg,"like global warming and drugs and the environment, and they're also engaging more at the community level, which is a passion of herself. so it's a perfect fit as an outgrowth of what she has been doing. but it also supports his larger"
https://archive.org/details/CNN_20100414_100000_American_Morning#start/7746/end/7781,4/14/2010 12:09:21,CNN,American Morning,CNN_20100414_100000_American_Morning,https://archive.org/download/CNN_20100414_100000_American_Morning/CNN_20100414_100000_American_Morning.thumbs/CNN_20100414_100000_American_Morning_007710.jpg,"i'm very optimistic about it. because this technology could be used. to reduce greenhouse gas emissions significantly. i'm george duran and i'm on the hunt's crash kitchen tour. today we're cooking, the men are washing. nice! ah! these tomatoes, they're bye bye. hunt's flash steams their tomatoes and that keeps in that backyard garden fresh taste."
https://archive.org/details/CNN_20100415_020000_Anderson_Cooper_360#start/5119/end/5154,4/15/2010 3:25:34,CNN,Anderson Cooper 360,CNN_20100415_020000_Anderson_Cooper_360,https://archive.org/download/CNN_20100415_020000_Anderson_Cooper_360/CNN_20100415_020000_Anderson_Cooper_360.thumbs/CNN_20100415_020000_Anderson_Cooper_360_005100.jpg,"michelle obama visited schools in mexico and talked about everything from poverty to climate change and sat down with the wife of carlos lopez and"
https://archive.org/details/CNN_20100401_050000_Anderson_Cooper_360#start/3332/end/3367,4/1/2010 5:55:47,CNN,Anderson Cooper 360,CNN_20100401_050000_Anderson_Cooper_360,https://archive.org/download/CNN_20100401_050000_Anderson_Cooper_360/CNN_20100401_050000_Anderson_Cooper_360.thumbs/CNN_20100401_050000_Anderson_Cooper_360_003323.jpg,"heighten the threat of global warming is cleared of all wrongdoing but all research is to be made public. cheated out of a fortune, what one colorado woman says after winning more than $42 million on a penny slot machine, or so she thought."
https://archive.org/details/CNN_20100420_170000_CNN_Newsroom#start/6081/end/6116,4/20/2010 18:41:36,CNN,CNN Newsroom,CNN_20100420_170000_CNN_Newsroom,https://archive.org/download/CNN_20100420_170000_CNN_Newsroom/CNN_20100420_170000_CNN_Newsroom.thumbs/CNN_20100420_170000_CNN_Newsroom_006079.jpg,"tough on china there, whether it's them importing to us, buying it then buying up our debt or whether it's how china and india handle global warming, ali, i was surprised to hear he was that critical of the way that they do business."
https://archive.org/details/CNN_20100426_210000_The_Situation_Room_With_Wolf_Blitzer#start/5204/end/5239,4/26/2010 22:26:59,CNN,The Situation Room With Wolf Blitzer,CNN_20100426_210000_The_Situation_Room_With_Wolf_Blitzer,https://archive.org/download/CNN_20100426_210000_The_Situation_Room_With_Wolf_Blitzer/CNN_20100426_210000_The_Situation_Room_With_Wolf_Blitzer.thumbs/CNN_20100426_210000_The_Situation_Room_With_Wolf_Blitzer_005181.jpg,"new immigration law. and angry at democrats. does that put climate change legislation in peril? plus, astro physicist steven hawking says aliens are out there. a second chance."
https://archive.org/details/CNN_20100415_020000_Anderson_Cooper_360#start/1583/end/1618,4/15/2010 2:26:38,CNN,Anderson Cooper 360,CNN_20100415_020000_Anderson_Cooper_360,https://archive.org/download/CNN_20100415_020000_Anderson_Cooper_360/CNN_20100415_020000_Anderson_Cooper_360.thumbs/CNN_20100415_020000_Anderson_Cooper_360_001560.jpg,"michelle obama visited schools in mexico and talked about everything from poverty toy kilomet climate change and told about the strict rules the president's daughters mu follow when it"
https://archive.org/details/CNN_20100426_000000_State_of_the_Union#start/31/end/66,4/26/2010 0:00:46,CNN,State of the Union,CNN_20100426_000000_State_of_the_Union,https://archive.org/download/CNN_20100426_000000_State_of_the_Union/CNN_20100426_000000_State_of_the_Union.thumbs/CNN_20100426_000000_State_of_the_Union_000026.jpg,"sound a lot like november, it should did this week as a senate has a test vote, democrats have a change-up scheduling climate change would be set aside for"
https://archive.org/details/CNN_20100425_030000_Campbell_Brown#start/2448/end/2483,4/25/2010 3:41:03,CNN,Campbell Brown,CNN_20100425_030000_Campbell_Brown,https://archive.org/download/CNN_20100425_030000_Campbell_Brown/CNN_20100425_030000_Campbell_Brown.thumbs/CNN_20100425_030000_Campbell_Brown_002364.jpg,"the list of threats to our planet are almost too many to count, species lost, habitat destructi destruction, climate change. there are surfing stories like in rwanda where the gorillas are"
https://archive.org/details/CNN_20100423_100000_American_Morning#start/10297/end/10332,4/23/2010 12:51:52,CNN,American Morning,CNN_20100423_100000_American_Morning,https://archive.org/download/CNN_20100423_100000_American_Morning/CNN_20100423_100000_American_Morning.thumbs/CNN_20100423_100000_American_Morning_010276.jpg,"north pole. he is going to try to do three polls in 365 days. north pole, south poll and mt. everest to bring awareness to climate change and its affects on extreme environment."
https://archive.org/details/CNN_20100414_130000_CNN_Newsroom#start/2787/end/2822,4/14/2010 13:46:42,CNN,CNN Newsroom,CNN_20100414_130000_CNN_Newsroom,https://archive.org/download/CNN_20100414_130000_CNN_Newsroom/CNN_20100414_130000_CNN_Newsroom.thumbs/CNN_20100414_130000_CNN_Newsroom_002689.jpg,"changed everything. suddenly, the stairs, the counters, the bathroom, all of it a problem. thank goodness for good people. so you don't believe in climate change? then you may not believe that a"
https://archive.org/details/CNN_20100411_150000_Reliable_Sources#start/2714/end/2749,4/11/2010 15:45:29,CNN,Reliable Sources,CNN_20100411_150000_Reliable_Sources,https://archive.org/download/CNN_20100411_150000_Reliable_Sources/CNN_20100411_150000_Reliable_Sources.thumbs/CNN_20100411_150000_Reliable_Sources_002694.jpg,"yes, they go into reality television. you're right, they have chosen some innocuous-type messages. people might argue about climate change, but no one is going to argue about, you know, tina fey"
https://archive.org/details/CNN_20100426_020000_CNN_Newsroom#start/1338/end/1373,4/26/2010 2:22:33,CNN,CNN Newsroom,CNN_20100426_020000_CNN_Newsroom,https://archive.org/download/CNN_20100426_020000_CNN_Newsroom/CNN_20100426_020000_CNN_Newsroom.thumbs/CNN_20100426_020000_CNN_Newsroom_001314.jpg,"tells everybody, hey, it's fine! nothing's wrong. he's crazy. but i can't imagine a more serious problem than climate change, frankly. i was going to say that we can't -- because we've been part"
https://archive.org/details/CNN_20100424_150000_CNN_Newsroom#start/1111/end/1146,4/24/2010 15:18:46,CNN,CNN Newsroom,CNN_20100424_150000_CNN_Newsroom,https://archive.org/download/CNN_20100424_150000_CNN_Newsroom/CNN_20100424_150000_CNN_Newsroom.thumbs/CNN_20100424_150000_CNN_Newsroom_001105.jpg,"go. reporter: we thought our factory would the biggest part to climate change. lo and behold it was actually the milk production. the cows themselves and their burps. cows release methane, a potent"
https://archive.org/details/CNN_20100408_170000_CNN_Newsroom#start/2290/end/2325,4/8/2010 17:38:25,CNN,CNN Newsroom,CNN_20100408_170000_CNN_Newsroom,https://archive.org/download/CNN_20100408_170000_CNN_Newsroom/CNN_20100408_170000_CNN_Newsroom.thumbs/CNN_20100408_170000_CNN_Newsroom_002272.jpg,"volcker calling for a new tax of value added tax and also a carbon tax to be able to pay for all of these entitlements. the value added tax in europe adds about a 20% sales tax on to items. that's something that the"
https://archive.org/details/CNN_20100427_000000_Campbell_Brown#start/1178/end/1213,4/27/2010 0:19:53,CNN,Campbell Brown,CNN_20100427_000000_Campbell_Brown,https://archive.org/download/CNN_20100427_000000_Campbell_Brown/CNN_20100427_000000_Campbell_Brown.thumbs/CNN_20100427_000000_Campbell_Brown_001164.jpg,"this cost key support on a climate change bill. that is only some of what is brewing in the nation's capital. here to hash this all out is cnn political contributor hillary rosen, mark halpern."
https://archive.org/details/CNN_20100426_000000_State_of_the_Union#start/173/end/208,4/26/2010 0:03:08,CNN,State of the Union,CNN_20100426_000000_State_of_the_Union,https://archive.org/download/CNN_20100426_000000_State_of_the_Union/CNN_20100426_000000_State_of_the_Union.thumbs/CNN_20100426_000000_State_of_the_Union_000176.jpg,"including climate change. graham was supposed to be at a bipartisan news conferences tomorrow to talk about the proposal. he's not going now. he's furious. moving forward on immigration in this hurry panic manner is"
https://archive.org/details/CNN_20100426_000000_State_of_the_Union#start/238/end/273,4/26/2010 0:04:13,CNN,State of the Union,CNN_20100426_000000_State_of_the_Union,https://archive.org/download/CNN_20100426_000000_State_of_the_Union/CNN_20100426_000000_State_of_the_Union.thumbs/CNN_20100426_000000_State_of_the_Union_000236.jpg,"more work had been done on climate change than on immigration. which ever is going to come up will likely come up after we get to wall street reform important to this country and to"
https://archive.org/details/CNN_20100415_050000_Anderson_Cooper_360#start/1579/end/1614,4/15/2010 5:26:34,CNN,Anderson Cooper 360,CNN_20100415_050000_Anderson_Cooper_360,https://archive.org/download/CNN_20100415_050000_Anderson_Cooper_360/CNN_20100415_050000_Anderson_Cooper_360.thumbs/CNN_20100415_050000_Anderson_Cooper_360_001560.jpg,"to climate change. she also sat down with a reporter and told him about the strict rules the daughters have to follow when it comes to technology. we try to establish a set of"
https://archive.org/details/CNN_20100426_100000_American_Morning#start/9399/end/9434,4/26/2010 12:36:54,CNN,American Morning,CNN_20100426_100000_American_Morning,https://archive.org/download/CNN_20100426_100000_American_Morning/CNN_20100426_100000_American_Morning.thumbs/CNN_20100426_100000_American_Morning_009376.jpg,"schedule upside down to move climate change to the back of the line, move immigration to the front. is that to generate support in nevada where there are a lot of his responsible hispanic voters."
https://archive.org/details/CNN_20100423_230000_John_King_USA#start/1448/end/1483,4/23/2010 23:24:23,CNN,John King USA,CNN_20100423_230000_John_King_USA,https://archive.org/download/CNN_20100423_230000_John_King_USA/CNN_20100423_230000_John_King_USA.thumbs/CNN_20100423_230000_John_King_USA_001434.jpg,"house of representatives where the democrats have a huge majority pass the bill, put pressure on the senate? you heard nancy pelosi say that she's absolutely fine with putting immigration before climate change and she said that"
https://archive.org/details/CNN_20100426_210000_The_Situation_Room_With_Wolf_Blitzer#start/894/end/929,4/26/2010 21:15:09,CNN,The Situation Room With Wolf Blitzer,CNN_20100426_210000_The_Situation_Room_With_Wolf_Blitzer,https://archive.org/download/CNN_20100426_210000_The_Situation_Room_With_Wolf_Blitzer/CNN_20100426_210000_The_Situation_Room_With_Wolf_Blitzer.thumbs/CNN_20100426_210000_The_Situation_Room_With_Wolf_Blitzer_000895.jpg,"right now. has the controversy plays o, immigration reform left a major climate change bill in limbo now. this was supposed to be the day three top u.s. senators introduced the environmental legislation, but republican senator lindsey graham dropped"
https://archive.org/details/CNN_20100426_210000_The_Situation_Room_With_Wolf_Blitzer#start/909/end/944,4/26/2010 21:15:24,CNN,The Situation Room With Wolf Blitzer,CNN_20100426_210000_The_Situation_Room_With_Wolf_Blitzer,https://archive.org/download/CNN_20100426_210000_The_Situation_Room_With_Wolf_Blitzer/CNN_20100426_210000_The_Situation_Room_With_Wolf_Blitzer.thumbs/CNN_20100426_210000_The_Situation_Room_With_Wolf_Blitzer_000895.jpg,"out of the talks with democrat john kerry and independent joe lieberman this weekend. graham complained about the democrats' plan to debate immigration reform before climate change. our senior political analyst gloria bourger is here with more"
https://archive.org/details/CNN_20100418_210000_Amanpour#start/3151/end/3186,4/18/2010 21:52:46,CNN,Amanpour,CNN_20100418_210000_Amanpour,https://archive.org/download/CNN_20100418_210000_Amanpour/CNN_20100418_210000_Amanpour.thumbs/CNN_20100418_210000_Amanpour_003150.jpg,"and i hope we are going to do all the work that is required between now and december to go to mexico, determined to make a real progress, because climate change is an all-encompassing threat, threat to livelihood,"
https://archive.org/details/CNN_20100401_100000_American_Morning#start/8977/end/9012,4/1/2010 12:29:52,CNN,American Morning,CNN_20100401_100000_American_Morning,https://archive.org/download/CNN_20100401_100000_American_Morning/CNN_20100401_100000_American_Morning.thumbs/CNN_20100401_100000_American_Morning_008970.jpg,"fire whens his e-mails about climate change were hacked and posted on the internet. critics saw them as a smoking gun accusing scientists of trying to exaggerate the threat of global warning. a government panel has done an"
https://archive.org/details/CNN_20100425_130000_State_of_the_Union#start/31/end/66,4/25/2010 13:00:46,CNN,State of the Union,CNN_20100425_130000_State_of_the_Union,https://archive.org/download/CNN_20100425_130000_State_of_the_Union/CNN_20100425_130000_State_of_the_Union.thumbs/CNN_20100425_130000_State_of_the_Union_000026.jpg,"senate moved toward a test vote on financial industry reform, democrats through a changeup, signaling that climate change, scheduled to be next would be set aside for immigration reform. pictures like these testify to the power of the issue."
https://archive.org/details/CNN_20100425_220000_CNN_Newsroom#start/3036/end/3071,4/25/2010 22:50:51,CNN,CNN Newsroom,CNN_20100425_220000_CNN_Newsroom,https://archive.org/download/CNN_20100425_220000_CNN_Newsroom/CNN_20100425_220000_CNN_Newsroom.thumbs/CNN_20100425_220000_CNN_Newsroom_003022.jpg,"cnn. join me then. i'll give you a sneak preview. we talked climate change and a also got a little of sting unplugged.  it may seem a million miles away   but it gets a little closer every day"
https://archive.org/details/CNN_20100426_230000_John_King_USA#start/1683/end/1718,4/26/2010 23:28:18,CNN,John King USA,CNN_20100426_230000_John_King_USA,https://archive.org/download/CNN_20100426_230000_John_King_USA/CNN_20100426_230000_John_King_USA.thumbs/CNN_20100426_230000_John_King_USA_001673.jpg,"technically he sides with senate democrats but he's been quietly working with both parties on climate change issues. senator joe lieberman is here to go one on one. what happened? lindsey graham, your republican partner on this energy and"
https://archive.org/details/CNN_20100425_100000_CNN_Newsroom#start/4523/end/4558,4/25/2010 11:15:38,CNN,CNN Newsroom,CNN_20100425_100000_CNN_Newsroom,https://archive.org/download/CNN_20100425_100000_CNN_Newsroom/CNN_20100425_100000_CNN_Newsroom.thumbs/CNN_20100425_100000_CNN_Newsroom_004521.jpg,"climate change. james cameron and reverend jesse jackson going to be there. sting scheduled to play there. last night congress post phoned the release of a new climate bill indefinitely. [ male announcer ] a bath becomes even more pleasurable"
https://archive.org/details/CNN_20100426_030000_State_of_the_Union#start/31/end/66,4/26/2010 3:00:46,CNN,State of the Union,CNN_20100426_030000_State_of_the_Union,https://archive.org/download/CNN_20100426_030000_State_of_the_Union/CNN_20100426_030000_State_of_the_Union.thumbs/CNN_20100426_030000_State_of_the_Union_000026.jpg,"democrats threw a change-up, signaling that climate change scheduled to be next on the legislative agenda, would be set aside for immigration reform. pictures like these testify to the power of the issue. protesters took to the streets"
https://archive.org/details/CNN_20100425_230000_CNN_Newsroom#start/2841/end/2876,4/25/2010 23:47:36,CNN,CNN Newsroom,CNN_20100425_230000_CNN_Newsroom,https://archive.org/download/CNN_20100425_230000_CNN_Newsroom/CNN_20100425_230000_CNN_Newsroom.thumbs/CNN_20100425_230000_CNN_Newsroom_002842.jpg,"was prepared to say, not one government leader was prepared to say we are really going to do something about climate change. we're going to cut our carbon emissions by 'x.' nobody came forward and that was just a terrific, terrible waste"
https://archive.org/details/CNN_20100425_190000_Your_Money#start/1111/end/1146,4/25/2010 19:18:46,CNN,Your Money,CNN_20100425_190000_Your_Money,https://archive.org/download/CNN_20100425_190000_Your_Money/CNN_20100425_190000_Your_Money.thumbs/CNN_20100425_190000_Your_Money_001104.jpg,"circumstances really embraced this president, particularly because of his approach on climate change and what many in the coal mining community believe to be a threat to their livelyhood. so how is he being received? reporter: you're absolutely totally on point, fred."
https://archive.org/details/CNN_20100425_220000_CNN_Newsroom#start/3004/end/3039,4/25/2010 22:50:19,CNN,CNN Newsroom,CNN_20100425_220000_CNN_Newsroom,https://archive.org/download/CNN_20100425_220000_CNN_Newsroom/CNN_20100425_220000_CNN_Newsroom.thumbs/CNN_20100425_220000_CNN_Newsroom_002993.jpg,"if they cave to the oil companies, if they cave to the coal industry, we might as well not do anything at all. apparently the administration felt that health care was more important than climate change. we have now cleared the table o"
https://archive.org/details/CNN_20100426_230000_John_King_USA#start/925/end/960,4/26/2010 23:15:40,CNN,John King USA,CNN_20100426_230000_John_King_USA,https://archive.org/download/CNN_20100426_230000_John_King_USA/CNN_20100426_230000_John_King_USA.thumbs/CNN_20100426_230000_John_King_USA_000924.jpg,"your colleague from south carolina linbehin lindsey graha quite a stir when he said, i want to do climate change first. he's been working on it. and senator majority leader harry reid said, no, i'm going to take up immigration reform."
https://archive.org/details/CNN_20100425_160000_State_of_the_Union#start/30/end/65,4/25/2010 16:00:45,CNN,State of the Union,CNN_20100425_160000_State_of_the_Union,https://archive.org/download/CNN_20100425_160000_State_of_the_Union/CNN_20100425_160000_State_of_the_Union.thumbs/CNN_20100425_160000_State_of_the_Union_000025.jpg,"democrats threw a change-up, signalling that climate change, scheduled to be next on the legislative agenda, would be set aside for immigration reform. pictures like these testify to the power of the issue. protesters took to the streets in arizona when republican"
https://archive.org/details/CNN_20100425_100000_CNN_Newsroom#start/2427/end/2462,4/25/2010 10:40:42,CNN,CNN Newsroom,CNN_20100425_100000_CNN_Newsroom,https://archive.org/download/CNN_20100425_100000_CNN_Newsroom/CNN_20100425_100000_CNN_Newsroom.thumbs/CNN_20100425_100000_CNN_Newsroom_002424.jpg,"and yuma friday after receiving death threats. a few hours from now thousands gathering at the national mall in washington to rally for climate change. the film director james cameron and reverend jesse jackson going to be there. sting will be performing."
https://archive.org/details/CNN_20100426_210000_The_Situation_Room_With_Wolf_Blitzer#start/939/end/974,4/26/2010 21:15:54,CNN,The Situation Room With Wolf Blitzer,CNN_20100426_210000_The_Situation_Room_With_Wolf_Blitzer,https://archive.org/download/CNN_20100426_210000_The_Situation_Room_With_Wolf_Blitzer/CNN_20100426_210000_The_Situation_Room_With_Wolf_Blitzer.thumbs/CNN_20100426_210000_The_Situation_Room_With_Wolf_Blitzer_000926.jpg,"all began getting indication from harry reid's office it was his 'preference' to move with immigration reform before climate change, and don't have to be a rocket scientist. you don't have to be a political journalist to understand why this is happening."
https://archive.org/details/CNN_20100426_210000_The_Situation_Room_With_Wolf_Blitzer#start/5942/end/5977,4/26/2010 22:39:17,CNN,The Situation Room With Wolf Blitzer,CNN_20100426_210000_The_Situation_Room_With_Wolf_Blitzer,https://archive.org/download/CNN_20100426_210000_The_Situation_Room_With_Wolf_Blitzer/CNN_20100426_210000_The_Situation_Room_With_Wolf_Blitzer.thumbs/CNN_20100426_210000_The_Situation_Room_With_Wolf_Blitzer_005929.jpg,"significant. thanks very much. thank you. senate democrats lose their only republican ally at a climate change bill. why? what happened, and what's about to happen? cnn's john king is standing by. plus, the alien threat from beyond our worth."
https://archive.org/details/CNN_20100418_180000_Amanpour#start/3176/end/3211,4/18/2010 18:53:11,CNN,Amanpour,CNN_20100418_180000_Amanpour,https://archive.org/download/CNN_20100418_180000_Amanpour/CNN_20100418_180000_Amanpour.thumbs/CNN_20100418_180000_Amanpour_003150.jpg,"mexico. and i hope we are going to do all the work that is required between now and december to go to mexico determined to make real progress because climate change is an all-encompassing threat. threat, livelihood, threat to"
https://archive.org/details/CNN_20100401_100000_American_Morning#start/8961/end/8996,4/1/2010 12:29:36,CNN,American Morning,CNN_20100401_100000_American_Morning,https://archive.org/download/CNN_20100401_100000_American_Morning/CNN_20100401_100000_American_Morning.thumbs/CNN_20100401_100000_American_Morning_008940.jpg,"the united nations conference on climate change in copenhagen. and cast such a shadow. critics said this was evidence of a responsible spearcy. this investigation focused on phil jones, a scientist in the u.k. back in november, he came under"
https://archive.org/details/CNN_20100430_020000_Anderson_Cooper_360#start/5234/end/5269,4/30/2010 3:27:29,CNN,Anderson Cooper 360,CNN_20100430_020000_Anderson_Cooper_360,https://archive.org/download/CNN_20100430_020000_Anderson_Cooper_360/CNN_20100430_020000_Anderson_Cooper_360.thumbs/CNN_20100430_020000_Anderson_Cooper_360_005220.jpg,"of it? i think that's part of it. whether the white house agrees with you or not. harry reid has made the decision. now he says we can do immigration reform and we can do climate change. we can do both of them."
https://archive.org/details/CNN_20100425_130000_State_of_the_Union#start/307/end/342,4/25/2010 13:05:22,CNN,State of the Union,CNN_20100425_130000_State_of_the_Union,https://archive.org/download/CNN_20100425_130000_State_of_the_Union/CNN_20100425_130000_State_of_the_Union.thumbs/CNN_20100425_130000_State_of_the_Union_000296.jpg,"people run away with this. it is just, as simply stated, a very, very serious issue. you are on to go at it now rather than put climate change up on the docket. well, i'm not sure how you can really justify bringing"
https://archive.org/details/CNN_20100425_220000_CNN_Newsroom#start/1127/end/1162,4/25/2010 22:19:02,CNN,CNN Newsroom,CNN_20100425_220000_CNN_Newsroom,https://archive.org/download/CNN_20100425_220000_CNN_Newsroom/CNN_20100425_220000_CNN_Newsroom.thumbs/CNN_20100425_220000_CNN_Newsroom_001105.jpg,"immigration reform on the fast track, even ahead of climate change. they are going to try to get something done this summer, this fall before the republican elections. they say politics is involved. why? take a look at this exit poll."
https://archive.org/details/CNN_20100426_230000_John_King_USA#start/17/end/52,4/26/2010 23:00:32,CNN,John King USA,CNN_20100426_230000_John_King_USA,https://archive.org/download/CNN_20100426_230000_John_King_USA/CNN_20100426_230000_John_King_USA.thumbs/CNN_20100426_230000_John_King_USA_000026.jpg,"immigration debate today in arizona and also right here in the nation's capital. also what was to be a big partisan announcement about climate change canceled. guess why? more partisan politics. a big day in washington as the congress tries to protect you"
https://archive.org/details/CNN_20100426_050000_CNN_Newsroom#start/568/end/603,4/26/2010 5:09:43,CNN,CNN Newsroom,CNN_20100426_050000_CNN_Newsroom,https://archive.org/download/CNN_20100426_050000_CNN_Newsroom/CNN_20100426_050000_CNN_Newsroom.thumbs/CNN_20100426_050000_CNN_Newsroom_000565.jpg,"also, a treat for you. rock legend sting is talking climate change.  it may seem a million miles away but it gets a little closer every day. come on. that's why it's a treat. we got him to sing a little bit"
https://archive.org/details/CNN_20100426_050000_CNN_Newsroom#start/1338/end/1373,4/26/2010 5:22:33,CNN,CNN Newsroom,CNN_20100426_050000_CNN_Newsroom,https://archive.org/download/CNN_20100426_050000_CNN_Newsroom/CNN_20100426_050000_CNN_Newsroom.thumbs/CNN_20100426_050000_CNN_Newsroom_001314.jpg,"serious problem than climate change, frankly. i was going to say that we can't -- because we've been part of the rain forest foundation for two decades now, we really see that carbon emissions could be cut by up to 25% just by"
https://archive.org/details/CNN_20100425_120000_CNN_Sunday_Morning#start/1666/end/1701,4/25/2010 12:28:01,CNN,CNN Sunday Morning,CNN_20100425_120000_CNN_Sunday_Morning,https://archive.org/download/CNN_20100425_120000_CNN_Sunday_Morning/CNN_20100425_120000_CNN_Sunday_Morning.thumbs/CNN_20100425_120000_CNN_Sunday_Morning_001645.jpg,"lindsey graham, who has been working on climate change with democrats and independents, is disappointed. so are those pushing very hard for this bill. i want to make sure i have your guest rundown. you have senator menendez and an"
https://archive.org/details/CNN_20100425_100000_CNN_Newsroom#start/1223/end/1258,4/25/2010 10:20:38,CNN,CNN Newsroom,CNN_20100425_100000_CNN_Newsroom,https://archive.org/download/CNN_20100425_100000_CNN_Newsroom/CNN_20100425_100000_CNN_Newsroom.thumbs/CNN_20100425_100000_CNN_Newsroom_001195.jpg,"to ask for immigration status, papers, if they expect he or she may be in arizona illegally. in just a few hours thousands will gather in washington, d.c. to rally for climate change. james cameron and jesse jackson will be there."
https://archive.org/details/CNN_20100426_170000_CNN_Newsroom#start/3156/end/3191,4/26/2010 17:52:51,CNN,CNN Newsroom,CNN_20100426_170000_CNN_Newsroom,https://archive.org/download/CNN_20100426_170000_CNN_Newsroom/CNN_20100426_170000_CNN_Newsroom.thumbs/CNN_20100426_170000_CNN_Newsroom_002993.jpg,"together to lower our carbon output. it was too good to be true. i'll look at a major change in the political climate as soon as we come back. okay. talk about climate change. this time last week, a democratic senator, an"
https://archive.org/details/CNN_20100428_210000_The_Situation_Room_With_Wolf_Blitzer#start/1099/end/1134,4/28/2010 21:18:34,CNN,The Situation Room With Wolf Blitzer,CNN_20100428_210000_The_Situation_Room_With_Wolf_Blitzer,https://archive.org/download/CNN_20100428_210000_The_Situation_Room_With_Wolf_Blitzer/CNN_20100428_210000_The_Situation_Room_With_Wolf_Blitzer.thumbs/CNN_20100428_210000_The_Situation_Room_With_Wolf_Blitzer_001080.jpg,"they expect it would be very tough to move either of these, and either immigration reform or energy and climate change legislation wolf. they've got their hands full right now. thanks very much for that, brianna keilar. the florida governor charlie"
https://archive.org/details/CNN_20100428_130000_CNN_Newsroom#start/3884/end/3919,4/28/2010 14:04:59,CNN,CNN Newsroom,CNN_20100428_130000_CNN_Newsroom,https://archive.org/download/CNN_20100428_130000_CNN_Newsroom/CNN_20100428_130000_CNN_Newsroom.thumbs/CNN_20100428_130000_CNN_Newsroom_003870.jpg,"do you think immigration could come up this year and she said there's no way because the next issue is energy and climate change, but as you've been reporting and listeners know, immigration is bumping energy, maybe off the table altogether."
https://archive.org/details/CNN_20100426_020000_CNN_Newsroom#start/1100/end/1135,4/26/2010 2:18:35,CNN,CNN Newsroom,CNN_20100426_020000_CNN_Newsroom,https://archive.org/download/CNN_20100426_020000_CNN_Newsroom/CNN_20100426_020000_CNN_Newsroom.thumbs/CNN_20100426_020000_CNN_Newsroom_001015.jpg,"and try crest 3d white rinse. tonight, democratic sources are telling cnn that what was once a bipartisan bill on climate change likely won't make it to the floor. it is a result of a backlash by republicans reacting to"
https://archive.org/details/CNN_20100426_100000_American_Morning#start/9413/end/9448,4/26/2010 12:37:08,CNN,American Morning,CNN_20100426_100000_American_Morning,https://archive.org/download/CNN_20100426_100000_American_Morning/CNN_20100426_100000_American_Morning.thumbs/CNN_20100426_100000_American_Morning_009406.jpg,"the president has said openly he disagrees with. that to the democrats justifies putting immigration reform in the lead. climate change and immigration both have been going nowhere fast in the the senate. it is hard to know which one was"
https://archive.org/details/CNN_20100426_030000_State_of_the_Union#start/173/end/208,4/26/2010 3:03:08,CNN,State of the Union,CNN_20100426_030000_State_of_the_Union,https://archive.org/download/CNN_20100426_030000_State_of_the_Union/CNN_20100426_030000_State_of_the_Union.thumbs/CNN_20100426_030000_State_of_the_Union_000175.jpg,"range of issues, including climate change. graham was supposed to be at a bipartisan news conference tomorrow to talk about the proposal. he's not going now. he is furious. 'moving forward on immigration in this hurried, panicked manner,' graham said, 'is"
https://archive.org/details/CNN_20100424_200000_CNN_Newsroom#start/2314/end/2349,4/24/2010 20:38:49,CNN,CNN Newsroom,CNN_20100424_200000_CNN_Newsroom,https://archive.org/download/CNN_20100424_200000_CNN_Newsroom/CNN_20100424_200000_CNN_Newsroom.thumbs/CNN_20100424_200000_CNN_Newsroom_002303.jpg,"we have just gotten a letter from republican senator lindsey graham that he sent out today saying he's walking out of these bipartisan talks on a separate bill, climate change legislation, because he's upset that democrats now want to move so quickly on immigration reform."
https://archive.org/details/CNN_20100424_200000_CNN_Newsroom#start/2406/end/2441,4/24/2010 20:40:21,CNN,CNN Newsroom,CNN_20100424_200000_CNN_Newsroom,https://archive.org/download/CNN_20100424_200000_CNN_Newsroom/CNN_20100424_200000_CNN_Newsroom.thumbs/CNN_20100424_200000_CNN_Newsroom_002394.jpg,"statement saying that he's frustrated that senator graham is trying to link these two issues, but senator reid is planning to move forward on both that you can't afford to shelve either one of the big things, climate change or immigration reform. the political reality is lindsey"
https://archive.org/details/CNN_20100425_130000_State_of_the_Union#start/227/end/262,4/25/2010 13:04:02,CNN,State of the Union,CNN_20100425_130000_State_of_the_Union,https://archive.org/download/CNN_20100425_130000_State_of_the_Union/CNN_20100425_130000_State_of_the_Union.thumbs/CNN_20100425_130000_State_of_the_Union_000207.jpg,"to get to both issue ns this session. is that possible, senator? i think it is. he actually noted that, in fact, more work had been done on climate change than on immigration. so whichever is ready to go up would likely come up after we"
https://archive.org/details/CNN_20100427_230000_John_King_USA#start/2088/end/2123,4/27/2010 23:35:03,CNN,John King USA,CNN_20100427_230000_John_King_USA,https://archive.org/download/CNN_20100427_230000_John_King_USA/CNN_20100427_230000_John_King_USA.thumbs/CNN_20100427_230000_John_King_USA_002064.jpg,"our money there. so i am raising that issue. a little bit of bipartisan agreement there. we're out of town. ask you both in closing i'm told senator john kerry who is working on the climate change legislation that is important to you senator cantwell went to"
https://archive.org/details/CNN_20100427_230000_John_King_USA#start/2104/end/2139,4/27/2010 23:35:19,CNN,John King USA,CNN_20100427_230000_John_King_USA,https://archive.org/download/CNN_20100427_230000_John_King_USA/CNN_20100427_230000_John_King_USA.thumbs/CNN_20100427_230000_John_King_USA_002094.jpg,"leader reid and said please don't bring up immigration because then we lufz lindsey graham the republican on climate change and not get it done and senator reid said, no, he plans to bring up immigration reform this year. do you want to debate"
https://archive.org/details/CNN_20100426_210000_The_Situation_Room_With_Wolf_Blitzer#start/1049/end/1084,4/26/2010 21:17:44,CNN,The Situation Room With Wolf Blitzer,CNN_20100426_210000_The_Situation_Room_With_Wolf_Blitzer,https://archive.org/download/CNN_20100426_210000_The_Situation_Room_With_Wolf_Blitzer/CNN_20100426_210000_The_Situation_Room_With_Wolf_Blitzer.thumbs/CNN_20100426_210000_The_Situation_Room_With_Wolf_Blitzer_001045.jpg,"consternation when this occurred. they'd had a meeting mid-week at the white house last week with top white house advisers, and everything seemed ready to go, and on track for climate change. by the end of the week, not so much. harry reid, not so fast."
https://archive.org/details/CNN_20100426_210000_The_Situation_Room_With_Wolf_Blitzer#start/6171/end/6206,4/26/2010 22:43:06,CNN,The Situation Room With Wolf Blitzer,CNN_20100426_210000_The_Situation_Room_With_Wolf_Blitzer,https://archive.org/download/CNN_20100426_210000_The_Situation_Room_With_Wolf_Blitzer/CNN_20100426_210000_The_Situation_Room_With_Wolf_Blitzer.thumbs/CNN_20100426_210000_The_Situation_Room_With_Wolf_Blitzer_006170.jpg,"can cost republicans into defending wall street. another development today. last week we thought that this morning there would be a huge news conference, lindsay graham would be there, john kerry, joe lieberman and denounce climate change legislation. didn't happen. you had a chance to speak to"
https://archive.org/details/CNN_20100420_210000_The_Situation_Room_With_Wolf_Blitzer#start/7037/end/7072,4/20/2010 22:57:32,CNN,The Situation Room With Wolf Blitzer,CNN_20100420_210000_The_Situation_Room_With_Wolf_Blitzer,https://archive.org/download/CNN_20100420_210000_The_Situation_Room_With_Wolf_Blitzer/CNN_20100420_210000_The_Situation_Room_With_Wolf_Blitzer.thumbs/CNN_20100420_210000_The_Situation_Room_With_Wolf_Blitzer_007020.jpg,"flags while attending a conference on climate change. in nepal christians pray for peace and religious freedom. in indian leaping through a burning ring of flames during a drill at the commonwealth games. hot shots, pictures worth a thousand words. a most unusual ailment"
https://archive.org/details/CNN_20100426_130000_CNN_Newsroom#start/799/end/834,4/26/2010 13:13:34,CNN,CNN Newsroom,CNN_20100426_130000_CNN_Newsroom,https://archive.org/download/CNN_20100426_130000_CNN_Newsroom/CNN_20100426_130000_CNN_Newsroom.thumbs/CNN_20100426_130000_CNN_Newsroom_000775.jpg,"administration does, the democrats as well. they are putting immigration reform, bumping it up a notch or two. that has upset some people who want to see climate change first. the white house says they can do both. suzanne, we appreciate you as always."
https://archive.org/details/CNN_20100425_160000_State_of_the_Union#start/234/end/269,4/25/2010 16:04:09,CNN,State of the Union,CNN_20100425_160000_State_of_the_Union,https://archive.org/download/CNN_20100425_160000_State_of_the_Union/CNN_20100425_160000_State_of_the_Union.thumbs/CNN_20100425_160000_State_of_the_Union_000234.jpg,"climate change than on immigration, so whichever is ready to go up would likely come up after we get through wall street reform, which is incredibly important to this country and to the taxpayers so that they never reach into their pockets again. senator chambliss, when you"
https://archive.org/details/CNN_20100425_120000_CNN_Sunday_Morning#start/1589/end/1624,4/25/2010 12:26:44,CNN,CNN Sunday Morning,CNN_20100425_120000_CNN_Sunday_Morning,https://archive.org/download/CNN_20100425_120000_CNN_Sunday_Morning/CNN_20100425_120000_CNN_Sunday_Morning.thumbs/CNN_20100425_120000_CNN_Sunday_Morning_001584.jpg,"decided to bring immigration reform up on the agenda in place of climate change. it is a way to play to their base, the hispanic-american voters and jam up republicans who are kind of split on how to approach the idea of illegal"
https://archive.org/details/CNN_20100426_170000_CNN_Newsroom#start/2357/end/2392,4/26/2010 17:39:32,CNN,CNN Newsroom,CNN_20100426_170000_CNN_Newsroom,https://archive.org/download/CNN_20100426_170000_CNN_Newsroom/CNN_20100426_170000_CNN_Newsroom.thumbs/CNN_20100426_170000_CNN_Newsroom_002334.jpg,"be challenged on legal grounds and will actually never really be enforced. it's percolated up to washington. there are people angry about how other priorities like climate change are not going to be dealt with because they think the white house is going to push"
https://archive.org/details/CNN_20100426_170000_CNN_Newsroom#start/3374/end/3409,4/26/2010 17:56:29,CNN,CNN Newsroom,CNN_20100426_170000_CNN_Newsroom,https://archive.org/download/CNN_20100426_170000_CNN_Newsroom/CNN_20100426_170000_CNN_Newsroom.thumbs/CNN_20100426_170000_CNN_Newsroom_003352.jpg,"who is right here? well, look, honestly, let me give you a back story here. as you know very well, ali, this climate change legislation may require some tax increases, okay? you think there's a lot of political will after health care reform, after the bailouts of"
https://archive.org/details/CNN_20100426_000000_State_of_the_Union#start/319/end/354,4/26/2010 0:05:34,CNN,State of the Union,CNN_20100426_000000_State_of_the_Union,https://archive.org/download/CNN_20100426_000000_State_of_the_Union/CNN_20100426_000000_State_of_the_Union.thumbs/CNN_20100426_000000_State_of_the_Union_000295.jpg,"rather than put climate change up in the docket? well, i'm not sure how you can really justify bringing either one of them up at this point. we've got a budget to deal with. we normally get that done before the 15th of april."
https://archive.org/details/CNN_20100424_200000_CNN_Newsroom#start/2329/end/2364,4/24/2010 20:39:04,CNN,CNN Newsroom,CNN_20100424_200000_CNN_Newsroom,https://archive.org/download/CNN_20100424_200000_CNN_Newsroom/CNN_20100424_200000_CNN_Newsroom.thumbs/CNN_20100424_200000_CNN_Newsroom_002303.jpg,"he thinks it is too controversial, it will get in the way of climate change. graham in a sharply worded letter say, quote, moving forward on immigration, quote, in this hurried panic manner is nothing more than a cynical political ploy. so we understand senator graham"
https://archive.org/details/CNN_20100424_220000_The_Situation_Room_With_Wolf_Blitzer#start/668/end/703,4/24/2010 22:11:23,CNN,The Situation Room With Wolf Blitzer,CNN_20100424_220000_The_Situation_Room_With_Wolf_Blitzer,https://archive.org/download/CNN_20100424_220000_The_Situation_Room_With_Wolf_Blitzer/CNN_20100424_220000_The_Situation_Room_With_Wolf_Blitzer.thumbs/CNN_20100424_220000_The_Situation_Room_With_Wolf_Blitzer_000655.jpg,"same time save the environment. so we've got a lot of entrepreneurs together. and we're work together to try to work out how best to set about doing it. climate change is a big concern of yours, clearly. at the same time, you're a jet"
https://archive.org/details/CNN_20100426_030000_State_of_the_Union#start/222/end/257,4/26/2010 3:03:57,CNN,State of the Union,CNN_20100426_030000_State_of_the_Union,https://archive.org/download/CNN_20100426_030000_State_of_the_Union/CNN_20100426_030000_State_of_the_Union.thumbs/CNN_20100426_030000_State_of_the_Union_000206.jpg,"think what harry reid simply said is that we're going to get to both issues in this session. is that possible, senator? i think it is. and he actually noted that in fact more work had been done on climate change than on immigration, so whichever is"
https://archive.org/details/CNN_20100424_210000_CNN_Newsroom#start/1013/end/1048,4/24/2010 21:17:08,CNN,CNN Newsroom,CNN_20100424_210000_CNN_Newsroom,https://archive.org/download/CNN_20100424_210000_CNN_Newsroom/CNN_20100424_210000_CNN_Newsroom.thumbs/CNN_20100424_210000_CNN_Newsroom_000030.jpg,"this story. we'll continue to cover it here on cnn. it is hard to see how climate change and immigration reform could be linked. but there is apparently the case with a key republican senator who has been working with democrats but who now say that they're not playing fairly here."
https://archive.org/details/CNN_20100426_100000_American_Morning#start/9367/end/9402,4/26/2010 12:36:22,CNN,American Morning,CNN_20100426_100000_American_Morning,https://archive.org/download/CNN_20100426_100000_American_Morning/CNN_20100426_100000_American_Morning.thumbs/CNN_20100426_100000_American_Morning_009345.jpg,"whether or not democrats would go forward with climate change legislation and put that first. now, it appears they are going to try to go for immigration reform. this issue in arizona has put this immigration debate right in the forefrant. it has put it right out there. what's especially interesting"
https://archive.org/details/CNN_20100423_020000_Anderson_Cooper_360#start/6047/end/6082,4/23/2010 3:41:02,CNN,Anderson Cooper 360,CNN_20100423_020000_Anderson_Cooper_360,https://archive.org/download/CNN_20100423_020000_Anderson_Cooper_360/CNN_20100423_020000_Anderson_Cooper_360.thumbs/CNN_20100423_020000_Anderson_Cooper_360_005900.jpg,"the list of threats to our planet are almost too many to count. species lost, habitat destruction, climate change. but there are success stories. like what's happening in rwanda. it's there in the forest that the endangered mountain gorillas are thriving and bringing hope to an entire country."
https://archive.org/details/CNN_20100425_130000_State_of_the_Union#start/167/end/202,4/25/2010 13:03:02,CNN,State of the Union,CNN_20100425_130000_State_of_the_Union,https://archive.org/download/CNN_20100425_130000_State_of_the_Union/CNN_20100425_130000_State_of_the_Union.thumbs/CNN_20100425_130000_State_of_the_Union_000147.jpg,"ally the president has, had been working with democrats on a range of issues, including climate change. graham was supposed to be at a bipartisan news conference to talk about the proposal. he is not going now. he is furious. moving it forward on immigration in this hur read, panicked"
https://archive.org/details/CNN_20100426_230000_John_King_USA#start/1808/end/1843,4/26/2010 23:30:23,CNN,John King USA,CNN_20100426_230000_John_King_USA,https://archive.org/download/CNN_20100426_230000_John_King_USA/CNN_20100426_230000_John_King_USA.thumbs/CNN_20100426_230000_John_King_USA_001793.jpg,"between two people. harry reid and lindsey graham so lindsey feels a separation from immigration reform which will enable him to come back and be where he wants to be for this energy npd climate change bill. you know how to do the math. do you think there is any chance"
https://archive.org/details/CNN_20100427_170000_CNN_Newsroom#start/5037/end/5072,4/27/2010 18:24:12,CNN,CNN Newsroom,CNN_20100427_170000_CNN_Newsroom,https://archive.org/download/CNN_20100427_170000_CNN_Newsroom/CNN_20100427_170000_CNN_Newsroom.thumbs/CNN_20100427_170000_CNN_Newsroom_005031.jpg,"lindsey graham and john kerry and joe lieberman were together going to come out on monday morning and announce this plan to deal with climate change. lindsey graham pulls out and says that because the administration looks like it's focusing on immigration reform, the climate thing's not going to"
https://archive.org/details/CNN_20100426_170000_CNN_Newsroom#start/3280/end/3315,4/26/2010 17:54:55,CNN,CNN Newsroom,CNN_20100426_170000_CNN_Newsroom,https://archive.org/download/CNN_20100426_170000_CNN_Newsroom/CNN_20100426_170000_CNN_Newsroom.thumbs/CNN_20100426_170000_CNN_Newsroom_003263.jpg,"pulled the rug out from him. and when it was very clear, coming from senator reid's office, that they wanted to take up immigration before climate change, the sense is, there's only so much time on the senate calendar before the election, and only so much political will"
https://archive.org/details/CNN_20100426_170000_CNN_Newsroom#start/3313/end/3348,4/26/2010 17:55:28,CNN,CNN Newsroom,CNN_20100426_170000_CNN_Newsroom,https://archive.org/download/CNN_20100426_170000_CNN_Newsroom/CNN_20100426_170000_CNN_Newsroom.thumbs/CNN_20100426_170000_CNN_Newsroom_003292.jpg,"happened at about the same time. i'm told there was a meeting at the white house last wednesday, with these senators, with rahm emanual, with david axelrod, in which i'm told everything was on track for this climate change announcement that you were talking about that was supposed"
https://archive.org/details/CNN_20100429_020000_Anderson_Cooper_360#start/4762/end/4797,4/29/2010 3:19:37,CNN,Anderson Cooper 360,CNN_20100429_020000_Anderson_Cooper_360,https://archive.org/download/CNN_20100429_020000_Anderson_Cooper_360/CNN_20100429_020000_Anderson_Cooper_360.thumbs/CNN_20100429_020000_Anderson_Cooper_360_004740.jpg,"in a community hurting economically and relies a lot on tourism, that's a big big deal. they talk about health care reform, financial, a lot of people thought they would be talking about climate change next but immigration seems to be taken center stage. it shows you can't predict"
https://archive.org/details/CNN_20100429_230000_John_King_USA#start/250/end/285,4/29/2010 23:04:25,CNN,John King USA,CNN_20100429_230000_John_King_USA,https://archive.org/download/CNN_20100429_230000_John_King_USA/CNN_20100429_230000_John_King_USA.thumbs/CNN_20100429_230000_John_King_USA_000240.jpg,"know where senator graham heard different any that comment but some house, he took that to mean immigration is going to come first, even though, you know, the majority leader said more work's been done on climate change, that probably would go first. however, i don't know that one"
https://archive.org/details/CNN_20100429_230000_John_King_USA#start/486/end/521,4/29/2010 23:08:21,CNN,John King USA,CNN_20100429_230000_John_King_USA,https://archive.org/download/CNN_20100429_230000_John_King_USA/CNN_20100429_230000_John_King_USA.thumbs/CNN_20100429_230000_John_King_USA_000480.jpg,"that is a fair statement and democratic candidates who don't want to vote on climate change. there are democratic candidates who don't want to be voting on a proposition that suggests offshore drilling in coastal states there's a lot of democratic candidates, you know, who may be worried about that"
https://archive.org/details/CNN_20100426_230000_John_King_USA#start/974/end/1009,4/26/2010 23:16:29,CNN,John King USA,CNN_20100426_230000_John_King_USA,https://archive.org/download/CNN_20100426_230000_John_King_USA/CNN_20100426_230000_John_King_USA.thumbs/CNN_20100426_230000_John_King_USA_000955.jpg,"change first -- do you want to do climate change either? what i want to do is open up our own energy supplies in this country. and part of what lindsey graham is working on is following through with opening our own natural gas supplies, moving to nuclear generation and away from"
https://archive.org/details/CNN_20100425_160000_State_of_the_Union#start/158/end/193,4/25/2010 16:02:53,CNN,State of the Union,CNN_20100425_160000_State_of_the_Union,https://archive.org/download/CNN_20100425_160000_State_of_the_Union/CNN_20100425_160000_State_of_the_Union.thumbs/CNN_20100425_160000_State_of_the_Union_000145.jpg,"democrats said they want to front burner immigration. lindsey graham, probably the closest to a republican ally the president has, had been working with democrats for months on a range of issues, including climate change. graham was supposed to be at a bipartisan news conference tomorrow to talk about the"
https://archive.org/details/CNN_20100426_170000_CNN_Newsroom#start/3233/end/3268,4/26/2010 17:54:08,CNN,CNN Newsroom,CNN_20100426_170000_CNN_Newsroom,https://archive.org/download/CNN_20100426_170000_CNN_Newsroom/CNN_20100426_170000_CNN_Newsroom.thumbs/CNN_20100426_170000_CNN_Newsroom_003233.jpg,"and maybe this is naivete on my part, and the viewers' part, why we can't do immigration and climate change at the same time. but basically, lindsay graham said this was supposed to be a priority, and now the administration is folk us on immigration or is likely to"
https://archive.org/details/CNN_20100429_020000_Anderson_Cooper_360#start/1071/end/1106,4/29/2010 2:18:06,CNN,Anderson Cooper 360,CNN_20100429_020000_Anderson_Cooper_360,https://archive.org/download/CNN_20100429_020000_Anderson_Cooper_360/CNN_20100429_020000_Anderson_Cooper_360.thumbs/CNN_20100429_020000_Anderson_Cooper_360_001050.jpg,"a boycott is almost certain to begin. in a community hurting economically and relies a lot on tourism, that's a big big deal. they talk about health care reform, financial, a lot of people thought they would be talking about climate change next but immigration seems to be"
https://archive.org/details/CNN_20100428_210000_The_Situation_Room_With_Wolf_Blitzer#start/1054/end/1089,4/28/2010 21:17:49,CNN,The Situation Room With Wolf Blitzer,CNN_20100428_210000_The_Situation_Room_With_Wolf_Blitzer,https://archive.org/download/CNN_20100428_210000_The_Situation_Room_With_Wolf_Blitzer/CNN_20100428_210000_The_Situation_Room_With_Wolf_Blitzer.thumbs/CNN_20100428_210000_The_Situation_Room_With_Wolf_Blitzer_001050.jpg,"but the other interesting side effect of all of this, wolf, is that lindsay graham has also been sitting down with 'em democrats to talk about energy and climate change legislation, and another huge priority here and at this point he's walked away from the table on that"
https://archive.org/details/CNN_20100429_230000_John_King_USA#start/233/end/268,4/29/2010 23:04:08,CNN,John King USA,CNN_20100429_230000_John_King_USA,https://archive.org/download/CNN_20100429_230000_John_King_USA/CNN_20100429_230000_John_King_USA.thumbs/CNN_20100429_230000_John_King_USA_000210.jpg,"and no way you can bring up immigration reform this year. the emotions of the debate. you disagree with him? i disagree with him. i think what senator reid said is i want to do both climate change and immigration this year. and of course, you know, i don't"
https://archive.org/details/CNN_20100430_020000_Anderson_Cooper_360#start/1588/end/1623,4/30/2010 2:26:43,CNN,Anderson Cooper 360,CNN_20100430_020000_Anderson_Cooper_360,https://archive.org/download/CNN_20100430_020000_Anderson_Cooper_360/CNN_20100430_020000_Anderson_Cooper_360.thumbs/CNN_20100430_020000_Anderson_Cooper_360_001560.jpg,"harry reid has made the decision. now he says we can do immigration reform and we can do climate change. we can do both of them. when you talk to democrats privately, as dana was saying, they will tell you, there is virtually no chance, sanjay, none, that immigration reform is"
https://archive.org/details/CNN_20100429_050000_Anderson_Cooper_360#start/1096/end/1131,4/29/2010 5:18:31,CNN,Anderson Cooper 360,CNN_20100429_050000_Anderson_Cooper_360,https://archive.org/download/CNN_20100429_050000_Anderson_Cooper_360/CNN_20100429_050000_Anderson_Cooper_360.thumbs/CNN_20100429_050000_Anderson_Cooper_360_001080.jpg,"in a community hurting economically and relies a lot on tourism, that's a big big deal. they talk about health care reform, financial, a lot of people thought they would be talking about climate change next but immigration seems to be taking center stage. it shows you can't predict"
https://archive.org/details/CNN_20100424_140000_CNN_Newsroom#start/535/end/570,4/24/2010 14:09:10,CNN,CNN Newsroom,CNN_20100424_140000_CNN_Newsroom,https://archive.org/download/CNN_20100424_140000_CNN_Newsroom/CNN_20100424_140000_CNN_Newsroom.thumbs/CNN_20100424_140000_CNN_Newsroom_000536.jpg,"indication that the white house looks at the climate on the hill, maybe no reconnaissance is on climate change, energy reform now. talk at the white house and on capitol hill that national, federal immigration reform may now really be at the top of of the president's agenda,"
https://archive.org/details/CNN_20100421_210000_The_Situation_Room_With_Wolf_Blitzer#start/5287/end/5322,4/21/2010 22:28:22,CNN,The Situation Room With Wolf Blitzer,CNN_20100421_210000_The_Situation_Room_With_Wolf_Blitzer,https://archive.org/download/CNN_20100421_210000_The_Situation_Room_With_Wolf_Blitzer/CNN_20100421_210000_The_Situation_Room_With_Wolf_Blitzer.thumbs/CNN_20100421_210000_The_Situation_Room_With_Wolf_Blitzer_005280.jpg,"work out, you know, how best to set about doing it. climate change is a big concern of yours, clearly. at the same time you're a jet-setter, you know, i imagine you sometimes fly private and you travel the world. did you ever feel guilty about lifestyle versus ideals? yes."
https://archive.org/details/CNN_20100424_210000_CNN_Newsroom#start/1074/end/1109,4/24/2010 21:18:09,CNN,CNN Newsroom,CNN_20100424_210000_CNN_Newsroom,https://archive.org/download/CNN_20100424_210000_CNN_Newsroom/CNN_20100424_210000_CNN_Newsroom.thumbs/CNN_20100424_210000_CNN_Newsroom_000030.jpg,"legislation. he thinks it is too much as once, he thinks they're going to collide and senator graham's words, a sharply worded letter, moving immigration ahead of climate change, quote in this hurried panic manner is nothing more than a cynical political ploy. this is a political difficulty"
https://archive.org/details/CNN_20100426_100000_American_Morning#start/9429/end/9464,4/26/2010 12:37:24,CNN,American Morning,CNN_20100426_100000_American_Morning,https://archive.org/download/CNN_20100426_100000_American_Morning/CNN_20100426_100000_American_Morning.thumbs/CNN_20100426_100000_American_Morning_009406.jpg,"going more slowly. it did look like climate change was going to be next in line after this financial regulation fight. now, it looks like immigration. i don't know if they will be able to get the 60 votes they need. certainly, the democrats think this is a political winner for"
https://archive.org/details/CNN_20100424_200000_CNN_Newsroom#start/2344/end/2379,4/24/2010 20:39:19,CNN,CNN Newsroom,CNN_20100424_200000_CNN_Newsroom,https://archive.org/download/CNN_20100424_200000_CNN_Newsroom/CNN_20100424_200000_CNN_Newsroom.thumbs/CNN_20100424_200000_CNN_Newsroom_002333.jpg,"has told democrat john kerry and independent joe lieberman he will not attend a news conference with them on monday laying out the new climate change bill as so many people expected. and because he's upset about immigration. he's linking these two issues and it is throwing up a huge roadblock for president obama,"
https://archive.org/details/CNN_20100424_210000_CNN_Newsroom#start/1150/end/1185,4/24/2010 21:19:25,CNN,CNN Newsroom,CNN_20100424_210000_CNN_Newsroom,https://archive.org/download/CNN_20100424_210000_CNN_Newsroom/CNN_20100424_210000_CNN_Newsroom.thumbs/CNN_20100424_210000_CNN_Newsroom_000030.jpg,"the bishop. we'll stand by and see if we can work this out. you heard ed henry talking about the energy and also climate change, i should say and also immigration. and now we're going to talk about immigration now with the bishop. bishop, you're live on television this is don lemon"
https://archive.org/details/CNN_20100426_050000_CNN_Newsroom#start/1095/end/1130,4/26/2010 5:18:30,CNN,CNN Newsroom,CNN_20100426_050000_CNN_Newsroom,https://archive.org/download/CNN_20100426_050000_CNN_Newsroom/CNN_20100426_050000_CNN_Newsroom.thumbs/CNN_20100426_050000_CNN_Newsroom_000985.jpg,"only from sprint. deaf, hard-of-hearing and people with speech disabilities access www.sprintrelay.com. tonight, democratic sources are telling cnn that what was once a bipartisan bill on climate change likely won't make it to the floor. it is a result of a backlash by republicans reacting to democratic efforts to pass immigration reform."
https://archive.org/details/CNN_20100425_160000_State_of_the_Union#start/312/end/347,4/25/2010 16:05:27,CNN,State of the Union,CNN_20100425_160000_State_of_the_Union,https://archive.org/download/CNN_20100425_160000_State_of_the_Union/CNN_20100425_160000_State_of_the_Union.thumbs/CNN_20100425_160000_State_of_the_Union_000294.jpg,"but you're on to go at it now rather than put climate change up in the docket? well, i'm not sure how you can really justify bringing either one of them up at this point. i mean we've got a budget to deal with, we normally get that done before the 15th of april."
https://archive.org/details/CNN_20100424_180000_CNN_Newsroom#start/468/end/503,4/24/2010 18:08:03,CNN,CNN Newsroom,CNN_20100424_180000_CNN_Newsroom,https://archive.org/download/CNN_20100424_180000_CNN_Newsroom/CNN_20100424_180000_CNN_Newsroom.thumbs/CNN_20100424_180000_CNN_Newsroom_000444.jpg,"couple of weeks. then they are expected to move on to climate change legislation as the next big issue to tackle. there are signs on capitol hill democrats don't believe they have the votes to move forward on that. now it looks like immigration reform could be the next big issue the president tackles,"
https://archive.org/details/CNN_20100423_210000_The_Situation_Room_With_Wolf_Blitzer#start/1040/end/1075,4/23/2010 21:17:35,CNN,The Situation Room With Wolf Blitzer,CNN_20100423_210000_The_Situation_Room_With_Wolf_Blitzer,https://archive.org/download/CNN_20100423_210000_The_Situation_Room_With_Wolf_Blitzer/CNN_20100423_210000_The_Situation_Room_With_Wolf_Blitzer.thumbs/CNN_20100423_210000_The_Situation_Room_With_Wolf_Blitzer_001015.jpg,"immigration on the front burner again, especially in congress. i was told today that climate change, which is supposed to be next, is probably not even going to happen this year on the senate floor. but one reason for this push is that senator majority leader harry reid has got a brutal"
https://archive.org/details/CNN_20100425_230000_CNN_Newsroom#start/522/end/557,4/25/2010 23:08:57,CNN,CNN Newsroom,CNN_20100425_230000_CNN_Newsroom,https://archive.org/download/CNN_20100425_230000_CNN_Newsroom/CNN_20100425_230000_CNN_Newsroom.thumbs/CNN_20100425_230000_CNN_Newsroom_000506.jpg,"with democrats on energy, on climate change. he seemed to be able to serve as the bridge to try to get an energy bill through. very complicated piece of legislation. when he heard that democrats wanted to try to push through immigration reform, he said this weekend that he is pulling out of talks on the energy bill."
https://archive.org/details/CNN_20100426_050000_CNN_Newsroom#start/54/end/89,4/26/2010 5:01:09,CNN,CNN Newsroom,CNN_20100426_050000_CNN_Newsroom,https://archive.org/download/CNN_20100426_050000_CNN_Newsroom/CNN_20100426_050000_CNN_Newsroom.thumbs/CNN_20100426_050000_CNN_Newsroom_000055.jpg,"praises of new climate change legislation. good evening, everyone. this stubborn and powerful storm system just won't go away. the carolinas getting hammered tonight by severe storms. our meteorologist jacqui jeras joins us in a moment with the very latest on that. keep in mind, all of this follows last night's terrifying storms across the south."
https://archive.org/details/CNN_20100425_120000_CNN_Sunday_Morning#start/1637/end/1672,4/25/2010 12:27:32,CNN,CNN Sunday Morning,CNN_20100425_120000_CNN_Sunday_Morning,https://archive.org/download/CNN_20100425_120000_CNN_Sunday_Morning/CNN_20100425_120000_CNN_Sunday_Morning.thumbs/CNN_20100425_120000_CNN_Sunday_Morning_001614.jpg,"when they complained about the changeover in priorities and said, we can do both. he can do climate change and immigration reform. i don't know too many people that think that is actually possible. it may be. for every day that goes by, the closer we are to the elections, the harder it is to get"
https://archive.org/details/CNN_20100424_150000_CNN_Newsroom#start/582/end/617,4/24/2010 15:09:57,CNN,CNN Newsroom,CNN_20100424_150000_CNN_Newsroom,https://archive.org/download/CNN_20100424_150000_CNN_Newsroom/CNN_20100424_150000_CNN_Newsroom.thumbs/CNN_20100424_150000_CNN_Newsroom_000565.jpg,"about wall street reform. that's really the battle he's locked up in right now. the white house is confident they'll get a victory on that in the next few weeks. an anticipation made he'd move on to climate change, as the next big issue to tackle. given what's going on in arizona as well as pressure the"
https://archive.org/details/CNN_20100424_200000_CNN_Newsroom#start/2451/end/2486,4/24/2010 20:41:06,CNN,CNN Newsroom,CNN_20100424_200000_CNN_Newsroom,https://archive.org/download/CNN_20100424_200000_CNN_Newsroom/CNN_20100424_200000_CNN_Newsroom.thumbs/CNN_20100424_200000_CNN_Newsroom_002453.jpg,"republicans have been trying to block that and now it looks like they'll give in on some of the issues. and in the end, the president is probably going to win on wall street reform, fred. he's going to try to keep up the fight on immigration and climate change as well. ed henry, thanks so much, in asheville, north carolina. i appreciate that."
https://archive.org/details/CNN_20100429_230000_John_King_USA#start/361/end/396,4/29/2010 23:06:16,CNN,John King USA,CNN_20100429_230000_John_King_USA,https://archive.org/download/CNN_20100429_230000_John_King_USA/CNN_20100429_230000_John_King_USA.thumbs/CNN_20100429_230000_John_King_USA_000360.jpg,"political point or don't have 60 because this is so emotional say we try but not going to go through that motion? i think the president said something that is true about a lot of things, there is not a lot of appetite by some memberses of the senate to go to climate change. there wasn't a lot of appetite for republicans to go to wall"
https://archive.org/details/CNN_20100430_050000_Anderson_Cooper_360#start/1558/end/1593,4/30/2010 5:26:13,CNN,Anderson Cooper 360,CNN_20100430_050000_Anderson_Cooper_360,https://archive.org/download/CNN_20100430_050000_Anderson_Cooper_360/CNN_20100430_050000_Anderson_Cooper_360.thumbs/CNN_20100430_050000_Anderson_Cooper_360_001530.jpg,"harry reid has made the decision. now he says we can do immigration reform and we can do climate change. we can do both of them. when you talk to democrats privately, as dana was saying, they will tell you, there is virtually no chance, sanjay, none, that immigration reform is actually going to pass this year. i talked to a moderate house democrat today who said, look, the last thing in the world i want to be voting on in the house is immigration reform."
