﻿URL,MatchDateTime,Station,Show,IAShowID,IAPreviewThumb,Snippet
https://archive.org/details/CNNW_20120610_140000_Fareed_Zakaria_GPS#start/1807/end/1842,6/10/2012 14:30:22,CNN,Fareed Zakaria GPS,CNNW_20120610_140000_Fareed_Zakaria_GPS,https://archive.org/download/CNNW_20120610_140000_Fareed_Zakaria_GPS/CNNW_20120610_140000_Fareed_Zakaria_GPS.thumbs/CNNW_20120610_140000_Fareed_Zakaria_GPS_001800.jpg,"stability and not instability. one problem, there's a significant lobby against shale gas and the way it's produced. fracking consumes a lot of water. shale production also creates large quantities of methane, a greenhouse gas."
https://archive.org/details/CNNW_20120617_170000_Fareed_Zakaria_GPS#start/2418/end/2453,6/17/2012 17:40:33,CNN,Fareed Zakaria GPS,CNNW_20120617_170000_Fareed_Zakaria_GPS,https://archive.org/download/CNNW_20120617_170000_Fareed_Zakaria_GPS/CNNW_20120617_170000_Fareed_Zakaria_GPS.thumbs/CNNW_20120617_170000_Fareed_Zakaria_GPS_002400.jpg,"u.n. summit in rio will be a wasted opportunity. i'll have an interesting guest who will explain why. there's perhaps a 0 -- 0.6% of all deaths in the developing world caused by global warming."
https://archive.org/details/CNNW_20120627_150000_CNN_Newsroom#start/4284/end/4319,6/27/2012 16:11:39,CNN,CNN Newsroom,CNNW_20120627_150000_CNN_Newsroom,https://archive.org/download/CNNW_20120627_150000_CNN_Newsroom/CNNW_20120627_150000_CNN_Newsroom.thumbs/CNNW_20120627_150000_CNN_Newsroom_004260.jpg,"mexico. thank you. more that we are working on that newshour, egypt held its first democratic election and a woman will serve as vice president. and it looks like pond scum, but it is a weapon against global warming."
https://archive.org/details/CNNW_20120624_170000_Fareed_Zakaria_GPS#start/3431/end/3466,6/24/2012 17:57:26,CNN,Fareed Zakaria GPS,CNNW_20120624_170000_Fareed_Zakaria_GPS,https://archive.org/download/CNNW_20120624_170000_Fareed_Zakaria_GPS/CNNW_20120624_170000_Fareed_Zakaria_GPS.thumbs/CNNW_20120624_170000_Fareed_Zakaria_GPS_003420.jpg,"this week's 'book of the week' is fate of the species. it is an elegant compelling. it lays out mega challenges we confront -- super viruses, climate change, disappearing"
https://archive.org/details/CNNW_20120610_140000_Fareed_Zakaria_GPS#start/141/end/176,6/10/2012 14:02:36,CNN,Fareed Zakaria GPS,CNNW_20120610_140000_Fareed_Zakaria_GPS,https://archive.org/download/CNNW_20120610_140000_Fareed_Zakaria_GPS/CNNW_20120610_140000_Fareed_Zakaria_GPS.thumbs/CNNW_20120610_140000_Fareed_Zakaria_GPS_000120.jpg,"decade. why? in both those cases, human beings responded to the crisis. governments around the world cooperated and acted. when we look at our problems, economic slowdowns, debt, terrorism, climate change, keep"
https://archive.org/details/CNNW_20120611_200000_The_Situation_Room#start/4594/end/4629,6/11/2012 21:16:49,CNN,The Situation Room,CNNW_20120611_200000_The_Situation_Room,https://archive.org/download/CNNW_20120611_200000_The_Situation_Room/CNNW_20120611_200000_The_Situation_Room.thumbs/CNNW_20120611_200000_The_Situation_Room_004590.jpg,"comprehensive immigration reform. and if you think through the politics of those two things. i think it's very unlikely, and i couldn't get almost anyone at the white house to tell me it was likely, that he would push hard on climate change."
https://archive.org/details/CNNW_20120620_150000_CNN_Newsroom#start/6894/end/6929,6/20/2012 16:55:09,CNN,CNN Newsroom,CNNW_20120620_150000_CNN_Newsroom,https://archive.org/download/CNNW_20120620_150000_CNN_Newsroom/CNNW_20120620_150000_CNN_Newsroom.thumbs/CNNW_20120620_150000_CNN_Newsroom_006870.jpg,"the meetings in the united states. many leaders say they have been forced to put the environmental in the back burner. they have to manage many crisis situations, and they are basically in a crisis mode. reporter: 20 years ago, rio hosted the landmark effort summit with real commits to tackle climate change."
https://archive.org/details/CNNW_20120627_150000_CNN_Newsroom#start/7108/end/7143,6/27/2012 16:58:43,CNN,CNN Newsroom,CNNW_20120627_150000_CNN_Newsroom,https://archive.org/download/CNNW_20120627_150000_CNN_Newsroom/CNNW_20120627_150000_CNN_Newsroom.thumbs/CNNW_20120627_150000_CNN_Newsroom_007080.jpg,"capture carbon dioxide and with the water and the sunlight, the algae multiplies and oxygen is produced as a byproduct, and bye-bye greenhouse gases and hello pure oxygen. he made this rough prototype for"
https://archive.org/details/CNNW_20120610_170000_Fareed_Zakaria_GPS#start/1803/end/1838,6/10/2012 17:30:18,CNN,Fareed Zakaria GPS,CNNW_20120610_170000_Fareed_Zakaria_GPS,https://archive.org/download/CNNW_20120610_170000_Fareed_Zakaria_GPS/CNNW_20120610_170000_Fareed_Zakaria_GPS.thumbs/CNNW_20120610_170000_Fareed_Zakaria_GPS_001800.jpg,"fracking consumes a lot of water. shale production also creates large quantities of methane, a greenhouse gas. sometimes methane pours out of"
https://archive.org/details/CNNW_20120610_170000_Fareed_Zakaria_GPS#start/3421/end/3456,6/10/2012 17:57:16,CNN,Fareed Zakaria GPS,CNNW_20120610_170000_Fareed_Zakaria_GPS,https://archive.org/download/CNNW_20120610_170000_Fareed_Zakaria_GPS/CNNW_20120610_170000_Fareed_Zakaria_GPS.thumbs/CNNW_20120610_170000_Fareed_Zakaria_GPS_003420.jpg,"if you like freak nom hicks or malcolm glad well. it explains why success often leads to failure. we all need to learn how to adapt to new business opportunities, to financial downturns even to climate"
https://archive.org/details/CNNW_20120624_170000_Fareed_Zakaria_GPS#start/276/end/311,6/24/2012 17:04:51,CNN,Fareed Zakaria GPS,CNNW_20120624_170000_Fareed_Zakaria_GPS,https://archive.org/download/CNNW_20120624_170000_Fareed_Zakaria_GPS/CNNW_20120624_170000_Fareed_Zakaria_GPS.thumbs/CNNW_20120624_170000_Fareed_Zakaria_GPS_000270.jpg,"have you on. thank you for having me. you have set out in your agenda for rio a very ambitious target. you want to get greenhouse gas emissions down maybe one billion tons by 2030. can a network of mayors do this"
https://archive.org/details/CNNW_20120619_230000_Erin_Burnett_OutFront#start/2858/end/2893,6/19/2012 23:47:53,CNN,Erin Burnett OutFront,CNNW_20120619_230000_Erin_Burnett_OutFront,https://archive.org/download/CNNW_20120619_230000_Erin_Burnett_OutFront/CNNW_20120619_230000_Erin_Burnett_OutFront.thumbs/CNNW_20120619_230000_Erin_Burnett_OutFront_002850.jpg,"[ speaking in spanish ] climate change to development. since this is my last visit to"
https://archive.org/details/CNNW_20120624_170000_Fareed_Zakaria_GPS#start/357/end/392,6/24/2012 17:06:12,CNN,Fareed Zakaria GPS,CNNW_20120624_170000_Fareed_Zakaria_GPS,https://archive.org/download/CNNW_20120624_170000_Fareed_Zakaria_GPS/CNNW_20120624_170000_Fareed_Zakaria_GPS.thumbs/CNNW_20120624_170000_Fareed_Zakaria_GPS_000330.jpg,"environment, the pressure for change in immigration laws, the pressure to get rid of guns in america or on the streets, these all come from may yors. take the issue of greenhouse gas emissions. you've taken a very strong position. you're really trying to move it"
https://archive.org/details/CNNW_20120617_140000_Fareed_Zakaria_GPS#start/2527/end/2562,6/17/2012 14:42:22,CNN,Fareed Zakaria GPS,CNNW_20120617_140000_Fareed_Zakaria_GPS,https://archive.org/download/CNNW_20120617_140000_Fareed_Zakaria_GPS/CNNW_20120617_140000_Fareed_Zakaria_GPS.thumbs/CNNW_20120617_140000_Fareed_Zakaria_GPS_002490.jpg,"deaths due to global warming. 13% of deaths caused by air and water pollution. let's get our priorities right. we all need it. to move. to keep warm. to keep us fed."
https://archive.org/details/CNNW_20120617_140000_Fareed_Zakaria_GPS#start/2798/end/2833,6/17/2012 14:46:53,CNN,Fareed Zakaria GPS,CNNW_20120617_140000_Fareed_Zakaria_GPS,https://archive.org/download/CNNW_20120617_140000_Fareed_Zakaria_GPS/CNNW_20120617_140000_Fareed_Zakaria_GPS.thumbs/CNNW_20120617_140000_Fareed_Zakaria_GPS_002790.jpg,"for every person who might die from global warming, he says, 2 0 will die from health problems caused by a lack of clean water and pollution. bjory ronburg is author of 'the"
https://archive.org/details/CNNW_20120627_110000_Starting_Point#start/5340/end/5375,6/27/2012 12:29:15,CNN,Starting Point,CNNW_20120627_110000_Starting_Point,https://archive.org/download/CNNW_20120627_110000_Starting_Point/CNNW_20120627_110000_Starting_Point.thumbs/CNNW_20120627_110000_Starting_Point_005340.jpg,"incurring the cost of air conditioning an entire system. can you create cooling centers in prison? is there some intermediary step? redo submissions and global warming. you always throw that in at"
https://archive.org/details/CNNW_20120624_170000_Fareed_Zakaria_GPS#start/372/end/407,6/24/2012 17:06:27,CNN,Fareed Zakaria GPS,CNNW_20120624_170000_Fareed_Zakaria_GPS,https://archive.org/download/CNNW_20120624_170000_Fareed_Zakaria_GPS/CNNW_20120624_170000_Fareed_Zakaria_GPS.thumbs/CNNW_20120624_170000_Fareed_Zakaria_GPS_000360.jpg,"down. you want new york to have lower and lower greenhouse gas emissions. yes. you know this is a subject of great controversy in the united states. what do you as a businessman, someone very conscious of not imposing costs on business, why have you decided to go down this"
https://archive.org/details/CNNW_20120617_170000_Fareed_Zakaria_GPS#start/2966/end/3001,6/17/2012 17:49:41,CNN,Fareed Zakaria GPS,CNNW_20120617_170000_Fareed_Zakaria_GPS,https://archive.org/download/CNNW_20120617_170000_Fareed_Zakaria_GPS/CNNW_20120617_170000_Fareed_Zakaria_GPS.thumbs/CNNW_20120617_170000_Fareed_Zakaria_GPS_002940.jpg,"there is perhaps a 0.06% deaths in the developing world caused by global warming. there's 13% of all deaths caused by air and water pollution. let's get our priorities right. i'm blown away by"
https://archive.org/details/CNNW_20120627_150000_CNN_Newsroom#start/7042/end/7077,6/27/2012 16:57:37,CNN,CNN Newsroom,CNNW_20120627_150000_CNN_Newsroom,https://archive.org/download/CNNW_20120627_150000_CNN_Newsroom/CNNW_20120627_150000_CNN_Newsroom.thumbs/CNNW_20120627_150000_CNN_Newsroom_007020.jpg,"climate crisis. trying to prove that the smallest of things can solve one of the world's biggest problems. for 25 years he has been peering into microscopes at algae, the"
https://archive.org/details/CNNW_20120617_140000_Fareed_Zakaria_GPS#start/3019/end/3054,6/17/2012 14:50:34,CNN,Fareed Zakaria GPS,CNNW_20120617_140000_Fareed_Zakaria_GPS,https://archive.org/download/CNNW_20120617_140000_Fareed_Zakaria_GPS/CNNW_20120617_140000_Fareed_Zakaria_GPS.thumbs/CNNW_20120617_140000_Fareed_Zakaria_GPS_003000.jpg,"to a green economy, and we're talking about global warming. but in reality, the real issues of most of this world is still air and water pollution. why are we not talking about the important issues in the third"
https://archive.org/details/CNNW_20120627_150000_CNN_Newsroom#start/7058/end/7093,6/27/2012 16:57:53,CNN,CNN Newsroom,CNNW_20120627_150000_CNN_Newsroom,https://archive.org/download/CNNW_20120627_150000_CNN_Newsroom/CNNW_20120627_150000_CNN_Newsroom.thumbs/CNNW_20120627_150000_CNN_Newsroom_007050.jpg,"organism s th organisms that many of us see as unwanted pond scum, but he and other scientists have discovered that the green looking goo can be a weapon against global warming. how amazing are algae? they are beautiful."
https://archive.org/details/CNNW_20120613_130000_CNN_Newsroom#start/2064/end/2099,6/13/2012 13:34:39,CNN,CNN Newsroom,CNNW_20120613_130000_CNN_Newsroom,https://archive.org/download/CNNW_20120613_130000_CNN_Newsroom/CNNW_20120613_130000_CNN_Newsroom.thumbs/CNNW_20120613_130000_CNN_Newsroom_002040.jpg,"you live as it happens. the issue of climate change has become so polarized in politics that lawmakers are avoiding the term altogether. instead, one state is calling it 'recurrent flooding.'"
https://archive.org/details/CNNW_20120605_220000_John_King_USA#start/1993/end/2028,6/5/2012 22:33:28,CNN,John King USA,CNNW_20120605_220000_John_King_USA,https://archive.org/download/CNNW_20120605_220000_John_King_USA/CNNW_20120605_220000_John_King_USA.thumbs/CNNW_20120605_220000_John_King_USA_001980.jpg,"that there is an atmosphere around venus which is something we're using to study global warming here on earth today, and we translate it out to the 21 st century these transits are precisely the kind of techniques that astronomers are using in order to find planets orbiting"
https://archive.org/details/CNNW_20120617_170000_Fareed_Zakaria_GPS#start/2715/end/2750,6/17/2012 17:45:30,CNN,Fareed Zakaria GPS,CNNW_20120617_170000_Fareed_Zakaria_GPS,https://archive.org/download/CNNW_20120617_170000_Fareed_Zakaria_GPS/CNNW_20120617_170000_Fareed_Zakaria_GPS.thumbs/CNNW_20120617_170000_Fareed_Zakaria_GPS_002700.jpg,"conference on sustainable development. my guest says that summit will be a wasted opportunity. the u.n. is focused on the wrong target. for every person who might die from global warming, he says, 210 will die from health problems caused by a lack of clean water and pollution."
https://archive.org/details/CNNW_20120617_170000_Fareed_Zakaria_GPS#start/2935/end/2970,6/17/2012 17:49:10,CNN,Fareed Zakaria GPS,CNNW_20120617_170000_Fareed_Zakaria_GPS,https://archive.org/download/CNNW_20120617_170000_Fareed_Zakaria_GPS/CNNW_20120617_170000_Fareed_Zakaria_GPS.thumbs/CNNW_20120617_170000_Fareed_Zakaria_GPS_002910.jpg,"when we go down to rio in just a few days, what are we talking about there? well, we're talking about going to a green economy, and we're talking about global warming. but in reality, the real issues of most of this world is still air and water pollution."
https://archive.org/details/CNNW_20120619_230000_Erin_Burnett_OutFront#start/3277/end/3312,6/19/2012 23:54:52,CNN,Erin Burnett OutFront,CNNW_20120619_230000_Erin_Burnett_OutFront,https://archive.org/download/CNNW_20120619_230000_Erin_Burnett_OutFront/CNNW_20120619_230000_Erin_Burnett_OutFront.thumbs/CNNW_20120619_230000_Erin_Burnett_OutFront_003270.jpg,"battles climate change, for financial education and protection for consumers, to combating corruption that stifles economic growth and in strengthening financial regulation to creating a more level playing field. all of this happened in large"
https://archive.org/details/CNNW_20120624_170000_Fareed_Zakaria_GPS#start/261/end/296,6/24/2012 17:04:36,CNN,Fareed Zakaria GPS,CNNW_20120624_170000_Fareed_Zakaria_GPS,https://archive.org/download/CNNW_20120624_170000_Fareed_Zakaria_GPS/CNNW_20120624_170000_Fareed_Zakaria_GPS.thumbs/CNNW_20120624_170000_Fareed_Zakaria_GPS_000240.jpg,"comprised of the mayors of 58 of the world's laernlgest cies who are committed to combating climate change. why this agenda? why mayors leading the charge? the answers are interesting. take a look. mayor bloomberg, pleasure to"
https://archive.org/details/CNNW_20120610_170000_Fareed_Zakaria_GPS#start/149/end/184,6/10/2012 17:02:44,CNN,Fareed Zakaria GPS,CNNW_20120610_170000_Fareed_Zakaria_GPS,https://archive.org/download/CNNW_20120610_170000_Fareed_Zakaria_GPS/CNNW_20120610_170000_Fareed_Zakaria_GPS.thumbs/CNNW_20120610_170000_Fareed_Zakaria_GPS_000150.jpg,"when we look at our problems, economic slowdowns, debt, terrorism, climate change, keep in mind that these problems are real, but also keep in mind that the human reaction and response to them will also be real."
https://archive.org/details/CNNW_20120613_130000_CNN_Newsroom#start/2374/end/2409,6/13/2012 13:39:49,CNN,CNN Newsroom,CNNW_20120613_130000_CNN_Newsroom,https://archive.org/download/CNNW_20120613_130000_CNN_Newsroom/CNNW_20120613_130000_CNN_Newsroom.thumbs/CNNW_20120613_130000_CNN_Newsroom_002370.jpg,"taxpayer money to study this problem. and to do that, it was no easy task. so this is what we've heard. at first, the studies were about climate change. and then sea level rise. and now they are about coastal resilience."
https://archive.org/details/CNNW_20120613_130000_CNN_Newsroom#start/2282/end/2317,6/13/2012 13:38:17,CNN,CNN Newsroom,CNNW_20120613_130000_CNN_Newsroom,https://archive.org/download/CNNW_20120613_130000_CNN_Newsroom/CNNW_20120613_130000_CNN_Newsroom.thumbs/CNNW_20120613_130000_CNN_Newsroom_002280.jpg,"norfolk spends about $6 million every year trying to prevent flood damage. scientists say the problem is related to climate change and rising sea waters, but some republicans are so repulsed by liberal buzz words that getting laws passed to address the"
https://archive.org/details/CNNW_20120610_140000_Fareed_Zakaria_GPS#start/3515/end/3550,6/10/2012 14:58:50,CNN,Fareed Zakaria GPS,CNNW_20120610_140000_Fareed_Zakaria_GPS,https://archive.org/download/CNNW_20120610_140000_Fareed_Zakaria_GPS/CNNW_20120610_140000_Fareed_Zakaria_GPS.thumbs/CNNW_20120610_140000_Fareed_Zakaria_GPS_003510.jpg,"leads to failure. he says we all need to learn how to adapt to new business opportunities, to financial downturns, even to climate change. and he uses compelling case studies to prove his point. now for the last look. just as the number combination"
https://archive.org/details/CNNW_20120611_200000_The_Situation_Room#start/4580/end/4615,6/11/2012 21:16:35,CNN,The Situation Room,CNNW_20120611_200000_The_Situation_Room,https://archive.org/download/CNNW_20120611_200000_The_Situation_Room/CNNW_20120611_200000_The_Situation_Room.thumbs/CNNW_20120611_200000_The_Situation_Room_004560.jpg,"i think this is a choice for the president. if you look at the unfinished business, the stuff he started laying out in 2007 and 2008, but was not able to accomplish in the last few years, i think the two biggest things are one, something substantial on climate change, and then, two, a"
https://archive.org/details/CNNW_20120613_130000_CNN_Newsroom#start/2468/end/2503,6/13/2012 13:41:23,CNN,CNN Newsroom,CNNW_20120613_130000_CNN_Newsroom,https://archive.org/download/CNNW_20120613_130000_CNN_Newsroom/CNNW_20120613_130000_CNN_Newsroom.thumbs/CNNW_20120613_130000_CNN_Newsroom_002460.jpg,"recurrent flooding or climate change, the bottom line, it's a reality, and we need to do what we need to do in order to take care of the taxpayers' money and do it in a responsible fashion. so, you know, it's just a matter of semantics. and we need to move on and do the right thing. and you guys did."
