﻿URL,MatchDateTime,Station,Show,IAShowID,IAPreviewThumb,Snippet
https://archive.org/details/CNNW_20160507_160000_CNN_Newsroom_With_Fredricka_Whitfield#start/248/end/283,5/7/2016 16:04:23,CNN,CNN Newsroom With Fredricka Whitfield,CNNW_20160507_160000_CNN_Newsroom_With_Fredricka_Whitfield,https://archive.org/download/CNNW_20160507_160000_CNN_Newsroom_With_Fredricka_Whitfield/CNNW_20160507_160000_CNN_Newsroom_With_Fredricka_Whitfield.thumbs/CNNW_20160507_160000_CNN_Newsroom_With_Fredricka_Whitfield_000237.jpg,"century. old scourges like disease and conflict, but also, new challenges from terrorism and climate change."
https://archive.org/details/CNNW_20160518_030000_Americas_Choice_2016_Kentucky_Democratic__Oregon_Primaries#start/2414/end/2449,5/18/2016 3:40:29,CNN,Americas Choice 2016 Kentucky Democratic  Oregon Primaries,CNNW_20160518_030000_Americas_Choice_2016_Kentucky_Democratic__Oregon_Primaries,https://archive.org/download/CNNW_20160518_030000_Americas_Choice_2016_Kentucky_Democratic__Oregon_Primaries/CNNW_20160518_030000_Americas_Choice_2016_Kentucky_Democratic__Oregon_Primaries.thumbs/CNNW_20160518_030000_Americas_Choice_2016_Kentucky_Democratic__Oregon_Primaries_002397.jpg,"committee on the environment. and i will tell you what all of our know and that is that climate change is real."
https://archive.org/details/CNNW_20160523_200000_The_Lead_With_Jake_Tapper#start/233/end/268,5/23/2016 20:04:08,CNN,The Lead With Jake Tapper,CNNW_20160523_200000_The_Lead_With_Jake_Tapper,https://archive.org/download/CNNW_20160523_200000_The_Lead_With_Jake_Tapper/CNNW_20160523_200000_The_Lead_With_Jake_Tapper.thumbs/CNNW_20160523_200000_The_Lead_With_Jake_Tapper_000208.jpg,"reporter: it's not the only issue where trump finds himself seemingly at odds with his own statements. how many people here believe in global warming? do you believe in global warming? reporter: despite referring to climate change as b.s. and a"
https://archive.org/details/CNNW_20160523_210000_Situation_Room_With_Wolf_Blitzer#start/3870/end/3905,5/23/2016 22:04:45,CNN,Situation Room With Wolf Blitzer,CNNW_20160523_210000_Situation_Room_With_Wolf_Blitzer,https://archive.org/download/CNNW_20160523_210000_Situation_Room_With_Wolf_Blitzer/CNNW_20160523_210000_Situation_Room_With_Wolf_Blitzer.thumbs/CNNW_20160523_210000_Situation_Room_With_Wolf_Blitzer_003868.jpg,"on in the schools are unbelievable. reporter: it is not the only issue where trump is seemingly at odds with his own statements. how many people here believe in global warming? do you believe in global warming? reporter: despite referring to climate change as bs and a"
https://archive.org/details/CNNW_20160522_170000_Fareed_Zakaria_GPS#start/2850/end/2885,5/22/2016 17:47:45,CNN,Fareed Zakaria GPS,CNNW_20160522_170000_Fareed_Zakaria_GPS,https://archive.org/download/CNNW_20160522_170000_Fareed_Zakaria_GPS/CNNW_20160522_170000_Fareed_Zakaria_GPS.thumbs/CNNW_20160522_170000_Fareed_Zakaria_GPS_002817.jpg,"of state and treasury, george schultz. what does he think of the donnel donald? i have to ask you about the presumptive nominee for president. let's take climate change to"
https://archive.org/details/CNNW_20160522_140000_Fareed_Zakaria_GPS#start/2373/end/2408,5/22/2016 14:39:48,CNN,Fareed Zakaria GPS,CNNW_20160522_140000_Fareed_Zakaria_GPS,https://archive.org/download/CNNW_20160522_140000_Fareed_Zakaria_GPS/CNNW_20160522_140000_Fareed_Zakaria_GPS.thumbs/CNNW_20160522_140000_Fareed_Zakaria_GPS_002367.jpg,"now what i see is a world awash in change. almost everywhere you look is instability. and still, there are too many nuclear weapons around. there's also the threat of climate change."
https://archive.org/details/CNNW_20160508_080000_CNN_Newsroom_Live#start/3882/end/3917,5/8/2016 9:04:57,CNN,CNN Newsroom Live,CNNW_20160508_080000_CNN_Newsroom_Live,https://archive.org/download/CNNW_20160508_080000_CNN_Newsroom_Live/CNNW_20160508_080000_CNN_Newsroom_Live.thumbs/CNNW_20160508_080000_CNN_Newsroom_Live_003868.jpg,"trees. they burn. you get a new forest, they burn. it's the cycle of life in the forest. it's not clear what caused this huge wildfire but the expert you just heard there says that climate change could bring"
https://archive.org/details/CNNW_20160505_030000_CNN_Tonight_With_Don_Lemon#start/900/end/935,5/5/2016 3:15:15,CNN,CNN Tonight With Don Lemon,CNNW_20160505_030000_CNN_Tonight_With_Don_Lemon,https://archive.org/download/CNNW_20160505_030000_CNN_Tonight_With_Don_Lemon/CNNW_20160505_030000_CNN_Tonight_With_Don_Lemon.thumbs/CNNW_20160505_030000_CNN_Tonight_With_Don_Lemon_000897.jpg,"he did walk that back. well, he's a loose cannon. he's somebody who has said so many things, and i'm sure he'll be scrambling and his advisers will be scrambling, but he's already said all of these things. he says climate change is a"
https://archive.org/details/CNNW_20160523_180000_CNN_Newsroom_With_Brooke_Baldwin#start/4065/end/4100,5/23/2016 19:08:00,CNN,CNN Newsroom With Brooke Baldwin,CNNW_20160523_180000_CNN_Newsroom_With_Brooke_Baldwin,https://archive.org/download/CNNW_20160523_180000_CNN_Newsroom_With_Brooke_Baldwin/CNNW_20160523_180000_CNN_Newsroom_With_Brooke_Baldwin.thumbs/CNNW_20160523_180000_CNN_Newsroom_With_Brooke_Baldwin_004047.jpg,"regarding teachers and whether there should be armed personnel in schools and the opposition to, you know, second argument or restrictive second amendment policies is 2013 and even here in new york outspoken against the new york gun law. as far as climate change, you"
https://archive.org/details/CNNW_20160529_180000_CNN_Newsroom_With_Fredricka_Whitfield#start/2503/end/2538,5/29/2016 18:41:58,CNN,CNN Newsroom With Fredricka Whitfield,CNNW_20160529_180000_CNN_Newsroom_With_Fredricka_Whitfield,https://archive.org/download/CNNW_20160529_180000_CNN_Newsroom_With_Fredricka_Whitfield/CNNW_20160529_180000_CNN_Newsroom_With_Fredricka_Whitfield.thumbs/CNNW_20160529_180000_CNN_Newsroom_With_Fredricka_Whitfield_002487.jpg,"anytime any lays. becau place. senator sanders would love to cast his vision against donald trump's.senator sanders would l cast his vision against donald trump's. he talks about opening up the democratic process and taking on the rigged economy, talking about climate change when donald"
https://archive.org/details/CNNW_20160524_080000_Early_Start_With_John_Berman_and_Christine_Romans#start/2360/end/2395,5/24/2016 8:39:35,CNN,Early Start With John Berman and Christine Romans,CNNW_20160524_080000_Early_Start_With_John_Berman_and_Christine_Romans,https://archive.org/download/CNNW_20160524_080000_Early_Start_With_John_Berman_and_Christine_Romans/CNNW_20160524_080000_Early_Start_With_John_Berman_and_Christine_Romans.thumbs/CNNW_20160524_080000_Early_Start_With_John_Berman_and_Christine_Romans_002337.jpg,"strength in the region. he said it is about bolstering security cooperation between vietnam and the u.s. that was another key point made in the speech. he did not mention china, but mentioned the conflict in the south china sea. he talked about climate change"
https://archive.org/details/CNNW_20160505_040000_Anderson_Cooper_360#start/240/end/275,5/5/2016 4:04:15,CNN,Anderson Cooper 360,CNNW_20160505_040000_Anderson_Cooper_360,https://archive.org/download/CNNW_20160505_040000_Anderson_Cooper_360/CNNW_20160505_040000_Anderson_Cooper_360.thumbs/CNNW_20160505_040000_Anderson_Cooper_360_000237.jpg,"experience, maybe they just didn't want to take him on on issues because they actually agreed with him. everybody in that republican primary didn't want to raise the minimum wage, don't believe equal pay is a problem, don't want to talk about climate change."
https://archive.org/details/CNNW_20160523_230000_Erin_Burnett_OutFront#start/246/end/281,5/23/2016 23:04:21,CNN,Erin Burnett OutFront,CNNW_20160523_230000_Erin_Burnett_OutFront,https://archive.org/download/CNNW_20160523_230000_Erin_Burnett_OutFront/CNNW_20160523_230000_Erin_Burnett_OutFront.thumbs/CNNW_20160523_230000_Erin_Burnett_OutFront_000237.jpg,"reporter: and in the latest signal of trump shifting positions, trump the candidate amongst the concept of climate change on the trail. so obama is talking about all of this with the global warming. a lot of it is a hoax."
https://archive.org/details/CNNW_20160523_210000_Situation_Room_With_Wolf_Blitzer#start/2037/end/2072,5/23/2016 21:34:12,CNN,Situation Room With Wolf Blitzer,CNNW_20160523_210000_Situation_Room_With_Wolf_Blitzer,https://archive.org/download/CNNW_20160523_210000_Situation_Room_With_Wolf_Blitzer/CNNW_20160523_210000_Situation_Room_With_Wolf_Blitzer.thumbs/CNNW_20160523_210000_Situation_Room_With_Wolf_Blitzer_002038.jpg,"reporter: and trump the candidate mocks the concept of climate change on the trail. so obama is talking about all of this with the global warming. a lot of it is a hoax. reporter: but trump the businessman isn't so dubious. according to politico, trump's"
https://archive.org/details/CNNW_20160527_100000_New_Day#start/7940/end/7975,5/27/2016 12:12:35,CNN,New Day,CNNW_20160527_100000_New_Day,https://archive.org/download/CNNW_20160527_100000_New_Day/CNNW_20160527_100000_New_Day.thumbs/CNNW_20160527_100000_New_Day_007917.jpg,"made up global warming to hurt u.s. manufacturing. he has put in an application for a golf course in ireland, saying he needs to build a retaining wall to fight the effects of global warming. does he mean china is trying to attack his golf course or saying two different things?"
https://archive.org/details/CNNW_20160527_100000_New_Day#start/7956/end/7991,5/27/2016 12:12:51,CNN,New Day,CNNW_20160527_100000_New_Day,https://archive.org/download/CNNW_20160527_100000_New_Day/CNNW_20160527_100000_New_Day.thumbs/CNNW_20160527_100000_New_Day_007947.jpg,"you know, i'm not real sure on the details of donald trump's business. that's a completely separate thing outside of the campaign. that's something you would have to ask -- either you believe in global warming or not. does donald trump believe that global warming is real, as does"
https://archive.org/details/CNNW_20160501_190000_CNN_Newsroom_With_Fredricka_Whitfield#start/0/end/35,5/1/2016 19:00:15,CNN,CNN Newsroom With Fredricka Whitfield,CNNW_20160501_190000_CNN_Newsroom_With_Fredricka_Whitfield,https://archive.org/download/CNNW_20160501_190000_CNN_Newsroom_With_Fredricka_Whitfield/CNNW_20160501_190000_CNN_Newsroom_With_Fredricka_Whitfield.thumbs/CNNW_20160501_190000_CNN_Newsroom_With_Fredricka_Whitfield_000058.jpg,"you look at a donald trump who wants to give hundreds of billions of dollars in tax breaks to the top 2/10 of one percent. the man who thinks that climate"
https://archive.org/details/CNNW_20160528_100000_New_Day_Saturday#start/2434/end/2469,5/28/2016 10:40:49,CNN,New Day Saturday,CNNW_20160528_100000_New_Day_Saturday,https://archive.org/download/CNNW_20160528_100000_New_Day_Saturday/CNNW_20160528_100000_New_Day_Saturday.thumbs/CNNW_20160528_100000_New_Day_Saturday_002427.jpg,"plan. they care about climate change and addressing climate change which donald trump demise is even a problem. right? so ultimately it is the voters who decide whether these states are in play. donald trump isn't doing himself any favors with his organization because he just hasn't --  _"
https://archive.org/details/CNNW_20160516_100000_New_Day#start/5116/end/5151,5/16/2016 11:25:31,CNN,New Day,CNNW_20160516_100000_New_Day,https://archive.org/download/CNNW_20160516_100000_New_Day/CNNW_20160516_100000_New_Day.thumbs/CNNW_20160516_100000_New_Day_005097.jpg,"issue of global warming, cash and politics, issue of working jobs in the america and n distracted by the daily trump"
https://archive.org/details/CNNW_20160530_090000_Early_Start_With_John_Berman_and_Christine_Romans#start/2476/end/2511,5/30/2016 9:41:31,CNN,Early Start With John Berman and Christine Romans,CNNW_20160530_090000_Early_Start_With_John_Berman_and_Christine_Romans,https://archive.org/download/CNNW_20160530_090000_Early_Start_With_John_Berman_and_Christine_Romans/CNNW_20160530_090000_Early_Start_With_John_Berman_and_Christine_Romans.thumbs/CNNW_20160530_090000_Early_Start_With_John_Berman_and_Christine_Romans_002457.jpg,"if secretary clinton is the nominee, it is her job to reach out to millions of people and make the case as to why she will defend working families and middle class. provide health care to all people. take on wall street. deal aggressively with climate"
https://archive.org/details/CNNW_20160517_050000_CNN_Newsroom_Live#start/9818/end/9853,5/17/2016 7:43:53,CNN,CNN Newsroom Live,CNNW_20160517_050000_CNN_Newsroom_Live,https://archive.org/download/CNNW_20160517_050000_CNN_Newsroom_Live/CNNW_20160517_050000_CNN_Newsroom_Live.thumbs/CNNW_20160517_050000_CNN_Newsroom_Live_009807.jpg,"the hottest year ever observed. look at 2016, and look how it is running away from these numbers. what's really concerning is when you look outside of just the temperatures, we know carbon dioxide levels, of course a greenhouse gas. it traps heat that leads to these warmer temperatures."
https://archive.org/details/CNNW_20160511_130000_CNN_Newsroom_With_Carol_Costello#start/2041/end/2076,5/11/2016 13:34:16,CNN,CNN Newsroom With Carol Costello,CNNW_20160511_130000_CNN_Newsroom_With_Carol_Costello,https://archive.org/download/CNNW_20160511_130000_CNN_Newsroom_With_Carol_Costello/CNNW_20160511_130000_CNN_Newsroom_With_Carol_Costello.thumbs/CNNW_20160511_130000_CNN_Newsroom_With_Carol_Costello_002038.jpg,"and you know, i'll do, you know, of course i'll go to america because you know, i love the country. but also, i think, you know, in new york and chicago and austin, other parts of america have a lot to teach. the city has to address climate"
https://archive.org/details/CNNW_20160501_100000_New_Day_Sunday#start/2666/end/2701,5/1/2016 10:44:41,CNN,New Day Sunday,CNNW_20160501_100000_New_Day_Sunday,https://archive.org/download/CNNW_20160501_100000_New_Day_Sunday/CNNW_20160501_100000_New_Day_Sunday.thumbs/CNNW_20160501_100000_New_Day_Sunday_002667.jpg,"ted cruz said that denying the existence of climate change made him like gallileoo."
https://archive.org/details/CNNW_20160527_100000_New_Day#start/7923/end/7958,5/27/2016 12:12:18,CNN,New Day,CNNW_20160527_100000_New_Day,https://archive.org/download/CNNW_20160527_100000_New_Day/CNNW_20160527_100000_New_Day.thumbs/CNNW_20160527_100000_New_Day_007917.jpg,"your background, i don't know if you can tell right now, this beautiful blue ocean, santa rosa beach, florida. but it does bring to mind the idea of global warming. it's interesting. donald trump has said that china"
https://archive.org/details/CNNW_20160523_210000_Situation_Room_With_Wolf_Blitzer#start/3888/end/3923,5/23/2016 22:05:03,CNN,Situation Room With Wolf Blitzer,CNNW_20160523_210000_Situation_Room_With_Wolf_Blitzer,https://archive.org/download/CNNW_20160523_210000_Situation_Room_With_Wolf_Blitzer/CNNW_20160523_210000_Situation_Room_With_Wolf_Blitzer.thumbs/CNNW_20160523_210000_Situation_Room_With_Wolf_Blitzer_003868.jpg,"hoax, politico purports his company trump international golf links is applying for a permit to build a sea wall to protect a golf course he owns in ireland citing global warming and its effects for erosion there."
https://archive.org/details/CNNW_20160523_060000_CNN_Newsroom_Live#start/189/end/224,5/23/2016 6:03:24,CNN,CNN Newsroom Live,CNNW_20160523_060000_CNN_Newsroom_Live,https://archive.org/download/CNNW_20160523_060000_CNN_Newsroom_Live/CNNW_20160523_060000_CNN_Newsroom_Live.thumbs/CNNW_20160523_060000_CNN_Newsroom_Live_000178.jpg,"and technology, human resource development, and addressing climate change. both sides reaffirm the commitments to promptly ratify"
https://archive.org/details/CNNW_20160523_060000_CNN_Newsroom_Live#start/235/end/270,5/23/2016 6:04:10,CNN,CNN Newsroom Live,CNNW_20160523_060000_CNN_Newsroom_Live,https://archive.org/download/CNNW_20160523_060000_CNN_Newsroom_Live/CNNW_20160523_060000_CNN_Newsroom_Live.thumbs/CNNW_20160523_060000_CNN_Newsroom_Live_000238.jpg,"recent developments in the south china sea. we reiterated continue cooperation on addressing climate change and sustainable use of the mekong water"
https://archive.org/details/CNNW_20160527_100000_New_Day#start/7907/end/7942,5/27/2016 12:12:02,CNN,New Day,CNNW_20160527_100000_New_Day,https://archive.org/download/CNNW_20160527_100000_New_Day/CNNW_20160527_100000_New_Day.thumbs/CNNW_20160527_100000_New_Day_007887.jpg,"long time. also, this comes down to -- we're also using a lot more, chris. that's true. the numbers aren't expressing some type of desperation. now, part of this conversation, though, is about global warming. i want you to straighten something out for me."
https://archive.org/details/CNNW_20160527_100000_New_Day#start/7975/end/8010,5/27/2016 12:13:10,CNN,New Day,CNNW_20160527_100000_New_Day,https://archive.org/download/CNNW_20160527_100000_New_Day/CNNW_20160527_100000_New_Day.thumbs/CNNW_20160527_100000_New_Day_007947.jpg,"90 plus% of the scientific community. look, i haven't it h that conversation with him. i think there are still a lot of questions around global warming. whether you believe it or not, what causes it. that's something we have yet to"
https://archive.org/details/CNNW_20160524_020000_CNN_Tonight_With_Don_Lemon#start/2104/end/2139,5/24/2016 2:35:19,CNN,CNN Tonight With Don Lemon,CNNW_20160524_020000_CNN_Tonight_With_Don_Lemon,https://archive.org/download/CNNW_20160524_020000_CNN_Tonight_With_Don_Lemon/CNNW_20160524_020000_CNN_Tonight_With_Don_Lemon.thumbs/CNNW_20160524_020000_CNN_Tonight_With_Don_Lemon_002098.jpg,"be gravitating towards donald trump. yes, the economic message works and that's the one he is going to continue to hit home toward the election. donald trump is a politician saying that global warming is a hoax. that's out on the campaign"
https://archive.org/details/CNNW_20160523_180000_CNN_Newsroom_With_Brooke_Baldwin#start/4049/end/4084,5/23/2016 19:07:44,CNN,CNN Newsroom With Brooke Baldwin,CNNW_20160523_180000_CNN_Newsroom_With_Brooke_Baldwin,https://archive.org/download/CNNW_20160523_180000_CNN_Newsroom_With_Brooke_Baldwin/CNNW_20160523_180000_CNN_Newsroom_With_Brooke_Baldwin.thumbs/CNNW_20160523_180000_CNN_Newsroom_With_Brooke_Baldwin_004047.jpg,"protect from global warming an the effects. he had said it wasn't a thing. how do you explain that? take the gun issue first. donald trump's position on the second amendment is fairly clear from the start and made somewhat of an unclear statement there"
https://archive.org/details/CNNW_20160524_050000_CNN_Newsroom_Live#start/7391/end/7426,5/24/2016 7:03:26,CNN,CNN Newsroom Live,CNNW_20160524_050000_CNN_Newsroom_Live,https://archive.org/download/CNNW_20160524_050000_CNN_Newsroom_Live/CNNW_20160524_050000_CNN_Newsroom_Live.thumbs/CNNW_20160524_050000_CNN_Newsroom_Live_007378.jpg,"of this with the global warming and the that, a lot of it's a hoax. reporter: but trump the businessman isn't so dubious, according to politico, trump's company applied for a company to build coastal protection for a sea side golf resort. the reason, rising sea levels"
https://archive.org/details/CNNW_20160501_110000_New_Day_Sunday#start/2443/end/2478,5/1/2016 11:40:58,CNN,New Day Sunday,CNNW_20160501_110000_New_Day_Sunday,https://archive.org/download/CNNW_20160501_110000_New_Day_Sunday/CNNW_20160501_110000_New_Day_Sunday.thumbs/CNNW_20160501_110000_New_Day_Sunday_002428.jpg,"existence of climate change made him like galileo. that's not really an apt comparison. galileo believed the earth revolves around the sun. ted cruz believes the earth"
https://archive.org/details/CNNW_20160522_140000_Fareed_Zakaria_GPS#start/2858/end/2893,5/22/2016 14:47:53,CNN,Fareed Zakaria GPS,CNNW_20160522_140000_Fareed_Zakaria_GPS,https://archive.org/download/CNNW_20160522_140000_Fareed_Zakaria_GPS/CNNW_20160522_140000_Fareed_Zakaria_GPS.thumbs/CNNW_20160522_140000_Fareed_Zakaria_GPS_002847.jpg,"republican nominee for president. let's take climate change, to start off. you think it's a crucial danger to us, to the world. he says, he has tweeted he"
https://archive.org/details/CNNW_20160504_040000_CNN_Newsroom_Live#start/7925/end/7960,5/4/2016 6:12:20,CNN,CNN Newsroom Live,CNNW_20160504_040000_CNN_Newsroom_Live,https://archive.org/download/CNNW_20160504_040000_CNN_Newsroom_Live/CNNW_20160504_040000_CNN_Newsroom_Live.thumbs/CNNW_20160504_040000_CNN_Newsroom_Live_007918.jpg,"one that powers that. there are over 70000 people that work in the coal mining business in pennsylvania and west virginia. if she wants to talk about diversity in our energy portfolio, that's fine. but what hillary clinton really is talking about is global warming. the problem is she doesn't solve"
https://archive.org/details/CNNW_20160523_210000_Situation_Room_With_Wolf_Blitzer#start/2053/end/2088,5/23/2016 21:34:28,CNN,Situation Room With Wolf Blitzer,CNNW_20160523_210000_Situation_Room_With_Wolf_Blitzer,https://archive.org/download/CNNW_20160523_210000_Situation_Room_With_Wolf_Blitzer/CNNW_20160523_210000_Situation_Room_With_Wolf_Blitzer.thumbs/CNNW_20160523_210000_Situation_Room_With_Wolf_Blitzer_002038.jpg,"company applied for a permit to build coastal protection for a seaside golf support because of other effects of climate change. now, wolf, you saw senator corker dismissing the idea that"
https://archive.org/details/CNNW_20160517_230000_Americas_Choice_2016_Kentucky_Democratic__Oregon_Primaries#start/3144/end/3179,5/17/2016 23:52:39,CNN,Americas Choice 2016 Kentucky Democratic  Oregon Primaries,CNNW_20160517_230000_Americas_Choice_2016_Kentucky_Democratic__Oregon_Primaries,https://archive.org/download/CNNW_20160517_230000_Americas_Choice_2016_Kentucky_Democratic__Oregon_Primaries/CNNW_20160517_230000_Americas_Choice_2016_Kentucky_Democratic__Oregon_Primaries.thumbs/CNNW_20160517_230000_Americas_Choice_2016_Kentucky_Democratic__Oregon_Primaries_001677.jpg,"that was negotiated around climate change and he would dismantle the dodd frank financial reform. these are big things to throw out in an interview and we talk about whether the bernie sanders"
https://archive.org/details/CNNW_20160526_170000_Wolf#start/1078/end/1113,5/26/2016 17:18:13,CNN,Wolf,CNNW_20160526_170000_Wolf,https://archive.org/download/CNNW_20160526_170000_Wolf/CNNW_20160526_170000_Wolf.thumbs/CNNW_20160526_170000_Wolf_001078.jpg,"rich. he thinks wages are too high and thinks climate change is a hoax. his views on choice are horrendous. his bigoted and derogatory comments about latinos, women and every other group is"
https://archive.org/details/CNNW_20160504_040000_CNN_Newsroom_Live#start/7941/end/7976,5/4/2016 6:12:36,CNN,CNN Newsroom Live,CNNW_20160504_040000_CNN_Newsroom_Live,https://archive.org/download/CNNW_20160504_040000_CNN_Newsroom_Live/CNNW_20160504_040000_CNN_Newsroom_Live.thumbs/CNNW_20160504_040000_CNN_Newsroom_Live_007918.jpg,"global warming because china and india are the true polluters. she can put the coal people out of business, but that doesn't fix the environmental problems. is this general election going to be a race to the bottom? all politics is a race to the bottom, so yes. it's a wonderful thing."
https://archive.org/details/CNNW_20160523_060000_CNN_Newsroom_Live#start/1948/end/1983,5/23/2016 6:32:43,CNN,CNN Newsroom Live,CNNW_20160523_060000_CNN_Newsroom_Live,https://archive.org/download/CNNW_20160523_060000_CNN_Newsroom_Live/CNNW_20160523_060000_CNN_Newsroom_Live.thumbs/CNNW_20160523_060000_CNN_Newsroom_Live_001948.jpg,"increasingly discover is it's harder and harder to solve problems by ourselves. it's much easier for us to be able to tackle big problems like climate change or the outbreak of disease or responding to"
https://archive.org/details/CNNW_20160504_030000_Americas_Choice_2016_Indiana_Primary#start/743/end/778,5/4/2016 3:12:38,CNN,Americas Choice 2016 Indiana Primary,CNNW_20160504_030000_Americas_Choice_2016_Indiana_Primary,https://archive.org/download/CNNW_20160504_030000_Americas_Choice_2016_Indiana_Primary/CNNW_20160504_030000_Americas_Choice_2016_Indiana_Primary.thumbs/CNNW_20160504_030000_Americas_Choice_2016_Indiana_Primary_000747.jpg,"billions of dollars in tax breaks to billionaires, like himself, who thinks that climate change is a hoax. despite the fact that the entire virtually the entire community is telling us it's a great"
https://archive.org/details/CNNW_20160505_010000_Anderson_Cooper_360#start/2861/end/2896,5/5/2016 1:47:56,CNN,Anderson Cooper 360,CNNW_20160505_010000_Anderson_Cooper_360,https://archive.org/download/CNNW_20160505_010000_Anderson_Cooper_360/CNNW_20160505_010000_Anderson_Cooper_360.thumbs/CNNW_20160505_010000_Anderson_Cooper_360_002847.jpg,"he will precede questions to clinton, minimum wage, go ahead, have it. climate change, go ahead and have it. he will build on identity politics, male versus female, same-sex marriage, it is a new"
https://archive.org/details/CNNW_20160501_180000_CNN_Newsroom_With_Fredricka_Whitfield#start/2289/end/2324,5/1/2016 18:38:24,CNN,CNN Newsroom With Fredricka Whitfield,CNNW_20160501_180000_CNN_Newsroom_With_Fredricka_Whitfield,https://archive.org/download/CNNW_20160501_180000_CNN_Newsroom_With_Fredricka_Whitfield/CNNW_20160501_180000_CNN_Newsroom_With_Fredricka_Whitfield.thumbs/CNNW_20160501_180000_CNN_Newsroom_With_Fredricka_Whitfield_002278.jpg,"to deal with the planetry crisis of climate change and other things impose a tax on carbon. they understand that at a time we have a major growing crisis with regard to clean water."
https://archive.org/details/CNNW_20160522_180000_CNN_Newsroom_With_Fredricka_Whitfield#start/974/end/1009,5/22/2016 18:16:29,CNN,CNN Newsroom With Fredricka Whitfield,CNNW_20160522_180000_CNN_Newsroom_With_Fredricka_Whitfield,https://archive.org/download/CNNW_20160522_180000_CNN_Newsroom_With_Fredricka_Whitfield/CNNW_20160522_180000_CNN_Newsroom_With_Fredricka_Whitfield.thumbs/CNNW_20160522_180000_CNN_Newsroom_With_Fredricka_Whitfield_000957.jpg,"i'm looking at my notes and listening to bernie sanders saying that he wants her to be on the same side as he is on climate change and he also -- she is. and he wants to see her on"
https://archive.org/details/CNNW_20160524_020000_CNN_Tonight_With_Don_Lemon#start/2121/end/2156,5/24/2016 2:35:36,CNN,CNN Tonight With Don Lemon,CNNW_20160524_020000_CNN_Tonight_With_Don_Lemon,https://archive.org/download/CNNW_20160524_020000_CNN_Tonight_With_Don_Lemon/CNNW_20160524_020000_CNN_Tonight_With_Don_Lemon.thumbs/CNNW_20160524_020000_CNN_Tonight_With_Don_Lemon_002098.jpg,"trail, but the political story to build a sea wall around his golf course specifically citing climate change as a reason, again, is he trying to have it both ways here. is that me? that's you."
https://archive.org/details/CNNW_20160525_040000_CNN_Newsroom_Live#start/12963/end/12998,5/25/2016 7:36:18,CNN,CNN Newsroom Live,CNNW_20160525_040000_CNN_Newsroom_Live,https://archive.org/download/CNNW_20160525_040000_CNN_Newsroom_Live/CNNW_20160525_040000_CNN_Newsroom_Live.thumbs/CNNW_20160525_040000_CNN_Newsroom_Live_012957.jpg,"preserved, mr. obama urged the crowd to fight climate change. we have to think about beautiful areas that need to be preserved, but we also have to recognize that no matter how well we preserve one or two"
https://archive.org/details/CNNW_20160506_230000_Erin_Burnett_OutFront#start/3121/end/3156,5/6/2016 23:52:16,CNN,Erin Burnett OutFront,CNNW_20160506_230000_Erin_Burnett_OutFront,https://archive.org/download/CNNW_20160506_230000_Erin_Burnett_OutFront/CNNW_20160506_230000_Erin_Burnett_OutFront.thumbs/CNNW_20160506_230000_Erin_Burnett_OutFront_003118.jpg,"time. because our coal is what fired manufacturers. it's what lights up our cities. that business is -- it's decimated. reporter: concerns over climate change have the epa cracking down on coal's use. according to a study by west"
https://archive.org/details/CNNW_20160527_100000_New_Day#start/5287/end/5322,5/27/2016 11:28:22,CNN,New Day,CNNW_20160527_100000_New_Day,https://archive.org/download/CNNW_20160527_100000_New_Day/CNNW_20160527_100000_New_Day.thumbs/CNNW_20160527_100000_New_Day_005277.jpg,"who says he don't want t. first of all, polls overwhelmingly show people supported president obama's effort to create a worldwide agreement on climate change. so they do support an energy mix and they do support modest"
https://archive.org/details/CNNW_20160501_200000_CNN_Newsroom_With_Fredricka_Whitfield#start/485/end/520,5/1/2016 20:08:20,CNN,CNN Newsroom With Fredricka Whitfield,CNNW_20160501_200000_CNN_Newsroom_With_Fredricka_Whitfield,https://archive.org/download/CNNW_20160501_200000_CNN_Newsroom_With_Fredricka_Whitfield/CNNW_20160501_200000_CNN_Newsroom_With_Fredricka_Whitfield.thumbs/CNNW_20160501_200000_CNN_Newsroom_With_Fredricka_Whitfield_000477.jpg,"look at a donald trump who wants to give hundreds of billions of dollars in tax breaks to the top, a man who despite all of the scientific evidence thinks that climate change is a hoax, a"
https://archive.org/details/CNNW_20160504_180000_CNN_Newsroom_With_Brooke_Baldwin#start/955/end/990,5/4/2016 18:16:10,CNN,CNN Newsroom With Brooke Baldwin,CNNW_20160504_180000_CNN_Newsroom_With_Brooke_Baldwin,https://archive.org/download/CNNW_20160504_180000_CNN_Newsroom_With_Brooke_Baldwin/CNNW_20160504_180000_CNN_Newsroom_With_Brooke_Baldwin.thumbs/CNNW_20160504_180000_CNN_Newsroom_With_Brooke_Baldwin_000957.jpg,"they actually agreed with him. everybody in that republican primary didn't want to raise the minimum wage, don't believe equal pay is a problem, don't want to talk about climate change. a lot of the same views, so they"
https://archive.org/details/CNNW_20160505_070000_CNN_Tonight_With_Don_Lemon#start/961/end/996,5/5/2016 7:16:16,CNN,CNN Tonight With Don Lemon,CNNW_20160505_070000_CNN_Tonight_With_Don_Lemon,https://archive.org/download/CNNW_20160505_070000_CNN_Tonight_With_Don_Lemon/CNNW_20160505_070000_CNN_Tonight_With_Don_Lemon.thumbs/CNNW_20160505_070000_CNN_Tonight_With_Don_Lemon_000957.jpg,"they actually agreed with him. everybody in that republican primary didn't want to raise the minimum wage, don't believe equal pay is a problem, don't want to talk about climate change. have a lot of same views."
https://archive.org/details/CNNW_20160524_050000_CNN_Newsroom_Live#start/2674/end/2709,5/24/2016 5:44:49,CNN,CNN Newsroom Live,CNNW_20160524_050000_CNN_Newsroom_Live,https://archive.org/download/CNNW_20160524_050000_CNN_Newsroom_Live/CNNW_20160524_050000_CNN_Newsroom_Live.thumbs/CNNW_20160524_050000_CNN_Newsroom_Live_002668.jpg,"lethal arms sales that was announced yesterday. as you said, touching on trade, touching on human rights, climate change and also touching on the developing relationship between the u.s. and vietnam. he said reconciliation was in"
https://archive.org/details/CNNW_20160522_170000_Fareed_Zakaria_GPS#start/2379/end/2414,5/22/2016 17:39:54,CNN,Fareed Zakaria GPS,CNNW_20160522_170000_Fareed_Zakaria_GPS,https://archive.org/download/CNNW_20160522_170000_Fareed_Zakaria_GPS/CNNW_20160522_170000_Fareed_Zakaria_GPS.thumbs/CNNW_20160522_170000_Fareed_Zakaria_GPS_002367.jpg,"instability. and still, there are too many nuclear weapons around. there's also the threat of climate change. in other words, there's things that need to be worked on by more than one country at the same time. and countries are having a hard"
https://archive.org/details/CNNW_20160507_080000_CNN_Newsroom_Live#start/2857/end/2892,5/7/2016 8:47:52,CNN,CNN Newsroom Live,CNNW_20160507_080000_CNN_Newsroom_Live,https://archive.org/download/CNNW_20160507_080000_CNN_Newsroom_Live/CNNW_20160507_080000_CNN_Newsroom_Live.thumbs/CNNW_20160507_080000_CNN_Newsroom_Live_002848.jpg,"too young to recognize that climate change is a result of human activity and must be a priority. he passed away in 9/11, he was working in the world trade center. i think we need to focus more on"
https://archive.org/details/CNNW_20160530_080000_Early_Start_With_John_Berman_and_Christine_Romans#start/2334/end/2369,5/30/2016 8:39:09,CNN,Early Start With John Berman and Christine Romans,CNNW_20160530_080000_Early_Start_With_John_Berman_and_Christine_Romans,https://archive.org/download/CNNW_20160530_080000_Early_Start_With_John_Berman_and_Christine_Romans/CNNW_20160530_080000_Early_Start_With_John_Berman_and_Christine_Romans.thumbs/CNNW_20160530_080000_Early_Start_With_John_Berman_and_Christine_Romans_002307.jpg,"middle class. provide health care for all people. take on wall street. deal aggressively with climate change. that is the candidate's job to do. sanders warning clinton against picking a running mate who is too cozy with corporations or wall street."
https://archive.org/details/CNNW_20160513_180000_CNN_Newsroom_With_Brooke_Baldwin#start/4738/end/4773,5/13/2016 19:19:13,CNN,CNN Newsroom With Brooke Baldwin,CNNW_20160513_180000_CNN_Newsroom_With_Brooke_Baldwin,https://archive.org/download/CNNW_20160513_180000_CNN_Newsroom_With_Brooke_Baldwin/CNNW_20160513_180000_CNN_Newsroom_With_Brooke_Baldwin.thumbs/CNNW_20160513_180000_CNN_Newsroom_With_Brooke_Baldwin_004737.jpg,"the foundation isn't actually handling the money, it's sometimes connects for-profit companies with donors who think that approach is the best way to solve complicated problems like the one we're talking about which is climate change and in a"
https://archive.org/details/CNNW_20160522_190000_CNN_Newsroom_With_Fredricka_Whitfield#start/1259/end/1294,5/22/2016 19:21:14,CNN,CNN Newsroom With Fredricka Whitfield,CNNW_20160522_190000_CNN_Newsroom_With_Fredricka_Whitfield,https://archive.org/download/CNNW_20160522_190000_CNN_Newsroom_With_Fredricka_Whitfield/CNNW_20160522_190000_CNN_Newsroom_With_Fredricka_Whitfield.thumbs/CNNW_20160522_190000_CNN_Newsroom_With_Fredricka_Whitfield_001258.jpg,"necessarily going to advocate this unification in time for the convention unless she comes on his side on certain issues, climate change being one and health care for everybody being another. it's going to be contentious indeed. the numbers for young people,"
https://archive.org/details/CNNW_20160523_180000_CNN_Newsroom_With_Brooke_Baldwin#start/4033/end/4068,5/23/2016 19:07:28,CNN,CNN Newsroom With Brooke Baldwin,CNNW_20160523_180000_CNN_Newsroom_With_Brooke_Baldwin,https://archive.org/download/CNNW_20160523_180000_CNN_Newsroom_With_Brooke_Baldwin/CNNW_20160523_180000_CNN_Newsroom_With_Brooke_Baldwin.thumbs/CNNW_20160523_180000_CNN_Newsroom_With_Brooke_Baldwin_004017.jpg,"flip flops and one thing to evolve over time or something happens and another like 20 seconds later. point number one. point number two on climate change, politico unearthed a permit application in ireland trying to build a seawall to"
https://archive.org/details/CNNW_20160529_180000_CNN_Newsroom_With_Fredricka_Whitfield#start/2519/end/2554,5/29/2016 18:42:14,CNN,CNN Newsroom With Fredricka Whitfield,CNNW_20160529_180000_CNN_Newsroom_With_Fredricka_Whitfield,https://archive.org/download/CNNW_20160529_180000_CNN_Newsroom_With_Fredricka_Whitfield/CNNW_20160529_180000_CNN_Newsroom_With_Fredricka_Whitfield.thumbs/CNNW_20160529_180000_CNN_Newsroom_With_Fredricka_Whitfield_002517.jpg,"trump believes climate change is a hoax created by the chinese. so he would love nothing more than to have that conversation. but who thosug knows. all right. we have to leave it there. thank you so much. we'll hear what one of"
https://archive.org/details/CNNW_20160524_100000_New_Day#start/8708/end/8743,5/24/2016 12:25:23,CNN,New Day,CNNW_20160524_100000_New_Day,https://archive.org/download/CNNW_20160524_100000_New_Day/CNNW_20160524_100000_New_Day.thumbs/CNNW_20160524_100000_New_Day_008697.jpg,"independent younger voters, who did not live through it, where a lot of it is fresh tales? yeah, i don't know. maybe so. but i think a lot ofthese young kids are interested in, you know, climate change. they're interested in human"
https://archive.org/details/CNNW_20160526_100000_New_Day#start/5817/end/5852,5/26/2016 11:37:12,CNN,New Day,CNNW_20160526_100000_New_Day,https://archive.org/download/CNNW_20160526_100000_New_Day/CNNW_20160526_100000_New_Day.thumbs/CNNW_20160526_100000_New_Day_005817.jpg,"this agenda of changing the way american politics works, tackling catastrophic climate change -- how? he cannot win a nomination on a first ballot. he would be depending on the group of people, the berners attack all the time which are"
https://archive.org/details/CNNW_20160525_080000_Early_Start_With_John_Berman_and_Christine_Romans#start/2096/end/2131,5/25/2016 8:35:11,CNN,Early Start With John Berman and Christine Romans,CNNW_20160525_080000_Early_Start_With_John_Berman_and_Christine_Romans,https://archive.org/download/CNNW_20160525_080000_Early_Start_With_John_Berman_and_Christine_Romans/CNNW_20160525_080000_Early_Start_With_John_Berman_and_Christine_Romans.thumbs/CNNW_20160525_080000_Early_Start_With_John_Berman_and_Christine_Romans_002097.jpg,"on everything from his reputation in the housing industry to climate change to immigration. throughout her speech, she was talking only about donald trump. she also made clear that she still needs to win the california primary. mathematically speaking, she may"
https://archive.org/details/CNNW_20160527_090000_Early_Start_With_John_Berman_and_Christine_Romans#start/2896/end/2931,5/27/2016 9:48:31,CNN,Early Start With John Berman and Christine Romans,CNNW_20160527_090000_Early_Start_With_John_Berman_and_Christine_Romans,https://archive.org/download/CNNW_20160527_090000_Early_Start_With_John_Berman_and_Christine_Romans/CNNW_20160527_090000_Early_Start_With_John_Berman_and_Christine_Romans.thumbs/CNNW_20160527_090000_Early_Start_With_John_Berman_and_Christine_Romans_002877.jpg,"climate change. let's take a look at what is coming up on 'new day.' chris cuomo joining us. how are you, my friend? you are talking donald trump. we are talking donald trump. his latest victory lap after clinching the presidential"
https://archive.org/details/CNNW_20160523_230000_Erin_Burnett_OutFront#start/262/end/297,5/23/2016 23:04:37,CNN,Erin Burnett OutFront,CNNW_20160523_230000_Erin_Burnett_OutFront,https://archive.org/download/CNNW_20160523_230000_Erin_Burnett_OutFront/CNNW_20160523_230000_Erin_Burnett_OutFront.thumbs/CNNW_20160523_230000_Erin_Burnett_OutFront_000237.jpg,"reporter: but donald trump the businessman isn't so dubi s dubious. he applied for a permit for a sea side golf resort. the reason, rising sea levels and other effects of climbed change. climate change. now erin, tonight donald trump"
https://archive.org/details/CNNW_20160525_040000_CNN_Newsroom_Live#start/4887/end/4922,5/25/2016 5:21:42,CNN,CNN Newsroom Live,CNNW_20160525_040000_CNN_Newsroom_Live,https://archive.org/download/CNNW_20160525_040000_CNN_Newsroom_Live/CNNW_20160525_040000_CNN_Newsroom_Live.thumbs/CNNW_20160525_040000_CNN_Newsroom_Live_004887.jpg,"riverside, california, secretary clinton making clear from the very beginning donald trump was in her sights from immigration, climate change, housing policy, she went after donald trump throughout her entire speech. she said it's important to take donald trump seriously and usual"
https://archive.org/details/CNNW_20160504_180000_CNN_Newsroom_With_Brooke_Baldwin#start/879/end/914,5/4/2016 18:14:54,CNN,CNN Newsroom With Brooke Baldwin,CNNW_20160504_180000_CNN_Newsroom_With_Brooke_Baldwin,https://archive.org/download/CNNW_20160504_180000_CNN_Newsroom_With_Brooke_Baldwin/CNNW_20160504_180000_CNN_Newsroom_With_Brooke_Baldwin.thumbs/CNNW_20160504_180000_CNN_Newsroom_With_Brooke_Baldwin_000867.jpg,"will be scrambling, but he's already said all of these things. he says climate change is a chinese hoax, and i think it's real. we've got to pull the world together to deal with it. you can do down a long list some"
https://archive.org/details/CNNW_20160515_140000_Fareed_Zakaria_GPS#start/1090/end/1125,5/15/2016 14:18:25,CNN,Fareed Zakaria GPS,CNNW_20160515_140000_Fareed_Zakaria_GPS,https://archive.org/download/CNNW_20160515_140000_Fareed_Zakaria_GPS/CNNW_20160515_140000_Fareed_Zakaria_GPS.thumbs/CNNW_20160515_140000_Fareed_Zakaria_GPS_001077.jpg,"world's toughest problems, whether it is how to deal with isil as we discussed or climate change or combatting the ebola epidemic, to the extent that we have people who can bring different perspectives to bear in solving a given problem, the"
https://archive.org/details/CNNW_20160505_030000_CNN_Tonight_With_Don_Lemon#start/993/end/1028,5/5/2016 3:16:48,CNN,CNN Tonight With Don Lemon,CNNW_20160505_030000_CNN_Tonight_With_Don_Lemon,https://archive.org/download/CNNW_20160505_030000_CNN_Tonight_With_Don_Lemon/CNNW_20160505_030000_CNN_Tonight_With_Don_Lemon.thumbs/CNNW_20160505_030000_CNN_Tonight_With_Don_Lemon_000987.jpg,"want to talk about climate change, a lot of the same views. so they were really trapped. they couldn't run a campaign on the issues that mattered to america and i can and i will. there are democrats who are just worried about you against"
https://archive.org/details/CNNW_20160522_160000_State_of_the_Union_With_Jake_Tapper#start/241/end/276,5/22/2016 16:04:16,CNN,State of the Union With Jake Tapper,CNNW_20160522_160000_State_of_the_Union_With_Jake_Tapper,https://archive.org/download/CNNW_20160522_160000_State_of_the_Union_With_Jake_Tapper/CNNW_20160522_160000_State_of_the_Union_With_Jake_Tapper.thumbs/CNNW_20160522_160000_State_of_the_Union_With_Jake_Tapper_000237.jpg,"effectively deal with the climate change. we disagree on war in iraq. those are legitimate issues to debate. we try to bring more people into the political process including many independents, young people, and working class people and i think we have been doing that"
https://archive.org/details/CNNW_20160514_180000_CNN_Newsroom_With_Fredricka_Whitfield#start/2913/end/2948,5/14/2016 18:48:48,CNN,CNN Newsroom With Fredricka Whitfield,CNNW_20160514_180000_CNN_Newsroom_With_Fredricka_Whitfield,https://archive.org/download/CNNW_20160514_180000_CNN_Newsroom_With_Fredricka_Whitfield/CNNW_20160514_180000_CNN_Newsroom_With_Fredricka_Whitfield.thumbs/CNNW_20160514_180000_CNN_Newsroom_With_Fredricka_Whitfield_002907.jpg,"climate change and how do we fix air quality and do integration better and how do we keep cities safe in policing? of course i'm interested in traveling to america, but i'm hoping he's not the guy who wins. in fact, you called yourself"
https://archive.org/details/CNNW_20160524_050000_CNN_Newsroom_Live#start/2259/end/2294,5/24/2016 5:37:54,CNN,CNN Newsroom Live,CNNW_20160524_050000_CNN_Newsroom_Live,https://archive.org/download/CNNW_20160524_050000_CNN_Newsroom_Live/CNNW_20160524_050000_CNN_Newsroom_Live.thumbs/CNNW_20160524_050000_CNN_Newsroom_Live_002248.jpg,"have to be preserved for our children and grandchildren. rising seas threaten the coasts and waterways on which so many vietnamese depend. and so, as partners in the fight against climate change, we need to fulfill the commitments we made in paris and help farmers"
https://archive.org/details/CNNW_20160511_170000_Wolf#start/3098/end/3133,5/11/2016 17:51:53,CNN,Wolf,CNNW_20160511_170000_Wolf,https://archive.org/download/CNNW_20160511_170000_Wolf/CNNW_20160511_170000_Wolf.thumbs/CNNW_20160511_170000_Wolf_003087.jpg,"america because you know i love the country. but also i think you know new york and chicago and austin and other parts of america have a lot to teach the city how to address the issue of climate change. how do we fix air quality."
https://archive.org/details/CNNW_20160517_230000_Americas_Choice_2016_Kentucky_Democratic__Oregon_Primaries#start/3159/end/3194,5/17/2016 23:52:54,CNN,Americas Choice 2016 Kentucky Democratic  Oregon Primaries,CNNW_20160517_230000_Americas_Choice_2016_Kentucky_Democratic__Oregon_Primaries,https://archive.org/download/CNNW_20160517_230000_Americas_Choice_2016_Kentucky_Democratic__Oregon_Primaries/CNNW_20160517_230000_Americas_Choice_2016_Kentucky_Democratic__Oregon_Primaries.thumbs/CNNW_20160517_230000_Americas_Choice_2016_Kentucky_Democratic__Oregon_Primaries_001677.jpg,"supporters will rally behind hillary clinton. if they begin to think we're going to be pulling out of climate change agreements and financial reform that's going to be pretty motivating. this is not dennis rodman going to talk to kim jong-un --  _"
https://archive.org/details/CNNW_20160530_080000_Early_Start_With_John_Berman_and_Christine_Romans#start/482/end/517,5/30/2016 8:08:17,CNN,Early Start With John Berman and Christine Romans,CNNW_20160530_080000_Early_Start_With_John_Berman_and_Christine_Romans,https://archive.org/download/CNNW_20160530_080000_Early_Start_With_John_Berman_and_Christine_Romans/CNNW_20160530_080000_Early_Start_With_John_Berman_and_Christine_Romans.thumbs/CNNW_20160530_080000_Early_Start_With_John_Berman_and_Christine_Romans_000477.jpg,"it is her case to defend how to defend working families and provide health care to all people and take on wall street. deal aggressively with climate change. that is the candidate's job to do. sanders also warning clinton against picking a running mate"
https://archive.org/details/CNNW_20160527_150000_At_This_Hour_With_Berman_and_Bolduan#start/1306/end/1341,5/27/2016 15:22:01,CNN,At This Hour With Berman and Bolduan,CNNW_20160527_150000_At_This_Hour_With_Berman_and_Bolduan,https://archive.org/download/CNNW_20160527_150000_At_This_Hour_With_Berman_and_Bolduan/CNNW_20160527_150000_At_This_Hour_With_Berman_and_Bolduan.thumbs/CNNW_20160527_150000_At_This_Hour_With_Berman_and_Bolduan_001288.jpg,"americans and defend his vision of america where he wants to give tax breaks to the rich, where he thinks wages are too high, climate change is a hoax made up by the chinese against bernie sanders who wants to deal with wealth and inequality and a"
https://archive.org/details/CNNW_20160530_060000_CNN_Newsroom_Live#start/2699/end/2734,5/30/2016 6:45:14,CNN,CNN Newsroom Live,CNNW_20160530_060000_CNN_Newsroom_Live,https://archive.org/download/CNNW_20160530_060000_CNN_Newsroom_Live/CNNW_20160530_060000_CNN_Newsroom_Live.thumbs/CNNW_20160530_060000_CNN_Newsroom_Live_002698.jpg,"again, that has climate change written all over it. it's got the fingerprints of it, and it just seems to be a common theme here in the weather department. extreme weather events. that's right. the frequency of heavy rain. thanks so much, derek. well, america still has"
https://archive.org/details/CNNW_20160503_100000_New_Day#start/3452/end/3487,5/3/2016 10:57:47,CNN,New Day,CNNW_20160503_100000_New_Day,https://archive.org/download/CNNW_20160503_100000_New_Day/CNNW_20160503_100000_New_Day.thumbs/CNNW_20160503_100000_New_Day_003447.jpg,"industry is going to transition as we try to make sure that we can reduce our carbon footprint and address climate change and not, you know, completely put people out of work. at the same time. and so in saying that she made a"
https://archive.org/details/CNNW_20160525_080000_Early_Start_With_John_Berman_and_Christine_Romans#start/236/end/271,5/25/2016 8:04:11,CNN,Early Start With John Berman and Christine Romans,CNNW_20160525_080000_Early_Start_With_John_Berman_and_Christine_Romans,https://archive.org/download/CNNW_20160525_080000_Early_Start_With_John_Berman_and_Christine_Romans/CNNW_20160525_080000_Early_Start_With_John_Berman_and_Christine_Romans.thumbs/CNNW_20160525_080000_Early_Start_With_John_Berman_and_Christine_Romans_000237.jpg,"that is donald trump. as she campaigned in riverside, california, on tuesday night, she focused on donald trump from start to finish, going after him on everything from his reputation in the housing industry to climate change to immigration. throughout her speech, she was"
https://archive.org/details/CNNW_20160530_100000_New_Day#start/8108/end/8143,5/30/2016 12:15:23,CNN,New Day,CNNW_20160530_100000_New_Day,https://archive.org/download/CNNW_20160530_100000_New_Day/CNNW_20160530_100000_New_Day.thumbs/CNNW_20160530_100000_New_Day_008098.jpg,"if secretary clint been is the nominee, it's her job to reach out to millions of people and make the case why she will defend working families and the middle class, take on wall street, dealing aggressively with climate change. that is the candidate's job to"
https://archive.org/details/CNNW_20160508_140000_Fareed_Zakaria_GPS#start/2450/end/2485,5/8/2016 14:41:05,CNN,Fareed Zakaria GPS,CNNW_20160508_140000_Fareed_Zakaria_GPS,https://archive.org/download/CNNW_20160508_140000_Fareed_Zakaria_GPS/CNNW_20160508_140000_Fareed_Zakaria_GPS.thumbs/CNNW_20160508_140000_Fareed_Zakaria_GPS_002427.jpg,"with regard to sanctions against iran, sanctions against russia and we want a europe that can act as a single partner on issues like climate change, and it seems to me you're describing a europe that is getting more and more divided. will this affect europe's"
https://archive.org/details/CNNW_20160501_180000_CNN_Newsroom_With_Fredricka_Whitfield#start/3614/end/3649,5/1/2016 19:00:29,CNN,CNN Newsroom With Fredricka Whitfield,CNNW_20160501_180000_CNN_Newsroom_With_Fredricka_Whitfield,https://archive.org/download/CNNW_20160501_180000_CNN_Newsroom_With_Fredricka_Whitfield/CNNW_20160501_180000_CNN_Newsroom_With_Fredricka_Whitfield.thumbs/CNNW_20160501_180000_CNN_Newsroom_With_Fredricka_Whitfield_003598.jpg,"percent. the man who thinks that climate change is a hoax. a man who thinks we should not raise the starvation wage minimum wage of $7.25 an hour. i think in the general election no matter who runs against him, this guy will not be a strong"
https://archive.org/details/CNNW_20160503_170000_Wolf#start/1295/end/1330,5/3/2016 17:21:50,CNN,Wolf,CNNW_20160503_170000_Wolf,https://archive.org/download/CNNW_20160503_170000_Wolf/CNNW_20160503_170000_Wolf.thumbs/CNNW_20160503_170000_Wolf_001288.jpg,"climate change and health and jobs and education. and that's his first goal. the second goal is we need a process that needs to be reformed. we need to bring people into the process. it's not good to keep young people and democrats out."
https://archive.org/details/CNNW_20160509_060000_CNN_Newsroom_Live#start/5084/end/5119,5/9/2016 7:24:59,CNN,CNN Newsroom Live,CNNW_20160509_060000_CNN_Newsroom_Live,https://archive.org/download/CNNW_20160509_060000_CNN_Newsroom_Live/CNNW_20160509_060000_CNN_Newsroom_Live.thumbs/CNNW_20160509_060000_CNN_Newsroom_Live_005067.jpg,"or of nato, it helps us achieve the things we want, whether it's fighting ebola in africa, tackling climate change, taking on the people smugglers, that's not just our view as well. it's the view of our friends and our allies too. let me go through these in turn."
https://archive.org/details/CNNW_20160510_210000_Situation_Room_With_Wolf_Blitzer#start/1705/end/1740,5/10/2016 21:28:40,CNN,Situation Room With Wolf Blitzer,CNNW_20160510_210000_Situation_Room_With_Wolf_Blitzer,https://archive.org/download/CNNW_20160510_210000_Situation_Room_With_Wolf_Blitzer/CNNW_20160510_210000_Situation_Room_With_Wolf_Blitzer.thumbs/CNNW_20160510_210000_Situation_Room_With_Wolf_Blitzer_001677.jpg,"coal industry and also as climate change becomes more and more of a danger to everyone in the world, including everybody in america. the new quinnipiac poll released today in those three key battle ground states shows bernie sanders beating donald trump in match-ups in florida,"
https://archive.org/details/CNNW_20160530_060000_CNN_Newsroom_Live#start/2575/end/2610,5/30/2016 6:43:10,CNN,CNN Newsroom Live,CNNW_20160530_060000_CNN_Newsroom_Live,https://archive.org/download/CNNW_20160530_060000_CNN_Newsroom_Live/CNNW_20160530_060000_CNN_Newsroom_Live.thumbs/CNNW_20160530_060000_CNN_Newsroom_Live_002548.jpg,"fingerprints of climate change written all over that. proof is in the pudding as we said. first moving that festival in houston for two consecutive years and then shattering records just outside of houston. over 19 inches of rain in a 48-hour rainfall total. just to put that into"
https://archive.org/details/CNNW_20160523_060000_CNN_Newsroom_Live#start/851/end/886,5/23/2016 6:14:26,CNN,CNN Newsroom Live,CNNW_20160523_060000_CNN_Newsroom_Live,https://archive.org/download/CNNW_20160523_060000_CNN_Newsroom_Live/CNNW_20160523_060000_CNN_Newsroom_Live.thumbs/CNNW_20160523_060000_CNN_Newsroom_Live_000838.jpg,"cooperative effort. and finally the united states and vietnam are expanding our cooperation in ways that benefit the world. under our growing climate change partnership, we'll support vietnam as it works to meet its commitments under the paris agreement. because our two countries and others have committed to joining"
https://archive.org/details/CNNW_20160504_170000_Wolf#start/1592/end/1627,5/4/2016 17:26:47,CNN,Wolf,CNNW_20160504_170000_Wolf,https://archive.org/download/CNNW_20160504_170000_Wolf/CNNW_20160504_170000_Wolf.thumbs/CNNW_20160504_170000_Wolf_001588.jpg,"bernie sanders said he wants to do everything to make sure donald trump doesn't become president and he'll have a role to play in that as well but we're reaching out to them but our message around climate change, around real immigration reform, embracing lgbt americans and talking about their"
https://archive.org/details/CNNW_20160505_000000_Anderson_Cooper_360#start/256/end/291,5/5/2016 0:04:31,CNN,Anderson Cooper 360,CNNW_20160505_000000_Anderson_Cooper_360,https://archive.org/download/CNNW_20160505_000000_Anderson_Cooper_360/CNNW_20160505_000000_Anderson_Cooper_360.thumbs/CNNW_20160505_000000_Anderson_Cooper_360_000237.jpg,"equal pay is a problem, don't want to talk about climate change. a lot of the same views, so they were really trapped. they couldn't run a campaign on issues that matter to america and i can and i will. he talked about the economy last night, hitting an economic"
https://archive.org/details/CNNW_20160504_180000_CNN_Newsroom_With_Brooke_Baldwin#start/4009/end/4044,5/4/2016 19:07:04,CNN,CNN Newsroom With Brooke Baldwin,CNNW_20160504_180000_CNN_Newsroom_With_Brooke_Baldwin,https://archive.org/download/CNNW_20160504_180000_CNN_Newsroom_With_Brooke_Baldwin/CNNW_20160504_180000_CNN_Newsroom_With_Brooke_Baldwin.thumbs/CNNW_20160504_180000_CNN_Newsroom_With_Brooke_Baldwin_003987.jpg,"i mean, he's somebody who has said so many things, and i'm sure he'll be scrambling and his advisers will be scrambling, but he's already said all of these things. he says climate change is a chinese hoax, and i think it's real. we've got to pull the world"
https://archive.org/details/CNNW_20160524_050000_CNN_Newsroom_Live#start/7375/end/7410,5/24/2016 7:03:10,CNN,CNN Newsroom Live,CNNW_20160524_050000_CNN_Newsroom_Live,https://archive.org/download/CNNW_20160524_050000_CNN_Newsroom_Live/CNNW_20160524_050000_CNN_Newsroom_Live.thumbs/CNNW_20160524_050000_CNN_Newsroom_Live_007348.jpg,"classro classrooms. reporter: then in the next breath, suggesting trained teachers should be armed. trained teachers should be able to have guns in classrooms. reporter: in the latest signal of trump shifting positions, trump the candidate mocks the concept of climate change on the trial. so obama is talking about all"
https://archive.org/details/CNNW_20160522_130000_State_of_the_Union_With_Jake_Tapper#start/218/end/253,5/22/2016 13:03:53,CNN,State of the Union With Jake Tapper,CNNW_20160522_130000_State_of_the_Union_With_Jake_Tapper,https://archive.org/download/CNNW_20160522_130000_State_of_the_Union_With_Jake_Tapper/CNNW_20160522_130000_State_of_the_Union_With_Jake_Tapper.thumbs/CNNW_20160522_130000_State_of_the_Union_With_Jake_Tapper_000207.jpg,"health care program. i think we have got to have a tax on carbon if we're going to effectively deal with the crisis of climate change. she and i disafreed on the war in iraq. right. those are legitimate issues to degait. what we are trying to do is bring more people into the"
https://archive.org/details/CNNW_20160524_050000_CNN_Newsroom_Live#start/4943/end/4978,5/24/2016 6:22:38,CNN,CNN Newsroom Live,CNNW_20160524_050000_CNN_Newsroom_Live,https://archive.org/download/CNNW_20160524_050000_CNN_Newsroom_Live/CNNW_20160524_050000_CNN_Newsroom_Live.thumbs/CNNW_20160524_050000_CNN_Newsroom_Live_004918.jpg,"speech hitting on security to climate change to trade deals to the past relationship between these two countries and to the future. this speechd was made in front of about 2000 people. it was an audience that was made up of government officials, diplomats, business people, also students. but he really spent a good deal"
https://archive.org/details/CNNW_20160531_130000_CNN_Newsroom_With_Carol_Costello#start/1760/end/1795,5/31/2016 13:29:35,CNN,CNN Newsroom With Carol Costello,CNNW_20160531_130000_CNN_Newsroom_With_Carol_Costello,https://archive.org/download/CNNW_20160531_130000_CNN_Newsroom_With_Carol_Costello/CNNW_20160531_130000_CNN_Newsroom_With_Carol_Costello.thumbs/CNNW_20160531_130000_CNN_Newsroom_With_Carol_Costello_001737.jpg,"his liberal base that he hasn't completely abandoned all of his principals just to enforce hillary clinton out of practicality. he respects and understands it. here again, he gets to the core of the argument. he takes great pains to say that donald trump if elected has said that climate change is a hoax."
https://archive.org/details/CNNW_20160524_050000_CNN_Newsroom_Live#start/7407/end/7442,5/24/2016 7:03:42,CNN,CNN Newsroom Live,CNNW_20160524_050000_CNN_Newsroom_Live,https://archive.org/download/CNNW_20160524_050000_CNN_Newsroom_Live/CNNW_20160524_050000_CNN_Newsroom_Live.thumbs/CNNW_20160524_050000_CNN_Newsroom_Live_007408.jpg,"and other effects of climate change. tonight donald trump is making an effort to clarify his position on guns, telling cnn that he would not eliminate all gun-free zones in schools. only in some cases, and clarifying that he believes school resource officers should be the ones who are trained to"
https://archive.org/details/CNNW_20160505_050000_Anderson_Cooper_360#start/2841/end/2876,5/5/2016 5:47:36,CNN,Anderson Cooper 360,CNNW_20160505_050000_Anderson_Cooper_360,https://archive.org/download/CNNW_20160505_050000_Anderson_Cooper_360/CNNW_20160505_050000_Anderson_Cooper_360.thumbs/CNNW_20160505_050000_Anderson_Cooper_360_002817.jpg,"here is what i predict against hillary clinton. seeing previews already. he will precede questions to clinton, minimum wage, go ahead, have it. climate change, go ahead and have it. he will build on identity politics, male versus female, same-sex marriage, it is a new cultural front he is fighting we"
https://archive.org/details/CNNW_20160508_170000_Fareed_Zakaria_GPS#start/2454/end/2489,5/8/2016 17:41:09,CNN,Fareed Zakaria GPS,CNNW_20160508_170000_Fareed_Zakaria_GPS,https://archive.org/download/CNNW_20160508_170000_Fareed_Zakaria_GPS/CNNW_20160508_170000_Fareed_Zakaria_GPS.thumbs/CNNW_20160508_170000_Fareed_Zakaria_GPS_002427.jpg,"with regard to sanctions against iran, sanctions against russia and we want a europe that can act as a single partner on issues like climate change, and it seems to me you're describing a europe that is getting more and more divided. will this affect europe's ability to play a part on the world stage? i. absolutely."
https://archive.org/details/CNNW_20160505_070000_CNN_Tonight_With_Don_Lemon#start/888/end/923,5/5/2016 7:15:03,CNN,CNN Tonight With Don Lemon,CNNW_20160505_070000_CNN_Tonight_With_Don_Lemon,https://archive.org/download/CNNW_20160505_070000_CNN_Tonight_With_Don_Lemon/CNNW_20160505_070000_CNN_Tonight_With_Don_Lemon.thumbs/CNNW_20160505_070000_CNN_Tonight_With_Don_Lemon_000867.jpg,"he's already said all of these things. he said climate change is a chinese hoax, and i think it's real, and we've got to pull the world together to deal with it. so you can go dn a long list, some of which he's tried to bob and weave a little bit. but i think it's a risk."
https://archive.org/details/CNNW_20160505_040000_Anderson_Cooper_360#start/175/end/210,5/5/2016 4:03:10,CNN,Anderson Cooper 360,CNNW_20160505_040000_Anderson_Cooper_360,https://archive.org/download/CNNW_20160505_040000_Anderson_Cooper_360/CNNW_20160505_040000_Anderson_Cooper_360.thumbs/CNNW_20160505_040000_Anderson_Cooper_360_000147.jpg,"said climate change is a chinese hoax and i think it is real. we have to pull the world together and deal with it. you can go down a list, some of which he tried to bob and weave, but i think it is a risk, he is a loose cannon and loose cannons tend to misfire."
https://archive.org/details/CNNW_20160516_060000_CNN_Newsroom_Live#start/1532/end/1567,5/16/2016 6:25:47,CNN,CNN Newsroom Live,CNNW_20160516_060000_CNN_Newsroom_Live,https://archive.org/download/CNNW_20160516_060000_CNN_Newsroom_Live/CNNW_20160516_060000_CNN_Newsroom_Live.thumbs/CNNW_20160516_060000_CNN_Newsroom_Live_001527.jpg,"in the united states with half of the entire united states population. so the population density is tremendous. of course this really makes it a far more prominent likelihood if you're out and about working in these communities and farming fields to be struck by lightning. we know climate change can play a role as well. recent studies have suggested"
https://archive.org/details/CNNW_20160505_000000_Anderson_Cooper_360#start/177/end/212,5/5/2016 0:03:12,CNN,Anderson Cooper 360,CNNW_20160505_000000_Anderson_Cooper_360,https://archive.org/download/CNNW_20160505_000000_Anderson_Cooper_360/CNNW_20160505_000000_Anderson_Cooper_360.thumbs/CNNW_20160505_000000_Anderson_Cooper_360_000177.jpg,"he already said all these things. said climate change is a chinese hoax and i think it is real. we have to pull the world together and deal with it. you can go down a list, some of which he tried to bob and weave, but i think it is a risk, he is a loose cannon and loose cannons"
https://archive.org/details/CNNW_20160515_170000_Fareed_Zakaria_GPS#start/1114/end/1149,5/15/2016 17:18:49,CNN,Fareed Zakaria GPS,CNNW_20160515_170000_Fareed_Zakaria_GPS,https://archive.org/download/CNNW_20160515_170000_Fareed_Zakaria_GPS/CNNW_20160515_170000_Fareed_Zakaria_GPS.thumbs/CNNW_20160515_170000_Fareed_Zakaria_GPS_001107.jpg,"generations ago, and that's a good thing. i think we've all learned the dangers of group think. and when you have people around the table trying to solve the world's toughest problems, whether it is how to deal with isil as we discussed or climate change or combatting the ebola epidemic, to the extent that we have people who can bring different perspectives to bear"
