﻿URL,MatchDateTime,Station,Show,IAShowID,IAPreviewThumb,Snippet
https://archive.org/details/CNNW_20190130_000000_Erin_Burnett_OutFront#start/194/end/229,1/30/2019 0:03:29,CNN,Erin Burnett OutFront,CNNW_20190130_000000_Erin_Burnett_OutFront,https://archive.org/download/CNNW_20190130_000000_Erin_Burnett_OutFront/CNNW_20190130_000000_Erin_Burnett_OutFront.thumbs/CNNW_20190130_000000_Erin_Burnett_OutFront_000179.jpg,"degrading infrastructure, threatening infrastructure, health and water and food security. yet when it comes to climate change, the president of the united states refuses to acknowledge it exists. do you believe in climate change?"
https://archive.org/details/CNNW_20190130_090000_Early_Start_with_Christine_Romans_and_Dave_Briggs#start/461/end/496,1/30/2019 9:07:56,CNN,Early Start with Christine Romans and Dave Briggs,CNNW_20190130_090000_Early_Start_with_Christine_Romans_and_Dave_Briggs,https://archive.org/download/CNNW_20190130_090000_Early_Start_with_Christine_Romans_and_Dave_Briggs/CNNW_20190130_090000_Early_Start_with_Christine_Romans_and_Dave_Briggs.thumbs/CNNW_20190130_090000_Early_Start_with_Christine_Romans_and_Dave_Briggs_000448.jpg,"2018, but we've seen an indication that they're continuing to adapt the model. finally, the ic is saying that climate change is causing causing national security threats while the president himself routinely cast out on the existence of climate change."
https://archive.org/details/CNNW_20190116_190000_CNN_Newsroom_With_Brooke_Baldwin#start/1891/end/1926,1/16/2019 19:31:46,CNN,CNN Newsroom With Brooke Baldwin,CNNW_20190116_190000_CNN_Newsroom_With_Brooke_Baldwin,https://archive.org/download/CNNW_20190116_190000_CNN_Newsroom_With_Brooke_Baldwin/CNNW_20190116_190000_CNN_Newsroom_With_Brooke_Baldwin.thumbs/CNNW_20190116_190000_CNN_Newsroom_With_Brooke_Baldwin_001888.jpg,"it relates to climate change. et he pulled us out of the paris climate change accord, the one nation to do so. he's also, and i think we have his tweet, this is the one i go back to when people talk about climate change. we have his tweet before he was president. but donald trump on climate"
https://archive.org/details/CNNW_20190116_190000_CNN_Newsroom_With_Brooke_Baldwin#start/1920/end/1955,1/16/2019 19:32:15,CNN,CNN Newsroom With Brooke Baldwin,CNNW_20190116_190000_CNN_Newsroom_With_Brooke_Baldwin,https://archive.org/download/CNNW_20190116_190000_CNN_Newsroom_With_Brooke_Baldwin/CNNW_20190116_190000_CNN_Newsroom_With_Brooke_Baldwin.thumbs/CNNW_20190116_190000_CNN_Newsroom_With_Brooke_Baldwin_001918.jpg,"disagree. let's play a clip from a back and forth with wheeler during his confirmation hearings today. i believe climate change is"
https://archive.org/details/CNNW_20190106_180000_Fareed_Zakaria_GPS#start/84/end/119,1/6/2019 18:01:39,CNN,Fareed Zakaria GPS,CNNW_20190106_180000_Fareed_Zakaria_GPS,https://archive.org/download/CNNW_20190106_180000_Fareed_Zakaria_GPS/CNNW_20190106_180000_Fareed_Zakaria_GPS.thumbs/CNNW_20190106_180000_Fareed_Zakaria_GPS_000057.jpg,"very large brain. also, 2019 will surely bring some momentous decisions. how should house democrats approach their investigations of the trump presidency? how should trump deal with china? how should countries deal with the climate crisis?"
https://archive.org/details/CNNW_20190121_100000_Early_Start_with_Christine_Romans_and_Dave_Briggs#start/3459/end/3494,1/21/2019 10:57:54,CNN,Early Start with Christine Romans and Dave Briggs,CNNW_20190121_100000_Early_Start_with_Christine_Romans_and_Dave_Briggs,https://archive.org/download/CNNW_20190121_100000_Early_Start_with_Christine_Romans_and_Dave_Briggs/CNNW_20190121_100000_Early_Start_with_Christine_Romans_and_Dave_Briggs.thumbs/CNNW_20190121_100000_Early_Start_with_Christine_Romans_and_Dave_Briggs_003448.jpg,"all right. coffee drinkers, wake up. 60% of coffee species found in the wild could soon go extinct. researchers in uk warn climate change, deforestation, droughts"
https://archive.org/details/CNNW_20190130_090000_Early_Start_with_Christine_Romans_and_Dave_Briggs#start/365/end/400,1/30/2019 9:06:20,CNN,Early Start with Christine Romans and Dave Briggs,CNNW_20190130_090000_Early_Start_with_Christine_Romans_and_Dave_Briggs,https://archive.org/download/CNNW_20190130_090000_Early_Start_with_Christine_Romans_and_Dave_Briggs/CNNW_20190130_090000_Early_Start_with_Christine_Romans_and_Dave_Briggs.thumbs/CNNW_20190130_090000_Early_Start_with_Christine_Romans_and_Dave_Briggs_000358.jpg,"their views and the president's. it flat out contradicted several claims made by president trump to justify his principles on russia, north korea, isis, climate change and more."
https://archive.org/details/CNNW_20190129_170000_Inside_Politics#start/3628/end/3663,1/29/2019 18:00:43,CNN,Inside Politics,CNNW_20190129_170000_Inside_Politics,https://archive.org/download/CNNW_20190129_170000_Inside_Politics/CNNW_20190129_170000_Inside_Politics.thumbs/CNNW_20190129_170000_Inside_Politics_003628.jpg,"cnn washington headquarters. roger stone enters his plea but what does robert mueller have in store for him? and officials keeping america safe directly contradicting the president's claims on climate change and"
https://archive.org/details/CNNW_20190127_200000_CNN_Newsroom_With_Fredricka_Whitfield#start/1339/end/1374,1/27/2019 20:22:34,CNN,CNN Newsroom With Fredricka Whitfield,CNNW_20190127_200000_CNN_Newsroom_With_Fredricka_Whitfield,https://archive.org/download/CNNW_20190127_200000_CNN_Newsroom_With_Fredricka_Whitfield/CNNW_20190127_200000_CNN_Newsroom_With_Fredricka_Whitfield.thumbs/CNNW_20190127_200000_CNN_Newsroom_With_Fredricka_Whitfield_001318.jpg,"obtained by cnn. she wants to seek medicare for all, a middle class tax cut. access to education. that includes universal preschool as well as debt-free college, criminal justice reform and fighting climate change."
https://archive.org/details/CNNW_20190128_160000_At_This_Hour_With_Kate_Bolduan#start/803/end/838,1/28/2019 16:13:38,CNN,At This Hour With Kate Bolduan,CNNW_20190128_160000_At_This_Hour_With_Kate_Bolduan,https://archive.org/download/CNNW_20190128_160000_At_This_Hour_With_Kate_Bolduan/CNNW_20190128_160000_At_This_Hour_With_Kate_Bolduan.thumbs/CNNW_20190128_160000_At_This_Hour_With_Kate_Bolduan_000778.jpg,"know where the democrats stand on a lot of issues. the big question hanging over all of this is the democratic party moving too far to the left in terms of medicare for all and crime issues, climate change"
https://archive.org/details/CNNW_20190130_020000_Cuomo_Prime_Time#start/2916/end/2951,1/30/2019 2:48:51,CNN,Cuomo Prime Time,CNNW_20190130_020000_Cuomo_Prime_Time,https://archive.org/download/CNNW_20190130_020000_Cuomo_Prime_Time/CNNW_20190130_020000_Cuomo_Prime_Time.thumbs/CNNW_20190130_020000_Cuomo_Prime_Time_002907.jpg,"waming. please come back fast. we need you. i give him points for hell and global waming and spelling, that's extra credit for this president. so we'll assume we know what he's talking about. facts first, climate change"
https://archive.org/details/CNNW_20190129_090000_Early_Start_with_Christine_Romans_and_Dave_Briggs#start/2093/end/2128,1/29/2019 9:35:08,CNN,Early Start with Christine Romans and Dave Briggs,CNNW_20190129_090000_Early_Start_with_Christine_Romans_and_Dave_Briggs,https://archive.org/download/CNNW_20190129_090000_Early_Start_with_Christine_Romans_and_Dave_Briggs/CNNW_20190129_090000_Early_Start_with_Christine_Romans_and_Dave_Briggs.thumbs/CNNW_20190129_090000_Early_Start_with_Christine_Romans_and_Dave_Briggs_002069.jpg,"race. the california democrat laying out her agenda, her top priority, a tax cut for the middle class. she backs medicare for all and doing away with private health insurance. she supports a green new deal to fight climate change, paid"
https://archive.org/details/CNNW_20190108_140000_CNN_Newsroom_with_Poppy_Harlow_and_Jim_Sciutto#start/3458/end/3493,1/8/2019 14:57:53,CNN,CNN Newsroom with Poppy Harlow and Jim Sciutto,CNNW_20190108_140000_CNN_Newsroom_with_Poppy_Harlow_and_Jim_Sciutto,https://archive.org/download/CNNW_20190108_140000_CNN_Newsroom_with_Poppy_Harlow_and_Jim_Sciutto/CNNW_20190108_140000_CNN_Newsroom_with_Poppy_Harlow_and_Jim_Sciutto.thumbs/CNNW_20190108_140000_CNN_Newsroom_with_Poppy_Harlow_and_Jim_Sciutto_003447.jpg,"industry, factories and transportation. and the reality is there simply are not as many policies in place to police those industries. thistration has made it clear they are not on board when it comes to some of the signs behind climate change."
https://archive.org/details/CNNW_20190107_100000_Early_Start_with_Christine_Romans_and_Dave_Briggs#start/712/end/747,1/7/2019 10:12:07,CNN,Early Start with Christine Romans and Dave Briggs,CNNW_20190107_100000_Early_Start_with_Christine_Romans_and_Dave_Briggs,https://archive.org/download/CNNW_20190107_100000_Early_Start_with_Christine_Romans_and_Dave_Briggs/CNNW_20190107_100000_Early_Start_with_Christine_Romans_and_Dave_Briggs.thumbs/CNNW_20190107_100000_Early_Start_with_Christine_Romans_and_Dave_Briggs_000688.jpg,"the past three days and, well, as you'd expect, it took a toll. the senator losing her voice by the end of thef of the visit. and in an interview, alexandria ocasio-cortez proposed taxing the rich as high as 70% to fund a climate change"
https://archive.org/details/CNNW_20190130_060000_Cuomo_Prime_Time#start/3089/end/3124,1/30/2019 6:51:44,CNN,Cuomo Prime Time,CNNW_20190130_060000_Cuomo_Prime_Time,https://archive.org/download/CNNW_20190130_060000_Cuomo_Prime_Time/CNNW_20190130_060000_Cuomo_Prime_Time.thumbs/CNNW_20190130_060000_Cuomo_Prime_Time_003088.jpg,"checking this president, not only on issues like global warming and climate change but on what's happening in north korea, isis, what's happening in russia and on and on. that is good part of our show and i think people want to tune in to see it."
https://archive.org/details/CNNW_20190130_020000_Cuomo_Prime_Time#start/3048/end/3083,1/30/2019 2:51:03,CNN,Cuomo Prime Time,CNNW_20190130_020000_Cuomo_Prime_Time,https://archive.org/download/CNNW_20190130_020000_Cuomo_Prime_Time/CNNW_20190130_020000_Cuomo_Prime_Time.thumbs/CNNW_20190130_020000_Cuomo_Prime_Time_003027.jpg,"regular guy who doesn't want to have it put upon by all of these big brother arms all the time. that's his best defense and it's a terrible one. well, maybe he's just playing to a crowd. maybe he's just reading the room and he understands that his folks don't want climate change"
https://archive.org/details/CNNW_20190128_000000_CNN_Newsroom_With_Ana_Cabrera#start/3522/end/3557,1/28/2019 0:58:57,CNN,CNN Newsroom With Ana Cabrera,CNNW_20190128_000000_CNN_Newsroom_With_Ana_Cabrera,https://archive.org/download/CNNW_20190128_000000_CNN_Newsroom_With_Ana_Cabrera/CNNW_20190128_000000_CNN_Newsroom_With_Ana_Cabrera.thumbs/CNNW_20190128_000000_CNN_Newsroom_With_Ana_Cabrera_003508.jpg,"weather with climate. weather what we get on a day-to-day basis. climate is what you get long term. you talk about global warming and climate change we're talking about the entire globe. right now the midwest of the u.s. and the east is one of the"
https://archive.org/details/CNNW_20190123_070000_CNN_Tonight_With_Don_Lemon#start/2854/end/2889,1/23/2019 7:47:49,CNN,CNN Tonight With Don Lemon,CNNW_20190123_070000_CNN_Tonight_With_Don_Lemon,https://archive.org/download/CNNW_20190123_070000_CNN_Tonight_With_Don_Lemon/CNNW_20190123_070000_CNN_Tonight_With_Don_Lemon.thumbs/CNNW_20190123_070000_CNN_Tonight_With_Don_Lemon_002848.jpg,"talking about climate change and this is a generation that really understands how we -- the peril of climate change and if i run that will be a central tenant because this climate change issue touches everything that we"
https://archive.org/details/CNNW_20190127_210000_CNN_Newsroom_With_Fredricka_Whitfield#start/3641/end/3676,1/27/2019 22:00:56,CNN,CNN Newsroom With Fredricka Whitfield,CNNW_20190127_210000_CNN_Newsroom_With_Fredricka_Whitfield,https://archive.org/download/CNNW_20190127_210000_CNN_Newsroom_With_Fredricka_Whitfield/CNNW_20190127_210000_CNN_Newsroom_With_Fredricka_Whitfield.thumbs/CNNW_20190127_210000_CNN_Newsroom_With_Fredricka_Whitfield_003628.jpg,"let's speak truth, climate change is real and"
https://archive.org/details/CNNW_20190108_190000_CNN_Newsroom_With_Brooke_Baldwin#start/2727/end/2762,1/8/2019 19:45:42,CNN,CNN Newsroom With Brooke Baldwin,CNNW_20190108_190000_CNN_Newsroom_With_Brooke_Baldwin,https://archive.org/download/CNNW_20190108_190000_CNN_Newsroom_With_Brooke_Baldwin/CNNW_20190108_190000_CNN_Newsroom_With_Brooke_Baldwin.thumbs/CNNW_20190108_190000_CNN_Newsroom_With_Brooke_Baldwin_002727.jpg,"we'll be watching. good to be with you. thank you very much. still ahead here, coal may be dying, so why are greenhouse gas emissions getting worse? so how's he doing with that?"
https://archive.org/details/CNNW_20190121_090000_Early_Start_with_Christine_Romans_and_Dave_Briggs#start/3508/end/3543,1/21/2019 9:58:43,CNN,Early Start with Christine Romans and Dave Briggs,CNNW_20190121_090000_Early_Start_with_Christine_Romans_and_Dave_Briggs,https://archive.org/download/CNNW_20190121_090000_Early_Start_with_Christine_Romans_and_Dave_Briggs/CNNW_20190121_090000_Early_Start_with_Christine_Romans_and_Dave_Briggs.thumbs/CNNW_20190121_090000_Early_Start_with_Christine_Romans_and_Dave_Briggs_003507.jpg,"you know they were unhappy there. all right. coffee drinkers, wake up. 60% of coffee species found in the wild could soon go extinct. researchers in uk warn climate"
https://archive.org/details/CNNW_20190108_140000_CNN_Newsroom_with_Poppy_Harlow_and_Jim_Sciutto#start/3427/end/3462,1/8/2019 14:57:22,CNN,CNN Newsroom with Poppy Harlow and Jim Sciutto,CNNW_20190108_140000_CNN_Newsroom_with_Poppy_Harlow_and_Jim_Sciutto,https://archive.org/download/CNNW_20190108_140000_CNN_Newsroom_with_Poppy_Harlow_and_Jim_Sciutto/CNNW_20190108_140000_CNN_Newsroom_with_Poppy_Harlow_and_Jim_Sciutto.thumbs/CNNW_20190108_140000_CNN_Newsroom_with_Poppy_Harlow_and_Jim_Sciutto_003417.jpg,"pay attention now. this matters to you and your children. a stunning report this morning, u.s. greenhouse gas emissions are surging. according to researchers carbon emissions jumped 3.4% despite a record number of coal plants"
https://archive.org/details/CNNW_20190131_000000_Erin_Burnett_OutFront#start/3572/end/3607,1/31/2019 0:59:47,CNN,Erin Burnett OutFront,CNNW_20190131_000000_Erin_Burnett_OutFront,https://archive.org/download/CNNW_20190131_000000_Erin_Burnett_OutFront/CNNW_20190131_000000_Erin_Burnett_OutFront.thumbs/CNNW_20190131_000000_Erin_Burnett_OutFront_003568.jpg,"the national oceanic atmospheric administration demonstrated winter storms don't prove global warming isn't happening. but it was the typo that"
https://archive.org/details/CNNW_20190130_020000_Cuomo_Prime_Time#start/2949/end/2984,1/30/2019 2:49:24,CNN,Cuomo Prime Time,CNNW_20190130_020000_Cuomo_Prime_Time,https://archive.org/download/CNNW_20190130_020000_Cuomo_Prime_Time/CNNW_20190130_020000_Cuomo_Prime_Time.thumbs/CNNW_20190130_020000_Cuomo_Prime_Time_002937.jpg,"that global warming isn't happening. let's bring in d.lemon. this is an argument that -- you should have been in shorts an"
https://archive.org/details/CNNW_20190101_090000_CNN_Special_Report#start/428/end/463,1/1/2019 9:07:23,CNN,CNN Special Report,CNNW_20190101_090000_CNN_Special_Report,https://archive.org/download/CNNW_20190101_090000_CNN_Special_Report/CNNW_20190101_090000_CNN_Special_Report.thumbs/CNNW_20190101_090000_CNN_Special_Report_000418.jpg,"devastating costs of climate change. feels pretty apocalyptic. that's a thought. feels like not a good thing. feels like climate change is real. to that point, global temperatures soared once again."
https://archive.org/details/CNNW_20190130_100000_Early_Start_with_Christine_Romans_and_Dave_Briggs#start/425/end/460,1/30/2019 10:07:20,CNN,Early Start with Christine Romans and Dave Briggs,CNNW_20190130_100000_Early_Start_with_Christine_Romans_and_Dave_Briggs,https://archive.org/download/CNNW_20190130_100000_Early_Start_with_Christine_Romans_and_Dave_Briggs/CNNW_20190130_100000_Early_Start_with_Christine_Romans_and_Dave_Briggs.thumbs/CNNW_20190130_100000_Early_Start_with_Christine_Romans_and_Dave_Briggs_000418.jpg,"finally, the ic is saying that climate change is causing causing national security threats while the president himself routinely cast doubt on the very existence of climate change. so, just a remarkable series of"
https://archive.org/details/CNNW_20190108_140000_CNN_Newsroom_with_Poppy_Harlow_and_Jim_Sciutto#start/3534/end/3569,1/8/2019 14:59:09,CNN,CNN Newsroom with Poppy Harlow and Jim Sciutto,CNNW_20190108_140000_CNN_Newsroom_with_Poppy_Harlow_and_Jim_Sciutto,https://archive.org/download/CNNW_20190108_140000_CNN_Newsroom_with_Poppy_Harlow_and_Jim_Sciutto/CNNW_20190108_140000_CNN_Newsroom_with_Poppy_Harlow_and_Jim_Sciutto.thumbs/CNNW_20190108_140000_CNN_Newsroom_with_Poppy_Harlow_and_Jim_Sciutto_003507.jpg,"example of why the united states should not have pulled out of the paris climate change agreement. the goal is to strengthen the global response to climate change and create a network of international bodies dedicated to lowering emissions."
https://archive.org/details/CNNW_20190130_190000_CNN_Newsroom_With_Brooke_Baldwin#start/1304/end/1339,1/30/2019 19:21:59,CNN,CNN Newsroom With Brooke Baldwin,CNNW_20190130_190000_CNN_Newsroom_With_Brooke_Baldwin,https://archive.org/download/CNNW_20190130_190000_CNN_Newsroom_With_Brooke_Baldwin/CNNW_20190130_190000_CNN_Newsroom_With_Brooke_Baldwin.thumbs/CNNW_20190130_190000_CNN_Newsroom_With_Brooke_Baldwin_001288.jpg,"democrat? it's really simple and clear what it means to be a democrat. we're the party of the people. we're the party that's talking about your access to affordable health care, your access to affordable education, tackling the challenges of climate"
https://archive.org/details/CNNW_20190101_100000_CNN_Special_Report#start/431/end/466,1/1/2019 10:07:26,CNN,CNN Special Report,CNNW_20190101_100000_CNN_Special_Report,https://archive.org/download/CNNW_20190101_100000_CNN_Special_Report/CNNW_20190101_100000_CNN_Special_Report.thumbs/CNNW_20190101_100000_CNN_Special_Report_000417.jpg,"natural disasters this year too, for some advocates, it was the mounting evidence of the devastating costs of climate change. feels pretty apocalyptic. that's a thought. feels like not a good thing. feels like climate change is real. to that point, global"
https://archive.org/details/CNNW_20190123_030000_CNN_Tonight_With_Don_Lemon#start/2870/end/2905,1/23/2019 3:48:05,CNN,CNN Tonight With Don Lemon,CNNW_20190123_030000_CNN_Tonight_With_Don_Lemon,https://archive.org/download/CNNW_20190123_030000_CNN_Tonight_With_Don_Lemon/CNNW_20190123_030000_CNN_Tonight_With_Don_Lemon.thumbs/CNNW_20190123_030000_CNN_Tonight_With_Don_Lemon_002849.jpg,"in nevada last weekend and new hampshire just today and we had some tremendous meetings with college students talking about climate change. this is a generation that really understands how both the peril of climate change and the promise of economic development"
https://archive.org/details/CNNW_20190120_000000_The_Axe_Files#start/1207/end/1242,1/20/2019 0:20:22,CNN,The Axe Files,CNNW_20190120_000000_The_Axe_Files,https://archive.org/download/CNNW_20190120_000000_The_Axe_Files/CNNW_20190120_000000_The_Axe_Files.thumbs/CNNW_20190120_000000_The_Axe_Files_001198.jpg,"did he do something for workers? did he make it better? no, he just pulled out. ceded power in asia. pulls out of paris. gets absolutely -- climate change accord -- absolutely nothing on climate change accord. getting nothing for pulling out of paris."
https://archive.org/details/CNNW_20190116_190000_CNN_Newsroom_With_Brooke_Baldwin#start/1907/end/1942,1/16/2019 19:32:02,CNN,CNN Newsroom With Brooke Baldwin,CNNW_20190116_190000_CNN_Newsroom_With_Brooke_Baldwin,https://archive.org/download/CNNW_20190116_190000_CNN_Newsroom_With_Brooke_Baldwin/CNNW_20190116_190000_CNN_Newsroom_With_Brooke_Baldwin.thumbs/CNNW_20190116_190000_CNN_Newsroom_With_Brooke_Baldwin_001888.jpg,"change. this is november 2012. but nonetheless, the concept of global warming was created by and for the chinese in order to make u.s. manufacturing noncompetitive. lots of scientists would"
https://archive.org/details/CNNW_20190131_000000_Erin_Burnett_OutFront#start/3541/end/3576,1/31/2019 0:59:16,CNN,Erin Burnett OutFront,CNNW_20190131_000000_Erin_Burnett_OutFront,https://archive.org/download/CNNW_20190131_000000_Erin_Burnett_OutFront/CNNW_20190131_000000_Erin_Burnett_OutFront.thumbs/CNNW_20190131_000000_Erin_Burnett_OutFront_003538.jpg,"climate is what happens over the long run. reporter: old cartoons recirculated. trump is cold, therefore global warming is a hoax. new cartoons popped up. are you crazy or just plain"
https://archive.org/details/CNNW_20190130_060000_Cuomo_Prime_Time#start/2940/end/2975,1/30/2019 6:49:15,CNN,Cuomo Prime Time,CNNW_20190130_060000_Cuomo_Prime_Time,https://archive.org/download/CNNW_20190130_060000_Cuomo_Prime_Time/CNNW_20190130_060000_Cuomo_Prime_Time.thumbs/CNNW_20190130_060000_Cuomo_Prime_Time_002938.jpg,"even his own government agency, noa, had to correct him. quote, winter storms don't prove that global warming isn't happening. let's bring in d. lemon. this is an argument that -- you       _"
https://archive.org/details/CNNW_20190131_000000_Erin_Burnett_OutFront#start/3529/end/3564,1/31/2019 0:59:04,CNN,Erin Burnett OutFront,CNNW_20190131_000000_Erin_Burnett_OutFront,https://archive.org/download/CNNW_20190131_000000_Erin_Burnett_OutFront/CNNW_20190131_000000_Erin_Burnett_OutFront.thumbs/CNNW_20190131_000000_Erin_Burnett_OutFront_003508.jpg,"reporter: with the president once again questioning global warming, it's safe to forecast a 100% chance of shade. hi, mr. president. reporter: kimmel had two kids school the president in science. weather is what happens today."
https://archive.org/details/CNNW_20190131_010000_Anderson_Cooper_360#start/3566/end/3601,1/31/2019 1:59:41,CNN,Anderson Cooper 360,CNNW_20190131_010000_Anderson_Cooper_360,https://archive.org/download/CNNW_20190131_010000_Anderson_Cooper_360/CNNW_20190131_010000_Anderson_Cooper_360.thumbs/CNNW_20190131_010000_Anderson_Cooper_360_003538.jpg,"global waming doesn't exist. there's no such thing. it's a hoax. oh. i'm being told he meant global warming. apparently got so excited on the t twitter machine that the left out the 'r.' nasa does have a great"
https://archive.org/details/CNNW_20190130_020000_Cuomo_Prime_Time#start/2966/end/3001,1/30/2019 2:49:41,CNN,Cuomo Prime Time,CNNW_20190130_020000_Cuomo_Prime_Time,https://archive.org/download/CNNW_20190130_020000_Cuomo_Prime_Time/CNNW_20190130_020000_Cuomo_Prime_Time.thumbs/CNNW_20190130_020000_Cuomo_Prime_Time_002967.jpg,"bermudas. still global warming. that's a nice hat. it's for kevin. it's for my trusty floor director here. here you go, buddy. the guy that looks like wolverine? yeah. they call him hugh jackman. this is an"
https://archive.org/details/CNNW_20190129_080000_CNN_Newsroom_Live#start/3182/end/3217,1/29/2019 8:53:17,CNN,CNN Newsroom Live,CNNW_20190129_080000_CNN_Newsroom_Live,https://archive.org/download/CNNW_20190129_080000_CNN_Newsroom_Live/CNNW_20190129_080000_CNN_Newsroom_Live.thumbs/CNNW_20190129_080000_CNN_Newsroom_Live_003178.jpg,"are reaching minus 60 degrees. the coldest ever recorded. in coming days expect it to get colder. people can't last outside for minutes. what the hell is going on with global warming? come back fast. we need you."
https://archive.org/details/CNNW_20190130_060000_Cuomo_Prime_Time#start/2961/end/2996,1/30/2019 6:49:36,CNN,Cuomo Prime Time,CNNW_20190130_060000_Cuomo_Prime_Time,https://archive.org/download/CNNW_20190130_060000_Cuomo_Prime_Time/CNNW_20190130_060000_Cuomo_Prime_Time.thumbs/CNNW_20190130_060000_Cuomo_Prime_Time_002938.jpg,"should have been in like shorts and bermudas and been like still global warming, it's still too hot. that's a nice hat. it's for kevin, for my trusty floor director here. he's good-looking, the guy"
https://archive.org/details/CNNW_20190130_060000_Cuomo_Prime_Time#start/2978/end/3013,1/30/2019 6:49:53,CNN,Cuomo Prime Time,CNNW_20190130_060000_Cuomo_Prime_Time,https://archive.org/download/CNNW_20190130_060000_Cuomo_Prime_Time/CNNW_20190130_060000_Cuomo_Prime_Time.thumbs/CNNW_20190130_060000_Cuomo_Prime_Time_002968.jpg,"looks like wolverine? so this is an argument i should by having with cha-cha, but daddy it's cold outside, there should be no global warming. this is why i think it's important to refer to it as"
https://archive.org/details/CNNW_20190129_060000_Cuomo_Prime_Time#start/1255/end/1290,1/29/2019 6:21:10,CNN,Cuomo Prime Time,CNNW_20190129_060000_Cuomo_Prime_Time,https://archive.org/download/CNNW_20190129_060000_Cuomo_Prime_Time/CNNW_20190129_060000_Cuomo_Prime_Time.thumbs/CNNW_20190129_060000_Cuomo_Prime_Time_001227.jpg,"of things that donald trump is doing now, getting grass roots activated and raising money and those sorts of things. he's a liberal on minimum wage and global warming. and health care. he splits the ticket on the"
https://archive.org/details/CNNW_20190131_050000_Anderson_Cooper_360#start/3550/end/3585,1/31/2019 5:59:25,CNN,Anderson Cooper 360,CNNW_20190131_050000_Anderson_Cooper_360,https://archive.org/download/CNNW_20190131_050000_Anderson_Cooper_360/CNNW_20190131_050000_Anderson_Cooper_360.thumbs/CNNW_20190131_050000_Anderson_Cooper_360_003538.jpg,"going on with this so-called global waming? global waming doesn't exist. there's no such thing. it's a hoax. oh. i'm being told he meant global warming. apparently got so excited on the twitter machine that he left out the 'r.'"
https://archive.org/details/CNNW_20190130_060000_Cuomo_Prime_Time#start/2693/end/2728,1/30/2019 6:45:08,CNN,Cuomo Prime Time,CNNW_20190130_060000_Cuomo_Prime_Time,https://archive.org/download/CNNW_20190130_060000_Cuomo_Prime_Time/CNNW_20190130_060000_Cuomo_Prime_Time.thumbs/CNNW_20190130_060000_Cuomo_Prime_Time_002670.jpg,"in some places really cold. how could there possibly be global warming if it's so cold outside? hah. that's not me. that's the president. that's what he said, and now here comes science next. hey. i heard you're moving into a new apartment."
https://archive.org/details/CNNW_20190128_000000_CNN_Newsroom_With_Ana_Cabrera#start/3455/end/3490,1/28/2019 0:57:50,CNN,CNN Newsroom With Ana Cabrera,CNNW_20190128_000000_CNN_Newsroom_With_Ana_Cabrera,https://archive.org/download/CNNW_20190128_000000_CNN_Newsroom_With_Ana_Cabrera/CNNW_20190128_000000_CNN_Newsroom_With_Ana_Cabrera.thumbs/CNNW_20190128_000000_CNN_Newsroom_With_Ana_Cabrera_003447.jpg,"amounts of snow and near-recording setting cold. amazing how big the system s wouldn't it be bad to have a little bit of that good old-fashioned global warming right now. also we heard from alexandria"
https://archive.org/details/CNNW_20190123_170000_Inside_Politics#start/3643/end/3678,1/23/2019 18:00:58,CNN,Inside Politics,CNNW_20190123_170000_Inside_Politics,https://archive.org/download/CNNW_20190123_170000_Inside_Politics/CNNW_20190123_170000_Inside_Politics.thumbs/CNNW_20190123_170000_Inside_Politics_003630.jpg,"conservatives love to hate and she thinks the world will end in ten years because of climate change and compares it to world war ii. and the male nurse"
https://archive.org/details/CNNW_20190130_020000_Cuomo_Prime_Time#start/3000/end/3035,1/30/2019 2:50:15,CNN,Cuomo Prime Time,CNNW_20190130_020000_Cuomo_Prime_Time,https://archive.org/download/CNNW_20190130_020000_Cuomo_Prime_Time/CNNW_20190130_020000_Cuomo_Prime_Time.thumbs/CNNW_20190130_020000_Cuomo_Prime_Time_002997.jpg,"think he understands, in the hospital only did you say that noaa is saying the president is wrong, his own intel community is saying that he's wrong. here's what they say. this is from the intelligence community. in a written assessment of worldwide threats, the u.s. intelligence community laid out the potential security challenges posed by climate"
https://archive.org/details/CNNW_20190130_020000_Cuomo_Prime_Time#start/2675/end/2710,1/30/2019 2:44:50,CNN,Cuomo Prime Time,CNNW_20190130_020000_Cuomo_Prime_Time,https://archive.org/download/CNNW_20190130_020000_Cuomo_Prime_Time/CNNW_20190130_020000_Cuomo_Prime_Time.thumbs/CNNW_20190130_020000_Cuomo_Prime_Time_002669.jpg,"help us through see the chaos. thank you. it's wintertime and it's cold. in some cases, really cold. how could there be global warming if it's so cold outside? that's not me. that's the president. that's what he said and now here comes science, next."
https://archive.org/details/CNNW_20190106_150000_Fareed_Zakaria_GPS#start/100/end/135,1/6/2019 15:01:55,CNN,Fareed Zakaria GPS,CNNW_20190106_150000_Fareed_Zakaria_GPS,https://archive.org/download/CNNW_20190106_150000_Fareed_Zakaria_GPS/CNNW_20190106_150000_Fareed_Zakaria_GPS.thumbs/CNNW_20190106_150000_Fareed_Zakaria_GPS_000087.jpg,"the climate crisis? how should anyone approach any decision? well, steven johnson has written the book about just that. but first, here's my take."
https://archive.org/details/CNNW_20190130_010000_Anderson_Cooper_360#start/2671/end/2706,1/30/2019 1:44:46,CNN,Anderson Cooper 360,CNNW_20190130_010000_Anderson_Cooper_360,https://archive.org/download/CNNW_20190130_010000_Anderson_Cooper_360/CNNW_20190130_010000_Anderson_Cooper_360.thumbs/CNNW_20190130_010000_Anderson_Cooper_360_002668.jpg,"hear that global warming is a threat or the russians are trying to undermine us. it's stuff on the front pages every day. my reaction is this is a waste of money, but then i realized who is the person in the oval office? you have somebody who is a"
https://archive.org/details/CNNW_20190130_020000_Cuomo_Prime_Time#start/3080/end/3115,1/30/2019 2:51:35,CNN,Cuomo Prime Time,CNNW_20190130_020000_Cuomo_Prime_Time,https://archive.org/download/CNNW_20190130_020000_Cuomo_Prime_Time/CNNW_20190130_020000_Cuomo_Prime_Time.thumbs/CNNW_20190130_020000_Cuomo_Prime_Time_003057.jpg,"they wouldn't believe in actual science and scientists. stunning is the word. what's the big sell for your show tonight. that's part of it. how much time we spent fact checking this president. not only on issues like global warming or climate changing or what's happening in north korea,"
https://archive.org/details/CNNW_20190128_000000_CNN_Newsroom_With_Ana_Cabrera#start/3505/end/3540,1/28/2019 0:58:40,CNN,CNN Newsroom With Ana Cabrera,CNNW_20190128_000000_CNN_Newsroom_With_Ana_Cabrera,https://archive.org/download/CNNW_20190128_000000_CNN_Newsroom_With_Ana_Cabrera/CNNW_20190128_000000_CNN_Newsroom_With_Ana_Cabrera.thumbs/CNNW_20190128_000000_CNN_Newsroom_With_Ana_Cabrera_003477.jpg,"jennifer? anna, we've seen tweets like this from trump before. it's cold outside. where is global warming? in fact, it is cold. it's winter and we're going to get colder as we go into next week, especially across the northern and eastern tier of the country, but trump is confusing"
https://archive.org/details/CNNW_20190103_190000_CNN_Newsroom_With_Brooke_Baldwin#start/2232/end/2267,1/3/2019 19:37:27,CNN,CNN Newsroom With Brooke Baldwin,CNNW_20190103_190000_CNN_Newsroom_With_Brooke_Baldwin,https://archive.org/download/CNNW_20190103_190000_CNN_Newsroom_With_Brooke_Baldwin/CNNW_20190103_190000_CNN_Newsroom_With_Brooke_Baldwin.thumbs/CNNW_20190103_190000_CNN_Newsroom_With_Brooke_Baldwin_002218.jpg,"a select committee on climate crisis. the entire congress must work to put an end to the inaction and denial of science that threaten the planet in the future."
https://archive.org/details/CNNW_20190130_050000_Anderson_Cooper_360#start/2676/end/2711,1/30/2019 5:44:51,CNN,Anderson Cooper 360,CNNW_20190130_050000_Anderson_Cooper_360,https://archive.org/download/CNNW_20190130_050000_Anderson_Cooper_360/CNNW_20190130_050000_Anderson_Cooper_360.thumbs/CNNW_20190130_050000_Anderson_Cooper_360_002668.jpg,"morning, anderson, and it's basically stuff you can read in the 'new york times' or 'washington post' or cnn. it is not a huge revelation to hear that global warming is a threat or the russians are trying to underminus. i mean, this is all stuff that's on the front pages every single"
https://archive.org/details/CNNW_20190127_220000_CNN_Newsroom_With_Ana_Cabrera#start/54/end/89,1/27/2019 22:01:09,CNN,CNN Newsroom With Ana Cabrera,CNNW_20190127_220000_CNN_Newsroom_With_Ana_Cabrera,https://archive.org/download/CNNW_20190127_220000_CNN_Newsroom_With_Ana_Cabrera/CNNW_20190127_220000_CNN_Newsroom_With_Ana_Cabrera.thumbs/CNNW_20190127_220000_CNN_Newsroom_With_Ana_Cabrera_000029.jpg,"let's speak truth, climate change is real and happening now. everybody here knows, from wildfires in the west to"
https://archive.org/details/CNNW_20190116_190000_CNN_Newsroom_With_Brooke_Baldwin#start/1874/end/1909,1/16/2019 19:31:29,CNN,CNN Newsroom With Brooke Baldwin,CNNW_20190116_190000_CNN_Newsroom_With_Brooke_Baldwin,https://archive.org/download/CNNW_20190116_190000_CNN_Newsroom_With_Brooke_Baldwin/CNNW_20190116_190000_CNN_Newsroom_With_Brooke_Baldwin.thumbs/CNNW_20190116_190000_CNN_Newsroom_With_Brooke_Baldwin_001858.jpg,"about climate change more broadly in the trump administration. donald trump knows he's been. a very, very skeptical figure as"
https://archive.org/details/CNNW_20190104_090000_Early_Start_with_Christine_Romans_and_Dave_Briggs#start/322/end/357,1/4/2019 9:05:37,CNN,Early Start with Christine Romans and Dave Briggs,CNNW_20190104_090000_Early_Start_with_Christine_Romans_and_Dave_Briggs,https://archive.org/download/CNNW_20190104_090000_Early_Start_with_Christine_Romans_and_Dave_Briggs/CNNW_20190104_090000_Early_Start_with_Christine_Romans_and_Dave_Briggs.thumbs/CNNW_20190104_090000_Early_Start_with_Christine_Romans_and_Dave_Briggs_000297.jpg,"of rules on the way the house conducts business. it creates a select commitmeteen climate change. it bans sexual orientation and"
https://archive.org/details/CNNW_20190117_090000_Early_Start_with_Christine_Romans_and_Dave_Briggs#start/1031/end/1066,1/17/2019 9:17:26,CNN,Early Start with Christine Romans and Dave Briggs,CNNW_20190117_090000_Early_Start_with_Christine_Romans_and_Dave_Briggs,https://archive.org/download/CNNW_20190117_090000_Early_Start_with_Christine_Romans_and_Dave_Briggs/CNNW_20190117_090000_Early_Start_with_Christine_Romans_and_Dave_Briggs.thumbs/CNNW_20190117_090000_Early_Start_with_Christine_Romans_and_Dave_Briggs_001020.jpg,"away from forested land. wheeler told senators climate change is a huge issue but, quote, not the greatest crisis. two resolutions to censure"
https://archive.org/details/CNNW_20190121_090000_Early_Start_with_Christine_Romans_and_Dave_Briggs#start/1475/end/1510,1/21/2019 9:24:50,CNN,Early Start with Christine Romans and Dave Briggs,CNNW_20190121_090000_Early_Start_with_Christine_Romans_and_Dave_Briggs,https://archive.org/download/CNNW_20190121_090000_Early_Start_with_Christine_Romans_and_Dave_Briggs/CNNW_20190121_090000_Early_Start_with_Christine_Romans_and_Dave_Briggs.thumbs/CNNW_20190121_090000_Early_Start_with_Christine_Romans_and_Dave_Briggs_001467.jpg,"is you. 60% of coffee in the wild could go extinct. researchers warn climate change, deforestation, droughts and plant diseases are putting the"
https://archive.org/details/CNNW_20190112_070000_CNN_Tonight_With_Don_Lemon#start/3476/end/3511,1/12/2019 7:58:11,CNN,CNN Tonight With Don Lemon,CNNW_20190112_070000_CNN_Tonight_With_Don_Lemon,https://archive.org/download/CNNW_20190112_070000_CNN_Tonight_With_Don_Lemon/CNNW_20190112_070000_CNN_Tonight_With_Don_Lemon.thumbs/CNNW_20190112_070000_CNN_Tonight_With_Don_Lemon_003478.jpg,"considering it. i do have some very compelling convictions that we do need a president that will make climate change a issue and will rally"
https://archive.org/details/CNNW_20190108_010000_Anderson_Cooper_360#start/2592/end/2627,1/8/2019 1:43:27,CNN,Anderson Cooper 360,CNNW_20190108_010000_Anderson_Cooper_360,https://archive.org/download/CNNW_20190108_010000_Anderson_Cooper_360/CNNW_20190108_010000_Anderson_Cooper_360.thumbs/CNNW_20190108_010000_Anderson_Cooper_360_002578.jpg,"most powerful democrats in house. like bernie sanders, she's a democratic socialist, believes in college, climate change, she's been described as an inspiring and idealistic"
https://archive.org/details/CNNW_20190104_090000_Early_Start_with_Christine_Romans_and_Dave_Briggs#start/2146/end/2181,1/4/2019 9:36:01,CNN,Early Start with Christine Romans and Dave Briggs,CNNW_20190104_090000_Early_Start_with_Christine_Romans_and_Dave_Briggs,https://archive.org/download/CNNW_20190104_090000_Early_Start_with_Christine_Romans_and_Dave_Briggs/CNNW_20190104_090000_Early_Start_with_Christine_Romans_and_Dave_Briggs.thumbs/CNNW_20190104_090000_Early_Start_with_Christine_Romans_and_Dave_Briggs_002127.jpg,"climate change. it bans discrimination on sexual orientation and gender. are it allows religious headgear in the chamber. fun fact, hats have been banned"
https://archive.org/details/CNNW_20190129_100000_Early_Start_with_Christine_Romans_and_Dave_Briggs#start/2123/end/2158,1/29/2019 10:35:38,CNN,Early Start with Christine Romans and Dave Briggs,CNNW_20190129_100000_Early_Start_with_Christine_Romans_and_Dave_Briggs,https://archive.org/download/CNNW_20190129_100000_Early_Start_with_Christine_Romans_and_Dave_Briggs/CNNW_20190129_100000_Early_Start_with_Christine_Romans_and_Dave_Briggs.thumbs/CNNW_20190129_100000_Early_Start_with_Christine_Romans_and_Dave_Briggs_002099.jpg,"she supports a green new deal to fight climate change, paid parental leave and what she calls reasonable gun control debt free college also, not listed here."
https://archive.org/details/CNNW_20190113_000000_The_Van_Jones_Show#start/224/end/259,1/13/2019 0:03:59,CNN,The Van Jones Show,CNNW_20190113_000000_The_Van_Jones_Show,https://archive.org/download/CNNW_20190113_000000_The_Van_Jones_Show/CNNW_20190113_000000_The_Van_Jones_Show.thumbs/CNNW_20190113_000000_The_Van_Jones_Show_000207.jpg,"or opioids. you've got 70000 americans died in 2017. that's a record. it's a bad record. this wall is not going to stop that. that's a real crisis. let's get together and physical examination it. the climate crisis. carbon dioxide emissions, up"
https://archive.org/details/CNNW_20190103_190000_CNN_Newsroom_With_Brooke_Baldwin#start/2220/end/2255,1/3/2019 19:37:15,CNN,CNN Newsroom With Brooke Baldwin,CNNW_20190103_190000_CNN_Newsroom_With_Brooke_Baldwin,https://archive.org/download/CNNW_20190103_190000_CNN_Newsroom_With_Brooke_Baldwin/CNNW_20190103_190000_CNN_Newsroom_With_Brooke_Baldwin.thumbs/CNNW_20190103_190000_CNN_Newsroom_With_Brooke_Baldwin_002218.jpg,"existential threat of our time, the climate crisis, a crisis manifested in natural disasters of epic proportions. the american people understand the urgency. the people are ahead of the congress, the congress must join them. and that is why we have created"
https://archive.org/details/CNNW_20190112_030000_CNN_Tonight_With_Don_Lemon#start/3508/end/3543,1/12/2019 3:58:43,CNN,CNN Tonight With Don Lemon,CNNW_20190112_030000_CNN_Tonight_With_Don_Lemon,https://archive.org/download/CNNW_20190112_030000_CNN_Tonight_With_Don_Lemon/CNNW_20190112_030000_CNN_Tonight_With_Don_Lemon.thumbs/CNNW_20190112_030000_CNN_Tonight_With_Don_Lemon_003507.jpg,"i do have some very compelling convictions that we do need a president who will make climate change a parra mount first and foremost issue who will rally"
https://archive.org/details/CNNW_20190103_200000_CNN_Newsroom_With_Brooke_Baldwin#start/1856/end/1891,1/3/2019 20:31:11,CNN,CNN Newsroom With Brooke Baldwin,CNNW_20190103_200000_CNN_Newsroom_With_Brooke_Baldwin,https://archive.org/download/CNNW_20190103_200000_CNN_Newsroom_With_Brooke_Baldwin/CNNW_20190103_200000_CNN_Newsroom_With_Brooke_Baldwin.thumbs/CNNW_20190103_200000_CNN_Newsroom_With_Brooke_Baldwin_001857.jpg,"fundamentally more progressive, inclusive populist country that wants things like higher taxes on the rich and solutions to climate change and corporations and big business to be held"
https://archive.org/details/CNNW_20190108_050000_Anderson_Cooper_360#start/2653/end/2688,1/8/2019 5:44:28,CNN,Anderson Cooper 360,CNNW_20190108_050000_Anderson_Cooper_360,https://archive.org/download/CNNW_20190108_050000_Anderson_Cooper_360/CNNW_20190108_050000_Anderson_Cooper_360.thumbs/CNNW_20190108_050000_Anderson_Cooper_360_002637.jpg,"just a few days later, as soon as she got to washington -- she paid a visit to climate change activists who were occupying her party leader, nancy pelosi's, office."
https://archive.org/details/CNNW_20190123_100000_Early_Start_with_Christine_Romans_and_Dave_Briggs#start/2827/end/2862,1/23/2019 10:47:22,CNN,Early Start with Christine Romans and Dave Briggs,CNNW_20190123_100000_Early_Start_with_Christine_Romans_and_Dave_Briggs,https://archive.org/download/CNNW_20190123_100000_Early_Start_with_Christine_Romans_and_Dave_Briggs/CNNW_20190123_100000_Early_Start_with_Christine_Romans_and_Dave_Briggs.thumbs/CNNW_20190123_100000_Early_Start_with_Christine_Romans_and_Dave_Briggs_002818.jpg,"chancellor angela merkel and shinzo abe. the move less optimistic than last year as policy leaders worry about the slowdown, trade tensions and climate change. cnn's julia chatterley is live"
https://archive.org/details/CNNW_20190128_190000_CNN_Newsroom_With_Brooke_Baldwin#start/364/end/399,1/28/2019 19:06:19,CNN,CNN Newsroom With Brooke Baldwin,CNNW_20190128_190000_CNN_Newsroom_With_Brooke_Baldwin,https://archive.org/download/CNNW_20190128_190000_CNN_Newsroom_With_Brooke_Baldwin/CNNW_20190128_190000_CNN_Newsroom_With_Brooke_Baldwin.thumbs/CNNW_20190128_190000_CNN_Newsroom_With_Brooke_Baldwin_000358.jpg,"in a generation. climate change is real. and it is happening now. mass incarceration to bail to policing our criminal justice system needs drastic repair. we will secure our elections and"
https://archive.org/details/CNNW_20190107_090000_Early_Start_with_Christine_Romans_and_Dave_Briggs#start/684/end/719,1/7/2019 9:11:39,CNN,Early Start with Christine Romans and Dave Briggs,CNNW_20190107_090000_Early_Start_with_Christine_Romans_and_Dave_Briggs,https://archive.org/download/CNNW_20190107_090000_Early_Start_with_Christine_Romans_and_Dave_Briggs/CNNW_20190107_090000_Early_Start_with_Christine_Romans_and_Dave_Briggs.thumbs/CNNW_20190107_090000_Early_Start_with_Christine_Romans_and_Dave_Briggs_000657.jpg,"alexandria ocasio-cortez proposed taxing the wealthy as much as 70% to fund a climate change plan she's pushing that is called green new deal. once you get to like the"
https://archive.org/details/CNNW_20190103_200000_CNN_Newsroom_With_Brooke_Baldwin#start/3516/end/3551,1/3/2019 20:58:51,CNN,CNN Newsroom With Brooke Baldwin,CNNW_20190103_200000_CNN_Newsroom_With_Brooke_Baldwin,https://archive.org/download/CNNW_20190103_200000_CNN_Newsroom_With_Brooke_Baldwin/CNNW_20190103_200000_CNN_Newsroom_With_Brooke_Baldwin.thumbs/CNNW_20190103_200000_CNN_Newsroom_With_Brooke_Baldwin_003507.jpg,"important provisions. the establishment of the first diversity office in the united states congress, a select committee to deal with the climate crisis. so many other important components so ultimately i'll be investigate yes. i've got 30 seconds left. joe biden endorsed your bid for"
https://archive.org/details/CNNW_20190128_200000_CNN_Newsroom_With_Brooke_Baldwin#start/540/end/575,1/28/2019 20:09:15,CNN,CNN Newsroom With Brooke Baldwin,CNNW_20190128_200000_CNN_Newsroom_With_Brooke_Baldwin,https://archive.org/download/CNNW_20190128_200000_CNN_Newsroom_With_Brooke_Baldwin/CNNW_20190128_200000_CNN_Newsroom_With_Brooke_Baldwin.thumbs/CNNW_20190128_200000_CNN_Newsroom_With_Brooke_Baldwin_000540.jpg,"and fight for the truth. we will deliver the largest working and middle class tax cut in a generation. climate change is real. and it is happening now. from mass incarceration to cash"
https://archive.org/details/CNNW_20190129_080000_CNN_Newsroom_Live#start/3198/end/3233,1/29/2019 8:53:33,CNN,CNN Newsroom Live,CNNW_20190129_080000_CNN_Newsroom_Live,https://archive.org/download/CNNW_20190129_080000_CNN_Newsroom_Live/CNNW_20190129_080000_CNN_Newsroom_Live.thumbs/CNNW_20190129_080000_CNN_Newsroom_Live_003178.jpg,"discuss. he's tweeted over 100 times since 2009 before he was president about climate change and weather in general. the difference is vast. weather or climate. we talk about weather it's like"
https://archive.org/details/CNNW_20190129_200000_CNN_Newsroom_With_Brooke_Baldwin#start/1228/end/1263,1/29/2019 20:20:43,CNN,CNN Newsroom With Brooke Baldwin,CNNW_20190129_200000_CNN_Newsroom_With_Brooke_Baldwin,https://archive.org/download/CNNW_20190129_200000_CNN_Newsroom_With_Brooke_Baldwin/CNNW_20190129_200000_CNN_Newsroom_With_Brooke_Baldwin.thumbs/CNNW_20190129_200000_CNN_Newsroom_With_Brooke_Baldwin_001228.jpg,"the north koreans are not headed in the direction the president's have said they are heading. climate change threatens us dramatically as american and as a planet and that isis has not"
https://archive.org/details/CNNW_20190130_000000_Erin_Burnett_OutFront#start/177/end/212,1/30/2019 0:03:12,CNN,Erin Burnett OutFront,CNNW_20190130_000000_Erin_Burnett_OutFront,https://archive.org/download/CNNW_20190130_000000_Erin_Burnett_OutFront/CNNW_20190130_000000_Erin_Burnett_OutFront.thumbs/CNNW_20190130_000000_Erin_Burnett_OutFront_000179.jpg,"they warned about the dangers of climate change. that's also in this report and in it they write climate hazards such as extreme weather, higher temperatures, drought, floods, and oceans are intensifying"
https://archive.org/details/CNNW_20190129_100000_Early_Start_with_Christine_Romans_and_Dave_Briggs#start/273/end/308,1/29/2019 10:04:48,CNN,Early Start with Christine Romans and Dave Briggs,CNNW_20190129_100000_Early_Start_with_Christine_Romans_and_Dave_Briggs,https://archive.org/download/CNNW_20190129_100000_Early_Start_with_Christine_Romans_and_Dave_Briggs/CNNW_20190129_100000_Early_Start_with_Christine_Romans_and_Dave_Briggs.thumbs/CNNW_20190129_100000_Early_Start_with_Christine_Romans_and_Dave_Briggs_000268.jpg,"she backs medicare for all and doing away with private health insurance. she supports a green new deal to fight climate change, paid parental leave and what she calls reasonable gun control"
https://archive.org/details/CNNW_20190102_150000_CNN_Newsroom_with_Poppy_Harlow_and_Jim_Sciutto#start/1324/end/1359,1/2/2019 15:22:19,CNN,CNN Newsroom with Poppy Harlow and Jim Sciutto,CNNW_20190102_150000_CNN_Newsroom_with_Poppy_Harlow_and_Jim_Sciutto,https://archive.org/download/CNNW_20190102_150000_CNN_Newsroom_with_Poppy_Harlow_and_Jim_Sciutto/CNNW_20190102_150000_CNN_Newsroom_with_Poppy_Harlow_and_Jim_Sciutto.thumbs/CNNW_20190102_150000_CNN_Newsroom_with_Poppy_Harlow_and_Jim_Sciutto_001318.jpg,"march, democracies divided. problems like climate change, cyber war fare that no single nation can deal with alone and no wall can contain. is there a foreign policy of responsible global engagement"
https://archive.org/details/CNNW_20190104_170000_Inside_Politics#start/1628/end/1663,1/4/2019 17:27:23,CNN,Inside Politics,CNNW_20190104_170000_Inside_Politics,https://archive.org/download/CNNW_20190104_170000_Inside_Politics/CNNW_20190104_170000_Inside_Politics.thumbs/CNNW_20190104_170000_Inside_Politics_001617.jpg,"millennial. the think the bigger headache for nancy pelosi is raising taxes to 60 or 70% to combat climate change. that's an agenda challenge and an easy way to drive off your"
https://archive.org/details/CNNW_20190101_000000_CNN_Special_Report#start/144/end/179,1/1/2019 0:02:39,CNN,CNN Special Report,CNNW_20190101_000000_CNN_Special_Report,https://archive.org/download/CNNW_20190101_000000_CNN_Special_Report/CNNW_20190101_000000_CNN_Special_Report.thumbs/CNNW_20190101_000000_CNN_Special_Report_000118.jpg,"that's a thought. feels like not a good thing. feels like climate change is real. to that point, global temperatures soared once again. to make 2018 the hottest year on record. does that mean minus"
https://archive.org/details/CNNW_20190116_190000_CNN_Newsroom_With_Brooke_Baldwin#start/1862/end/1897,1/16/2019 19:31:17,CNN,CNN Newsroom With Brooke Baldwin,CNNW_20190116_190000_CNN_Newsroom_With_Brooke_Baldwin,https://archive.org/download/CNNW_20190116_190000_CNN_Newsroom_With_Brooke_Baldwin/CNNW_20190116_190000_CNN_Newsroom_With_Brooke_Baldwin.thumbs/CNNW_20190116_190000_CNN_Newsroom_With_Brooke_Baldwin_001858.jpg,"epa has made under president trump. you can hear the interruptions this. it was what wheeler said about climate change that is concerning to some. what did he say today? first of all, let's talk"
https://archive.org/details/CNNW_20190123_030000_CNN_Tonight_With_Don_Lemon#start/2883/end/2918,1/23/2019 3:48:18,CNN,CNN Tonight With Don Lemon,CNNW_20190123_030000_CNN_Tonight_With_Don_Lemon,https://archive.org/download/CNNW_20190123_030000_CNN_Tonight_With_Don_Lemon/CNNW_20190123_030000_CNN_Tonight_With_Don_Lemon.thumbs/CNNW_20190123_030000_CNN_Tonight_With_Don_Lemon_002879.jpg,"around that issue. if i run, that will be a central tenant because this climate change issue touches everything we do, our economy, our health, our national security. i have been emboldened and very"
https://archive.org/details/CNNW_20190128_100000_Early_Start_with_Christine_Romans_and_Dave_Briggs#start/2228/end/2263,1/28/2019 10:37:23,CNN,Early Start with Christine Romans and Dave Briggs,CNNW_20190128_100000_Early_Start_with_Christine_Romans_and_Dave_Briggs,https://archive.org/download/CNNW_20190128_100000_Early_Start_with_Christine_Romans_and_Dave_Briggs/CNNW_20190128_100000_Early_Start_with_Christine_Romans_and_Dave_Briggs.thumbs/CNNW_20190128_100000_Early_Start_with_Christine_Romans_and_Dave_Briggs_002219.jpg,"she's enjoying that moment. how -- is she the frontrunner where we stand with the given field? and what separates her from the pack? wants the medicare for all plan, climate change clearly at the"
https://archive.org/details/CNNW_20190130_100000_Early_Start_with_Christine_Romans_and_Dave_Briggs#start/332/end/367,1/30/2019 10:05:47,CNN,Early Start with Christine Romans and Dave Briggs,CNNW_20190130_100000_Early_Start_with_Christine_Romans_and_Dave_Briggs,https://archive.org/download/CNNW_20190130_100000_Early_Start_with_Christine_Romans_and_Dave_Briggs/CNNW_20190130_100000_Early_Start_with_Christine_Romans_and_Dave_Briggs.thumbs/CNNW_20190130_100000_Early_Start_with_Christine_Romans_and_Dave_Briggs_000328.jpg,"by president trump from russia, north korea, isis, climate change and more. cnn's alex marquardt has more from washington. good morning, christine and dave. what we saw in the senate intelligence chamber was nothing"
https://archive.org/details/CNNW_20190130_090000_Early_Start_with_Christine_Romans_and_Dave_Briggs#start/2310/end/2345,1/30/2019 9:38:45,CNN,Early Start with Christine Romans and Dave Briggs,CNNW_20190130_090000_Early_Start_with_Christine_Romans_and_Dave_Briggs,https://archive.org/download/CNNW_20190130_090000_Early_Start_with_Christine_Romans_and_Dave_Briggs/CNNW_20190130_090000_Early_Start_with_Christine_Romans_and_Dave_Briggs.thumbs/CNNW_20190130_090000_Early_Start_with_Christine_Romans_and_Dave_Briggs_002308.jpg,"himself routinely cast out on the very existence of climate change. so just a remarkable series of contradictions from the intelligence community to their boss. christine, dave. alex, thank you. medicare for all is suddenly"
https://archive.org/details/CNNW_20190130_020000_Cuomo_Prime_Time#start/2984/end/3019,1/30/2019 2:49:59,CNN,Cuomo Prime Time,CNNW_20190130_020000_Cuomo_Prime_Time,https://archive.org/download/CNNW_20190130_020000_Cuomo_Prime_Time/CNNW_20190130_020000_Cuomo_Prime_Time.thumbs/CNNW_20190130_020000_Cuomo_Prime_Time_002967.jpg,"this is an argument i should be having with chacha. i think that's why it's important to refer to it as climate change. people think, it's got to be warm and if it snows -- i don't            _"
https://archive.org/details/CNNW_20190130_060000_Cuomo_Prime_Time#start/3009/end/3044,1/30/2019 6:50:24,CNN,Cuomo Prime Time,CNNW_20190130_060000_Cuomo_Prime_Time,https://archive.org/download/CNNW_20190130_060000_Cuomo_Prime_Time/CNNW_20190130_060000_Cuomo_Prime_Time.thumbs/CNNW_20190130_060000_Cuomo_Prime_Time_002998.jpg,"this is from the intelligence community. the u.s. intelligence community laid out the potential security challenges posed by climate change including threats to public health, historic levels of human displacement, assaults on religious freedom and"
https://archive.org/details/CNNW_20190107_150000_CNN_Newsroom_with_Poppy_Harlow_and_Jim_Sciutto#start/1191/end/1226,1/7/2019 15:20:06,CNN,CNN Newsroom with Poppy Harlow and Jim Sciutto,CNNW_20190107_150000_CNN_Newsroom_with_Poppy_Harlow_and_Jim_Sciutto,https://archive.org/download/CNNW_20190107_150000_CNN_Newsroom_with_Poppy_Harlow_and_Jim_Sciutto/CNNW_20190107_150000_CNN_Newsroom_with_Poppy_Harlow_and_Jim_Sciutto.thumbs/CNNW_20190107_150000_CNN_Newsroom_with_Poppy_Harlow_and_Jim_Sciutto_001168.jpg,"to drop by during the sit-in. she called on pelosi to create a select committee on climate change without any members of congress who accept monies from the fossil fuel industry. [ cheering and applause ]  _"
https://archive.org/details/CNNW_20190117_090000_Early_Start_with_Christine_Romans_and_Dave_Briggs#start/1016/end/1051,1/17/2019 9:17:11,CNN,Early Start with Christine Romans and Dave Briggs,CNNW_20190117_090000_Early_Start_with_Christine_Romans_and_Dave_Briggs,https://archive.org/download/CNNW_20190117_090000_Early_Start_with_Christine_Romans_and_Dave_Briggs/CNNW_20190117_090000_Early_Start_with_Christine_Romans_and_Dave_Briggs.thumbs/CNNW_20190117_090000_Early_Start_with_Christine_Romans_and_Dave_Briggs_000989.jpg,"because wheeler is repeating what president trump said in november. but note studies do link climate change to a sharp increase in large wildfires. the camp fire and the woolsey fire by the way both took place"
https://archive.org/details/CNNW_20190120_000000_The_Axe_Files#start/3533/end/3568,1/20/2019 0:59:08,CNN,The Axe Files,CNNW_20190120_000000_The_Axe_Files,https://archive.org/download/CNNW_20190120_000000_The_Axe_Files/CNNW_20190120_000000_The_Axe_Files.thumbs/CNNW_20190120_000000_The_Axe_Files_003507.jpg,"incredulous at the idiocy of what is watching in washington today and by the world. they want to deal with climate change, with cyber. february 28th of this year is the 50th anniversary of what i"
https://archive.org/details/CNNW_20190127_230000_CNN_Newsroom_With_Ana_Cabrera#start/3122/end/3157,1/27/2019 23:52:17,CNN,CNN Newsroom With Ana Cabrera,CNNW_20190127_230000_CNN_Newsroom_With_Ana_Cabrera,https://archive.org/download/CNNW_20190127_230000_CNN_Newsroom_With_Ana_Cabrera/CNNW_20190127_230000_CNN_Newsroom_With_Ana_Cabrera.thumbs/CNNW_20190127_230000_CNN_Newsroom_With_Ana_Cabrera_003118.jpg,"thanks, stephanie elam, always good to have you. two powerful voices in washington from oh opposing parties making two different and dubious claims about climate change. we'll fact-check them next, live in the 'cnn newsroom.'."
https://archive.org/details/CNNW_20190125_090000_Early_Start_with_Christine_Romans_and_Dave_Briggs#start/2256/end/2291,1/25/2019 9:37:51,CNN,Early Start with Christine Romans and Dave Briggs,CNNW_20190125_090000_Early_Start_with_Christine_Romans_and_Dave_Briggs,https://archive.org/download/CNNW_20190125_090000_Early_Start_with_Christine_Romans_and_Dave_Briggs/CNNW_20190125_090000_Early_Start_with_Christine_Romans_and_Dave_Briggs.thumbs/CNNW_20190125_090000_Early_Start_with_Christine_Romans_and_Dave_Briggs_002247.jpg,"her plan is not the only proposal on how to tax the wealthy. alexandria ocasio-cortez proposed taxing the wealthy as high as 70%, a marginal tax rate to fund climate change plan called the green new deal."
https://archive.org/details/CNNW_20190131_200000_CNN_Newsroom_With_Brooke_Baldwin#start/1289/end/1324,1/31/2019 20:21:44,CNN,CNN Newsroom With Brooke Baldwin,CNNW_20190131_200000_CNN_Newsroom_With_Brooke_Baldwin,https://archive.org/download/CNNW_20190131_200000_CNN_Newsroom_With_Brooke_Baldwin/CNNW_20190131_200000_CNN_Newsroom_With_Brooke_Baldwin.thumbs/CNNW_20190131_200000_CNN_Newsroom_With_Brooke_Baldwin_001287.jpg,"issues, educate the public and force a serious debate about health care, about climate change, about -- why is howard schultz going to help that? i think howard schultz is uniquely positioned to help this debate because he's not beholden"
https://archive.org/details/CNNW_20190129_170000_Inside_Politics#start/1187/end/1222,1/29/2019 17:20:02,CNN,Inside Politics,CNNW_20190129_170000_Inside_Politics,https://archive.org/download/CNNW_20190129_170000_Inside_Politics/CNNW_20190129_170000_Inside_Politics.thumbs/CNNW_20190129_170000_Inside_Politics_001167.jpg,"is truly the case and that's what you saw out there today. an issue that you wouldn't think would come up in these hearings, but climate change. climate schang now danger because of ir reverse are i"
https://archive.org/details/CNNW_20190128_000000_CNN_Newsroom_With_Ana_Cabrera#start/3440/end/3475,1/28/2019 0:57:35,CNN,CNN Newsroom With Ana Cabrera,CNNW_20190128_000000_CNN_Newsroom_With_Ana_Cabrera,https://archive.org/download/CNNW_20190128_000000_CNN_Newsroom_With_Ana_Cabrera/CNNW_20190128_000000_CNN_Newsroom_With_Ana_Cabrera.thumbs/CNNW_20190128_000000_CNN_Newsroom_With_Ana_Cabrera_003328.jpg,"olly. two powerful voices speaking out on climate change and making rather bold claims. first up, president trump tweeting be careful and try staying in your house. large parts of the country are suffering from tremendous"
https://archive.org/details/CNNW_20190126_210000_CNN_Newsroom_With_Ana_Cabrera#start/1345/end/1380,1/26/2019 21:22:40,CNN,CNN Newsroom With Ana Cabrera,CNNW_20190126_210000_CNN_Newsroom_With_Ana_Cabrera,https://archive.org/download/CNNW_20190126_210000_CNN_Newsroom_With_Ana_Cabrera/CNNW_20190126_210000_CNN_Newsroom_With_Ana_Cabrera.thumbs/CNNW_20190126_210000_CNN_Newsroom_With_Ana_Cabrera_001317.jpg,"rifles or something like that, you could define national emergency for climate change. i think that republicans would be nervous about going in that direction as well, i think the only solution here is for people"
https://archive.org/details/CNNW_20190108_010000_Anderson_Cooper_360#start/2657/end/2692,1/8/2019 1:44:32,CNN,Anderson Cooper 360,CNNW_20190108_010000_Anderson_Cooper_360,https://archive.org/download/CNNW_20190108_010000_Anderson_Cooper_360/CNNW_20190108_010000_Anderson_Cooper_360.thumbs/CNNW_20190108_010000_Anderson_Cooper_360_002638.jpg,"just a few days later, as soon as she got to washington -- she paid a visit to climate change activists who were occupying her party leader for nancy pelosi's office. she was the only newly elect ed"
https://archive.org/details/CNNW_20190103_040000_CNN_Tonight_With_Don_Lemon#start/1340/end/1375,1/3/2019 4:22:35,CNN,CNN Tonight With Don Lemon,CNNW_20190103_040000_CNN_Tonight_With_Don_Lemon,https://archive.org/download/CNNW_20190103_040000_CNN_Tonight_With_Don_Lemon/CNNW_20190103_040000_CNN_Tonight_With_Don_Lemon.thumbs/CNNW_20190103_040000_CNN_Tonight_With_Don_Lemon_001317.jpg,"american public says over and over and over again they want them to docks address climate change, raise wages, raise taxes on the rich, make the country work for working people, address gender and equality and racial"
https://archive.org/details/CNNW_20190104_150000_CNN_Newsroom_with_Poppy_Harlow_and_Jim_Sciutto#start/314/end/349,1/4/2019 15:05:29,CNN,CNN Newsroom with Poppy Harlow and Jim Sciutto,CNNW_20190104_150000_CNN_Newsroom_with_Poppy_Harlow_and_Jim_Sciutto,https://archive.org/download/CNNW_20190104_150000_CNN_Newsroom_with_Poppy_Harlow_and_Jim_Sciutto/CNNW_20190104_150000_CNN_Newsroom_with_Poppy_Harlow_and_Jim_Sciutto.thumbs/CNNW_20190104_150000_CNN_Newsroom_with_Poppy_Harlow_and_Jim_Sciutto_000297.jpg,"also an interesting headline crossing. alexandra ocasio-cortez, one of the incomers, has just proposed a 70% tax for the wealthy to fund a climate change plan. so it's become one of, you have seen her, she actually"
https://archive.org/details/CNNW_20190106_130000_Inside_Politics#start/2609/end/2644,1/6/2019 13:43:44,CNN,Inside Politics,CNNW_20190106_130000_Inside_Politics,https://archive.org/download/CNNW_20190106_130000_Inside_Politics/CNNW_20190106_130000_Inside_Politics.thumbs/CNNW_20190106_130000_Inside_Politics_002607.jpg,"friday. it brought stability to the affordable care act. it brought drug prices down and provided for retraining of our citizens to take 21st century jobs. it addressed climate change. universal registration of oversight of gun owners when"
https://archive.org/details/CNNW_20190107_150000_CNN_Newsroom_with_Poppy_Harlow_and_Jim_Sciutto#start/1176/end/1211,1/7/2019 15:19:51,CNN,CNN Newsroom with Poppy Harlow and Jim Sciutto,CNNW_20190107_150000_CNN_Newsroom_with_Poppy_Harlow_and_Jim_Sciutto,https://archive.org/download/CNNW_20190107_150000_CNN_Newsroom_with_Poppy_Harlow_and_Jim_Sciutto/CNNW_20190107_150000_CNN_Newsroom_with_Poppy_Harlow_and_Jim_Sciutto.thumbs/CNNW_20190107_150000_CNN_Newsroom_with_Poppy_Harlow_and_Jim_Sciutto_001168.jpg,"just a few days later, as soon as she got to washington -- [ chanting ] she paid a visit to climate change activists occupying her party leader nancy pelosi's office. she was the only newly elected member of congress who decided"
https://archive.org/details/CNNW_20190116_190000_CNN_Newsroom_With_Brooke_Baldwin#start/2005/end/2040,1/16/2019 19:33:40,CNN,CNN Newsroom With Brooke Baldwin,CNNW_20190116_190000_CNN_Newsroom_With_Brooke_Baldwin,https://archive.org/download/CNNW_20190116_190000_CNN_Newsroom_With_Brooke_Baldwin/CNNW_20190116_190000_CNN_Newsroom_With_Brooke_Baldwin.thumbs/CNNW_20190116_190000_CNN_Newsroom_With_Brooke_Baldwin_001978.jpg,"made this snowball and it's so cold out, how can the climate possibly be changing. so certain mixed messages here. wheeler acknowledges that climate change is not a hoax, which amazingly is news in 2019, though it shouldn't be because"
https://archive.org/details/CNNW_20190130_160000_At_This_Hour_With_Kate_Bolduan#start/232/end/267,1/30/2019 16:04:07,CNN,At This Hour With Kate Bolduan,CNNW_20190130_160000_At_This_Hour_With_Kate_Bolduan,https://archive.org/download/CNNW_20190130_160000_At_This_Hour_With_Kate_Bolduan/CNNW_20190130_160000_At_This_Hour_With_Kate_Bolduan.thumbs/CNNW_20190130_160000_At_This_Hour_With_Kate_Bolduan_000209.jpg,"congress yesterday details all of the different threats throughout the world, whether it is isis or climate change, and says that they are still present despite the president saying isis has been defeated. intelligence chiefs said that there are thousands of fighters"
https://archive.org/details/CNNW_20190129_090000_Early_Start_with_Christine_Romans_and_Dave_Briggs#start/267/end/302,1/29/2019 9:04:42,CNN,Early Start with Christine Romans and Dave Briggs,CNNW_20190129_090000_Early_Start_with_Christine_Romans_and_Dave_Briggs,https://archive.org/download/CNNW_20190129_090000_Early_Start_with_Christine_Romans_and_Dave_Briggs/CNNW_20190129_090000_Early_Start_with_Christine_Romans_and_Dave_Briggs.thumbs/CNNW_20190129_090000_Early_Start_with_Christine_Romans_and_Dave_Briggs_000238.jpg,"insurance. she supports a green new deal to fight climate change, paid parental leave in what she calls reasonable gun control like an assaults weapons ban. she has a message for anyone who doubts her readiness to lead. my entire career i've heard"
https://archive.org/details/CNNW_20190130_060000_Cuomo_Prime_Time#start/2927/end/2962,1/30/2019 6:49:02,CNN,Cuomo Prime Time,CNNW_20190130_060000_Cuomo_Prime_Time,https://archive.org/download/CNNW_20190130_060000_Cuomo_Prime_Time/CNNW_20190130_060000_Cuomo_Prime_Time.thumbs/CNNW_20190130_060000_Cuomo_Prime_Time_002908.jpg,"that's extra credit for this president. so we'll assume we know what he's talking about. facts first, climate change hasn't gone anywhere. weather and climate. okay. you have to separate those a little bit in the analysis. you can google it."
https://archive.org/details/CNNW_20190130_060000_Cuomo_Prime_Time#start/2992/end/3027,1/30/2019 6:50:07,CNN,Cuomo Prime Time,CNNW_20190130_060000_Cuomo_Prime_Time,https://archive.org/download/CNNW_20190130_060000_Cuomo_Prime_Time/CNNW_20190130_060000_Cuomo_Prime_Time.thumbs/CNNW_20190130_060000_Cuomo_Prime_Time_002968.jpg,"climate change. because people think oh, my gosh, it's always got to be warm and if it snows -- i don't think he understands not only do you say noah is saying the president is wrong, his own intel community is saying he's wrong."
https://archive.org/details/CNNW_20190128_000000_CNN_Newsroom_With_Ana_Cabrera#start/3474/end/3509,1/28/2019 0:58:09,CNN,CNN Newsroom With Ana Cabrera,CNNW_20190128_000000_CNN_Newsroom_With_Ana_Cabrera,https://archive.org/download/CNNW_20190128_000000_CNN_Newsroom_With_Ana_Cabrera/CNNW_20190128_000000_CNN_Newsroom_With_Ana_Cabrera.thumbs/CNNW_20190128_000000_CNN_Newsroom_With_Ana_Cabrera_003447.jpg,"ocasio-cortez. millennials, people in gen-z and folks coming after us are looking up and we're like, the world is going to end in 12 years if we don't address climate change and your biggest issue is -- your biggest issue                 _"
https://archive.org/details/CNNW_20190128_000000_CNN_Newsroom_With_Ana_Cabrera#start/3584/end/3619,1/28/2019 0:59:59,CNN,CNN Newsroom With Ana Cabrera,CNNW_20190128_000000_CNN_Newsroom_With_Ana_Cabrera,https://archive.org/download/CNNW_20190128_000000_CNN_Newsroom_With_Ana_Cabrera/CNNW_20190128_000000_CNN_Newsroom_With_Ana_Cabrera.thumbs/CNNW_20190128_000000_CNN_Newsroom_With_Ana_Cabrera_003568.jpg,"world will come to an end if we don't do anything to reverse climate change. that's completely misleading and false. what she is referring to, though, is the benchmark set for the year 2030, which won't be any different than 2029 but we"
https://archive.org/details/CNNW_20190131_140000_CNN_Newsroom_with_Poppy_Harlow_and_Jim_Sciutto#start/1269/end/1304,1/31/2019 14:21:24,CNN,CNN Newsroom with Poppy Harlow and Jim Sciutto,CNNW_20190131_140000_CNN_Newsroom_with_Poppy_Harlow_and_Jim_Sciutto,https://archive.org/download/CNNW_20190131_140000_CNN_Newsroom_with_Poppy_Harlow_and_Jim_Sciutto/CNNW_20190131_140000_CNN_Newsroom_with_Poppy_Harlow_and_Jim_Sciutto.thumbs/CNNW_20190131_140000_CNN_Newsroom_with_Poppy_Harlow_and_Jim_Sciutto_001258.jpg,"right? with confiscation or whatever, more gun control. what about the environment? a lot of people view the environment, climate change as an existential threat. one could imagine the democrats may now have a precedent to declare a state of emergency."
https://archive.org/details/CNNW_20190108_010000_Anderson_Cooper_360#start/2673/end/2708,1/8/2019 1:44:48,CNN,Anderson Cooper 360,CNNW_20190108_010000_Anderson_Cooper_360,https://archive.org/download/CNNW_20190108_010000_Anderson_Cooper_360/CNNW_20190108_010000_Anderson_Cooper_360.thumbs/CNNW_20190108_010000_Anderson_Cooper_360_002668.jpg,"member of congress o who decided to drop by during the sit in. she call ed on pelosi to create select committee on climate change without any members of congress who accept money from the fossil fuel industry. nancy pelosi is incredibly"
https://archive.org/details/CNNW_20190108_190000_CNN_Newsroom_With_Brooke_Baldwin#start/3011/end/3046,1/8/2019 19:50:26,CNN,CNN Newsroom With Brooke Baldwin,CNNW_20190108_190000_CNN_Newsroom_With_Brooke_Baldwin,https://archive.org/download/CNNW_20190108_190000_CNN_Newsroom_With_Brooke_Baldwin/CNNW_20190108_190000_CNN_Newsroom_With_Brooke_Baldwin.thumbs/CNNW_20190108_190000_CNN_Newsroom_With_Brooke_Baldwin_002877.jpg,"new research suggests significant gains in the battle of the slow climate change are taking a big hit. carbon dioxide emissions jumped more than 3% last year enough to knockout a steady three year decline and this is the second"
https://archive.org/details/CNNW_20190103_080000_CNN_Tonight_With_Don_Lemon#start/1342/end/1377,1/3/2019 8:22:37,CNN,CNN Tonight With Don Lemon,CNNW_20190103_080000_CNN_Tonight_With_Don_Lemon,https://archive.org/download/CNNW_20190103_080000_CNN_Tonight_With_Don_Lemon/CNNW_20190103_080000_CNN_Tonight_With_Don_Lemon.thumbs/CNNW_20190103_080000_CNN_Tonight_With_Don_Lemon_001317.jpg,"actually taking on and addressing the concerns that the american public says over and over and over again they want them to docks address climate change, raise wages, raise taxes on the rich, make the country work for working people, address"
https://archive.org/details/CNNW_20190104_100000_Early_Start_with_Christine_Romans_and_Dave_Briggs#start/301/end/336,1/4/2019 10:05:16,CNN,Early Start with Christine Romans and Dave Briggs,CNNW_20190104_100000_Early_Start_with_Christine_Romans_and_Dave_Briggs,https://archive.org/download/CNNW_20190104_100000_Early_Start_with_Christine_Romans_and_Dave_Briggs/CNNW_20190104_100000_Early_Start_with_Christine_Romans_and_Dave_Briggs.thumbs/CNNW_20190104_100000_Early_Start_with_Christine_Romans_and_Dave_Briggs_000298.jpg,"a package of rules on the way to the house conducts business. it creates a select committee on climate change. it bans discrimination on sexual orientation and gender. are it allows religious headgear in the chamber. fun fact, hats have been banned"
https://archive.org/details/CNNW_20190104_100000_Early_Start_with_Christine_Romans_and_Dave_Briggs#start/2122/end/2157,1/4/2019 10:35:37,CNN,Early Start with Christine Romans and Dave Briggs,CNNW_20190104_100000_Early_Start_with_Christine_Romans_and_Dave_Briggs,https://archive.org/download/CNNW_20190104_100000_Early_Start_with_Christine_Romans_and_Dave_Briggs/CNNW_20190104_100000_Early_Start_with_Christine_Romans_and_Dave_Briggs.thumbs/CNNW_20190104_100000_Early_Start_with_Christine_Romans_and_Dave_Briggs_002098.jpg,"it creates a select committee on climate change. it bans discrimination on sexual orientation and gender. are it allows religious headgear in the chamber. fun fact, hats have been banned since 1837. a somali-american woman who wears traditional headgear."
https://archive.org/details/CNNW_20190110_170000_Inside_Politics#start/656/end/691,1/10/2019 17:11:11,CNN,Inside Politics,CNNW_20190110_170000_Inside_Politics,https://archive.org/download/CNNW_20190110_170000_Inside_Politics/CNNW_20190110_170000_Inside_Politics.thumbs/CNNW_20190110_170000_Inside_Politics_000657.jpg,"been debated in the last few days, everything from health care to climate change or whatever. it is a -- it's like -- it would be a short-term solution with profound long-term consequences. it's not the way it was supposed to work."
https://archive.org/details/CNNW_20190111_060000_Cuomo_Prime_Time#start/1513/end/1548,1/11/2019 6:25:28,CNN,Cuomo Prime Time,CNNW_20190111_060000_Cuomo_Prime_Time,https://archive.org/download/CNNW_20190111_060000_Cuomo_Prime_Time/CNNW_20190111_060000_Cuomo_Prime_Time.thumbs/CNNW_20190111_060000_Cuomo_Prime_Time_001498.jpg,"we have a national emergency on climate change or health care. that is such a terrible precedent and none of the national emergencies that have been declared since the act that you described in 1976 have been about anything like this, going"
https://archive.org/details/CNNW_20190111_230000_Situation_Room_With_Wolf_Blitzer#start/673/end/708,1/11/2019 23:11:28,CNN,Situation Room With Wolf Blitzer,CNNW_20190111_230000_Situation_Room_With_Wolf_Blitzer,https://archive.org/download/CNNW_20190111_230000_Situation_Room_With_Wolf_Blitzer/CNNW_20190111_230000_Situation_Room_With_Wolf_Blitzer.thumbs/CNNW_20190111_230000_Situation_Room_With_Wolf_Blitzer_000658.jpg,"decade and a half is actually now it's harder to be a country. they are hammered by climate change. no superpower wants to touch them. populations are out of control. china now can compete with anything they sell. the weakest countries are"
https://archive.org/details/CNNW_20190111_220000_Situation_Room_With_Wolf_Blitzer#start/2721/end/2756,1/11/2019 22:45:36,CNN,Situation Room With Wolf Blitzer,CNNW_20190111_220000_Situation_Room_With_Wolf_Blitzer,https://archive.org/download/CNNW_20190111_220000_Situation_Room_With_Wolf_Blitzer/CNNW_20190111_220000_Situation_Room_With_Wolf_Blitzer.thumbs/CNNW_20190111_220000_Situation_Room_With_Wolf_Blitzer_002697.jpg,"president could end the pursuit of a policy goal, declare a national emergency on climate clang and crack down on power plants. most would say climate change is an actual emergency. that is a different conversation. the bottom line they are saying"
https://archive.org/details/CNNW_20190111_020000_Cuomo_Prime_Time#start/1548/end/1583,1/11/2019 2:26:03,CNN,Cuomo Prime Time,CNNW_20190111_020000_Cuomo_Prime_Time,https://archive.org/download/CNNW_20190111_020000_Cuomo_Prime_Time/CNNW_20190111_020000_Cuomo_Prime_Time.thumbs/CNNW_20190111_020000_Cuomo_Prime_Time_001528.jpg,"we have a national emergency on climate change or health care. that is such a terrible precedent and none of the national emergencies that have been declared since the act that you described in 1976 have been about anything like this, going"
https://archive.org/details/CNNW_20190101_000000_CNN_Special_Report#start/126/end/161,1/1/2019 0:02:21,CNN,CNN Special Report,CNNW_20190101_000000_CNN_Special_Report,https://archive.org/download/CNNW_20190101_000000_CNN_Special_Report/CNNW_20190101_000000_CNN_Special_Report.thumbs/CNNW_20190101_000000_CNN_Special_Report_000118.jpg,"off the face of the map, because of this fire. best realization to come out of that tragedy, and some of the natural disasters this year too, for some advocates, it was the mounting evidence of the devastating costs of climate change. feels pretty apocalyptic."
https://archive.org/details/CNNW_20190129_160000_At_This_Hour_With_Kate_Bolduan#start/3624/end/3659,1/29/2019 17:00:39,CNN,At This Hour With Kate Bolduan,CNNW_20190129_160000_At_This_Hour_With_Kate_Bolduan,https://archive.org/download/CNNW_20190129_160000_At_This_Hour_With_Kate_Bolduan/CNNW_20190129_160000_At_This_Hour_With_Kate_Bolduan.thumbs/CNNW_20190129_160000_At_This_Hour_With_Kate_Bolduan_003598.jpg,"he believes robert mueller is close to wrapping up. so should we believe the president or his top intelligence officials. the intel is on capitol hill and contradicting the boss on iran, climate change and more. two new books out there paint fresh pictures of trump"
https://archive.org/details/CNNW_20190127_130000_Inside_Politics#start/2678/end/2713,1/27/2019 13:44:53,CNN,Inside Politics,CNNW_20190127_130000_Inside_Politics,https://archive.org/download/CNNW_20190127_130000_Inside_Politics/CNNW_20190127_130000_Inside_Politics.thumbs/CNNW_20190127_130000_Inside_Politics_002668.jpg,"plan. and he talks about climate change. so he definitely is talking to a generation of voters. there's always people in a crowded field like this who may be running for something else ultimately. vice president. but as of now he's in the conversation."
https://archive.org/details/CNNW_20190128_010000_CNN_Newsroom_With_Ana_Cabrera#start/2004/end/2039,1/28/2019 1:33:39,CNN,CNN Newsroom With Ana Cabrera,CNNW_20190128_010000_CNN_Newsroom_With_Ana_Cabrera,https://archive.org/download/CNNW_20190128_010000_CNN_Newsroom_With_Ana_Cabrera/CNNW_20190128_010000_CNN_Newsroom_With_Ana_Cabrera.thumbs/CNNW_20190128_010000_CNN_Newsroom_With_Ana_Cabrera_001978.jpg,"fund a climate change plan and senator elizabeth warren campaigning for 2020, she's throwing out this proposal, new tax on those whose net worth is $50 million or more. do you want to see your party get firmly behind these significant tax increases for"
https://archive.org/details/CNNW_20190130_090000_Early_Start_with_Christine_Romans_and_Dave_Briggs#start/2297/end/2332,1/30/2019 9:38:32,CNN,Early Start with Christine Romans and Dave Briggs,CNNW_20190130_090000_Early_Start_with_Christine_Romans_and_Dave_Briggs,https://archive.org/download/CNNW_20190130_090000_Early_Start_with_Christine_Romans_and_Dave_Briggs/CNNW_20190130_090000_Early_Start_with_Christine_Romans_and_Dave_Briggs.thumbs/CNNW_20190130_090000_Early_Start_with_Christine_Romans_and_Dave_Briggs_002278.jpg,"reason why it would be. not only did the russians continue to do it in 2018, but we've seen indication that they're continuing to adapt their model. finally, the ic is saying that climate change is already causing national security threats, while the president"
https://archive.org/details/CNNW_20190130_010000_Anderson_Cooper_360#start/2590/end/2625,1/30/2019 1:43:25,CNN,Anderson Cooper 360,CNNW_20190130_010000_Anderson_Cooper_360,https://archive.org/download/CNNW_20190130_010000_Anderson_Cooper_360/CNNW_20190130_010000_Anderson_Cooper_360.thumbs/CNNW_20190130_010000_Anderson_Cooper_360_002579.jpg,"president has made about isis to iran to climate change and north korea. at a senate intelligence committee hearing today it was said that isis is continuing to plot attacks and the president said that isis was defeated and the director had this to say on"
https://archive.org/details/CNNW_20190129_150000_CNN_Newsroom_with_Poppy_Harlow_and_Jim_Sciutto#start/3570/end/3605,1/29/2019 15:59:45,CNN,CNN Newsroom with Poppy Harlow and Jim Sciutto,CNNW_20190129_150000_CNN_Newsroom_with_Poppy_Harlow_and_Jim_Sciutto,https://archive.org/download/CNNW_20190129_150000_CNN_Newsroom_with_Poppy_Harlow_and_Jim_Sciutto/CNNW_20190129_150000_CNN_Newsroom_with_Poppy_Harlow_and_Jim_Sciutto.thumbs/CNNW_20190129_150000_CNN_Newsroom_with_Poppy_Harlow_and_Jim_Sciutto_003418.jpg,"capitol hill. those are the nation's senior most intelligence officials, six of them all appointed by this president and contradicting the president on a number of claims he has made about north korea and isis being defeated, about climate change, about continuing russian interference in the"
https://archive.org/details/CNNW_20190129_170000_Inside_Politics#start/25/end/60,1/29/2019 17:00:40,CNN,Inside Politics,CNNW_20190129_170000_Inside_Politics,https://archive.org/download/CNNW_20190129_170000_Inside_Politics/CNNW_20190129_170000_Inside_Politics.thumbs/CNNW_20190129_170000_Inside_Politics_000058.jpg,"he believes robert mueller is close to wrapping up. so should we believe the president or his top intelligence officials. the intel is on capitol hill and contradicting the boss on iran, climate change and more. two new books out there paint fresh pictures of trump"
https://archive.org/details/CNNW_20190127_210000_CNN_Newsroom_With_Fredricka_Whitfield#start/1209/end/1244,1/27/2019 21:20:24,CNN,CNN Newsroom With Fredricka Whitfield,CNNW_20190127_210000_CNN_Newsroom_With_Fredricka_Whitfield,https://archive.org/download/CNNW_20190127_210000_CNN_Newsroom_With_Fredricka_Whitfield/CNNW_20190127_210000_CNN_Newsroom_With_Fredricka_Whitfield.thumbs/CNNW_20190127_210000_CNN_Newsroom_With_Fredricka_Whitfield_001197.jpg,"extraordinarily important to this former prosecutor, as well as fighting climate change. i want to bring you back live out here as you look at this square. this is the city of kamala harris' birth. this is where she was born. this is where for many decades"
https://archive.org/details/CNNW_20190127_190000_CNN_Newsroom_With_Fredricka_Whitfield#start/2249/end/2284,1/27/2019 19:37:44,CNN,CNN Newsroom With Fredricka Whitfield,CNNW_20190127_190000_CNN_Newsroom_With_Fredricka_Whitfield,https://archive.org/download/CNNW_20190127_190000_CNN_Newsroom_With_Fredricka_Whitfield/CNNW_20190127_190000_CNN_Newsroom_With_Fredricka_Whitfield.thumbs/CNNW_20190127_190000_CNN_Newsroom_With_Fredricka_Whitfield_002248.jpg,"criminal justice reform and fighting climate change. one line she is expected to deliver is, quote, i love our country and i feel a deep sense of responsibility to stand up and fight for the best of who we are and what our country can be."
https://archive.org/details/CNNW_20190108_190000_CNN_Newsroom_With_Brooke_Baldwin#start/3196/end/3231,1/8/2019 19:53:31,CNN,CNN Newsroom With Brooke Baldwin,CNNW_20190108_190000_CNN_Newsroom_With_Brooke_Baldwin,https://archive.org/download/CNNW_20190108_190000_CNN_Newsroom_With_Brooke_Baldwin/CNNW_20190108_190000_CNN_Newsroom_With_Brooke_Baldwin.thumbs/CNNW_20190108_190000_CNN_Newsroom_With_Brooke_Baldwin_003177.jpg,"we're already experiencing impacts of climate change that could have been avoided two decades ago when we knew that there was a problem. reporter: in order to save life as we know it, mann says rich countries need to be on"
https://archive.org/details/CNNW_20190104_140000_CNN_Newsroom_with_Poppy_Harlow_and_Jim_Sciutto#start/303/end/338,1/4/2019 14:05:18,CNN,CNN Newsroom with Poppy Harlow and Jim Sciutto,CNNW_20190104_140000_CNN_Newsroom_with_Poppy_Harlow_and_Jim_Sciutto,https://archive.org/download/CNNW_20190104_140000_CNN_Newsroom_with_Poppy_Harlow_and_Jim_Sciutto/CNNW_20190104_140000_CNN_Newsroom_with_Poppy_Harlow_and_Jim_Sciutto.thumbs/CNNW_20190104_140000_CNN_Newsroom_with_Poppy_Harlow_and_Jim_Sciutto_000297.jpg,"majority party puts in place at the start of every new congress. here are just a few of the more interesting ones. the house voted last night to add a new select committee on climate change, banning sexual orientation or gender identity discrimination and allowing"
https://archive.org/details/CNNW_20190108_050000_Anderson_Cooper_360#start/2671/end/2706,1/8/2019 5:44:46,CNN,Anderson Cooper 360,CNNW_20190108_050000_Anderson_Cooper_360,https://archive.org/download/CNNW_20190108_050000_Anderson_Cooper_360/CNNW_20190108_050000_Anderson_Cooper_360.thumbs/CNNW_20190108_050000_Anderson_Cooper_360_002667.jpg,"she was the only newly elected member of congress who decided to drop by during the sit-in. she called on pelosi to create select committee on climate change without any members of congress who accept money from the fossil fuel industry. nancy pelosi is incredibly"
https://archive.org/details/CNNW_20190119_180000_CNN_Newsroom_With_Fredricka_Whitfield#start/1356/end/1391,1/19/2019 18:22:51,CNN,CNN Newsroom With Fredricka Whitfield,CNNW_20190119_180000_CNN_Newsroom_With_Fredricka_Whitfield,https://archive.org/download/CNNW_20190119_180000_CNN_Newsroom_With_Fredricka_Whitfield/CNNW_20190119_180000_CNN_Newsroom_With_Fredricka_Whitfield.thumbs/CNNW_20190119_180000_CNN_Newsroom_With_Fredricka_Whitfield_001349.jpg,"know, women continue to have the right to choose what they do with their bodies. we're also out here for protesting against what they're doing on climate change. lucy is a huge environmentalist. and we just want to bring more attention to these issues. all right, thanks very much"
https://archive.org/details/CNNW_20190113_220000_CNN_Newsroom_With_Ana_Cabrera#start/3108/end/3143,1/13/2019 22:52:03,CNN,CNN Newsroom With Ana Cabrera,CNNW_20190113_220000_CNN_Newsroom_With_Ana_Cabrera,https://archive.org/download/CNNW_20190113_220000_CNN_Newsroom_With_Ana_Cabrera/CNNW_20190113_220000_CNN_Newsroom_With_Ana_Cabrera.thumbs/CNNW_20190113_220000_CNN_Newsroom_With_Ana_Cabrera_003087.jpg,"impacts of climate change that could have been avoided had we acted two decades ago when we knew already at that point that there was a problem. reporter: in order to save life as we know it, man says rich countries need to be on carbon free electricity by 2030."
https://archive.org/details/CNNW_20190119_220000_CNN_Newsroom_With_Ana_Cabrera#start/3218/end/3253,1/19/2019 22:53:53,CNN,CNN Newsroom With Ana Cabrera,CNNW_20190119_220000_CNN_Newsroom_With_Ana_Cabrera,https://archive.org/download/CNNW_20190119_220000_CNN_Newsroom_With_Ana_Cabrera/CNNW_20190119_220000_CNN_Newsroom_With_Ana_Cabrera.thumbs/CNNW_20190119_220000_CNN_Newsroom_With_Ana_Cabrera_003208.jpg,"climate change accord, gets absolutely nothing for pulling out of paris. pulls out of iran. he pulls out of afghanistan. pulls the rug out from under his own negotiator who is about to sit down and negotiate with the taliban. pulls out of syria without leveraging out of the syria"
https://archive.org/details/CNNW_20190130_070000_CNN_Tonight_With_Don_Lemon#start/1373/end/1408,1/30/2019 7:23:08,CNN,CNN Tonight With Don Lemon,CNNW_20190130_070000_CNN_Tonight_With_Don_Lemon,https://archive.org/download/CNNW_20190130_070000_CNN_Tonight_With_Don_Lemon/CNNW_20190130_070000_CNN_Tonight_With_Don_Lemon.thumbs/CNNW_20190130_070000_CNN_Tonight_With_Don_Lemon_001348.jpg,"there's almost nothing he can do now to improve his standing. even his own intel chiefs are contradicting the president on isis, on north korea, on russia, on iran, on climate change. why is it that all of these threats, the president says one thing, his intel chiefs say another thing?"
https://archive.org/details/CNNW_20190130_030000_CNN_Tonight_With_Don_Lemon#start/1374/end/1409,1/30/2019 3:23:09,CNN,CNN Tonight With Don Lemon,CNNW_20190130_030000_CNN_Tonight_With_Don_Lemon,https://archive.org/download/CNNW_20190130_030000_CNN_Tonight_With_Don_Lemon/CNNW_20190130_030000_CNN_Tonight_With_Don_Lemon.thumbs/CNNW_20190130_030000_CNN_Tonight_With_Don_Lemon_001348.jpg,"contradicting the president on isis, on north korea, on russia, on iran, on climate change. why is it that all of these threats, the president says one thing, his intel chiefs say another thing? well, it's because the president believes his own rhetoric. you know, when he started out in"
https://archive.org/details/CNNW_20190129_200000_CNN_Newsroom_With_Brooke_Baldwin#start/1197/end/1232,1/29/2019 20:20:12,CNN,CNN Newsroom With Brooke Baldwin,CNNW_20190129_200000_CNN_Newsroom_With_Brooke_Baldwin,https://archive.org/download/CNNW_20190129_200000_CNN_Newsroom_With_Brooke_Baldwin/CNNW_20190129_200000_CNN_Newsroom_With_Brooke_Baldwin.thumbs/CNNW_20190129_200000_CNN_Newsroom_With_Brooke_Baldwin_001198.jpg,"national intelligence dan coats appointed by this president put out a document this morning in preparation for his testimony that laid it out straight for the american people. the threats that we face from north korea, from isis, from the climate change are real and what the president has said about"
https://archive.org/details/CNNW_20190127_210000_CNN_Newsroom_With_Fredricka_Whitfield#start/2276/end/2311,1/27/2019 21:38:11,CNN,CNN Newsroom With Fredricka Whitfield,CNNW_20190127_210000_CNN_Newsroom_With_Fredricka_Whitfield,https://archive.org/download/CNNW_20190127_210000_CNN_Newsroom_With_Fredricka_Whitfield/CNNW_20190127_210000_CNN_Newsroom_With_Fredricka_Whitfield.thumbs/CNNW_20190127_210000_CNN_Newsroom_With_Fredricka_Whitfield_002248.jpg,"and tara, perhaps in a moment i'll have to interrupt our discussion, kamala harris will make a distinction of what she stands for. she'll be talking about medicare for all a middle class tax cut, education access, criminal justice reform, climate change. but earlier in the week in d.c.,"
https://archive.org/details/CNNW_20190103_000000_Erin_Burnett_OutFront#start/2626/end/2661,1/3/2019 0:44:01,CNN,Erin Burnett OutFront,CNNW_20190103_000000_Erin_Burnett_OutFront,https://archive.org/download/CNNW_20190103_000000_Erin_Burnett_OutFront/CNNW_20190103_000000_Erin_Burnett_OutFront.thumbs/CNNW_20190103_000000_Erin_Burnett_OutFront_002608.jpg,"group of contestants, of candidates. so, of a group running, right, you know, billionaire michael bloomberg among them and some of his issues overlap with yours, things like climate change. he is going to spend more than $100 million of his own money, according to cnbc, on his run"
https://archive.org/details/CNNW_20190120_000000_The_Axe_Files#start/151/end/186,1/20/2019 0:02:46,CNN,The Axe Files,CNNW_20190120_000000_The_Axe_Files,https://archive.org/download/CNNW_20190120_000000_The_Axe_Files/CNNW_20190120_000000_The_Axe_Files.thumbs/CNNW_20190120_000000_The_Axe_Files_000148.jpg,"argument, and cheap arguments by people who are in the highest petitions of leadership are -- positions of leadership are the last thing the world needs. we need to be addressing climate change, cyber, we need to be addressing vast populations of young people who don't have a future in the world, and that's"
https://archive.org/details/CNNW_20190120_000000_The_Axe_Files#start/1079/end/1114,1/20/2019 0:18:14,CNN,The Axe Files,CNNW_20190120_000000_The_Axe_Files,https://archive.org/download/CNNW_20190120_000000_The_Axe_Files/CNNW_20190120_000000_The_Axe_Files.thumbs/CNNW_20190120_000000_The_Axe_Files_001077.jpg,"their jobs than in protecting the constitution of the country. lindsey graham was someone who you worked closely with. i remember you guys coming to the white house to talk about climate change. sure. he was always considered a bit of a maverick in the senate and willingness to work both sides."
https://archive.org/details/CNNW_20190120_000000_The_Axe_Files#start/1995/end/2030,1/20/2019 0:33:30,CNN,The Axe Files,CNNW_20190120_000000_The_Axe_Files,https://archive.org/download/CNNW_20190120_000000_The_Axe_Files/CNNW_20190120_000000_The_Axe_Files.thumbs/CNNW_20190120_000000_The_Axe_Files_001978.jpg,"nation that matches what other countries are doing around the world. we -- we have a cyber challenge, climate change. yeah. i've got grandkids, you've got kids. i do. i think about it all the time. but i am just laughing because you don't sound like a guy who's taking it off the table."
https://archive.org/details/CNNW_20190127_130000_Inside_Politics#start/2723/end/2758,1/27/2019 13:45:38,CNN,Inside Politics,CNNW_20190127_130000_Inside_Politics,https://archive.org/download/CNNW_20190127_130000_Inside_Politics/CNNW_20190127_130000_Inside_Politics.thumbs/CNNW_20190127_130000_Inside_Politics_002698.jpg,"it's a crowded field with more coming this week. more senators getting in. more getting in this week. pressure on bernie sanders to make his decision in part because elizabeth warren is out there early. interesting, i think we'll have a great policy debate. you mentioned climate change. kamala harris's record, justice"
https://archive.org/details/CNNW_20190130_060000_Cuomo_Prime_Time#start/3056/end/3091,1/30/2019 6:51:11,CNN,Cuomo Prime Time,CNNW_20190130_060000_Cuomo_Prime_Time,https://archive.org/download/CNNW_20190130_060000_Cuomo_Prime_Time/CNNW_20190130_060000_Cuomo_Prime_Time.thumbs/CNNW_20190130_060000_Cuomo_Prime_Time_003028.jpg,"brother arms all the time. that's his best defense and it's a terrible one. maybe he's just playing to a crowd. maybe he's just reading a room and he understands that his folks don't want climate change to be real, so he's trying to reconfirm their beliefs already. it could just be that simple"
https://archive.org/details/CNNW_20190130_050000_Anderson_Cooper_360#start/2597/end/2632,1/30/2019 5:43:32,CNN,Anderson Cooper 360,CNNW_20190130_050000_Anderson_Cooper_360,https://archive.org/download/CNNW_20190130_050000_Anderson_Cooper_360/CNNW_20190130_050000_Anderson_Cooper_360.thumbs/CNNW_20190130_050000_Anderson_Cooper_360_002579.jpg,"intelligence community as cessment of the most urgent worldwide threats facing the united states. all serious stuff. it contradicts multiple claims that the president himself has made about everything from isis to iran to climate change to north korea. at a senate intelligence committee hearing today coats said that isis is continuing to"
