﻿URL,MatchDateTime,Station,Show,IAShowID,IAPreviewThumb,Snippet
https://archive.org/details/CNN_20100210_220000_The_Situation_Room_With_Wolf_Blitzer#start/2663/end/2698,2/10/2010 22:44:38,CNN,The Situation Room With Wolf Blitzer,CNN_20100210_220000_The_Situation_Room_With_Wolf_Blitzer,https://archive.org/download/CNN_20100210_220000_The_Situation_Room_With_Wolf_Blitzer/CNN_20100210_220000_The_Situation_Room_With_Wolf_Blitzer.thumbs/CNN_20100210_220000_The_Situation_Room_With_Wolf_Blitzer_002662.jpg,"maybe the phrase global warming should amend to -- climate change because there are fluctuations. there has been climate change and ever after will be climate"
https://archive.org/details/CNN_20100217_220000_The_Situation_Room_With_Wolf_Blitzer#start/1356/end/1391,2/17/2010 22:22:51,CNN,The Situation Room With Wolf Blitzer,CNN_20100217_220000_The_Situation_Room_With_Wolf_Blitzer,https://archive.org/download/CNN_20100217_220000_The_Situation_Room_With_Wolf_Blitzer/CNN_20100217_220000_The_Situation_Room_With_Wolf_Blitzer.thumbs/CNN_20100217_220000_The_Situation_Room_With_Wolf_Blitzer_001350.jpg,"to fight global warming. it's not getting a lot of attention right now in the national press corps, but it's a significant issue for the administration. certainly if he didn't dealt health care, climate change, a"
https://archive.org/details/CNN_20100215_030000_CNN_Newsroom#start/2098/end/2133,2/15/2010 3:35:13,CNN,CNN Newsroom,CNN_20100215_030000_CNN_Newsroom,https://archive.org/download/CNN_20100215_030000_CNN_Newsroom/CNN_20100215_030000_CNN_Newsroom.thumbs/CNN_20100215_030000_CNN_Newsroom_002100.jpg,"jacqui? i absolutely agree with bill. regardless of what you think about climate change, you have to look at the word climate, right? and that's the long-term weather of what you would expect over a place. and so you can't say one storm or two storms even means that global warming isn't happening."
https://archive.org/details/CNN_20100215_220000_The_Situation_Room_With_Wolf_Blitzer#start/3488/end/3523,2/15/2010 22:58:23,CNN,The Situation Room With Wolf Blitzer,CNN_20100215_220000_The_Situation_Room_With_Wolf_Blitzer,https://archive.org/download/CNN_20100215_220000_The_Situation_Room_With_Wolf_Blitzer/CNN_20100215_220000_The_Situation_Room_With_Wolf_Blitzer.thumbs/CNN_20100215_220000_The_Situation_Room_With_Wolf_Blitzer_003480.jpg,"nightmare snow storms. every state in the continental united states has had snow in recent days and that has people warning about global warming."
https://archive.org/details/CNN_20100215_000000_CNN_Newsroom#start/3282/end/3317,2/15/2010 0:54:57,CNN,CNN Newsroom,CNN_20100215_000000_CNN_Newsroom,https://archive.org/download/CNN_20100215_000000_CNN_Newsroom/CNN_20100215_000000_CNN_Newsroom.thumbs/CNN_20100215_000000_CNN_Newsroom_003262.jpg,"in a way, we could almost disapprove that. jackie, climate change and"
https://archive.org/details/CNN_20100218_110000_American_Morning#start/4527/end/4562,2/18/2010 12:15:42,CNN,American Morning,CNN_20100218_110000_American_Morning,https://archive.org/download/CNN_20100218_110000_American_Morning/CNN_20100218_110000_American_Morning.thumbs/CNN_20100218_110000_American_Morning_004521.jpg,"the cpac conference, it's saving freedom, a lot of forums under the title. saving freedom from fashism and saving freedom from the hopes of global warming."
https://archive.org/details/CNN_20100215_220000_The_Situation_Room_With_Wolf_Blitzer#start/3581/end/3616,2/15/2010 22:59:56,CNN,The Situation Room With Wolf Blitzer,CNN_20100215_220000_The_Situation_Room_With_Wolf_Blitzer,https://archive.org/download/CNN_20100215_220000_The_Situation_Room_With_Wolf_Blitzer/CNN_20100215_220000_The_Situation_Room_With_Wolf_Blitzer.thumbs/CNN_20100215_220000_The_Situation_Room_With_Wolf_Blitzer_003570.jpg,"accurate description of what's going on. is that right? you know what, wolf, someone was talking in my ear when you were asking me that question. climate change versus global warming. some global warming, people who fear global warming say, you know, instead of calling it"
https://archive.org/details/CNN_20100228_180000_Fareed_Zakaria_GPS#start/1337/end/1372,2/28/2010 18:22:32,CNN,Fareed Zakaria GPS,CNN_20100228_180000_Fareed_Zakaria_GPS,https://archive.org/download/CNN_20100228_180000_Fareed_Zakaria_GPS/CNN_20100228_180000_Fareed_Zakaria_GPS.thumbs/CNN_20100228_180000_Fareed_Zakaria_GPS_001314.jpg,"what is your thought? well, i think we are now in a position to consider the issues confronting humanity. like, for instance, climate change."
https://archive.org/details/CNN_20100216_110000_American_Morning#start/2020/end/2055,2/16/2010 11:33:55,CNN,American Morning,CNN_20100216_110000_American_Morning,https://archive.org/download/CNN_20100216_110000_American_Morning/CNN_20100216_110000_American_Morning.thumbs/CNN_20100216_110000_American_Morning_002003.jpg,"long-term changes in these kinds of events. you know, we mentioned the intergovernmental panel on climate change, the united nations report in 2007, which said that climate change, global warming is 'unequivocal' and stated that man is to blame for"
https://archive.org/details/CNN_20100215_030000_CNN_Newsroom#start/2020/end/2055,2/15/2010 3:33:55,CNN,CNN Newsroom,CNN_20100215_030000_CNN_Newsroom,https://archive.org/download/CNN_20100215_030000_CNN_Newsroom/CNN_20100215_030000_CNN_Newsroom.thumbs/CNN_20100215_030000_CNN_Newsroom_002010.jpg,"locally on account -- like for example, this year the winds -- the jet stream is much farther south than you might expect. and so it's snowing in atlanta, right? but that absolutely does not disprove climate change."
https://archive.org/details/CNN_20100225_110000_American_Morning#start/267/end/302,2/25/2010 11:04:42,CNN,American Morning,CNN_20100225_110000_American_Morning,https://archive.org/download/CNN_20100225_110000_American_Morning/CNN_20100225_110000_American_Morning.thumbs/CNN_20100225_110000_American_Morning_000240.jpg,"end of march, beginning of april. and if they don't get it done by then, once democratic leaders come back from that recess from early to mid-april, they've got to move on to things. the spending that's piled up, climate change."
https://archive.org/details/CNN_20100217_220000_The_Situation_Room_With_Wolf_Blitzer#start/1219/end/1254,2/17/2010 22:20:34,CNN,The Situation Room With Wolf Blitzer,CNN_20100217_220000_The_Situation_Room_With_Wolf_Blitzer,https://archive.org/download/CNN_20100217_220000_The_Situation_Room_With_Wolf_Blitzer/CNN_20100217_220000_The_Situation_Room_With_Wolf_Blitzer.thumbs/CNN_20100217_220000_The_Situation_Room_With_Wolf_Blitzer_001200.jpg,"pillar cite various reasons for pulling out. meanwhile, climate change critics may also latch onto this, the united nations leading panel on global warming recently policy jiltzed for poorly substantiated claims in a report"
https://archive.org/details/CNN_20100215_060000_CNN_Newsroom#start/1986/end/2021,2/15/2010 6:33:21,CNN,CNN Newsroom,CNN_20100215_060000_CNN_Newsroom,https://archive.org/download/CNN_20100215_060000_CNN_Newsroom/CNN_20100215_060000_CNN_Newsroom.thumbs/CNN_20100215_060000_CNN_Newsroom_001974.jpg,"what do you think? well, i'd start with what do you think? absolutely not, it doesn't disprove climate change. now, the word 'global warming,' let me back up, is sort of the first term that was coined 15 years ago, let's say, or 1988, when it was first testified. jim hansen testified in front of congress, let's say. but since then people have used the expression 'climate change' because warming is in a global."
https://archive.org/details/CNN_20100215_220000_The_Situation_Room_With_Wolf_Blitzer#start/3595/end/3630,2/15/2010 23:00:10,CNN,The Situation Room With Wolf Blitzer,CNN_20100215_220000_The_Situation_Room_With_Wolf_Blitzer,https://archive.org/download/CNN_20100215_220000_The_Situation_Room_With_Wolf_Blitzer/CNN_20100215_220000_The_Situation_Room_With_Wolf_Blitzer.thumbs/CNN_20100215_220000_The_Situation_Room_With_Wolf_Blitzer_003570.jpg,"global warming, let's call it climate change. there is no question the climate is changing. the climate has been getting warmer for 10000 years since the end of the last ice age, but it's been getting rapidly warmer the last 200 or 150 years since"
https://archive.org/details/CNN_20100215_000000_CNN_Newsroom#start/2677/end/2712,2/15/2010 0:44:52,CNN,CNN Newsroom,CNN_20100215_000000_CNN_Newsroom,https://archive.org/download/CNN_20100215_000000_CNN_Newsroom/CNN_20100215_000000_CNN_Newsroom.thumbs/CNN_20100215_000000_CNN_Newsroom_002662.jpg,"weather debunks lies, they say, about global warming. we're going to talk to the science guy, bill nye, to find out what he says about climate change. there he is right there. i'm sure you have a lot to say. nod. there you go. don't say it. after the break. rogaine?."
https://archive.org/details/CNN_20100215_220000_The_Situation_Room_With_Wolf_Blitzer#start/3566/end/3601,2/15/2010 22:59:41,CNN,The Situation Room With Wolf Blitzer,CNN_20100215_220000_The_Situation_Room_With_Wolf_Blitzer,https://archive.org/download/CNN_20100215_220000_The_Situation_Room_With_Wolf_Blitzer/CNN_20100215_220000_The_Situation_Room_With_Wolf_Blitzer.thumbs/CNN_20100215_220000_The_Situation_Room_With_Wolf_Blitzer_003540.jpg,"u.s. down in mexico and into peru and cold and wet conditions all the way up the east coast. kind of feels more like an ice age with all the snow going on, wolf. i guess you could call it climate change as opposed to global warming might be a more"
https://archive.org/details/CNN_20100215_030000_CNN_Newsroom#start/1988/end/2023,2/15/2010 3:33:23,CNN,CNN Newsroom,CNN_20100215_030000_CNN_Newsroom,https://archive.org/download/CNN_20100215_030000_CNN_Newsroom/CNN_20100215_030000_CNN_Newsroom.thumbs/CNN_20100215_030000_CNN_Newsroom_001980.jpg,"warming, or is this over the top? what do you think? well, i'd start with what do you think? absolutely not, it doesn't disprove climate change. now, the word 'global warming,' let me back up, is sort of the first term that was coined 15 years ago, let's say, or 1988,"
https://archive.org/details/CNN_20100215_060000_CNN_Newsroom#start/1915/end/1950,2/15/2010 6:32:10,CNN,CNN Newsroom,CNN_20100215_060000_CNN_Newsroom,https://archive.org/download/CNN_20100215_060000_CNN_Newsroom/CNN_20100215_060000_CNN_Newsroom.thumbs/CNN_20100215_060000_CNN_Newsroom_001914.jpg,"and other climate change advocates, and they're having a lot of fun doing it. they say the colder than normal winter and snowier than normal winter proof positive that global warming is a bunch of hooey. but is their criticism fair? so let's get the answers now from the science guy, mr. bill nye."
https://archive.org/details/CNN_20100215_030000_CNN_Newsroom#start/1941/end/1976,2/15/2010 3:32:36,CNN,CNN Newsroom,CNN_20100215_030000_CNN_Newsroom,https://archive.org/download/CNN_20100215_030000_CNN_Newsroom/CNN_20100215_030000_CNN_Newsroom.thumbs/CNN_20100215_030000_CNN_Newsroom_001920.jpg,"winter proof positive that global warming is a bunch of hooey. but is their criticism fair? so let's get the answers now from the science guy, mr. bill nye. it's always good to see you. so you know -- good to see you, don. you know everything about climate change, right? so republicans, you know, they"
https://archive.org/details/CNN_20100209_180000_CNN_Newsroom#start/2829/end/2864,2/9/2010 18:47:24,CNN,CNN Newsroom,CNN_20100209_180000_CNN_Newsroom,https://archive.org/download/CNN_20100209_180000_CNN_Newsroom/CNN_20100209_180000_CNN_Newsroom.thumbs/CNN_20100209_180000_CNN_Newsroom_002813.jpg,"includes new technologies so that we can use coal, which we have in abundance and is very cheap, but often is adding to our greenhouse gases, can we find sequestration technologies that clean that up?"
https://archive.org/details/CNN_20100216_110000_American_Morning#start/1973/end/2008,2/16/2010 11:33:08,CNN,American Morning,CNN_20100216_110000_American_Morning,https://archive.org/download/CNN_20100216_110000_American_Morning/CNN_20100216_110000_American_Morning.thumbs/CNN_20100216_110000_American_Morning_001974.jpg,"city. skeptics are saying, okay, where's the global warming since there's all this snow. supporters of global warming are saying, hey, it's a change in weather patterns, we're seeing more severe snow. at the same time we had the warmest january in 30 years. what's going on?"
https://archive.org/details/CNN_20100215_030000_CNN_Newsroom#start/1972/end/2007,2/15/2010 3:33:07,CNN,CNN Newsroom,CNN_20100215_030000_CNN_Newsroom,https://archive.org/download/CNN_20100215_030000_CNN_Newsroom/CNN_20100215_030000_CNN_Newsroom.thumbs/CNN_20100215_030000_CNN_Newsroom_001950.jpg,"representative jim inhofe posted photos on his facebook page. he said, 'al gore's new home: a six-foot igloo. the family built it on capitol hill right there.' so what do you think of this? does this disprove global"
https://archive.org/details/CNN_20100210_220000_The_Situation_Room_With_Wolf_Blitzer#start/2596/end/2631,2/10/2010 22:43:31,CNN,The Situation Room With Wolf Blitzer,CNN_20100210_220000_The_Situation_Room_With_Wolf_Blitzer,https://archive.org/download/CNN_20100210_220000_The_Situation_Room_With_Wolf_Blitzer/CNN_20100210_220000_The_Situation_Room_With_Wolf_Blitzer.thumbs/CNN_20100210_220000_The_Situation_Room_With_Wolf_Blitzer_002572.jpg,"thanks to both of you for yesterday. great coverage of the super bowl parade in new orleans as well. but that was yesterday. today we're talking about your former boss al gore. a lot of skeptics of global"
https://archive.org/details/CNN_20100215_030000_CNN_Newsroom#start/963/end/998,2/15/2010 3:16:18,CNN,CNN Newsroom,CNN_20100215_030000_CNN_Newsroom,https://archive.org/download/CNN_20100215_030000_CNN_Newsroom/CNN_20100215_030000_CNN_Newsroom.thumbs/CNN_20100215_030000_CNN_Newsroom_000960.jpg,"u.s. justice department is still trying to figure out what to do with the accused mastermind and four co-conspirators of that attack. now the president has gotten involved. global warming or no global warming? that is the question. bill nye, the science guy, has an interesting answer for you."
https://archive.org/details/CNN_20100218_110000_American_Morning#start/2593/end/2628,2/18/2010 11:43:28,CNN,American Morning,CNN_20100218_110000_American_Morning,https://archive.org/download/CNN_20100218_110000_American_Morning/CNN_20100218_110000_American_Morning.thumbs/CNN_20100218_110000_American_Morning_002573.jpg,"that the united states let's say needs china more than china needs the united states. what's the true story. we both need each other? we need each other for international security issues and deal with the global climate"
https://archive.org/details/CNN_20100215_060000_CNN_Newsroom#start/970/end/1005,2/15/2010 6:16:25,CNN,CNN Newsroom,CNN_20100215_060000_CNN_Newsroom,https://archive.org/download/CNN_20100215_060000_CNN_Newsroom/CNN_20100215_060000_CNN_Newsroom.thumbs/CNN_20100215_060000_CNN_Newsroom_000954.jpg,"global warming or no global warming? that is the question. bill nye, the science guy, has an interesting answer for you. funny how the 'best' funds always turned out to be his. what about the funds we bought years ago? yeah. how do we know they're still right for us? td ameritrade does mutual funds differently."
https://archive.org/details/CNN_20100215_000000_CNN_Newsroom#start/1309/end/1344,2/15/2010 0:22:04,CNN,CNN Newsroom,CNN_20100215_000000_CNN_Newsroom,https://archive.org/download/CNN_20100215_000000_CNN_Newsroom/CNN_20100215_000000_CNN_Newsroom.thumbs/CNN_20100215_000000_CNN_Newsroom_001285.jpg,"images of the week. violent crackdown on demonstrators in iran. we'll look at what's next. we're inside iran. and if the west is prepared to take action. the science behind the storm of controversy. i'm sure you've heard it, over global warming. about whether there is global warming or not, considering all the snow the south got. well, bill nye the science guy"
https://archive.org/details/CNN_20100217_220000_The_Situation_Room_With_Wolf_Blitzer#start/1202/end/1237,2/17/2010 22:20:17,CNN,The Situation Room With Wolf Blitzer,CNN_20100217_220000_The_Situation_Room_With_Wolf_Blitzer,https://archive.org/download/CNN_20100217_220000_The_Situation_Room_With_Wolf_Blitzer/CNN_20100217_220000_The_Situation_Room_With_Wolf_Blitzer.thumbs/CNN_20100217_220000_The_Situation_Room_With_Wolf_Blitzer_001200.jpg,"could new revelations provide ammunition to climate change skeptics? two major companies are pulling out of a lobbies group pushing for climate change legislation, something that president obama wants. bp and conoco, along with carer"
https://archive.org/details/CNN_20100218_220000_The_Situation_Room_With_Wolf_Blitzer#start/1560/end/1595,2/18/2010 22:26:15,CNN,The Situation Room With Wolf Blitzer,CNN_20100218_220000_The_Situation_Room_With_Wolf_Blitzer,https://archive.org/download/CNN_20100218_220000_The_Situation_Room_With_Wolf_Blitzer/CNN_20100218_220000_The_Situation_Room_With_Wolf_Blitzer.thumbs/CNN_20100218_220000_The_Situation_Room_With_Wolf_Blitzer_001554.jpg,"nomination to serve as secretary of homeland security. the dutch diplomat who led u.n. sponsored climate change negotiations is stepping down. the announcement comes two months after the close of the copenhagen climate change conference which failed to"
https://archive.org/details/CNN_20100201_180000_CNN_Newsroom#start/5130/end/5165,2/1/2010 19:25:45,CNN,CNN Newsroom,CNN_20100201_180000_CNN_Newsroom,https://archive.org/download/CNN_20100201_180000_CNN_Newsroom/CNN_20100201_180000_CNN_Newsroom.thumbs/CNN_20100201_180000_CNN_Newsroom_005121.jpg,"guys. left my pocket protector at home. you get what i'm saying. i know. we get into it because we have such great tools and we have such great people in the field that send us stuff. like ireports and stuff. talk about the cold. every time they have a global"
https://archive.org/details/CNN_20100217_220000_The_Situation_Room_With_Wolf_Blitzer#start/1249/end/1284,2/17/2010 22:21:04,CNN,The Situation Room With Wolf Blitzer,CNN_20100217_220000_The_Situation_Room_With_Wolf_Blitzer,https://archive.org/download/CNN_20100217_220000_The_Situation_Room_With_Wolf_Blitzer/CNN_20100217_220000_The_Situation_Room_With_Wolf_Blitzer.thumbs/CNN_20100217_220000_The_Situation_Room_With_Wolf_Blitzer_001230.jpg,"at the white house right now, meeting with officials not only at the white house but elsewhere. is it your sense that congress has lost the momentum to get any legislation passed on climate"
https://archive.org/details/CNN_20100216_110000_American_Morning#start/2082/end/2117,2/16/2010 11:34:57,CNN,American Morning,CNN_20100216_110000_American_Morning,https://archive.org/download/CNN_20100216_110000_American_Morning/CNN_20100216_110000_American_Morning.thumbs/CNN_20100216_110000_American_Morning_002064.jpg,"on the surface, but that's not an indication that the climate is actually changing? no. that -- that kind of pleasurement doesn't really tell us about the greenhouse effect about human-caused climate"
https://archive.org/details/CNN_20100216_180000_CNN_Newsroom#start/6370/end/6405,2/16/2010 19:46:25,CNN,CNN Newsroom,CNN_20100216_180000_CNN_Newsroom,https://archive.org/download/CNN_20100216_180000_CNN_Newsroom/CNN_20100216_180000_CNN_Newsroom.thumbs/CNN_20100216_180000_CNN_Newsroom_006349.jpg,"circumstance, but particularly a big deal for a democratic president. that is right. they think it is is a win-win here at the white house, because you will create jobs with the new reactors and secondly, they call it clean energy. they think that, you know, you will have a lot less global"
https://archive.org/details/CNN_20100219_180000_CNN_Newsroom#start/3514/end/3549,2/19/2010 18:58:49,CNN,CNN Newsroom,CNN_20100219_180000_CNN_Newsroom,https://archive.org/download/CNN_20100219_180000_CNN_Newsroom/CNN_20100219_180000_CNN_Newsroom.thumbs/CNN_20100219_180000_CNN_Newsroom_003501.jpg,"to maybe just spend a little bit of time talking about energy and climate change. first of all, we just got five feet of snow in washington, and so everybody is like, a lot of the people who are opponents of climate change say, see, look at"
https://archive.org/details/CNN_20100215_030000_CNN_Newsroom#start/2129/end/2164,2/15/2010 3:35:44,CNN,CNN Newsroom,CNN_20100215_030000_CNN_Newsroom,https://archive.org/download/CNN_20100215_030000_CNN_Newsroom/CNN_20100215_030000_CNN_Newsroom.thumbs/CNN_20100215_030000_CNN_Newsroom_002130.jpg,"30 degrees, you're going to get a whole lot more snow in a blizzard than where you had the temperature down to, say, 18 degrees because it's dryer air. so in a way we could almost disprove that. but it does seem -- i get asked all the time, oh, it's cold out there, does that mean global"
https://archive.org/details/CNN_20100215_000000_CNN_Newsroom#start/3013/end/3048,2/15/2010 0:50:28,CNN,CNN Newsroom,CNN_20100215_000000_CNN_Newsroom,https://archive.org/download/CNN_20100215_000000_CNN_Newsroom/CNN_20100215_000000_CNN_Newsroom.thumbs/CNN_20100215_000000_CNN_Newsroom_002993.jpg,"global warming is a bunch of huey. is their the snowier than normal winter, and science guy, mr. nye, always good to see you."
https://archive.org/details/CNN_20100217_220000_The_Situation_Room_With_Wolf_Blitzer#start/720/end/755,2/17/2010 22:12:15,CNN,The Situation Room With Wolf Blitzer,CNN_20100217_220000_The_Situation_Room_With_Wolf_Blitzer,https://archive.org/download/CNN_20100217_220000_The_Situation_Room_With_Wolf_Blitzer/CNN_20100217_220000_The_Situation_Room_With_Wolf_Blitzer.thumbs/CNN_20100217_220000_The_Situation_Room_With_Wolf_Blitzer_000660.jpg,"global warming. some big corporations may leave the president in the lurch. would you like a pony ?. yeah. would you like a pony ? yeah ! ( cluck, cluck, cluck ) oh, wowww !  _               _"
https://archive.org/details/CNN_20100215_030000_CNN_Newsroom#start/2145/end/2180,2/15/2010 3:36:00,CNN,CNN Newsroom,CNN_20100215_030000_CNN_Newsroom,https://archive.org/download/CNN_20100215_030000_CNN_Newsroom/CNN_20100215_030000_CNN_Newsroom.thumbs/CNN_20100215_030000_CNN_Newsroom_002130.jpg,"warming isn't happening? i do think people kind of say that tongue in cheek. i've got to tell you, our viewers are weighing in here, bill and jacqui. here's what one person says. she says, 'climate change and weather are not the same thing. besides, it's called climate change, idiots.' and an exclamation point. i'll give you the last word,"
https://archive.org/details/CNN_20100215_060000_CNN_Newsroom#start/1956/end/1991,2/15/2010 6:32:51,CNN,CNN Newsroom,CNN_20100215_060000_CNN_Newsroom,https://archive.org/download/CNN_20100215_060000_CNN_Newsroom/CNN_20100215_060000_CNN_Newsroom.thumbs/CNN_20100215_060000_CNN_Newsroom_001944.jpg,"six-foot igloo. the family built it on capitol hill right there.' so what do you think of this? does this disprove global warming, or is this over the top?"
https://archive.org/details/CNN_20100201_140000_CNN_Newsroom#start/355/end/390,2/1/2010 14:06:10,CNN,CNN Newsroom,CNN_20100201_140000_CNN_Newsroom,https://archive.org/download/CNN_20100201_140000_CNN_Newsroom/CNN_20100201_140000_CNN_Newsroom.thumbs/CNN_20100201_140000_CNN_Newsroom_000330.jpg,"even the threat posed by global warming, which can lead to water shortages and conflict. humanitarian relief. look what is going on in haiti right now. there are troops committed to"
https://archive.org/details/CNN_20100215_060000_CNN_Newsroom#start/2145/end/2180,2/15/2010 6:36:00,CNN,CNN Newsroom,CNN_20100215_060000_CNN_Newsroom,https://archive.org/download/CNN_20100215_060000_CNN_Newsroom/CNN_20100215_060000_CNN_Newsroom.thumbs/CNN_20100215_060000_CNN_Newsroom_002123.jpg,"viewers are weighing in here, bill and jacqui. here's what one person says. she says, 'climate change and weather are not the same thing. besides, it's called climate change, idiots.' and an exclamation point. i'll give you the last word, bill. well, i have a question for jacqui. has it really been colder or has it just been cold enough to have snow instead of rain? quick answer, jacqui. i did a little bit of"
https://archive.org/details/CNN_20100215_060000_CNN_Newsroom#start/2125/end/2160,2/15/2010 6:35:40,CNN,CNN Newsroom,CNN_20100215_060000_CNN_Newsroom,https://archive.org/download/CNN_20100215_060000_CNN_Newsroom/CNN_20100215_060000_CNN_Newsroom.thumbs/CNN_20100215_060000_CNN_Newsroom_002123.jpg,"all the time, oh, it's cold out there, does that mean global warming isn't happening? i do think people kind of say that tongue in cheek. i've got to tell you, our"
https://archive.org/details/CNN_20100215_220000_The_Situation_Room_With_Wolf_Blitzer#start/3502/end/3537,2/15/2010 22:58:37,CNN,The Situation Room With Wolf Blitzer,CNN_20100215_220000_The_Situation_Room_With_Wolf_Blitzer,https://archive.org/download/CNN_20100215_220000_The_Situation_Room_With_Wolf_Blitzer/CNN_20100215_220000_The_Situation_Room_With_Wolf_Blitzer.thumbs/CNN_20100215_220000_The_Situation_Room_With_Wolf_Blitzer_003480.jpg,"let's bring in chad myers in atlanta. you have heard the skeptics of global warming saying this proves no such thing exists. one year doesn't make a trend really. if you go to the london times on"
https://archive.org/details/CNN_20100202_180000_CNN_Newsroom#start/4877/end/4912,2/2/2010 19:21:32,CNN,CNN Newsroom,CNN_20100202_180000_CNN_Newsroom,https://archive.org/download/CNN_20100202_180000_CNN_Newsroom/CNN_20100202_180000_CNN_Newsroom.thumbs/CNN_20100202_180000_CNN_Newsroom_004860.jpg,"right now that could make this happen. the republicans and democrats may not see eye to eye on the threat of global warming, i happen to think the evidence is overwhelming. some disagree. that's -- that's -- we can have                 _"
https://archive.org/details/CNN_20100210_220000_The_Situation_Room_With_Wolf_Blitzer#start/2695/end/2730,2/10/2010 22:45:10,CNN,The Situation Room With Wolf Blitzer,CNN_20100210_220000_The_Situation_Room_With_Wolf_Blitzer,https://archive.org/download/CNN_20100210_220000_The_Situation_Room_With_Wolf_Blitzer/CNN_20100210_220000_The_Situation_Room_With_Wolf_Blitzer.thumbs/CNN_20100210_220000_The_Situation_Room_With_Wolf_Blitzer_002693.jpg,"so much of the ipcc has proved to be refuted in the deletion or distortion of manufacturing of data to make the case for global warming is -- is -- it's not only dead politically, it's flat dead on the political"
https://archive.org/details/CNN_20100210_220000_The_Situation_Room_With_Wolf_Blitzer#start/1642/end/1677,2/10/2010 22:27:37,CNN,The Situation Room With Wolf Blitzer,CNN_20100210_220000_The_Situation_Room_With_Wolf_Blitzer,https://archive.org/download/CNN_20100210_220000_The_Situation_Room_With_Wolf_Blitzer/CNN_20100210_220000_The_Situation_Room_With_Wolf_Blitzer.thumbs/CNN_20100210_220000_The_Situation_Room_With_Wolf_Blitzer_001613.jpg,"administration's handling of the christmas terrorist suspect. are critics playing politics with national security? and a blizzard of jokes about al gore and global warming. the snowstorm here in washington, d.c. inspiring the former vp's critics."
https://archive.org/details/CNN_20100217_220000_The_Situation_Room_With_Wolf_Blitzer#start/1234/end/1269,2/17/2010 22:20:49,CNN,The Situation Room With Wolf Blitzer,CNN_20100217_220000_The_Situation_Room_With_Wolf_Blitzer,https://archive.org/download/CNN_20100217_220000_The_Situation_Room_With_Wolf_Blitzer/CNN_20100217_220000_The_Situation_Room_With_Wolf_Blitzer.thumbs/CNN_20100217_220000_The_Situation_Room_With_Wolf_Blitzer_001230.jpg,"reporting that land glazeiers could melt by the year 2035. however, the u.n. panel says this admission is not an excuse to question the legitimacy of global warming science. let's bring in our analyst david gergen. you're here in washington, over"
https://archive.org/details/CNN_20100216_110000_American_Morning#start/2222/end/2257,2/16/2010 11:37:17,CNN,American Morning,CNN_20100216_110000_American_Morning,https://archive.org/download/CNN_20100216_110000_American_Morning/CNN_20100216_110000_American_Morning.thumbs/CNN_20100216_110000_American_Morning_002214.jpg,"models. of course, skeptics are jumping all over this saying the whole thing is a farce. global warming doesn't exist. what do you think of the professor jones situation, the lack of statistically significant warming, and the fact that he may have misplaced"
https://archive.org/details/CNN_20100215_060000_CNN_Newsroom#start/2089/end/2124,2/15/2010 6:35:04,CNN,CNN Newsroom,CNN_20100215_060000_CNN_Newsroom,https://archive.org/download/CNN_20100215_060000_CNN_Newsroom/CNN_20100215_060000_CNN_Newsroom.thumbs/CNN_20100215_060000_CNN_Newsroom_002093.jpg,"or two storms even means that global warming isn't happening. on top of that, you know, we had incredible snowfall totals with these storms. you know, five different major metropolitan areas had more snow than they've ever seen in one"
https://archive.org/details/CNN_20100228_110000_CNN_Newsroom#start/3427/end/3462,2/28/2010 11:57:22,CNN,CNN Newsroom,CNN_20100228_110000_CNN_Newsroom,https://archive.org/download/CNN_20100228_110000_CNN_Newsroom/CNN_20100228_110000_CNN_Newsroom.thumbs/CNN_20100228_110000_CNN_Newsroom_003412.jpg,"here. a powerful earthquake hit chile. is this in any way connected to global warming? there's nothing. the plates have been moving since the beginning of time, since the earth even started warming, so there's absolutely no effect from weather."
https://archive.org/details/CNN_20100215_220000_The_Situation_Room_With_Wolf_Blitzer#start/2233/end/2268,2/15/2010 22:37:28,CNN,The Situation Room With Wolf Blitzer,CNN_20100215_220000_The_Situation_Room_With_Wolf_Blitzer,https://archive.org/download/CNN_20100215_220000_The_Situation_Room_With_Wolf_Blitzer/CNN_20100215_220000_The_Situation_Room_With_Wolf_Blitzer.thumbs/CNN_20100215_220000_The_Situation_Room_With_Wolf_Blitzer_002220.jpg,"al qaeda central and its affiliate in yemen. we'll continue to watch it. jeanne, thank you. this isn't what most people think of when they think of global warming. how are scientists explaining all of the snow from coast to coast? standby for that."
https://archive.org/details/CNN_20100215_220000_The_Situation_Room_With_Wolf_Blitzer#start/3551/end/3586,2/15/2010 22:59:26,CNN,The Situation Room With Wolf Blitzer,CNN_20100215_220000_The_Situation_Room_With_Wolf_Blitzer,https://archive.org/download/CNN_20100215_220000_The_Situation_Room_With_Wolf_Blitzer/CNN_20100215_220000_The_Situation_Room_With_Wolf_Blitzer.thumbs/CNN_20100215_220000_The_Situation_Room_With_Wolf_Blitzer_003540.jpg,"new york back to columbus. it doesn't feel like global warming. what does it feel like? well, in fact, wolf, it feels like el nino, the warm water in the pacific coming in, pounding itself, pushing itself up against the western part of the"
https://archive.org/details/CNN_20100204_220000_The_Situation_Room_With_Wolf_Blitzer#start/4837/end/4872,2/4/2010 23:20:52,CNN,The Situation Room With Wolf Blitzer,CNN_20100204_220000_The_Situation_Room_With_Wolf_Blitzer,https://archive.org/download/CNN_20100204_220000_The_Situation_Room_With_Wolf_Blitzer/CNN_20100204_220000_The_Situation_Room_With_Wolf_Blitzer.thumbs/CNN_20100204_220000_The_Situation_Room_With_Wolf_Blitzer_004830.jpg,"nations to confront climate change. we banned torture. we are rebuilding our military and reaffirming the alliances. we have begun to leave iraq to its own people. [ applause ]  _          _"
https://archive.org/details/CNN_20100215_000000_CNN_Newsroom#start/3081/end/3116,2/15/2010 0:51:36,CNN,CNN Newsroom,CNN_20100215_000000_CNN_Newsroom,https://archive.org/download/CNN_20100215_000000_CNN_Newsroom/CNN_20100215_000000_CNN_Newsroom.thumbs/CNN_20100215_000000_CNN_Newsroom_003082.jpg,"but since then people have used the expression climate change but this warming in a global sense is certainly happening and it's the changes that happen"
https://archive.org/details/CNN_20100228_150000_Fareed_Zakaria_GPS#start/1350/end/1385,2/28/2010 15:22:45,CNN,Fareed Zakaria GPS,CNN_20100228_150000_Fareed_Zakaria_GPS,https://archive.org/download/CNN_20100228_150000_Fareed_Zakaria_GPS/CNN_20100228_150000_Fareed_Zakaria_GPS.thumbs/CNN_20100228_150000_Fareed_Zakaria_GPS_001344.jpg,"confronting humanity. like, for instance, climate change. taking care of the vulnerable populations because you really have not just bubbles, but you also have deep holes that people"
https://archive.org/details/CNN_20100218_140000_CNN_Newsroom#start/1590/end/1625,2/18/2010 14:26:45,CNN,CNN Newsroom,CNN_20100218_140000_CNN_Newsroom,https://archive.org/download/CNN_20100218_140000_CNN_Newsroom/CNN_20100218_140000_CNN_Newsroom.thumbs/CNN_20100218_140000_CNN_Newsroom_001585.jpg,"climate crisis and the global financial crisis. for an average american, what is the most important trend in china that they should be looking at. the chinese are always looking at america to see whether we are gaining strength or losing strength."
https://archive.org/details/CNN_20100216_110000_American_Morning#start/1929/end/1964,2/16/2010 11:32:24,CNN,American Morning,CNN_20100216_110000_American_Morning,https://archive.org/download/CNN_20100216_110000_American_Morning/CNN_20100216_110000_American_Morning.thumbs/CNN_20100216_110000_American_Morning_001913.jpg,"capitol hill to move quicker on a jobs bill. right now the national unemployment rate stands at 9.7%. john? thank you. last week's record snowfall is giving new ammunition to skeptics of global warming. also heating up the debate, new research that raises doubts about a united nations report"
https://archive.org/details/CNN_20100215_000000_CNN_Newsroom#start/276/end/311,2/15/2010 0:04:51,CNN,CNN Newsroom,CNN_20100215_000000_CNN_Newsroom,https://archive.org/download/CNN_20100215_000000_CNN_Newsroom/CNN_20100215_000000_CNN_Newsroom.thumbs/CNN_20100215_000000_CNN_Newsroom_000266.jpg,"cnn political editor mark preston joins me with his expertise on who said what and who was telling the truth here. who's telling the truth? you know the snow all across the south? some people say it proves global warming is not true. we'll get expert opinion from"
https://archive.org/details/CNN_20100210_220000_The_Situation_Room_With_Wolf_Blitzer#start/2643/end/2678,2/10/2010 22:44:18,CNN,The Situation Room With Wolf Blitzer,CNN_20100210_220000_The_Situation_Room_With_Wolf_Blitzer,https://archive.org/download/CNN_20100210_220000_The_Situation_Room_With_Wolf_Blitzer/CNN_20100210_220000_The_Situation_Room_With_Wolf_Blitzer.thumbs/CNN_20100210_220000_The_Situation_Room_With_Wolf_Blitzer_002633.jpg,"polar icecaps are melting. there's no denying climate change. i hope that senator inhofe is having a great time at home, and i hope that there's real true energy reform."
https://archive.org/details/CNN_20100219_180000_CNN_Newsroom#start/3696/end/3731,2/19/2010 19:01:51,CNN,CNN Newsroom,CNN_20100219_180000_CNN_Newsroom,https://archive.org/download/CNN_20100219_180000_CNN_Newsroom/CNN_20100219_180000_CNN_Newsroom.thumbs/CNN_20100219_180000_CNN_Newsroom_003682.jpg,"you say it will be more expensive for you if you have a less efficient car, and that is the idea we are trying to talk about when it comes to the green house gases that are causing global warming, but if we say that, you know what, the pollution that is being sent"
https://archive.org/details/CNN_20100217_180000_CNN_Newsroom#start/5098/end/5133,2/17/2010 19:25:13,CNN,CNN Newsroom,CNN_20100217_180000_CNN_Newsroom,https://archive.org/download/CNN_20100217_180000_CNN_Newsroom/CNN_20100217_180000_CNN_Newsroom.thumbs/CNN_20100217_180000_CNN_Newsroom_005091.jpg,"january on record for 11 years. that is incredible. and the southeast and the mid-atlantic states which did feel particularly cold, it does stand to reason, because we were colder than average. yes, and all of the people who say, where is global warming? there it is. and we were talking to mark"
https://archive.org/details/CNN_20100215_060000_CNN_Newsroom#start/1936/end/1971,2/15/2010 6:32:31,CNN,CNN Newsroom,CNN_20100215_060000_CNN_Newsroom,https://archive.org/download/CNN_20100215_060000_CNN_Newsroom/CNN_20100215_060000_CNN_Newsroom.thumbs/CNN_20100215_060000_CNN_Newsroom_001914.jpg,"it's always good to see you. so you know -- good to see you, don. you know everything about climate change, right? so republicans, you know, they have been really bashing the former vice president."
https://archive.org/details/CNN_20100218_160000_CNN_Newsroom#start/1793/end/1828,2/18/2010 16:30:08,CNN,CNN Newsroom,CNN_20100218_160000_CNN_Newsroom,https://archive.org/download/CNN_20100218_160000_CNN_Newsroom/CNN_20100218_160000_CNN_Newsroom.thumbs/CNN_20100218_160000_CNN_Newsroom_001793.jpg,"say, needs china more than china needs the united states. right. what's the true story? well, we both need each other. we need each other for a number of international security issues, to deal with the global climate crisis, to deal with the global financial crisis. for an average american, what"
https://archive.org/details/CNN_20100218_110000_American_Morning#start/6176/end/6211,2/18/2010 12:43:11,CNN,American Morning,CNN_20100218_110000_American_Morning,https://archive.org/download/CNN_20100218_110000_American_Morning/CNN_20100218_110000_American_Morning.thumbs/CNN_20100218_110000_American_Morning_006170.jpg,"we both need each other. we need each other for a number of international security issues, to deal with the global climate crisis, to deal with the global financial crisis. reporter: for an average american, what is the most important trend in china that they should be looking at?"
https://archive.org/details/CNN_20100215_030000_CNN_Newsroom#start/2006/end/2041,2/15/2010 3:33:41,CNN,CNN Newsroom,CNN_20100215_030000_CNN_Newsroom,https://archive.org/download/CNN_20100215_030000_CNN_Newsroom/CNN_20100215_030000_CNN_Newsroom.thumbs/CNN_20100215_030000_CNN_Newsroom_001980.jpg,"when it was first testified. jim hansen testified in front of congress, let's say. but since then people have used the expression 'climate change' because warming is in a global sense certainly happening but it's the changes that happen"
https://archive.org/details/CNN_20100216_160000_CNN_Newsroom#start/750/end/785,2/16/2010 16:12:45,CNN,CNN Newsroom,CNN_20100216_160000_CNN_Newsroom,https://archive.org/download/CNN_20100216_160000_CNN_Newsroom/CNN_20100216_160000_CNN_Newsroom.thumbs/CNN_20100216_160000_CNN_Newsroom_000744.jpg,"energy remains our largest source of fuel that produces no carbon emissions. to meet our growing energy needs and prevent the worst consequences of climate change, we'll need to increase our supply of nuclear power, it's"
https://archive.org/details/CNN_20100216_110000_American_Morning#start/2450/end/2485,2/16/2010 11:41:05,CNN,American Morning,CNN_20100216_110000_American_Morning,https://archive.org/download/CNN_20100216_110000_American_Morning/CNN_20100216_110000_American_Morning.thumbs/CNN_20100216_110000_American_Morning_002273.jpg,"huntsville. nice to see you, debate about global climate change. good to talk to you. thank you. and 38 minutes after the hour. welcome back to the most news in the morning. there are new details in the"
https://archive.org/details/CNN_20100216_220000_The_Situation_Room_With_Wolf_Blitzer#start/3895/end/3930,2/16/2010 23:05:10,CNN,The Situation Room With Wolf Blitzer,CNN_20100216_220000_The_Situation_Room_With_Wolf_Blitzer,https://archive.org/download/CNN_20100216_220000_The_Situation_Room_With_Wolf_Blitzer/CNN_20100216_220000_The_Situation_Room_With_Wolf_Blitzer.thumbs/CNN_20100216_220000_The_Situation_Room_With_Wolf_Blitzer_003891.jpg,"remains the biggest source of fuel that produces no carbon emissions. it will prevent the worst consequences of climate change, we have to increase nuclear power, and it is that simple. this one plant for example will"
https://archive.org/details/CNN_20100215_000000_CNN_Newsroom#start/2998/end/3033,2/15/2010 0:50:13,CNN,CNN Newsroom,CNN_20100215_000000_CNN_Newsroom,https://archive.org/download/CNN_20100215_000000_CNN_Newsroom/CNN_20100215_000000_CNN_Newsroom.thumbs/CNN_20100215_000000_CNN_Newsroom_002993.jpg,"political tongues are wagging. conservatives have been bashing former vice president al gore and other climate change advocates and having a lot of fun doing it. they say the colder than normal winter and snowier than normal winter prove positive that"
https://archive.org/details/CNN_20100217_220000_The_Situation_Room_With_Wolf_Blitzer#start/1295/end/1330,2/17/2010 22:21:50,CNN,The Situation Room With Wolf Blitzer,CNN_20100217_220000_The_Situation_Room_With_Wolf_Blitzer,https://archive.org/download/CNN_20100217_220000_The_Situation_Room_With_Wolf_Blitzer/CNN_20100217_220000_The_Situation_Room_With_Wolf_Blitzer.thumbs/CNN_20100217_220000_The_Situation_Room_With_Wolf_Blitzer_001290.jpg,"attack on the inter-governmental panel on climate change, the u.n. panel, from a white house point view, has been blown out of proportion. they say, look, in a 3000-page report there was one seniors error in that report."
https://archive.org/details/CNN_20100207_190000_Amanpour.#start/1076/end/1111,2/7/2010 19:18:11,CNN,Amanpour.,CNN_20100207_190000_Amanpour.,https://archive.org/download/CNN_20100207_190000_Amanpour./CNN_20100207_190000_Amanpour..thumbs/CNN_20100207_190000_Amanpour._001075.jpg,"united states is asking for china's help across a whole range of issues from afghanistan to north korea to iran from climate change, et cetera. therefore, china gets a very mixed signal on the one hand, the united states need china's"
https://archive.org/details/CNN_20100216_180000_CNN_Newsroom#start/2494/end/2529,2/16/2010 18:41:49,CNN,CNN Newsroom,CNN_20100216_180000_CNN_Newsroom,https://archive.org/download/CNN_20100216_180000_CNN_Newsroom/CNN_20100216_180000_CNN_Newsroom.thumbs/CNN_20100216_180000_CNN_Newsroom_002483.jpg,"president about energy and climate change about president obama's announcement today that he is providing $8 billion in loan guarantees for the construction of nuclear power plants here in georgia. the first in 30 years in america. alka-seltzer plus liquid gels"
https://archive.org/details/CNN_20100219_180000_CNN_Newsroom#start/3710/end/3745,2/19/2010 19:02:05,CNN,CNN Newsroom,CNN_20100219_180000_CNN_Newsroom,https://archive.org/download/CNN_20100219_180000_CNN_Newsroom/CNN_20100219_180000_CNN_Newsroom.thumbs/CNN_20100219_180000_CNN_Newsroom_003712.jpg,"into the atmosphere has a cost to all of us, in terms of in some cases the air we breathe that is causing asthma, and in some cases because it is causing climate change, we want you to take into account those costs"
https://archive.org/details/CNN_20100219_180000_CNN_Newsroom#start/3543/end/3578,2/19/2010 18:59:18,CNN,CNN Newsroom,CNN_20100219_180000_CNN_Newsroom,https://archive.org/download/CNN_20100219_180000_CNN_Newsroom/CNN_20100219_180000_CNN_Newsroom.thumbs/CNN_20100219_180000_CNN_Newsroom_003532.jpg,"science of climate change does not mean that certain places are getting warmer, but the planet as a whole is getting warmer. so vancouver which is supposed to get snow in the olympics suddenly is at 55 degrees, and dallas suddenly is getting seven"
https://archive.org/details/CNN_20100215_030000_CNN_Newsroom#start/1924/end/1959,2/15/2010 3:32:19,CNN,CNN Newsroom,CNN_20100215_030000_CNN_Newsroom,https://archive.org/download/CNN_20100215_030000_CNN_Newsroom/CNN_20100215_030000_CNN_Newsroom.thumbs/CNN_20100215_030000_CNN_Newsroom_001920.jpg,"two big snowstorms in the nation's capital, and political tongues are wagging. conservatives have been bashing former vice president al gore and other climate change advocates, and they're having a lot of fun doing it. they say the colder than normal winter and snowier than normal"
https://archive.org/details/CNN_20100216_180000_CNN_Newsroom#start/3280/end/3315,2/16/2010 18:54:55,CNN,CNN Newsroom,CNN_20100216_180000_CNN_Newsroom,https://archive.org/download/CNN_20100216_180000_CNN_Newsroom/CNN_20100216_180000_CNN_Newsroom.thumbs/CNN_20100216_180000_CNN_Newsroom_003262.jpg,"dangerous pollutants that contribute to climate change, and if you look at all of those things, and if we could pass comprehensive energy legislation, we which reworking hard to do, the economy will sort out how much wind, how much solar, and we edon't need to"
https://archive.org/details/CNN_20100216_110000_American_Morning#start/1944/end/1979,2/16/2010 11:32:39,CNN,American Morning,CNN_20100216_110000_American_Morning,https://archive.org/download/CNN_20100216_110000_American_Morning/CNN_20100216_110000_American_Morning.thumbs/CNN_20100216_110000_American_Morning_001943.jpg,"that found that climate change is 'unequivocal' and that man is to blame for it. john christie is one of the researchers challenging the findings. he's a professor of atmospheric science at the university of alabama at huntsville. he joins us live from huntsville."
https://archive.org/details/CNN_20100216_180000_CNN_Newsroom#start/2759/end/2794,2/16/2010 18:46:14,CNN,CNN Newsroom,CNN_20100216_180000_CNN_Newsroom,https://archive.org/download/CNN_20100216_180000_CNN_Newsroom/CNN_20100216_180000_CNN_Newsroom.thumbs/CNN_20100216_180000_CNN_Newsroom_002752.jpg,"which nobochernobyl, those are problems that created a problem with nuclear power in the united states. let's bring in someone who knows a lot about this. carol browner is the assistant to the president on energy and climate change. she joins me from the white house."
https://archive.org/details/CNN_20100219_180000_CNN_Newsroom#start/3436/end/3471,2/19/2010 18:57:31,CNN,CNN Newsroom,CNN_20100219_180000_CNN_Newsroom,https://archive.org/download/CNN_20100219_180000_CNN_Newsroom/CNN_20100219_180000_CNN_Newsroom.thumbs/CNN_20100219_180000_CNN_Newsroom_003412.jpg,"works. it creates jobs. my company has been growing 30% every year in france for the past two years, and i really want to see that happen here, and i think that even if you don't believe in climate change, there is like byproducts that"
https://archive.org/details/CNN_20100207_220000_Amanpour.#start/1055/end/1090,2/7/2010 22:17:50,CNN,Amanpour.,CNN_20100207_220000_Amanpour.,https://archive.org/download/CNN_20100207_220000_Amanpour./CNN_20100207_220000_Amanpour..thumbs/CNN_20100207_220000_Amanpour._001045.jpg,"sells all these weapons to taiwan. on the other hand, i think the united states is asking for china's help across a whole range of issues from afghanistan to north korea to iran from climate change, et cetera. therefore, china gets a very mixed signal on the one hand, the united states need china's help."
https://archive.org/details/CNN_20100216_180000_CNN_Newsroom#start/3200/end/3235,2/16/2010 18:53:35,CNN,CNN Newsroom,CNN_20100216_180000_CNN_Newsroom,https://archive.org/download/CNN_20100216_180000_CNN_Newsroom/CNN_20100216_180000_CNN_Newsroom.thumbs/CNN_20100216_180000_CNN_Newsroom_003201.jpg,"and more of all of the above. now, back to carol browner at the white house, and she is the president's assistant on energy and climate change. first of all, no surprise to you, carol, that the republicans have come out and said this is a great step. this is typically something that"
https://archive.org/details/CNN_20100215_060000_CNN_Newsroom#start/2021/end/2056,2/15/2010 6:33:56,CNN,CNN Newsroom,CNN_20100215_060000_CNN_Newsroom,https://archive.org/download/CNN_20100215_060000_CNN_Newsroom/CNN_20100215_060000_CNN_Newsroom.thumbs/CNN_20100215_060000_CNN_Newsroom_002004.jpg,"sense certainly happening but it's the changes that happen locally on account -- like for example, this year the winds -- the jet stream is much farther south than you might expect. and so it's snowing in atlanta, right? but that absolutely does not disprove climate change. people are making these claims is really remarkable. none of this stuff has exactly"
https://archive.org/details/CNN_20100215_060000_CNN_Newsroom#start/2082/end/2117,2/15/2010 6:34:57,CNN,CNN Newsroom,CNN_20100215_060000_CNN_Newsroom,https://archive.org/download/CNN_20100215_060000_CNN_Newsroom/CNN_20100215_060000_CNN_Newsroom.thumbs/CNN_20100215_060000_CNN_Newsroom_002064.jpg,"will spin a roulette wheel and get a double 0, but that happens very, very seldom. so i mention it as an analogy. two weeks of weather is not enough. jacqui? i absolutely agree with bill. regardless of what you think about climate change, you have to look at the word climate, right? and that's the long-term weather of what you would expect over a place. and so you can't say one storm"
