﻿URL,MatchDateTime,Station,Show,IAShowID,IAPreviewThumb,Snippet
https://archive.org/details/CNN_20101202_010000_Parker_Spitzer#start/1900/end/1935,12/2/2010 1:31:55,CNN,Parker Spitzer,CNN_20101202_010000_Parker_Spitzer,https://archive.org/download/CNN_20101202_010000_Parker_Spitzer/CNN_20101202_010000_Parker_Spitzer.thumbs/CNN_20101202_010000_Parker_Spitzer_001884.jpg,"them sort of appreciate what you're trying to do. global warming is another issue where the republican party right now has been vehemently opposed to most of the incoming republicans who have been elected reject the science, don't want to do anything in terms of global warming."
https://archive.org/details/CNN_20101205_150000_Fareed_Zakaria_GPS#start/3278/end/3313,12/5/2010 15:54:53,CNN,Fareed Zakaria GPS,CNN_20101205_150000_Fareed_Zakaria_GPS,https://archive.org/download/CNN_20101205_150000_Fareed_Zakaria_GPS/CNN_20101205_150000_Fareed_Zakaria_GPS.thumbs/CNN_20101205_150000_Fareed_Zakaria_GPS_003270.jpg,"promised noah after the flood, you know, noah, 5900-year-old man who got two of every animal on the ship and goat them to -- okay. he promised he wouldn't wipe out the world again, so why are we worrying about global warming."
https://archive.org/details/CNN_20101205_180000_Fareed_Zakaria_GPS#start/1696/end/1731,12/5/2010 18:28:31,CNN,Fareed Zakaria GPS,CNN_20101205_180000_Fareed_Zakaria_GPS,https://archive.org/download/CNN_20101205_180000_Fareed_Zakaria_GPS/CNN_20101205_180000_Fareed_Zakaria_GPS.thumbs/CNN_20101205_180000_Fareed_Zakaria_GPS_001680.jpg,"21000 in the first nine months of 2010 alone, more than double the number killed in all of 2009. these death tolls come from munich re, one of swiss re's biggest competitors. tom friedman has an alternate term from global warming."
https://archive.org/details/CNN_20101231_090000_Parker_Spitzer#start/1547/end/1582,12/31/2010 9:26:02,CNN,Parker Spitzer,CNN_20101231_090000_Parker_Spitzer,https://archive.org/download/CNN_20101231_090000_Parker_Spitzer/CNN_20101231_090000_Parker_Spitzer.thumbs/CNN_20101231_090000_Parker_Spitzer_001530.jpg,"declining levels of investment because of global warming. this is what we're focused on. there's many other things we don't focus quite as much on. if you will allow me, the real point is not to say that we shouldn't deal with global"
https://archive.org/details/CNN_20101231_090000_Parker_Spitzer#start/1670/end/1705,12/31/2010 9:28:05,CNN,Parker Spitzer,CNN_20101231_090000_Parker_Spitzer,https://archive.org/download/CNN_20101231_090000_Parker_Spitzer/CNN_20101231_090000_Parker_Spitzer.thumbs/CNN_20101231_090000_Parker_Spitzer_001650.jpg,"isn't the possibility that this is the same situation, sufficient to say we should do something really dramatic? let me just take -- i'm not going to go into the quote. i'm just going to take a little look at the global warming argument."
https://archive.org/details/CNN_20101229_180000_CNN_Newsroom#start/1194/end/1229,12/29/2010 18:20:09,CNN,CNN Newsroom,CNN_20101229_180000_CNN_Newsroom,https://archive.org/download/CNN_20101229_180000_CNN_Newsroom/CNN_20101229_180000_CNN_Newsroom.thumbs/CNN_20101229_180000_CNN_Newsroom_001195.jpg,"but there's an awful lot of teleconnection going on in other parts that we don't talk about. we know about those things. you know all these other variables that are going on, north pacific, south pacific. do you see changes in that because of global warming?"
https://archive.org/details/CNN_20101219_160000_Reliable_Sources#start/1149/end/1184,12/19/2010 16:19:24,CNN,Reliable Sources,CNN_20101219_160000_Reliable_Sources,https://archive.org/download/CNN_20101219_160000_Reliable_Sources/CNN_20101219_160000_Reliable_Sources.thumbs/CNN_20101219_160000_Reliable_Sources_001140.jpg,"will be tough in questioning about her politics and policies and not just like your power broker, the horse race. we need to know about, you know, why she thinks it's time to shred government when we need government most, or why she thinks climate crisis is not"
https://archive.org/details/CNN_20101231_220000_The_Situation_Room_With_Wolf_Blitzer#start/1774/end/1809,12/31/2010 22:29:49,CNN,The Situation Room With Wolf Blitzer,CNN_20101231_220000_The_Situation_Room_With_Wolf_Blitzer,https://archive.org/download/CNN_20101231_220000_The_Situation_Room_With_Wolf_Blitzer/CNN_20101231_220000_The_Situation_Room_With_Wolf_Blitzer.thumbs/CNN_20101231_220000_The_Situation_Room_With_Wolf_Blitzer_001770.jpg,"historic but also very messy year when you look at this year with the democrats in charge, they had huge achievements. health care reform, wall street reform. also don't ask, don't tell. but they also had huge losses. climate change, no energy"
https://archive.org/details/CNN_20101210_090000_Parker_Spitzer#start/2073/end/2108,12/10/2010 9:34:48,CNN,Parker Spitzer,CNN_20101210_090000_Parker_Spitzer,https://archive.org/download/CNN_20101210_090000_Parker_Spitzer/CNN_20101210_090000_Parker_Spitzer.thumbs/CNN_20101210_090000_Parker_Spitzer_002070.jpg,"virtually all of the republicans that were just elected to congress disavowed the science of global warming. it is as though we don't want to look at science anymore. i don't understand when that happened, when science became something you believe in. do you believe in global warming? i don't think that."
https://archive.org/details/CNN_20101231_010000_Parker_Spitzer#start/1548/end/1583,12/31/2010 1:26:03,CNN,Parker Spitzer,CNN_20101231_010000_Parker_Spitzer,https://archive.org/download/CNN_20101231_010000_Parker_Spitzer/CNN_20101231_010000_Parker_Spitzer.thumbs/CNN_20101231_010000_Parker_Spitzer_001530.jpg,"because of global warming. this is what we're focused on. there's many other things we don't focus quite as much on. if you will allow me, the real point is not to say that we shouldn't deal with global warming but to say we are not right now. so when people are saying, no,"
https://archive.org/details/CNN_20101229_180000_CNN_Newsroom#start/1102/end/1137,12/29/2010 18:18:37,CNN,CNN Newsroom,CNN_20101229_180000_CNN_Newsroom,https://archive.org/download/CNN_20101229_180000_CNN_Newsroom/CNN_20101229_180000_CNN_Newsroom.thumbs/CNN_20101229_180000_CNN_Newsroom_001075.jpg,"warming on this snowstorm and everybody was saying that i didn't believe in global warming it didn't exist. that's not what i was saying. i was saying you can't blame one event or even a number of events on global warming. are your seeing that? do you agree with that or do you see something different?"
https://archive.org/details/CNN_20101204_090000_Parker_Spitzer#start/3233/end/3268,12/4/2010 9:54:08,CNN,Parker Spitzer,CNN_20101204_090000_Parker_Spitzer,https://archive.org/download/CNN_20101204_090000_Parker_Spitzer/CNN_20101204_090000_Parker_Spitzer.thumbs/CNN_20101204_090000_Parker_Spitzer_003210.jpg,"it's not about an ethics violation but ignorance to a position you're in and it really scares me this man, and i'm bringing up a completely digit point here, wants to head an energy committee when he is citing genesis as to why global"
https://archive.org/details/CNN_20101229_180000_CNN_Newsroom#start/1087/end/1122,12/29/2010 18:18:22,CNN,CNN Newsroom,CNN_20101229_180000_CNN_Newsroom,https://archive.org/download/CNN_20101229_180000_CNN_Newsroom/CNN_20101229_180000_CNN_Newsroom.thumbs/CNN_20101229_180000_CNN_Newsroom_001075.jpg,"even with something on a 30 year period. i was chastised by all the people on wikipedia and all these other things they write about something i said about a snowstorm that happened in las vegas a couple of years ago that said you can't blame global"
https://archive.org/details/CNN_20101231_010000_Parker_Spitzer#start/1423/end/1458,12/31/2010 1:23:58,CNN,Parker Spitzer,CNN_20101231_010000_Parker_Spitzer,https://archive.org/download/CNN_20101231_010000_Parker_Spitzer/CNN_20101231_010000_Parker_Spitzer.thumbs/CNN_20101231_010000_Parker_Spitzer_001410.jpg,"how does that work? there's two parts to this. first of all, remember, three-fourths of the world's population have much more important things to deal with. and so we should help them with those issues. but that doesn't mean, as you say, we shouldn't fix global"
https://archive.org/details/CNN_20101231_010000_Parker_Spitzer#start/1308/end/1343,12/31/2010 1:22:03,CNN,Parker Spitzer,CNN_20101231_010000_Parker_Spitzer,https://archive.org/download/CNN_20101231_010000_Parker_Spitzer/CNN_20101231_010000_Parker_Spitzer.thumbs/CNN_20101231_010000_Parker_Spitzer_001290.jpg,"of the copenhagen consensus center. he argues the consequences of climate change are vastly exaggerated and that money spent on climate change policy would be more effective used to fight malaria eradication or water"
https://archive.org/details/CNN_20101231_090000_Parker_Spitzer#start/1313/end/1348,12/31/2010 9:22:08,CNN,Parker Spitzer,CNN_20101231_090000_Parker_Spitzer,https://archive.org/download/CNN_20101231_090000_Parker_Spitzer/CNN_20101231_090000_Parker_Spitzer.thumbs/CNN_20101231_090000_Parker_Spitzer_001290.jpg,"he argues the consequences of climate change are vastly exaggerated and that money spent on climate change policy would be more effective used to fight malaria eradication or water sanitation. his views are exploited in 'cool it.'"
https://archive.org/details/CNN_20101204_010000_Parker_Spitzer#start/3224/end/3259,12/4/2010 1:53:59,CNN,Parker Spitzer,CNN_20101204_010000_Parker_Spitzer,https://archive.org/download/CNN_20101204_010000_Parker_Spitzer/CNN_20101204_010000_Parker_Spitzer.thumbs/CNN_20101204_010000_Parker_Spitzer_003210.jpg,"we're talking about somebody in congress. it's not about an ethics violation but ignorance to a position you're in and it really scares me this man, and i'm bringing up a completely digit point here, wants to head an energy committee when he is citing genesis as to why global"
https://archive.org/details/CNN_20101202_090000_Parker_Spitzer#start/1898/end/1933,12/2/2010 9:31:53,CNN,Parker Spitzer,CNN_20101202_090000_Parker_Spitzer,https://archive.org/download/CNN_20101202_090000_Parker_Spitzer/CNN_20101202_090000_Parker_Spitzer.thumbs/CNN_20101202_090000_Parker_Spitzer_001885.jpg,"i think people understand where you and your organization fall in these issues and will help them sort of appreciate what you're trying to do. global warming is another issue where the republican party right now has been vehemently opposed to most of the incoming republicans who have been elected reject the science, don't want to do anything in terms of global warming. does your organization weigh in on that? we don't specifically because"
https://archive.org/details/CNN_20101210_090000_Parker_Spitzer#start/2040/end/2075,12/10/2010 9:34:15,CNN,Parker Spitzer,CNN_20101210_090000_Parker_Spitzer,https://archive.org/download/CNN_20101210_090000_Parker_Spitzer/CNN_20101210_090000_Parker_Spitzer.thumbs/CNN_20101210_090000_Parker_Spitzer_002040.jpg,"what has happen to that passion? what has happened to the passion of people trying to do something about global warming? yes. well, it's very interesting"
https://archive.org/details/CNN_20101205_180000_Fareed_Zakaria_GPS#start/3251/end/3286,12/5/2010 18:54:26,CNN,Fareed Zakaria GPS,CNN_20101205_180000_Fareed_Zakaria_GPS,https://archive.org/download/CNN_20101205_180000_Fareed_Zakaria_GPS/CNN_20101205_180000_Fareed_Zakaria_GPS.thumbs/CNN_20101205_180000_Fareed_Zakaria_GPS_003240.jpg,"going to be taking over the energy commission, john shimkus, he's a real winner. he says we don't have to worry about global warming because in the bible, god"
https://archive.org/details/CNN_20101210_010000_Parker_Spitzer#start/1837/end/1872,12/10/2010 1:30:52,CNN,Parker Spitzer,CNN_20101210_010000_Parker_Spitzer,https://archive.org/download/CNN_20101210_010000_Parker_Spitzer/CNN_20101210_010000_Parker_Spitzer.thumbs/CNN_20101210_010000_Parker_Spitzer_001800.jpg,"tohemecarecrs. 'sheifyogi tay. as producer of an inconvenient truth, lorie david has done as much as anyone to bring global warming to the public's attention. in her new book 'the family"
https://archive.org/details/CNN_20101203_220000_The_Situation_Room_With_Wolf_Blitzer#start/5096/end/5131,12/3/2010 23:25:11,CNN,The Situation Room With Wolf Blitzer,CNN_20101203_220000_The_Situation_Room_With_Wolf_Blitzer,https://archive.org/download/CNN_20101203_220000_The_Situation_Room_With_Wolf_Blitzer/CNN_20101203_220000_The_Situation_Room_With_Wolf_Blitzer.thumbs/CNN_20101203_220000_The_Situation_Room_With_Wolf_Blitzer_005070.jpg,"big difference than sending bullets. and at a cancun summit on global warming, experts say that so far 2010 is slightly warmer than 2008 and 2005 and that could change depending on the"
https://archive.org/details/CNN_20101230_090000_Parker_Spitzer#start/479/end/514,12/30/2010 9:08:14,CNN,Parker Spitzer,CNN_20101230_090000_Parker_Spitzer,https://archive.org/download/CNN_20101230_090000_Parker_Spitzer/CNN_20101230_090000_Parker_Spitzer.thumbs/CNN_20101230_090000_Parker_Spitzer_000480.jpg,"education crisis. they're not going to deal with their energy crisis. they don't believe inform global warming. they believe it's a scientific hoax. why would you deal with it? no republican got elected saying"
https://archive.org/details/CNN_20101229_180000_CNN_Newsroom#start/942/end/977,12/29/2010 18:15:57,CNN,CNN Newsroom,CNN_20101229_180000_CNN_Newsroom,https://archive.org/download/CNN_20101229_180000_CNN_Newsroom/CNN_20101229_180000_CNN_Newsroom.thumbs/CNN_20101229_180000_CNN_Newsroom_000925.jpg,"determine what is global warming and what is natural variability and to look at a number of recent events, i'll go back as far as the pakistan floods and the fires in russia, the"
https://archive.org/details/CNN_20101229_180000_CNN_Newsroom#start/1071/end/1106,12/29/2010 18:18:06,CNN,CNN Newsroom,CNN_20101229_180000_CNN_Newsroom,https://archive.org/download/CNN_20101229_180000_CNN_Newsroom/CNN_20101229_180000_CNN_Newsroom.thumbs/CNN_20101229_180000_CNN_Newsroom_001045.jpg,"was the intensity, was it increasing then. our studies, especially for some of the ocean basins have been -- have been okay. but attributing something directly to global warming is a difficult thing to do."
https://archive.org/details/CNN_20101210_010000_Parker_Spitzer#start/2092/end/2127,12/10/2010 1:35:07,CNN,Parker Spitzer,CNN_20101210_010000_Parker_Spitzer,https://archive.org/download/CNN_20101210_010000_Parker_Spitzer/CNN_20101210_010000_Parker_Spitzer.thumbs/CNN_20101210_010000_Parker_Spitzer_002070.jpg,"we are frozen in place. virtually all of the republicans that were just elected to congress disavowed the science of global warming. it is as though we don't want to look at science anymore. i don't understand when that"
https://archive.org/details/CNN_20101229_180000_CNN_Newsroom#start/704/end/739,12/29/2010 18:11:59,CNN,CNN Newsroom,CNN_20101229_180000_CNN_Newsroom,https://archive.org/download/CNN_20101229_180000_CNN_Newsroom/CNN_20101229_180000_CNN_Newsroom.thumbs/CNN_20101229_180000_CNN_Newsroom_000685.jpg,"we've seen flooding, mudslides destroying neighborhoods as well. what's going on. oftentimes people see major weather situations and think can this be global warming? is it? we have a couple of experts coming up next. we'll talk about it."
https://archive.org/details/CNN_20101229_180000_CNN_Newsroom#start/928/end/963,12/29/2010 18:15:43,CNN,CNN Newsroom,CNN_20101229_180000_CNN_Newsroom,https://archive.org/download/CNN_20101229_180000_CNN_Newsroom/CNN_20101229_180000_CNN_Newsroom.thumbs/CNN_20101229_180000_CNN_Newsroom_000925.jpg,"nor. would you say it's attributable to global warming? there's no answer. i would probably not. i think one of the terrible things -- one of the great problems we have in science at the moment is trying to"
https://archive.org/details/CNN_20101229_180000_CNN_Newsroom#start/1224/end/1259,12/29/2010 18:20:39,CNN,CNN Newsroom,CNN_20101229_180000_CNN_Newsroom,https://archive.org/download/CNN_20101229_180000_CNN_Newsroom/CNN_20101229_180000_CNN_Newsroom.thumbs/CNN_20101229_180000_CNN_Newsroom_001225.jpg,"it's quite similar to what occurred in the '50s. you microsoft remember too if global warming as it occurs may not occur uniformly every where. it will project on to these patterns. one might see an emphasis on"
https://archive.org/details/CNN_20101204_010000_Parker_Spitzer#start/3240/end/3275,12/4/2010 1:54:15,CNN,Parker Spitzer,CNN_20101204_010000_Parker_Spitzer,https://archive.org/download/CNN_20101204_010000_Parker_Spitzer/CNN_20101204_010000_Parker_Spitzer.thumbs/CNN_20101204_010000_Parker_Spitzer_003240.jpg,"warming is not going to happen in this country. it may be the case all the incoming republican members of congress have disavowed a belief in global warming. this is what scares me. i don't think -- this is a false"
https://archive.org/details/CNN_20101204_090000_Parker_Spitzer#start/3250/end/3285,12/4/2010 9:54:25,CNN,Parker Spitzer,CNN_20101204_090000_Parker_Spitzer,https://archive.org/download/CNN_20101204_090000_Parker_Spitzer/CNN_20101204_090000_Parker_Spitzer.thumbs/CNN_20101204_090000_Parker_Spitzer_003240.jpg,"warming is not going to happen in this country. it may be the case all the incoming republican members of congress have disavowed a belief in global warming. this is what scares me. i don't think -- this is a false"
https://archive.org/details/CNN_20101205_150000_Fareed_Zakaria_GPS#start/3262/end/3297,12/5/2010 15:54:37,CNN,Fareed Zakaria GPS,CNN_20101205_150000_Fareed_Zakaria_GPS,https://archive.org/download/CNN_20101205_150000_Fareed_Zakaria_GPS/CNN_20101205_150000_Fareed_Zakaria_GPS.thumbs/CNN_20101205_150000_Fareed_Zakaria_GPS_003240.jpg,"and, you know, we can laugh that off exempt that the guy who is going to be taking over the energy commission, john shim kiss, he says that we don't have to worry about global warming because in the bible, god"
https://archive.org/details/CNN_20101210_010000_Parker_Spitzer#start/2108/end/2143,12/10/2010 1:35:23,CNN,Parker Spitzer,CNN_20101210_010000_Parker_Spitzer,https://archive.org/download/CNN_20101210_010000_Parker_Spitzer/CNN_20101210_010000_Parker_Spitzer.thumbs/CNN_20101210_010000_Parker_Spitzer_002100.jpg,"happened, when science became something you believe in. do you believe in global warming? i don't think that. facts are facts. this is a crazy thing that's happened in our culture. before it is too late, by the way, look at the weather."
https://archive.org/details/CNN_20101221_070000_Anderson_Cooper_360#start/1399/end/1434,12/21/2010 7:23:34,CNN,Anderson Cooper 360,CNN_20101221_070000_Anderson_Cooper_360,https://archive.org/download/CNN_20101221_070000_Anderson_Cooper_360/CNN_20101221_070000_Anderson_Cooper_360.thumbs/CNN_20101221_070000_Anderson_Cooper_360_001380.jpg,"the rich got better and the poor got better. those are two things he needs to do. move the needle on jobs and raise incomes and all this punditry is a contributing to global warming as far as i'm concerned."
https://archive.org/details/CNN_20101231_010000_Parker_Spitzer#start/1704/end/1739,12/31/2010 1:28:39,CNN,Parker Spitzer,CNN_20101231_010000_Parker_Spitzer,https://archive.org/download/CNN_20101231_010000_Parker_Spitzer/CNN_20101231_010000_Parker_Spitzer.thumbs/CNN_20101231_010000_Parker_Spitzer_001680.jpg,"panels cost ten times as much as fossil fuels, a few rich, well meaning westerners will put them up on rooftops. if we can make solar panels cheaper, we would solve global warming. totally agree. the trick here is because we"
https://archive.org/details/CNN_20101230_010000_Parker_Spitzer#start/496/end/531,12/30/2010 1:08:31,CNN,Parker Spitzer,CNN_20101230_010000_Parker_Spitzer,https://archive.org/download/CNN_20101230_010000_Parker_Spitzer/CNN_20101230_010000_Parker_Spitzer.thumbs/CNN_20101230_010000_Parker_Spitzer_000480.jpg,"deal with our energy crisis and education crisis. they're not going to deal with their energy crisis. they don't believe inform global warming. they believe it's a scientific hoax. why would you deal with it? no republican got elected saying"
https://archive.org/details/CNN_20101204_010000_Parker_Spitzer#start/3254/end/3289,12/4/2010 1:54:29,CNN,Parker Spitzer,CNN_20101204_010000_Parker_Spitzer,https://archive.org/download/CNN_20101204_010000_Parker_Spitzer/CNN_20101204_010000_Parker_Spitzer.thumbs/CNN_20101204_010000_Parker_Spitzer_003240.jpg,"debate. i don't think it's always fair to give equal footing to a religious opinion versus a science opinion on the science topic. on the eighth day, let there be no global warming? you're not going it be flying back to l.a. privately, are you?"
https://archive.org/details/CNN_20101204_090000_Parker_Spitzer#start/3265/end/3300,12/4/2010 9:54:40,CNN,Parker Spitzer,CNN_20101204_090000_Parker_Spitzer,https://archive.org/download/CNN_20101204_090000_Parker_Spitzer/CNN_20101204_090000_Parker_Spitzer.thumbs/CNN_20101204_090000_Parker_Spitzer_003240.jpg,"debate. i don't think it's always fair to give equal footing to a religious opinion versus a science opinion on the science topic. on the eighth day, let there be no global warming? you're not going it be flying back to l.a. privately, are you?"
https://archive.org/details/CNN_20101221_030000_Anderson_Cooper_360#start/1288/end/1323,12/21/2010 3:21:43,CNN,Anderson Cooper 360,CNN_20101221_030000_Anderson_Cooper_360,https://archive.org/download/CNN_20101221_030000_Anderson_Cooper_360/CNN_20101221_030000_Anderson_Cooper_360.thumbs/CNN_20101221_030000_Anderson_Cooper_360_001290.jpg,"got better. those are two things he needs to do. move the needle on jobs and raise incomes and all this punditry is a contributing to global warming as far as i'm concerned. eric, you -- you just heard the comments made by lots of"
https://archive.org/details/CNN_20101221_030000_Anderson_Cooper_360#start/4955/end/4990,12/21/2010 4:22:50,CNN,Anderson Cooper 360,CNN_20101221_030000_Anderson_Cooper_360,https://archive.org/download/CNN_20101221_030000_Anderson_Cooper_360/CNN_20101221_030000_Anderson_Cooper_360.thumbs/CNN_20101221_030000_Anderson_Cooper_360_004950.jpg,"got better. those are two things he needs to do. move the needle on jobs and raise incomes and all this punditry is a contributing to global warming as far as i'm concerned. eric, you -- you just heard the comments made by lots of"
https://archive.org/details/CNN_20101221_060000_Anderson_Cooper_360#start/1288/end/1323,12/21/2010 6:21:43,CNN,Anderson Cooper 360,CNN_20101221_060000_Anderson_Cooper_360,https://archive.org/download/CNN_20101221_060000_Anderson_Cooper_360/CNN_20101221_060000_Anderson_Cooper_360.thumbs/CNN_20101221_060000_Anderson_Cooper_360_001290.jpg,"move the needle on jobs and raise incomes and all this punditry is a contributing to global warming as far as i'm concerned. eric, you -- you just heard the comments made by lots of people that shellacking that president obama took. no argument that getting 'dont"
https://archive.org/details/CNN_20101229_180000_CNN_Newsroom#start/1056/end/1091,12/29/2010 18:17:51,CNN,CNN Newsroom,CNN_20101229_180000_CNN_Newsroom,https://archive.org/download/CNN_20101229_180000_CNN_Newsroom/CNN_20101229_180000_CNN_Newsroom.thumbs/CNN_20101229_180000_CNN_Newsroom_001045.jpg,"been an increase in intensity during the 30 years of warming sea surface temperatures which had been attributable to global warming. what we don't know, of course, is what happened in the back of the '20s and '30s during a similar period of warming, what"
https://archive.org/details/CNN_20101231_010000_Parker_Spitzer#start/1675/end/1710,12/31/2010 1:28:10,CNN,Parker Spitzer,CNN_20101231_010000_Parker_Spitzer,https://archive.org/download/CNN_20101231_010000_Parker_Spitzer/CNN_20101231_010000_Parker_Spitzer.thumbs/CNN_20101231_010000_Parker_Spitzer_001650.jpg,"something really dramatic? let me just take -- i'm not going to go into the quote. i'm just going to take a little look at the global warming argument. right now al gore and everyone else have had 20 years to prove their policy and they've done nothing."
https://archive.org/details/CNN_20101229_180000_CNN_Newsroom#start/334/end/369,12/29/2010 18:05:49,CNN,CNN Newsroom,CNN_20101229_180000_CNN_Newsroom,https://archive.org/download/CNN_20101229_180000_CNN_Newsroom/CNN_20101229_180000_CNN_Newsroom.thumbs/CNN_20101229_180000_CNN_Newsroom_000326.jpg,"the snow done. 13 million people that can do a little bit. we'll talk to you coming up snow. a blot this snow and huge storm. people thinkingabout is global warming to blame? we got a little conversation, some debate coming up about that"
https://archive.org/details/CNN_20101229_180000_CNN_Newsroom#start/896/end/931,12/29/2010 18:15:11,CNN,CNN Newsroom,CNN_20101229_180000_CNN_Newsroom,https://archive.org/download/CNN_20101229_180000_CNN_Newsroom/CNN_20101229_180000_CNN_Newsroom.thumbs/CNN_20101229_180000_CNN_Newsroom_000895.jpg,"across the globe in the past seven days. why are we seeing all this whacky weather? is it global warming? a lot of people often ask that question and i'm going to ask it now to a couple of folks. one of them peter webster from"
https://archive.org/details/CNN_20101229_180000_CNN_Newsroom#start/1024/end/1059,12/29/2010 18:17:19,CNN,CNN Newsroom,CNN_20101229_180000_CNN_Newsroom,https://archive.org/download/CNN_20101229_180000_CNN_Newsroom/CNN_20101229_180000_CNN_Newsroom.thumbs/CNN_20101229_180000_CNN_Newsroom_001015.jpg,"variability and how global warming can affect hurricane intensity and the number of the storms that's more of a global scale not this local scale. what do you say about that? what do you say we can expect in the next few years with"
https://archive.org/details/CNN_20101229_180000_CNN_Newsroom#start/1148/end/1183,12/29/2010 18:19:23,CNN,CNN Newsroom,CNN_20101229_180000_CNN_Newsroom,https://archive.org/download/CNN_20101229_180000_CNN_Newsroom/CNN_20101229_180000_CNN_Newsroom.thumbs/CNN_20101229_180000_CNN_Newsroom_001135.jpg,"should go back to the 1930s and 1940s where we have good data. not the same global scale as we do have now and we didn't have satellites but we might be able to find out what is global warming and what is natural variability."
https://archive.org/details/CNN_20101203_220000_The_Situation_Room_With_Wolf_Blitzer#start/5111/end/5146,12/3/2010 23:25:26,CNN,The Situation Room With Wolf Blitzer,CNN_20101203_220000_The_Situation_Room_With_Wolf_Blitzer,https://archive.org/download/CNN_20101203_220000_The_Situation_Room_With_Wolf_Blitzer/CNN_20101203_220000_The_Situation_Room_With_Wolf_Blitzer.thumbs/CNN_20101203_220000_The_Situation_Room_With_Wolf_Blitzer_005100.jpg,"temperatures this month. the world meteorological organization says that rising temperatures are proof of manmade climate change. and singer aretha franklin is recovering af a mystery surge"
https://archive.org/details/CNN_20101229_090000_Parker_Spitzer#start/762/end/797,12/29/2010 9:12:57,CNN,Parker Spitzer,CNN_20101229_090000_Parker_Spitzer,https://archive.org/download/CNN_20101229_090000_Parker_Spitzer/CNN_20101229_090000_Parker_Spitzer.thumbs/CNN_20101229_090000_Parker_Spitzer_000750.jpg,"forget the environment. you are saying drill but put on a carbon tax. use that to fund sequestration. yes, nukes, yes efficiency. yes transform our entire economy. it seems like such a centrist, sensible system. we were chatting with ed rendell yesterday."
https://archive.org/details/CNN_20101204_010000_Parker_Spitzer#start/3271/end/3306,12/4/2010 1:54:46,CNN,Parker Spitzer,CNN_20101204_010000_Parker_Spitzer,https://archive.org/download/CNN_20101204_010000_Parker_Spitzer/CNN_20101204_010000_Parker_Spitzer.thumbs/CNN_20101204_010000_Parker_Spitzer_003270.jpg,"are you driving back in a preyugs? how are you getting back? you have your -- you know, it just bothers me when somebody wants to be in that situation and isn't willing to look at the actual evidence. global warming industry is collapsing of its own accord. the industry --  _"
https://archive.org/details/CNN_20101204_090000_Parker_Spitzer#start/3282/end/3317,12/4/2010 9:54:57,CNN,Parker Spitzer,CNN_20101204_090000_Parker_Spitzer,https://archive.org/download/CNN_20101204_090000_Parker_Spitzer/CNN_20101204_090000_Parker_Spitzer.thumbs/CNN_20101204_090000_Parker_Spitzer_003270.jpg,"are you driving back in a preyugs? how are you getting back? you have your -- you know, it just bothers me when somebody wants to be in that situation and isn't willing to look at the actual evidence. global warming industry is collapsing of its own accord. the industry --  _"
https://archive.org/details/CNN_20101205_180000_Fareed_Zakaria_GPS#start/3238/end/3273,12/5/2010 18:54:13,CNN,Fareed Zakaria GPS,CNN_20101205_180000_Fareed_Zakaria_GPS,https://archive.org/download/CNN_20101205_180000_Fareed_Zakaria_GPS/CNN_20101205_180000_Fareed_Zakaria_GPS.thumbs/CNN_20101205_180000_Fareed_Zakaria_GPS_003240.jpg,"that global warming is a hoax. you mentioned religion. and i saw one of the guys quoted in the article said i've read my bible. god put the earth here for us to utilize it. and, you know, we can laugh that off except the guy who is"
https://archive.org/details/CNN_20101210_010000_Parker_Spitzer#start/2190/end/2225,12/10/2010 1:36:45,CNN,Parker Spitzer,CNN_20101210_010000_Parker_Spitzer,https://archive.org/download/CNN_20101210_010000_Parker_Spitzer/CNN_20101210_010000_Parker_Spitzer.thumbs/CNN_20101210_010000_Parker_Spitzer_002190.jpg,"summoned up all the or tore cal skills he had during the campaign and continued to drive it? it is tough out there. there is a lot of money fighting him. there is a lot of, again, the same thing as the global warming thing. the enemy is organized and very"
https://archive.org/details/CNN_20101229_180000_CNN_Newsroom#start/991/end/1026,12/29/2010 18:16:46,CNN,CNN Newsroom,CNN_20101229_180000_CNN_Newsroom,https://archive.org/download/CNN_20101229_180000_CNN_Newsroom/CNN_20101229_180000_CNN_Newsroom.thumbs/CNN_20101229_180000_CNN_Newsroom_000985.jpg,"the snow both ways to school. there have been storms like this before. there will be storms like this in the past. will global warming be the culprit some day down the road? maybe. our point of view is just right now too short. from where we've had satellites"
https://archive.org/details/CNN_20101229_180000_CNN_Newsroom#start/961/end/996,12/29/2010 18:16:16,CNN,CNN Newsroom,CNN_20101229_180000_CNN_Newsroom,https://archive.org/download/CNN_20101229_180000_CNN_Newsroom/CNN_20101229_180000_CNN_Newsroom.thumbs/CNN_20101229_180000_CNN_Newsroom_000955.jpg,"australian bad weather, these have happened many, many times before and to be able to say that it's global warming is extremely difficult. chad, let me bring you in here. we see some of these things. we see feet of snow on the ground in some parts of the northeast."
https://archive.org/details/CNN_20101231_090000_Parker_Spitzer#start/1406/end/1441,12/31/2010 9:23:41,CNN,Parker Spitzer,CNN_20101231_090000_Parker_Spitzer,https://archive.org/download/CNN_20101231_090000_Parker_Spitzer/CNN_20101231_090000_Parker_Spitzer.thumbs/CNN_20101231_090000_Parker_Spitzer_001380.jpg,"to, for example, provide drinking water for people in subsahara africa, right? that doesn't change the fact that global warming exists. so i'm not sure. you might go in, i'm going to put plumbing in your house and give you water. you have until 6:00 p.m. to"
https://archive.org/details/CNN_20101212_000000_CNN_Newsroom#start/0/end/34,12/12/2010 0:00:14,CNN,CNN Newsroom,CNN_20101212_000000_CNN_Newsroom,https://archive.org/download/CNN_20101212_000000_CNN_Newsroom/CNN_20101212_000000_CNN_Newsroom.thumbs/CNN_20101212_000000_CNN_Newsroom_000026.jpg,"statue of liberty submerged by green peace activists to make a point about climate change. portugal, people gather around an old carousel. in greece, a dog named sausage who has appeared at all"
https://archive.org/details/CNN_20101210_090000_Parker_Spitzer#start/1797/end/1832,12/10/2010 9:30:12,CNN,Parker Spitzer,CNN_20101210_090000_Parker_Spitzer,https://archive.org/download/CNN_20101210_090000_Parker_Spitzer/CNN_20101210_090000_Parker_Spitzer.thumbs/CNN_20101210_090000_Parker_Spitzer_001680.jpg,"as producer of an inconvenient truth, lorie david has done as much as anyone to bring global warming to the public's attention. in her new book 'the family dinner, ways to connect with your kids one way at a time.' she gives overwhelmed families all the tools they need to create their own family rituals."
https://archive.org/details/CNN_20101210_010000_Parker_Spitzer#start/2061/end/2096,12/10/2010 1:34:36,CNN,Parker Spitzer,CNN_20101210_010000_Parker_Spitzer,https://archive.org/download/CNN_20101210_010000_Parker_Spitzer/CNN_20101210_010000_Parker_Spitzer.thumbs/CNN_20101210_010000_Parker_Spitzer_002040.jpg,"and how important that was. one of the first people to sign up was senator john mccain. what has happen to that passion? what has happened to the passion of people trying to do something about global warming? yes. well, it's very interesting to talk about right now. i'm, of course, upset about how"
https://archive.org/details/CNN_20101231_090000_Parker_Spitzer#start/1717/end/1752,12/31/2010 9:28:52,CNN,Parker Spitzer,CNN_20101231_090000_Parker_Spitzer,https://archive.org/download/CNN_20101231_090000_Parker_Spitzer/CNN_20101231_090000_Parker_Spitzer.thumbs/CNN_20101231_090000_Parker_Spitzer_001710.jpg,"cheaper, we would solve global warming. totally agree. the trick here is because we focus so much on cutting carbon emissions we spend less not more on investment, and development. it seems to me given the risk we should do both. but we haven't done one of them and we're cutting carbon"
https://archive.org/details/CNN_20101208_220000_The_Situation_Room_With_Wolf_Blitzer#start/7001/end/7036,12/8/2010 23:56:56,CNN,The Situation Room With Wolf Blitzer,CNN_20101208_220000_The_Situation_Room_With_Wolf_Blitzer,https://archive.org/download/CNN_20101208_220000_The_Situation_Room_With_Wolf_Blitzer/CNN_20101208_220000_The_Situation_Room_With_Wolf_Blitzer.thumbs/CNN_20101208_220000_The_Situation_Room_With_Wolf_Blitzer_006990.jpg,"buddhist teacher. a model of the statue of liberty is submerged by green tree activists to make a point about climate change. people gather around an old carousal in portugal. in greece, a dog named sausage"
https://archive.org/details/CNN_20101231_090000_Parker_Spitzer#start/1297/end/1332,12/31/2010 9:21:52,CNN,Parker Spitzer,CNN_20101231_090000_Parker_Spitzer,https://archive.org/download/CNN_20101231_090000_Parker_Spitzer/CNN_20101231_090000_Parker_Spitzer.thumbs/CNN_20101231_090000_Parker_Spitzer_001200.jpg,"free lighted magnifier right now. our person of interest today is a controversial author with a global reputation as a skep it particular on climate change. a business professor and founder of the copenhagen consensus center."
https://archive.org/details/CNN_20101205_150000_Fareed_Zakaria_GPS#start/3248/end/3283,12/5/2010 15:54:23,CNN,Fareed Zakaria GPS,CNN_20101205_150000_Fareed_Zakaria_GPS,https://archive.org/download/CNN_20101205_150000_Fareed_Zakaria_GPS/CNN_20101205_150000_Fareed_Zakaria_GPS.thumbs/CNN_20101205_150000_Fareed_Zakaria_GPS_003240.jpg,"an article in the 'new york times' about a month ago that said an article of faith of all the teabaggers is to believe that global warming is a hose hoax. and i saw p one of the guys quoted in the article said i've read my bible. god put the earth here for us to utilize it."
https://archive.org/details/CNN_20101229_010000_Parker_Spitzer#start/754/end/789,12/29/2010 1:12:49,CNN,Parker Spitzer,CNN_20101229_010000_Parker_Spitzer,https://archive.org/download/CNN_20101229_010000_Parker_Spitzer/CNN_20101229_010000_Parker_Spitzer.thumbs/CNN_20101229_010000_Parker_Spitzer_000746.jpg,"it's t seems to me and this is what's so captivating about your book. there is a coalition that should be formed about what you are proposing. you aren't just saying drill and forget the environment. you are saying drill but put on a carbon tax. use that to fund sequestration."
https://archive.org/details/CNN_20101231_090000_Parker_Spitzer#start/1437/end/1472,12/31/2010 9:24:12,CNN,Parker Spitzer,CNN_20101231_090000_Parker_Spitzer,https://archive.org/download/CNN_20101231_090000_Parker_Spitzer/CNN_20101231_090000_Parker_Spitzer.thumbs/CNN_20101231_090000_Parker_Spitzer_001410.jpg,"and so we should help them with those issues. but that doesn't mean, as you say, we shouldn't fix global warming but we should fix it smartly. we're spending hundreds of billions of dollars to do virtually no good. the only policy on the books is the eu 2020 policy. if we actually go through with that, which i think the eu will"
https://archive.org/details/CNN_20101231_010000_Parker_Spitzer#start/1408/end/1443,12/31/2010 1:23:43,CNN,Parker Spitzer,CNN_20101231_010000_Parker_Spitzer,https://archive.org/download/CNN_20101231_010000_Parker_Spitzer/CNN_20101231_010000_Parker_Spitzer.thumbs/CNN_20101231_010000_Parker_Spitzer_001380.jpg,"to, for example, provide drinking water for people in subsahara africa, right? that doesn't change the fact that global warming exists. so i'm not sure. you might go in, i'm going to put plumbing in your house and give you water. you have until 6:00 p.m. to enjoy it. that's when the earthquake comes or the tsunami or whatever."
https://archive.org/details/CNN_20101215_180000_CNN_Newsroom#start/352/end/387,12/15/2010 18:06:07,CNN,CNN Newsroom,CNN_20101215_180000_CNN_Newsroom,https://archive.org/download/CNN_20101215_180000_CNN_Newsroom/CNN_20101215_180000_CNN_Newsroom.thumbs/CNN_20101215_180000_CNN_Newsroom_000326.jpg,"figure out how it's going to impact them. they're nervous about that. they're nervous about the potential for climate change down the road. whether there will be an energy tax. obviously, these business leaders have a long list of desires cht this president,"
https://archive.org/details/CNN_20101231_010000_Parker_Spitzer#start/1294/end/1329,12/31/2010 1:21:49,CNN,Parker Spitzer,CNN_20101231_010000_Parker_Spitzer,https://archive.org/download/CNN_20101231_010000_Parker_Spitzer/CNN_20101231_010000_Parker_Spitzer.thumbs/CNN_20101231_010000_Parker_Spitzer_001170.jpg,"so doesn't it just make sense that we build an electric car. that goes.far. really far. our person of interest today is a controversial author with a global reputation as a skep it particular on climate change. a business professor and founder"
https://archive.org/details/CNN_20101221_100000_Anderson_Cooper_360#start/1254/end/1289,12/21/2010 10:21:09,CNN,Anderson Cooper 360,CNN_20101221_100000_Anderson_Cooper_360,https://archive.org/download/CNN_20101221_100000_Anderson_Cooper_360/CNN_20101221_100000_Anderson_Cooper_360.thumbs/CNN_20101221_100000_Anderson_Cooper_360_001230.jpg,"do. move the needle on jobs and raise incomes and all this punditry is a contributing to global warming as far as i'm concerned. eric, you -- you just heard the comments made by lots of people that shellacking that president obama took. no argument that getting 'dont ask, don't tell' repealed is a huge victory for the president. roughly 70% of the country supported him on that."
https://archive.org/details/CNN_20101206_200000_CNN_Newsroom#start/5250/end/5285,12/6/2010 21:27:45,CNN,CNN Newsroom,CNN_20101206_200000_CNN_Newsroom,https://archive.org/download/CNN_20101206_200000_CNN_Newsroom/CNN_20101206_200000_CNN_Newsroom.thumbs/CNN_20101206_200000_CNN_Newsroom_005241.jpg,"some survivors out. a lot of flooding, a lot of rains there. the government said the rains have affected more than 1 million people. the president of colombia cancelling the trip to the u.n. climate change conference because of all of the flooding. and to australia where"
https://archive.org/details/CNN_20101230_220000_The_Situation_Room_With_Wolf_Blitzer#start/5217/end/5252,12/30/2010 23:27:12,CNN,The Situation Room With Wolf Blitzer,CNN_20101230_220000_The_Situation_Room_With_Wolf_Blitzer,https://archive.org/download/CNN_20101230_220000_The_Situation_Room_With_Wolf_Blitzer/CNN_20101230_220000_The_Situation_Room_With_Wolf_Blitzer.thumbs/CNN_20101230_220000_The_Situation_Room_With_Wolf_Blitzer_005190.jpg,"had huge achievements and looking at the graphic here. health care reform, wall street reform and 'don't ask, don't tell,' but they also had huge losses, climate change, and no energy legislation passed, so they aimed high, and sometimes they hit and sometimes they missed."
https://archive.org/details/CNN_20101205_180000_Fareed_Zakaria_GPS#start/3270/end/3305,12/5/2010 18:54:45,CNN,Fareed Zakaria GPS,CNN_20101205_180000_Fareed_Zakaria_GPS,https://archive.org/download/CNN_20101205_180000_Fareed_Zakaria_GPS/CNN_20101205_180000_Fareed_Zakaria_GPS.thumbs/CNN_20101205_180000_Fareed_Zakaria_GPS_003270.jpg,"promised noah after the flood, you know, noah, 5900-year-old man who got two of every animal on the ship and got them to -- okay. he promised he wouldn't wipe out the world again, so why are we worrying about global warming. you're a man of the world. what does the rest of the world think of this country? it is embarrassing that we have these yokels in charge."
https://archive.org/details/CNN_20101210_090000_Parker_Spitzer#start/2152/end/2187,12/10/2010 9:36:07,CNN,Parker Spitzer,CNN_20101210_090000_Parker_Spitzer,https://archive.org/download/CNN_20101210_090000_Parker_Spitzer/CNN_20101210_090000_Parker_Spitzer.thumbs/CNN_20101210_090000_Parker_Spitzer_002130.jpg,"i see mitch mcconnell looking at me. that's not obama's fault. why could he not sort of have summoned up all the or tore cal skills he had during the campaign and continued to drive it? it is tough out there. there is a lot of money fighting him. there is a lot of, again, the same thing as the global warming thing. the enemy is organized and very rich."
