﻿URL,MatchDateTime,Station,Show,IAShowID,IAPreviewThumb,Snippet
https://archive.org/details/FOXNEWS_20090812_010000_Hannity#start/1647/end/1682,8/12/2009 1:27:42,FOXNEWS,Hannity,FOXNEWS_20090812_010000_Hannity,https://archive.org/download/FOXNEWS_20090812_010000_Hannity/FOXNEWS_20090812_010000_Hannity.thumbs/FOXNEWS_20090812_010000_Hannity_001620.jpg,"sean: big edition of meltdown tonight. there is cold hard proof that global warming really does exist. that is according to michigan senator debbie stab now. the national review on line recently said this about global warming, quote:"
https://archive.org/details/FOXNEWS_20090821_200000_Your_World_With_Neil_Cavuto#start/1680/end/1715,8/21/2009 20:28:15,FOXNEWS,Your World With Neil Cavuto,FOXNEWS_20090821_200000_Your_World_With_Neil_Cavuto,https://archive.org/download/FOXNEWS_20090821_200000_Your_World_With_Neil_Cavuto/FOXNEWS_20090821_200000_Your_World_With_Neil_Cavuto.thumbs/FOXNEWS_20090821_200000_Your_World_With_Neil_Cavuto_001675.jpg,"i see prices coming down dramatically. please get rid of this water. turn up the thermostat. you are not going to need it this winter. neil: is it a global warming deal? where is global warming?"
https://archive.org/details/FOXNEWS_20090810_100000_FOX_and_Friends#start/8028/end/8063,8/10/2009 12:14:03,FOXNEWS,FOX and Friends,FOXNEWS_20090810_100000_FOX_and_Friends,https://archive.org/download/FOXNEWS_20090810_100000_FOX_and_Friends/FOXNEWS_20090810_100000_FOX_and_Friends.thumbs/FOXNEWS_20090810_100000_FOX_and_Friends_008006.jpg,"brian: by the way, congratulations because your book is already a top seller. we are going to hear more about this on the other side of the break. she will also be talking about global warming."
https://archive.org/details/FOXNEWS_20090824_210000_Glenn_Beck#start/2302/end/2337,8/24/2009 21:38:37,FOXNEWS,Glenn Beck,FOXNEWS_20090824_210000_Glenn_Beck,https://archive.org/download/FOXNEWS_20090824_210000_Glenn_Beck/FOXNEWS_20090824_210000_Glenn_Beck.thumbs/FOXNEWS_20090824_210000_Glenn_Beck_002276.jpg,"warming unless you understand that 40% of the greenhouse gases not coming from cars. they're coming from buildings and 75% of greenhouse emissions are coming from the city. you cannot beat global warming unless you green the city. you cannot gene the city"
https://archive.org/details/FOXNEWS_20090823_020000_Geraldo_at_Large#start/1403/end/1438,8/23/2009 2:23:38,FOXNEWS,Geraldo at Large,FOXNEWS_20090823_020000_Geraldo_at_Large,https://archive.org/download/FOXNEWS_20090823_020000_Geraldo_at_Large/FOXNEWS_20090823_020000_Geraldo_at_Large.thumbs/FOXNEWS_20090823_020000_Geraldo_at_Large_001350.jpg,"such a dispair rate group of people can come together on a workable consensus. my son said that having senator kennedy and me together like this on this stage behind the same piece of landmark legislation will help slow global warming."
https://archive.org/details/FOXNEWS_20090805_090000_The_OReilly_Factor#start/1755/end/1790,8/5/2009 9:29:30,FOXNEWS,The OReilly Factor,FOXNEWS_20090805_090000_The_OReilly_Factor,https://archive.org/download/FOXNEWS_20090805_090000_The_OReilly_Factor/FOXNEWS_20090805_090000_The_OReilly_Factor.thumbs/FOXNEWS_20090805_090000_The_OReilly_Factor_001736.jpg,"then and this is now. what's going on with sharks? with us andy dehart. the discovery channel shark advisor. let's advance the story a little bit. we hear like these sharks are dying out. become extinct, waters hot. global warming, they are"
https://archive.org/details/FOXNEWS_20090812_040000_Hannity#start/1212/end/1247,8/12/2009 4:20:27,FOXNEWS,Hannity,FOXNEWS_20090812_040000_Hannity,https://archive.org/download/FOXNEWS_20090812_040000_Hannity/FOXNEWS_20090812_040000_Hannity.thumbs/FOXNEWS_20090812_040000_Hannity_001200.jpg,"to do it that way. sean: senator to be pat tomby for from the great state of pennsylvania. thanks for being with us. we have more on the events of the town halls meetings from earlier today. one democrat says she can actually feel global warming"
https://archive.org/details/FOXNEWS_20090823_080000_Geraldo_at_Large#start/1405/end/1440,8/23/2009 8:23:40,FOXNEWS,Geraldo at Large,FOXNEWS_20090823_080000_Geraldo_at_Large,https://archive.org/download/FOXNEWS_20090823_080000_Geraldo_at_Large/FOXNEWS_20090823_080000_Geraldo_at_Large.thumbs/FOXNEWS_20090823_080000_Geraldo_at_Large_001226.jpg,"what is remarkable to me is such a dispair rate group of people can come together on a workable consensus. my son said that having senator kennedy and me together like this on this stage behind the same piece of landmark legislation will global warming."
https://archive.org/details/FOXNEWS_20090806_080000_Special_Report_With_Bret_Baier#start/1565/end/1600,8/6/2009 8:26:20,FOXNEWS,Special Report With Bret Baier,FOXNEWS_20090806_080000_Special_Report_With_Bret_Baier,https://archive.org/download/FOXNEWS_20090806_080000_Special_Report_With_Bret_Baier/FOXNEWS_20090806_080000_Special_Report_With_Bret_Baier.thumbs/FOXNEWS_20090806_080000_Special_Report_With_Bret_Baier_001556.jpg,"criticizes the government could go to jail for four years, so this international skirmish coming at a time when there troubles at home, also, for hugo chavez. bret, back to you. bret: steve harrigan live in miami. you may think the cash for clunkers program is taking a chunk out of global warming."
https://archive.org/details/FOXNEWS_20090805_220000_Special_Report_With_Bret_Baier#start/1565/end/1600,8/5/2009 22:26:20,FOXNEWS,Special Report With Bret Baier,FOXNEWS_20090805_220000_Special_Report_With_Bret_Baier,https://archive.org/download/FOXNEWS_20090805_220000_Special_Report_With_Bret_Baier/FOXNEWS_20090805_220000_Special_Report_With_Bret_Baier.thumbs/FOXNEWS_20090805_220000_Special_Report_With_Bret_Baier_001556.jpg,"criticizes the government could go to jail for four years, so this international skirmish coming at a time when there troubles at home, also, for hugo chavez. bret, back to you. bret: steve harrigan live in miami. you may think the cash for clunkers program is taking a chunk out of global warming."
https://archive.org/details/FOXNEWS_20090810_100000_FOX_and_Friends#start/1457/end/1492,8/10/2009 10:24:32,FOXNEWS,FOX and Friends,FOXNEWS_20090810_100000_FOX_and_Friends,https://archive.org/download/FOXNEWS_20090810_100000_FOX_and_Friends/FOXNEWS_20090810_100000_FOX_and_Friends.thumbs/FOXNEWS_20090810_100000_FOX_and_Friends_001376.jpg,"brian: is climate change now a threat to u.s. global security and u.s. security here at home? let's get it from our political panel. richard miniter. john fund. richard, let's start with you, how could climate change change, global warming effect the war on"
https://archive.org/details/FOXNEWS_20090805_130000_Americas_Newsroom#start/5872/end/5907,8/5/2009 14:38:07,FOXNEWS,Americas Newsroom,FOXNEWS_20090805_130000_Americas_Newsroom,https://archive.org/download/FOXNEWS_20090805_130000_Americas_Newsroom/FOXNEWS_20090805_130000_Americas_Newsroom.thumbs/FOXNEWS_20090805_130000_Americas_Newsroom_005846.jpg,"until last year they finally admitted the cooling trend. suddenly it is not fair to look at isolated incidents. that is all they do. bill: i think is really important to have this debate. so much of the legislation that has been crafted in washington now goes to climate change and"
https://archive.org/details/FOXNEWS_20090810_100000_FOX_and_Friends#start/1518/end/1553,8/10/2009 10:25:33,FOXNEWS,FOX and Friends,FOXNEWS_20090810_100000_FOX_and_Friends,https://archive.org/download/FOXNEWS_20090810_100000_FOX_and_Friends/FOXNEWS_20090810_100000_FOX_and_Friends.thumbs/FOXNEWS_20090810_100000_FOX_and_Friends_001496.jpg,"terrorist also flourish. the center for naval analysis has looked at this and in 2007 came back with study arctic sea ice we have a whole new side of the continent that we have to defend. in terms darfur. really the first example of a country where climate change is"
https://archive.org/details/FOXNEWS_20090816_200000_Americas_News_HQ#start/1133/end/1168,8/16/2009 20:19:08,FOXNEWS,Americas News HQ,FOXNEWS_20090816_200000_Americas_News_HQ,https://archive.org/download/FOXNEWS_20090816_200000_Americas_News_HQ/FOXNEWS_20090816_200000_Americas_News_HQ.thumbs/FOXNEWS_20090816_200000_Americas_News_HQ_001105.jpg,"which he claims to be the health insurance company. we changed the language. we've gone from what is health care reform to health insurance reform. they've done the same thing if you go back to cap and trade, changing from global warming to climate change. this is a formula that they use,"
https://archive.org/details/FOXNEWS_20090805_130000_Americas_Newsroom#start/5694/end/5729,8/5/2009 14:35:09,FOXNEWS,Americas Newsroom,FOXNEWS_20090805_130000_Americas_Newsroom,https://archive.org/download/FOXNEWS_20090805_130000_Americas_Newsroom/FOXNEWS_20090805_130000_Americas_Newsroom.thumbs/FOXNEWS_20090805_130000_Americas_Newsroom_005695.jpg,"-- naturally hotter year and global warming made it even harder. bill: she is not done away from the idea about global warming. no, but she was onto something."
https://archive.org/details/FOXNEWS_20090820_080000_Special_Report_With_Bret_Baier#start/1957/end/1992,8/20/2009 8:32:52,FOXNEWS,Special Report With Bret Baier,FOXNEWS_20090820_080000_Special_Report_With_Bret_Baier,https://archive.org/download/FOXNEWS_20090820_080000_Special_Report_With_Bret_Baier/FOXNEWS_20090820_080000_Special_Report_With_Bret_Baier.thumbs/FOXNEWS_20090820_080000_Special_Report_With_Bret_Baier_001946.jpg,"cap and trade? the bill is bad. the u.s. house almost passed the bill in june that would require america to cut greenhouse gases 80% by 2050."
https://archive.org/details/FOXNEWS_20090819_220000_Special_Report_With_Bret_Baier#start/1958/end/1993,8/19/2009 22:32:53,FOXNEWS,Special Report With Bret Baier,FOXNEWS_20090819_220000_Special_Report_With_Bret_Baier,https://archive.org/download/FOXNEWS_20090819_220000_Special_Report_With_Bret_Baier/FOXNEWS_20090819_220000_Special_Report_With_Bret_Baier.thumbs/FOXNEWS_20090819_220000_Special_Report_With_Bret_Baier_001946.jpg,"cap and trade? the bill is bad. the u.s. house almost passed the bill in june that would require america to cut greenhouse gases 80% by 2050."
https://archive.org/details/FOXNEWS_20090822_060000_Glenn_Beck#start/648/end/683,8/22/2009 6:11:03,FOXNEWS,Glenn Beck,FOXNEWS_20090822_060000_Glenn_Beck,https://archive.org/download/FOXNEWS_20090822_060000_Glenn_Beck/FOXNEWS_20090822_060000_Glenn_Beck.thumbs/FOXNEWS_20090822_060000_Glenn_Beck_000630.jpg,"necessarily skyrocket. regardless of what i say about whether coal is good or bad, because i am capping greenhouse gases. coal-fired plants, you name it, what the industry was, --  _"
https://archive.org/details/FOXNEWS_20090801_190000_Glenn_Beck#start/567/end/602,8/1/2009 19:09:42,FOXNEWS,Glenn Beck,FOXNEWS_20090801_190000_Glenn_Beck,https://archive.org/download/FOXNEWS_20090801_190000_Glenn_Beck/FOXNEWS_20090801_190000_Glenn_Beck.thumbs/FOXNEWS_20090801_190000_Glenn_Beck_000566.jpg,"trade system, electricity rates would necessarily skyrocket, even regardless of what i say about whether coal is good or bad, because i'm capping greenhouse gases. coal-powered plants, you know,"
https://archive.org/details/FOXNEWS_20090821_210000_Glenn_Beck#start/644/end/679,8/21/2009 21:10:59,FOXNEWS,Glenn Beck,FOXNEWS_20090821_210000_Glenn_Beck,https://archive.org/download/FOXNEWS_20090821_210000_Glenn_Beck/FOXNEWS_20090821_210000_Glenn_Beck.thumbs/FOXNEWS_20090821_210000_Glenn_Beck_000626.jpg,"trade system, the electricityú0 rates would necessarily skyrocket, even regardless of whatú0 i say about whether coalco is good or bad because i'm capping greenhouse gases coal-powered plants, you know,"
https://archive.org/details/FOXNEWS_20090817_210000_Glenn_Beck#start/295/end/330,8/17/2009 21:05:10,FOXNEWS,Glenn Beck,FOXNEWS_20090817_210000_Glenn_Beck,https://archive.org/download/FOXNEWS_20090817_210000_Glenn_Beck/FOXNEWS_20090817_210000_Glenn_Beck.thumbs/FOXNEWS_20090817_210000_Glenn_Beck_000296.jpg,"market based solutions to pollution. ronald reagan started it 25 years ago. i would support a carbon tax. glenn: you would? a simple carbon tax -- certainly cap and trade has big disadvantages because you"
https://archive.org/details/FOXNEWS_20090818_060000_Glenn_Beck#start/296/end/331,8/18/2009 6:05:11,FOXNEWS,Glenn Beck,FOXNEWS_20090818_060000_Glenn_Beck,https://archive.org/download/FOXNEWS_20090818_060000_Glenn_Beck/FOXNEWS_20090818_060000_Glenn_Beck.thumbs/FOXNEWS_20090818_060000_Glenn_Beck_000296.jpg,"market based solutions to pollution. ronald reagan started it 25 years ago. i would support a carbon tax. glenn: you would? a simple carbon tax -- certainly cap and trade has big disadvantages because you get all kinds of manipulation"
https://archive.org/details/FOXNEWS_20090802_040000_Glenn_Beck#start/573/end/608,8/2/2009 4:09:48,FOXNEWS,Glenn Beck,FOXNEWS_20090802_040000_Glenn_Beck,https://archive.org/download/FOXNEWS_20090802_040000_Glenn_Beck/FOXNEWS_20090802_040000_Glenn_Beck.thumbs/FOXNEWS_20090802_040000_Glenn_Beck_000570.jpg,"what i say about whether coal is good or bad, because i'm capping greenhouse gases. coal-powered plants, you know, natural gas, you name it, whatever the plants were, whatever the industry was, they would have to retrofit"
https://archive.org/details/FOXNEWS_20090824_210000_Glenn_Beck#start/2286/end/2321,8/24/2009 21:38:21,FOXNEWS,Glenn Beck,FOXNEWS_20090824_210000_Glenn_Beck,https://archive.org/download/FOXNEWS_20090824_210000_Glenn_Beck/FOXNEWS_20090824_210000_Glenn_Beck.thumbs/FOXNEWS_20090824_210000_Glenn_Beck_002276.jpg,"justice component to green jobs, he says he wants to, quote, build a pipeline from the prison economy to the green economy, training rehabilitated convicts to build towards a solar-powered energy efficient future. you cannot beat global"
https://archive.org/details/FOXNEWS_20090810_150000_Happening_Now#start/6967/end/7002,8/10/2009 16:56:22,FOXNEWS,Happening Now,FOXNEWS_20090810_150000_Happening_Now,https://archive.org/download/FOXNEWS_20090810_150000_Happening_Now/FOXNEWS_20090810_150000_Happening_Now.thumbs/FOXNEWS_20090810_150000_Happening_Now_006956.jpg,"emissions in half -- 80% by 2015 -- 2050. i again want to come in mexico for its leadership in curbing greenhouse gas emissions and president calderon for his"
https://archive.org/details/FOXNEWS_20090822_080000_Special_Report_With_Bret_Baier#start/1807/end/1842,8/22/2009 8:30:22,FOXNEWS,Special Report With Bret Baier,FOXNEWS_20090822_080000_Special_Report_With_Bret_Baier,https://archive.org/download/FOXNEWS_20090822_080000_Special_Report_With_Bret_Baier/FOXNEWS_20090822_080000_Special_Report_With_Bret_Baier.thumbs/FOXNEWS_20090822_080000_Special_Report_With_Bret_Baier_001800.jpg,"describing climate change led to -- 'cap and tax' when describing climate change. one republican even found that the exact partisan line which the commission rejected for a gop mailing had been approved"
https://archive.org/details/FOXNEWS_20090821_220000_Special_Report_With_Bret_Baier#start/1808/end/1843,8/21/2009 22:30:23,FOXNEWS,Special Report With Bret Baier,FOXNEWS_20090821_220000_Special_Report_With_Bret_Baier,https://archive.org/download/FOXNEWS_20090821_220000_Special_Report_With_Bret_Baier/FOXNEWS_20090821_220000_Special_Report_With_Bret_Baier.thumbs/FOXNEWS_20090821_220000_Special_Report_With_Bret_Baier_001796.jpg,"describing climate change led to -- 'cap and tax' when describing climate change. one republican even found that the exact partisan line which the commission rejected for a gop mailing had been approved"
https://archive.org/details/FOXNEWS_20090811_020000_Greta_Van_Susteren#start/1440/end/1475,8/11/2009 2:24:15,FOXNEWS,Greta Van Susteren,FOXNEWS_20090811_020000_Greta_Van_Susteren,https://archive.org/download/FOXNEWS_20090811_020000_Greta_Van_Susteren/FOXNEWS_20090811_020000_Greta_Van_Susteren.thumbs/FOXNEWS_20090811_020000_Greta_Van_Susteren_001436.jpg,"-- they are, 'i had no idea.' $100000 to go to antarctica to study global warming. ok, this is an amazing story."
https://archive.org/details/FOXNEWS_20090803_200000_Your_World_With_Neil_Cavuto#start/3298/end/3333,8/3/2009 20:55:13,FOXNEWS,Your World With Neil Cavuto,FOXNEWS_20090803_200000_Your_World_With_Neil_Cavuto,https://archive.org/download/FOXNEWS_20090803_200000_Your_World_With_Neil_Cavuto/FOXNEWS_20090803_200000_Your_World_With_Neil_Cavuto.thumbs/FOXNEWS_20090803_200000_Your_World_With_Neil_Cavuto_003270.jpg,"exxonmobil is spending more than 100 million dollars. to build a plant that will demonstrate this process. i'm very optimistic about it. because this technology could be used. to reduce greenhouse gas emissions significantly. . .  _     _"
https://archive.org/details/FOXNEWS_20090804_210000_Glenn_Beck#start/3428/end/3463,8/4/2009 21:57:23,FOXNEWS,Glenn Beck,FOXNEWS_20090804_210000_Glenn_Beck,https://archive.org/download/FOXNEWS_20090804_210000_Glenn_Beck/FOXNEWS_20090804_210000_Glenn_Beck.thumbs/FOXNEWS_20090804_210000_Glenn_Beck_003386.jpg,"to reduce greenhouse gas emissions significantly. of the world's most revered luxury sedan. this is a history of over 50000 crash-tested cars. this is the world record for longevity and endurance."
https://archive.org/details/FOXNEWS_20090810_100000_FOX_and_Friends#start/9141/end/9176,8/10/2009 12:32:36,FOXNEWS,FOX and Friends,FOXNEWS_20090810_100000_FOX_and_Friends,https://archive.org/download/FOXNEWS_20090810_100000_FOX_and_Friends/FOXNEWS_20090810_100000_FOX_and_Friends.thumbs/FOXNEWS_20090810_100000_FOX_and_Friends_009146.jpg,"need to divert some of our budget to that area. that's a fear that global warming is condos drought in sudan and bangladesh."
https://archive.org/details/FOXNEWS_20090805_130000_Americas_Newsroom#start/5221/end/5256,8/5/2009 14:27:16,FOXNEWS,Americas Newsroom,FOXNEWS_20090805_130000_Americas_Newsroom,https://archive.org/download/FOXNEWS_20090805_130000_Americas_Newsroom/FOXNEWS_20090805_130000_Americas_Newsroom.thumbs/FOXNEWS_20090805_130000_Americas_Newsroom_005216.jpg,"how is your summer? what is up with all the cold temperatures? should the global warming debate go on ice? megyn: and the transgendered orgaoregon mayor addressing"
https://archive.org/details/FOXNEWS_20090805_130000_Americas_Newsroom#start/5675/end/5710,8/5/2009 14:34:50,FOXNEWS,Americas Newsroom,FOXNEWS_20090805_130000_Americas_Newsroom,https://archive.org/download/FOXNEWS_20090805_130000_Americas_Newsroom/FOXNEWS_20090805_130000_Americas_Newsroom.thumbs/FOXNEWS_20090805_130000_Americas_Newsroom_005665.jpg,"the temperature rises and falls due to multi-year cycles, such as el nino. global warming is pushing temperatures higher. 1998 was a naturally cool year"
https://archive.org/details/FOXNEWS_20090803_020000_Geraldo_at_Large#start/3201/end/3236,8/3/2009 2:53:36,FOXNEWS,Geraldo at Large,FOXNEWS_20090803_020000_Geraldo_at_Large,https://archive.org/download/FOXNEWS_20090803_020000_Geraldo_at_Large/FOXNEWS_20090803_020000_Geraldo_at_Large.thumbs/FOXNEWS_20090803_020000_Geraldo_at_Large_003026.jpg,"i'm very optimistic about it. because this technology could be used. to reduce greenhouse gas emissions significantly. welcome back everybody. before we move on i want to acknowledge give our c condolens and congratulations to the family of navy pilot scott"
https://archive.org/details/FOXNEWS_20090826_010000_Hannity#start/1743/end/1778,8/26/2009 1:29:18,FOXNEWS,Hannity,FOXNEWS_20090826_010000_Hannity,https://archive.org/download/FOXNEWS_20090826_010000_Hannity/FOXNEWS_20090826_010000_Hannity.thumbs/FOXNEWS_20090826_010000_Hannity_001735.jpg,"the theory of global warming on trial and if it's disproved it would ward off potentially crippling environmental legislation. a vr official said it would be evolution versus creationism."
https://archive.org/details/FOXNEWS_20090826_040000_Hannity#start/1743/end/1778,8/26/2009 4:29:18,FOXNEWS,Hannity,FOXNEWS_20090826_040000_Hannity,https://archive.org/download/FOXNEWS_20090826_040000_Hannity/FOXNEWS_20090826_040000_Hannity.thumbs/FOXNEWS_20090826_040000_Hannity_001740.jpg,"the theory of global warming on trial and if it's disproved it would ward off potentially crippling environmental legislation. a vr official said it would be evolution versus creationism."
https://archive.org/details/FOXNEWS_20090811_050000_Greta_Van_Susteren#start/1447/end/1482,8/11/2009 5:24:22,FOXNEWS,Greta Van Susteren,FOXNEWS_20090811_050000_Greta_Van_Susteren,https://archive.org/download/FOXNEWS_20090811_050000_Greta_Van_Susteren/FOXNEWS_20090811_050000_Greta_Van_Susteren.thumbs/FOXNEWS_20090811_050000_Greta_Van_Susteren_001436.jpg,"$100000 to go to antarctica to study global warming. ok, this is an amazing story. $38 billion in overdraft fees. the american people, we have got to be more financially literate."
https://archive.org/details/FOXNEWS_20090805_130000_Americas_Newsroom#start/5660/end/5695,8/5/2009 14:34:35,FOXNEWS,Americas Newsroom,FOXNEWS_20090805_130000_Americas_Newsroom,https://archive.org/download/FOXNEWS_20090805_130000_Americas_Newsroom/FOXNEWS_20090805_130000_Americas_Newsroom.thumbs/FOXNEWS_20090805_130000_Americas_Newsroom_005635.jpg,"global warming. both sides now. the council for the cooler heads coalition. good morning to both of you. i am trying to figure out what the truth is. ladies first."
https://archive.org/details/FOXNEWS_20090812_220000_Special_Report_With_Bret_Baier#start/668/end/703,8/12/2009 22:11:23,FOXNEWS,Special Report With Bret Baier,FOXNEWS_20090812_220000_Special_Report_With_Bret_Baier,https://archive.org/download/FOXNEWS_20090812_220000_Special_Report_With_Bret_Baier/FOXNEWS_20090812_220000_Special_Report_With_Bret_Baier.thumbs/FOXNEWS_20090812_220000_Special_Report_With_Bret_Baier_000656.jpg,"wisdom in administering my new office. the head of the u.n. says the end is near if we don't cool down global warming, and is the end of the recession already uponth us?"
https://archive.org/details/FOXNEWS_20090825_210000_Glenn_Beck#start/573/end/608,8/25/2009 21:09:48,FOXNEWS,Glenn Beck,FOXNEWS_20090825_210000_Glenn_Beck,https://archive.org/download/FOXNEWS_20090825_210000_Glenn_Beck/FOXNEWS_20090825_210000_Glenn_Beck.thumbs/FOXNEWS_20090825_210000_Glenn_Beck_000566.jpg,"about what the czars have in mind for a fairness doctrine tomorrow, joined by rush limbaugh. carol browner, she's our global warming czar. she was part of socialists international, a group for"
https://archive.org/details/FOXNEWS_20090812_040000_Hannity#start/1667/end/1702,8/12/2009 4:28:02,FOXNEWS,Hannity,FOXNEWS_20090812_040000_Hannity,https://archive.org/download/FOXNEWS_20090812_040000_Hannity/FOXNEWS_20090812_040000_Hannity.thumbs/FOXNEWS_20090812_040000_Hannity_001620.jpg,"not an indication that an industrial revolution is around the corner. is this how desperate these global warming alarmists have gotten? they are making things up. i wonder what the senator is"
https://archive.org/details/FOXNEWS_20090828_210000_Glenn_Beck#start/780/end/815,8/28/2009 21:13:15,FOXNEWS,Glenn Beck,FOXNEWS_20090828_210000_Glenn_Beck,https://archive.org/download/FOXNEWS_20090828_210000_Glenn_Beck/FOXNEWS_20090828_210000_Glenn_Beck.thumbs/FOXNEWS_20090828_210000_Glenn_Beck_000776.jpg,"global warming, oh, the ratd cals are going to come out and l flat-earth believing, holocaust denying scwerk who would rather drive in the suv than save the planet from certain doom."
https://archive.org/details/FOXNEWS_20090803_221652_Special_Report_With_Bret_Baier#start/2172/end/2207,8/3/2009 22:53:19,FOXNEWS,Special Report With Bret Baier,FOXNEWS_20090803_221652_Special_Report_With_Bret_Baier,https://archive.org/download/FOXNEWS_20090803_221652_Special_Report_With_Bret_Baier/FOXNEWS_20090803_221652_Special_Report_With_Bret_Baier.thumbs/FOXNEWS_20090803_221652_Special_Report_With_Bret_Baier_002156.jpg,"sunshine. bret: it's not just republicans. it is claire mccaskill from missouri. she wants to up the fuel standards. these are trivial games on fuel efficiency and global warming and middle east"
https://archive.org/details/FOXNEWS_20090804_050000_Greta_Van_Susteren#start/1502/end/1537,8/4/2009 5:25:17,FOXNEWS,Greta Van Susteren,FOXNEWS_20090804_050000_Greta_Van_Susteren,https://archive.org/download/FOXNEWS_20090804_050000_Greta_Van_Susteren/FOXNEWS_20090804_050000_Greta_Van_Susteren.thumbs/FOXNEWS_20090804_050000_Greta_Van_Susteren_001497.jpg,"he thinks he is an incredible politician. look, 'i think global warming is a big problem, but i've never vote for this cap and trade bill.' -- i would never vote for this"
https://archive.org/details/FOXNEWS_20090804_020000_Greta_Van_Susteren#start/1502/end/1537,8/4/2009 2:25:17,FOXNEWS,Greta Van Susteren,FOXNEWS_20090804_020000_Greta_Van_Susteren,https://archive.org/download/FOXNEWS_20090804_020000_Greta_Van_Susteren/FOXNEWS_20090804_020000_Greta_Van_Susteren.thumbs/FOXNEWS_20090804_020000_Greta_Van_Susteren_001496.jpg,"he thinks he is an incredible politician. look, 'i think global warming is a big problem, but i've never vote for this cap and trade bill.' -- i would never vote for this"
https://archive.org/details/FOXNEWS_20090823_050000_Geraldo_at_Large#start/1408/end/1443,8/23/2009 5:23:43,FOXNEWS,Geraldo at Large,FOXNEWS_20090823_050000_Geraldo_at_Large,https://archive.org/download/FOXNEWS_20090823_050000_Geraldo_at_Large/FOXNEWS_20090823_050000_Geraldo_at_Large.thumbs/FOXNEWS_20090823_050000_Geraldo_at_Large_001316.jpg,"workable consensus. my son said that having senator kennedy and me together like this on this stage behind the same piece of landmark legislation will help slow global warming. that is because hell has"
https://archive.org/details/FOXNEWS_20090802_033000_FOX_News_Watch#start/1612/end/1647,8/2/2009 3:57:07,FOXNEWS,FOX News Watch,FOXNEWS_20090802_033000_FOX_News_Watch,https://archive.org/download/FOXNEWS_20090802_033000_FOX_News_Watch/FOXNEWS_20090802_033000_FOX_News_Watch.thumbs/FOXNEWS_20090802_033000_FOX_News_Watch_001586.jpg,"i'm very optimistic about it. because this technology could be used. to reduce greenhouse gas emissions significantly. trading up to appliances that work hard. and taking advantage of lowered prices that are loaded with freebies-- like free delivery and free haul away that are hassle-free."
https://archive.org/details/FOXNEWS_20090827_100000_FOX_and_Friends#start/9707/end/9742,8/27/2009 12:42:02,FOXNEWS,FOX and Friends,FOXNEWS_20090827_100000_FOX_and_Friends,https://archive.org/download/FOXNEWS_20090827_100000_FOX_and_Friends/FOXNEWS_20090827_100000_FOX_and_Friends.thumbs/FOXNEWS_20090827_100000_FOX_and_Friends_009686.jpg,"plan goes through, young people could have a whole lot more to worry about other than global warming. adam: one in five children is sexually assaulted online. he put up all the security blockers, but there is a new"
https://archive.org/details/FOXNEWS_20090816_080000_Geraldo_at_Large#start/2818/end/2853,8/16/2009 8:47:13,FOXNEWS,Geraldo at Large,FOXNEWS_20090816_080000_Geraldo_at_Large,https://archive.org/download/FOXNEWS_20090816_080000_Geraldo_at_Large/FOXNEWS_20090816_080000_Geraldo_at_Large.thumbs/FOXNEWS_20090816_080000_Geraldo_at_Large_002817.jpg,"people, scaring people can the republican succeed defeating healthcare. the democrats never do that. global warming and the earth will end tomorrow. beginning of the show you said the swastika was painted on david scott sign by right"
https://archive.org/details/FOXNEWS_20090803_210000_Glenn_Beck#start/2275/end/2310,8/3/2009 21:38:10,FOXNEWS,Glenn Beck,FOXNEWS_20090803_210000_Glenn_Beck,https://archive.org/download/FOXNEWS_20090803_210000_Glenn_Beck/FOXNEWS_20090803_210000_Glenn_Beck.thumbs/FOXNEWS_20090803_210000_Glenn_Beck_002276.jpg,"helicopters. he also stops from time to time to update twitter and doubt man made global warming. by the way, he does all of these things on a gas guzzling snow machine. true or false, america? use your head!"
https://archive.org/details/FOXNEWS_20090816_050000_Geraldo_at_Large#start/2817/end/2852,8/16/2009 5:47:12,FOXNEWS,Geraldo at Large,FOXNEWS_20090816_050000_Geraldo_at_Large,https://archive.org/download/FOXNEWS_20090816_050000_Geraldo_at_Large/FOXNEWS_20090816_050000_Geraldo_at_Large.thumbs/FOXNEWS_20090816_050000_Geraldo_at_Large_002816.jpg,"people, scaring people can the republican succeed defeating healthcare. the democrats never do that. global warming and the earth will end tomorrow. beginning of the show you said the swastika was painted on david scott sign by right"
https://archive.org/details/FOXNEWS_20090829_060000_Glenn_Beck#start/771/end/806,8/29/2009 6:13:06,FOXNEWS,Glenn Beck,FOXNEWS_20090829_060000_Glenn_Beck,https://archive.org/download/FOXNEWS_20090829_060000_Glenn_Beck/FOXNEWS_20090829_060000_Glenn_Beck.thumbs/FOXNEWS_20090829_060000_Glenn_Beck_000747.jpg,"threat you face, because the truth shall set you free. sure. if you disagree with man-made global warming, oh, the ratd cals are going to come out and l flat-earth believing,"
https://archive.org/details/FOXNEWS_20090806_060000_Glenn_Beck#start/2709/end/2744,8/6/2009 6:45:24,FOXNEWS,Glenn Beck,FOXNEWS_20090806_060000_Glenn_Beck,https://archive.org/download/FOXNEWS_20090806_060000_Glenn_Beck/FOXNEWS_20090806_060000_Glenn_Beck.thumbs/FOXNEWS_20090806_060000_Glenn_Beck_002696.jpg,"global warming impact of cash for clunkers amounts to one hour of emissions for this country per year. one hour. that means is a savings of .01% per year, meaning we could achieve the democrats' overall"
https://archive.org/details/FOXNEWS_20090810_100000_FOX_and_Friends#start/9113/end/9148,8/10/2009 12:32:08,FOXNEWS,FOX and Friends,FOXNEWS_20090810_100000_FOX_and_Friends,https://archive.org/download/FOXNEWS_20090810_100000_FOX_and_Friends/FOXNEWS_20090810_100000_FOX_and_Friends.thumbs/FOXNEWS_20090810_100000_FOX_and_Friends_009086.jpg,"let us talk about this now. this new topic about whether global warming would be a threat to national security. i am trying to figure this out. i thought we had much more pertinent issues to talk about"
https://archive.org/details/FOXNEWS_20090803_220000_Special_Report_With_Bret_Baier#start/329/end/364,8/3/2009 22:05:44,FOXNEWS,Special Report With Bret Baier,FOXNEWS_20090803_220000_Special_Report_With_Bret_Baier,https://archive.org/download/FOXNEWS_20090803_220000_Special_Report_With_Bret_Baier/FOXNEWS_20090803_220000_Special_Report_With_Bret_Baier.thumbs/FOXNEWS_20090803_220000_Special_Report_With_Bret_Baier_000326.jpg,"greenhouse gas emissions but it's still too much spending for some. my children and grandchildren are going to have to pay for these cars and we're helping auto dealers while there are thousand of other small businesses get that are not getting the help. in michigan, where 1/5 of"
https://archive.org/details/FOXNEWS_20090826_210000_Glenn_Beck#start/643/end/678,8/26/2009 21:10:58,FOXNEWS,Glenn Beck,FOXNEWS_20090826_210000_Glenn_Beck,https://archive.org/download/FOXNEWS_20090826_210000_Glenn_Beck/FOXNEWS_20090826_210000_Glenn_Beck.thumbs/FOXNEWS_20090826_210000_Glenn_Beck_000626.jpg,"america, hear me clearly. you must stand up and speak without fear. you carry the biggest stick, which is the truth. on global warming, people didn't speak out because they didn't want to to be seen as a holocaust denier."
https://archive.org/details/FOXNEWS_20090811_200000_Your_World_With_Neil_Cavuto#start/1126/end/1161,8/11/2009 20:19:01,FOXNEWS,Your World With Neil Cavuto,FOXNEWS_20090811_200000_Your_World_With_Neil_Cavuto,https://archive.org/download/FOXNEWS_20090811_200000_Your_World_With_Neil_Cavuto/FOXNEWS_20090811_200000_Your_World_With_Neil_Cavuto.thumbs/FOXNEWS_20090811_200000_Your_World_With_Neil_Cavuto_001110.jpg,"their objections to this event all their long outside, and we had the best in the crowd on the left, i call it. the pro-nationalized health-care crowd, which contained a lot of global warming and other size issues, but the predominant"
https://archive.org/details/FOXNEWS_20090814_130000_Americas_Newsroom#start/1097/end/1132,8/14/2009 13:18:32,FOXNEWS,Americas Newsroom,FOXNEWS_20090814_130000_Americas_Newsroom,https://archive.org/download/FOXNEWS_20090814_130000_Americas_Newsroom/FOXNEWS_20090814_130000_Americas_Newsroom.thumbs/FOXNEWS_20090814_130000_Americas_Newsroom_001080.jpg,"economy without doing other things. host: we could cut way back and china and india could step up and we could have the same amount of global warming only putting american manufacturers at disadvantage. it is going -- more jobs there and less"
https://archive.org/details/FOXNEWS_20090830_040000_Red_Eye#start/645/end/680,8/30/2009 4:11:00,FOXNEWS,Red Eye,FOXNEWS_20090830_040000_Red_Eye,https://archive.org/download/FOXNEWS_20090830_040000_Red_Eye/FOXNEWS_20090830_040000_Red_Eye.thumbs/FOXNEWS_20090830_040000_Red_Eye_000630.jpg,"to a minority group. america, hear me clearly. you must stand up and speak without fear. you carry the biggest stick, which is the truth. on global warming, people didn't speak out because they didn't want to to be seen as a"
https://archive.org/details/FOXNEWS_20090822_153000_Cashin_In#start/46/end/81,8/22/2009 15:31:01,FOXNEWS,Cashin In,FOXNEWS_20090822_153000_Cashin_In,https://archive.org/download/FOXNEWS_20090822_153000_Cashin_In/FOXNEWS_20090822_153000_Cashin_In.thumbs/FOXNEWS_20090822_153000_Cashin_In_000030.jpg,"eat? plus bar the door. there is a storm brewing that could hit you in the wallet. it's coming! it's headed right for us. it's already here. a global warming bill that could cost billions, have no impact n on the climate and"
https://archive.org/details/FOXNEWS_20090810_100000_FOX_and_Friends#start/1241/end/1276,8/10/2009 10:20:56,FOXNEWS,FOX and Friends,FOXNEWS_20090810_100000_FOX_and_Friends,https://archive.org/download/FOXNEWS_20090810_100000_FOX_and_Friends/FOXNEWS_20090810_100000_FOX_and_Friends.thumbs/FOXNEWS_20090810_100000_FOX_and_Friends_001226.jpg,"security. global warming. our political panel breaks it down. it's almost unbelievable a prison riot that lasts 12 hours and ends with 250 inmates injured. where this happened and how in the world this could happen. that's coming your way. me again."
https://archive.org/details/FOXNEWS_20090810_100000_FOX_and_Friends#start/1551/end/1586,8/10/2009 10:26:06,FOXNEWS,FOX and Friends,FOXNEWS_20090810_100000_FOX_and_Friends,https://archive.org/download/FOXNEWS_20090810_100000_FOX_and_Friends/FOXNEWS_20090810_100000_FOX_and_Friends.thumbs/FOXNEWS_20090810_100000_FOX_and_Friends_001526.jpg,"enemies. why? who could be about reducing the amount of oil. brian: john, a lot of people don't even see something that's valid global warming. so why even debate it. i take the charges seriously however, fred, each the most"
https://archive.org/details/FOXNEWS_20090806_060000_Glenn_Beck#start/590/end/625,8/6/2009 6:10:05,FOXNEWS,Glenn Beck,FOXNEWS_20090806_060000_Glenn_Beck,https://archive.org/download/FOXNEWS_20090806_060000_Glenn_Beck/FOXNEWS_20090806_060000_Glenn_Beck.thumbs/FOXNEWS_20090806_060000_Glenn_Beck_000566.jpg,"oh, i almost forgot. they cover this as fake anger. they just want a discussion, not fake angry pretend mobs. like the discussion they want on global warming or the discussion they want on stimulus or the discussion they want on healthcare, which"
https://archive.org/details/FOXNEWS_20090811_150000_Happening_Now#start/96/end/131,8/11/2009 15:01:51,FOXNEWS,Happening Now,FOXNEWS_20090811_150000_Happening_Now,https://archive.org/download/FOXNEWS_20090811_150000_Happening_Now/FOXNEWS_20090811_150000_Happening_Now.thumbs/FOXNEWS_20090811_150000_Happening_Now_000086.jpg,"reform. they are supporting obama. there is a big group of people here as well, global warming, a colorful group. on the other side of the street we have the folks on the other side of things. they are for limited government."
https://archive.org/details/FOXNEWS_20090824_093000_Cashin_In#start/838/end/873,8/24/2009 9:44:13,FOXNEWS,Cashin In,FOXNEWS_20090824_093000_Cashin_In,https://archive.org/download/FOXNEWS_20090824_093000_Cashin_In/FOXNEWS_20090824_093000_Cashin_In.thumbs/FOXNEWS_20090824_093000_Cashin_In_000810.jpg,"are against that. they pass carbon tax limits or cap and trade or simply limit supply. the last time the government got involved in micromanaging our culture, there was rye oths for rice. the more they get involved."
https://archive.org/details/FOXNEWS_20090822_153000_Cashin_In#start/823/end/858,8/22/2009 15:43:58,FOXNEWS,Cashin In,FOXNEWS_20090822_153000_Cashin_In,https://archive.org/download/FOXNEWS_20090822_153000_Cashin_In/FOXNEWS_20090822_153000_Cashin_In.thumbs/FOXNEWS_20090822_153000_Cashin_In_000810.jpg,"are against that. they pass carbon tax limits or cap and trade or simply limit supply. the last time the government got involved in micromanaging our culture, there was rye oths for rice. the more they get involved."
https://archive.org/details/FOXNEWS_20090824_093000_Cashin_In#start/806/end/841,8/24/2009 9:43:41,FOXNEWS,Cashin In,FOXNEWS_20090824_093000_Cashin_In,https://archive.org/download/FOXNEWS_20090824_093000_Cashin_In/FOXNEWS_20090824_093000_Cashin_In.thumbs/FOXNEWS_20090824_093000_Cashin_In_000780.jpg,"problems in shortages as well. the global warming issue in theory could lead to major food shortages because it affects weather to wayne's point. this might rise prices up in the short run. woord about the 50 to 100-year weather of flow."
https://archive.org/details/FOXNEWS_20090824_093000_Cashin_In#start/823/end/858,8/24/2009 9:43:58,FOXNEWS,Cashin In,FOXNEWS_20090824_093000_Cashin_In,https://archive.org/download/FOXNEWS_20090824_093000_Cashin_In/FOXNEWS_20090824_093000_Cashin_In.thumbs/FOXNEWS_20090824_093000_Cashin_In_000810.jpg,"this has nothing to do with global warming. this has nothing to do with farmers. this has everything to do with the environmental movement. they are against once again any use of the earth. any man wants to use the earth, whether it's corn or oil, they"
https://archive.org/details/FOXNEWS_20090805_210000_Glenn_Beck#start/2697/end/2732,8/5/2009 21:45:12,FOXNEWS,Glenn Beck,FOXNEWS_20090805_210000_Glenn_Beck,https://archive.org/download/FOXNEWS_20090805_210000_Glenn_Beck/FOXNEWS_20090805_210000_Glenn_Beck.thumbs/FOXNEWS_20090805_210000_Glenn_Beck_002696.jpg,"government that took your money in the first place. in the meantime, we're thrashing perfectly usable cars during a deep recession and literally doing it for no reason. i mean, not for the environment, certainly. there are reports now that global warming impact of cash"
https://archive.org/details/FOXNEWS_20090827_060000_Glenn_Beck#start/643/end/678,8/27/2009 6:10:58,FOXNEWS,Glenn Beck,FOXNEWS_20090827_060000_Glenn_Beck,https://archive.org/download/FOXNEWS_20090827_060000_Glenn_Beck/FOXNEWS_20090827_060000_Glenn_Beck.thumbs/FOXNEWS_20090827_060000_Glenn_Beck_000625.jpg,"america, hear me clearly. you must stand up and speak without fear. you carry the biggest stick, which is the truth. on global warming, people didn't speak out because they didn't want to to be seen as a holocaust denier. who wants to be called a flat"
https://archive.org/details/FOXNEWS_20090824_093000_Cashin_In#start/65/end/100,8/24/2009 9:31:20,FOXNEWS,Cashin In,FOXNEWS_20090824_093000_Cashin_In,https://archive.org/download/FOXNEWS_20090824_093000_Cashin_In/FOXNEWS_20090824_093000_Cashin_In.thumbs/FOXNEWS_20090824_093000_Cashin_In_000060.jpg,"could hit you in the wallet. it's coming! it's headed right for us. it's already here. a global warming bill that could cost billions, have no impact n on the climate and send food prices into the ozone layer. only congress could pull that"
https://archive.org/details/FOXNEWS_20090816_020000_Geraldo_at_Large#start/2822/end/2857,8/16/2009 2:47:17,FOXNEWS,Geraldo at Large,FOXNEWS_20090816_020000_Geraldo_at_Large,https://archive.org/download/FOXNEWS_20090816_020000_Geraldo_at_Large/FOXNEWS_20090816_020000_Geraldo_at_Large.thumbs/FOXNEWS_20090816_020000_Geraldo_at_Large_002816.jpg,"the democrats never do that. global warming and the earth will end tomorrow. beginning of the show you said the swastika was painted on david scott sign by right winger. every swastika case in the last decade i can think of was a left winger trying to"
https://archive.org/details/FOXNEWS_20090822_153000_Cashin_In#start/791/end/826,8/22/2009 15:43:26,FOXNEWS,Cashin In,FOXNEWS_20090822_153000_Cashin_In,https://archive.org/download/FOXNEWS_20090822_153000_Cashin_In/FOXNEWS_20090822_153000_Cashin_In.thumbs/FOXNEWS_20090822_153000_Cashin_In_000780.jpg,"problems in shortages as well. the global warming issue in theory could lead to major food shortages because it affects weather to wayne's point. this might rise prices up in the short run. woord about the 50 to 100-year weather of flow."
https://archive.org/details/FOXNEWS_20090822_153000_Cashin_In#start/808/end/843,8/22/2009 15:43:43,FOXNEWS,Cashin In,FOXNEWS_20090822_153000_Cashin_In,https://archive.org/download/FOXNEWS_20090822_153000_Cashin_In/FOXNEWS_20090822_153000_Cashin_In.thumbs/FOXNEWS_20090822_153000_Cashin_In_000780.jpg,"this has nothing to do with global warming. this has nothing to do with farmers. this has everything to do with the environmental movement. they are against once again any use of the earth. any man wants to use the earth, whether it's corn or oil, they"
https://archive.org/details/FOXNEWS_20090805_000000_The_OReilly_Factor#start/1764/end/1799,8/5/2009 0:29:39,FOXNEWS,The OReilly Factor,FOXNEWS_20090805_000000_The_OReilly_Factor,https://archive.org/download/FOXNEWS_20090805_000000_The_OReilly_Factor/FOXNEWS_20090805_000000_The_OReilly_Factor.thumbs/FOXNEWS_20090805_000000_The_OReilly_Factor_001736.jpg,"bit. we hear like these sharks are dying out. become extinct, waters hot. global warming, they are sweating, the sharks, they are mad. what is it. unfortunately we are killing sharks at the rate of 250000 a day. bill: a day? almost 100 million a year"
https://archive.org/details/FOXNEWS_20090805_030000_The_OReilly_Factor#start/1761/end/1796,8/5/2009 3:29:36,FOXNEWS,The OReilly Factor,FOXNEWS_20090805_030000_The_OReilly_Factor,https://archive.org/download/FOXNEWS_20090805_030000_The_OReilly_Factor/FOXNEWS_20090805_030000_The_OReilly_Factor.thumbs/FOXNEWS_20090805_030000_The_OReilly_Factor_001736.jpg,"advisor. let's advance the story a little bit. we hear like these sharks are dying out. become extinct, waters hot. global warming, they are sweating, the sharks, they are mad. what is it. unfortunately we are killing sharks at the rate of 250000 a"
https://archive.org/details/FOXNEWS_20090806_150000_Happening_Now#start/4051/end/4086,8/6/2009 16:07:46,FOXNEWS,Happening Now,FOXNEWS_20090806_150000_Happening_Now,https://archive.org/download/FOXNEWS_20090806_150000_Happening_Now/FOXNEWS_20090806_150000_Happening_Now.thumbs/FOXNEWS_20090806_150000_Happening_Now_004045.jpg,"lentiatlantic. jon: the debate on climate change is getting hot line one senate committee hearing room today. the senate'environment and public works committee is"
https://archive.org/details/FOXNEWS_20090812_010000_Hannity#start/1217/end/1252,8/12/2009 1:20:32,FOXNEWS,Hannity,FOXNEWS_20090812_010000_Hannity,https://archive.org/download/FOXNEWS_20090812_010000_Hannity/FOXNEWS_20090812_010000_Hannity.thumbs/FOXNEWS_20090812_010000_Hannity_001200.jpg,"for from the great state of pennsylvania. thanks for being with us. we have more on the events of the town halls meetings from earlier today. one democrat says she can actually feel global warming taking place. you won't believe how. we will tell you about. also live in fresno, california"
https://archive.org/details/FOXNEWS_20090801_080000_Special_Report_With_Bret_Baier#start/2743/end/2778,8/1/2009 8:45:58,FOXNEWS,Special Report With Bret Baier,FOXNEWS_20090801_080000_Special_Report_With_Bret_Baier,https://archive.org/download/FOXNEWS_20090801_080000_Special_Report_With_Bret_Baier/FOXNEWS_20090801_080000_Special_Report_With_Bret_Baier.thumbs/FOXNEWS_20090801_080000_Special_Report_With_Bret_Baier_002725.jpg,"cannot do anything without at least one human sacrifice in the name of the earth god, and that is that it requires in the name of global warming, of which it will have no effect anyway, that all of the clunkers are destroyed in two days, and turned into scrap."
https://archive.org/details/FOXNEWS_20090804_060000_Glenn_Beck#start/2267/end/2302,8/4/2009 6:38:02,FOXNEWS,Glenn Beck,FOXNEWS_20090804_060000_Glenn_Beck,https://archive.org/download/FOXNEWS_20090804_060000_Glenn_Beck/FOXNEWS_20090804_060000_Glenn_Beck.thumbs/FOXNEWS_20090804_060000_Glenn_Beck_002246.jpg,"alaska, drinks the blood of innocent children, pausing only to club baby seals to death and shoot bears from helicopters. he also stops from time to time to update twitter and doubt man made global warming. by the way, he does all of these things on a gas guzzling"
https://archive.org/details/FOXNEWS_20090810_100000_FOX_and_Friends#start/1485/end/1520,8/10/2009 10:25:00,FOXNEWS,FOX and Friends,FOXNEWS_20090810_100000_FOX_and_Friends,https://archive.org/download/FOXNEWS_20090810_100000_FOX_and_Friends/FOXNEWS_20090810_100000_FOX_and_Friends.thumbs/FOXNEWS_20090810_100000_FOX_and_Friends_001466.jpg,"even if we were to entirely give up imported oil, that vast supply of oil in the middle east would be devoured by india and china. india has already said. not only will they not sign any global warming treaties but they are annoyed by us having asked"
https://archive.org/details/FOXNEWS_20090805_210000_Glenn_Beck#start/598/end/633,8/5/2009 21:10:13,FOXNEWS,Glenn Beck,FOXNEWS_20090805_210000_Glenn_Beck,https://archive.org/download/FOXNEWS_20090805_210000_Glenn_Beck/FOXNEWS_20090805_210000_Glenn_Beck.thumbs/FOXNEWS_20090805_210000_Glenn_Beck_000596.jpg,"they just want a discussion, not fake angry pretend mobs. like the discussion they want on global warming or the discussion they want on stimulus or the discussion they want on healthcare, which one? if you look at the peer review scientific literature, the debate is over. you never want a serious"
https://archive.org/details/FOXNEWS_20090809_220000_FOX_News_Sunday_With_Chris_Wallace#start/882/end/917,8/9/2009 22:14:57,FOXNEWS,FOX News Sunday With Chris Wallace,FOXNEWS_20090809_220000_FOX_News_Sunday_With_Chris_Wallace,https://archive.org/download/FOXNEWS_20090809_220000_FOX_News_Sunday_With_Chris_Wallace/FOXNEWS_20090809_220000_FOX_News_Sunday_With_Chris_Wallace.thumbs/FOXNEWS_20090809_220000_FOX_News_Sunday_With_Chris_Wallace_000866.jpg,"century and i think the national security advisor runs an organization that deals from everything starting with climate change, and energy, all the way to cybersecurity, including the"
https://archive.org/details/FOXNEWS_20090807_150000_Happening_Now#start/5726/end/5761,8/7/2009 16:35:41,FOXNEWS,Happening Now,FOXNEWS_20090807_150000_Happening_Now,https://archive.org/download/FOXNEWS_20090807_150000_Happening_Now/FOXNEWS_20090807_150000_Happening_Now.thumbs/FOXNEWS_20090807_150000_Happening_Now_005725.jpg,"jon: thank you. clunkers, climate change, still in limbo as the senate goes to recess. take a look at what is waiting for members when they come back. cap and trade."
https://archive.org/details/FOXNEWS_20090814_130000_Americas_Newsroom#start/969/end/1004,8/14/2009 13:16:24,FOXNEWS,Americas Newsroom,FOXNEWS_20090814_130000_Americas_Newsroom,https://archive.org/download/FOXNEWS_20090814_130000_Americas_Newsroom/FOXNEWS_20090814_130000_Americas_Newsroom.thumbs/FOXNEWS_20090814_130000_Americas_Newsroom_000960.jpg,"what, it is worth it. we have to clean up the environment. it is a mess. we have global warming which is what a lot of people cite in support of the cap and trade bill. and two million jobs the next 20 years we can live with. your response. i come from ohio and it is a"
https://archive.org/details/FOXNEWS_20090812_222501_Special_Report_With_Bret_Baier#start/285/end/320,8/12/2009 22:30:01,FOXNEWS,Special Report With Bret Baier,FOXNEWS_20090812_222501_Special_Report_With_Bret_Baier,https://archive.org/download/FOXNEWS_20090812_222501_Special_Report_With_Bret_Baier/FOXNEWS_20090812_222501_Special_Report_With_Bret_Baier.thumbs/FOXNEWS_20090812_222501_Special_Report_With_Bret_Baier_000266.jpg,"signs and details present there. united nations secretary general has some dire predictions about the environment. he told the global forum in south korea, quote, climate change is the fundamental threat to humankind. he added that the human"
https://archive.org/details/FOXNEWS_20090831_190000_Studio_B_With_Shepard_Smith#start/934/end/969,8/31/2009 19:15:49,FOXNEWS,Studio B With Shepard Smith,FOXNEWS_20090831_190000_Studio_B_With_Shepard_Smith,https://archive.org/download/FOXNEWS_20090831_190000_Studio_B_With_Shepard_Smith/FOXNEWS_20090831_190000_Studio_B_With_Shepard_Smith.thumbs/FOXNEWS_20090831_190000_Studio_B_With_Shepard_Smith_000930.jpg,"massachusetts will not be fully represented in the united states senate. the issues before the nation are historic and unprecedented. from health care reform to jobs, climate change and education. the congress is debating some of"
https://archive.org/details/FOXNEWS_20090804_221716_Special_Report_With_Bret_Baier#start/1013/end/1048,8/4/2009 22:34:24,FOXNEWS,Special Report With Bret Baier,FOXNEWS_20090804_221716_Special_Report_With_Bret_Baier,https://archive.org/download/FOXNEWS_20090804_221716_Special_Report_With_Bret_Baier/FOXNEWS_20090804_221716_Special_Report_With_Bret_Baier.thumbs/FOXNEWS_20090804_221716_Special_Report_With_Bret_Baier_000986.jpg,"bret: the government's top forecasting energy agency said climate change legislation passed by the house will result in significant cost increases. the u.s. energy information administration says the average family will spend $142 more per year for energy by"
https://archive.org/details/FOXNEWS_20090820_010000_Hannity#start/1675/end/1710,8/20/2009 1:28:10,FOXNEWS,Hannity,FOXNEWS_20090820_010000_Hannity,https://archive.org/download/FOXNEWS_20090820_010000_Hannity/FOXNEWS_20090820_010000_Hannity.thumbs/FOXNEWS_20090820_010000_Hannity_001676.jpg,"president clinton's clive -- climate change negotiator. he says the bill makes no sense. he said, 'the republicans, in fact, are right. it is a cap and tax bill. that is what it is because they're raising revenue to do"
https://archive.org/details/FOXNEWS_20090820_040000_Hannity#start/1675/end/1710,8/20/2009 4:28:10,FOXNEWS,Hannity,FOXNEWS_20090820_040000_Hannity,https://archive.org/download/FOXNEWS_20090820_040000_Hannity/FOXNEWS_20090820_040000_Hannity.thumbs/FOXNEWS_20090820_040000_Hannity_001650.jpg,"president clinton's clive -- climate change negotiator. he says the bill makes no sense. he said, 'the republicans, in fact, are right. it is a cap and tax bill. that is what it is because they're raising revenue to do"
https://archive.org/details/FOXNEWS_20090810_150000_Happening_Now#start/4907/end/4942,8/10/2009 16:22:02,FOXNEWS,Happening Now,FOXNEWS_20090810_150000_Happening_Now,https://archive.org/download/FOXNEWS_20090810_150000_Happening_Now/FOXNEWS_20090810_150000_Happening_Now.thumbs/FOXNEWS_20090810_150000_Happening_Now_004886.jpg,"canada and mexico. they have a whole lot plan for this summit -- climate change, the economic crisis, flu, and the battle against illegal drugs. we are waiting for a news conference. we are told it may be backed up"
https://archive.org/details/FOXNEWS_20090810_150000_Happening_Now#start/6358/end/6393,8/10/2009 16:46:13,FOXNEWS,Happening Now,FOXNEWS_20090810_150000_Happening_Now,https://archive.org/download/FOXNEWS_20090810_150000_Happening_Now/FOXNEWS_20090810_150000_Happening_Now.thumbs/FOXNEWS_20090810_150000_Happening_Now_006356.jpg,"i just think it is going to be a tough sell, given that they have so much big stuff to deal with, including health care and climate change and everything else, the fall -- everything else come the fall."
https://archive.org/details/FOXNEWS_20090810_170000_The_Live_Desk#start/1769/end/1804,8/10/2009 17:29:44,FOXNEWS,The Live Desk,FOXNEWS_20090810_170000_The_Live_Desk,https://archive.org/download/FOXNEWS_20090810_170000_The_Live_Desk/FOXNEWS_20090810_170000_The_Live_Desk.thumbs/FOXNEWS_20090810_170000_The_Live_Desk_001766.jpg,"they are talking about everything from trade to the war on drugs to climate change. she got into health care. the president was asked about health care reform and he said it was on the back burner."
https://archive.org/details/FOXNEWS_20090812_222501_Special_Report_With_Bret_Baier#start/300/end/335,8/12/2009 22:30:16,FOXNEWS,Special Report With Bret Baier,FOXNEWS_20090812_222501_Special_Report_With_Bret_Baier,https://archive.org/download/FOXNEWS_20090812_222501_Special_Report_With_Bret_Baier/FOXNEWS_20090812_222501_Special_Report_With_Bret_Baier.thumbs/FOXNEWS_20090812_222501_Special_Report_With_Bret_Baier_000296.jpg,"suffering will be incalcuable. looking ahead to the u.n. conference on climate change in december, he warned 'we must seal the deal in copenhagen for the future of humanity. we just have four months to secure the future of our"
https://archive.org/details/FOXNEWS_20090801_160000_Americas_News_HQ#start/4424/end/4459,8/1/2009 17:13:59,FOXNEWS,Americas News HQ,FOXNEWS_20090801_160000_Americas_News_HQ,https://archive.org/download/FOXNEWS_20090801_160000_Americas_News_HQ/FOXNEWS_20090801_160000_Americas_News_HQ.thumbs/FOXNEWS_20090801_160000_Americas_News_HQ_004410.jpg,"up and represent the american people. i'm looking at you and telling you we're coming after you. and voted to pan the president's climate change vote. cap and trade falls on hard working american families and cost of the tax greatly exceed"
https://archive.org/details/FOXNEWS_20090826_170000_The_Live_Desk#start/7032/end/7067,8/26/2009 18:57:27,FOXNEWS,The Live Desk,FOXNEWS_20090826_170000_The_Live_Desk,https://archive.org/download/FOXNEWS_20090826_170000_The_Live_Desk/FOXNEWS_20090826_170000_The_Live_Desk.thumbs/FOXNEWS_20090826_170000_The_Live_Desk_007016.jpg,"do we owe progress? we're up to our necks in landfill, and down to the wire in resources and climate change is out to get us. that's why progress plays no role inside post shredded wheat. here we put the 'no' in innovation."
https://archive.org/details/FOXNEWS_20090803_040000_Hannity#start/133/end/168,8/3/2009 4:02:28,FOXNEWS,Hannity,FOXNEWS_20090803_040000_Hannity,https://archive.org/download/FOXNEWS_20090803_040000_Hannity/FOXNEWS_20090803_040000_Hannity.thumbs/FOXNEWS_20090803_040000_Hannity_000116.jpg,"don't bite. in the case of other bills such as climate change the speaker of appeals often in order to win you will see he wants a free pass. i am not confident that the blue dogs -- bulldogs will go fast."
https://archive.org/details/FOXNEWS_20090806_130000_Americas_Newsroom#start/5550/end/5585,8/6/2009 14:32:45,FOXNEWS,Americas Newsroom,FOXNEWS_20090806_130000_Americas_Newsroom,https://archive.org/download/FOXNEWS_20090806_130000_Americas_Newsroom/FOXNEWS_20090806_130000_Americas_Newsroom.thumbs/FOXNEWS_20090806_130000_Americas_Newsroom_005547.jpg,"megyn: welcome back. the battle over climate change is heating up. a live look at a hearing in the senate, the environment and public works committee, where they are debating cap and trade. is this going to need to assess"
https://archive.org/details/FOXNEWS_20090819_020000_Greta_Van_Susteren#start/3284/end/3319,8/19/2009 2:54:59,FOXNEWS,Greta Van Susteren,FOXNEWS_20090819_020000_Greta_Van_Susteren,https://archive.org/download/FOXNEWS_20090819_020000_Greta_Van_Susteren/FOXNEWS_20090819_020000_Greta_Van_Susteren.thumbs/FOXNEWS_20090819_020000_Greta_Van_Susteren_003270.jpg,"a ride. honestly, what thanks do we owe progress? we're up to our necks in landfill, and down to the wire in resources and climate change is out to get us. that's why progress plays no role inside post shredded wheat."
https://archive.org/details/FOXNEWS_20090822_230000_FOX_Report#start/752/end/787,8/22/2009 23:12:47,FOXNEWS,FOX Report,FOXNEWS_20090822_230000_FOX_Report,https://archive.org/download/FOXNEWS_20090822_230000_FOX_Report/FOXNEWS_20090822_230000_FOX_Report.thumbs/FOXNEWS_20090822_230000_FOX_Report_000750.jpg,"chef michael's canine creations. i'd say it's taken us for a ride. honestly, what thanks do we owe progress? we're up to our necks in landfill, and down to the wire in resources and climate change is out to get us."
https://archive.org/details/FOXNEWS_20090810_100000_FOX_and_Friends#start/1535/end/1570,8/10/2009 10:25:50,FOXNEWS,FOX and Friends,FOXNEWS_20090810_100000_FOX_and_Friends,https://archive.org/download/FOXNEWS_20090810_100000_FOX_and_Friends/FOXNEWS_20090810_100000_FOX_and_Friends.thumbs/FOXNEWS_20090810_100000_FOX_and_Friends_001526.jpg,"exacerbated drought and the conflicts have been intensified. in fact, climate change is a force multiplier. you combine that with the idea that not only do the effects cause mass migrations. but also we are sending all these billions of dollars to our"
https://archive.org/details/FOXNEWS_20090805_220000_Special_Report_With_Bret_Baier#start/1837/end/1872,8/5/2009 22:30:52,FOXNEWS,Special Report With Bret Baier,FOXNEWS_20090805_220000_Special_Report_With_Bret_Baier,https://archive.org/download/FOXNEWS_20090805_220000_Special_Report_With_Bret_Baier/FOXNEWS_20090805_220000_Special_Report_With_Bret_Baier.thumbs/FOXNEWS_20090805_220000_Special_Report_With_Bret_Baier_001826.jpg,"to target climate change. an sorted press analysis of transportation department figures indicates the program will have the same effect on the environment as shutting down the entire country including cars and power plants for just one hour per year."
https://archive.org/details/FOXNEWS_20090806_130000_Americas_Newsroom#start/5579/end/5614,8/6/2009 14:33:14,FOXNEWS,Americas Newsroom,FOXNEWS_20090806_130000_Americas_Newsroom,https://archive.org/download/FOXNEWS_20090806_130000_Americas_Newsroom/FOXNEWS_20090806_130000_Americas_Newsroom.thumbs/FOXNEWS_20090806_130000_Americas_Newsroom_005577.jpg,"proposals on the table. the senate environment and public works committee hearing from a variety of experts on what kind of climate change bill to write in the senate. barbara boxer is firmly behind the bill although we do not"
https://archive.org/details/FOXNEWS_20090815_230000_FOX_Report#start/1613/end/1648,8/15/2009 23:27:08,FOXNEWS,FOX Report,FOXNEWS_20090815_230000_FOX_Report,https://archive.org/download/FOXNEWS_20090815_230000_FOX_Report/FOXNEWS_20090815_230000_FOX_Report.thumbs/FOXNEWS_20090815_230000_FOX_Report_001590.jpg,"wood-grilled shrimp jambalaya. ends soon. at red lobster. i'd say it's taken us for a ride. honestly, what thanks do we owe progress? we're up to our necks in landfill, and down to the wire in resources and climate change is out to get us."
https://archive.org/details/FOXNEWS_20090814_130000_Americas_Newsroom#start/5268/end/5303,8/14/2009 14:28:03,FOXNEWS,Americas Newsroom,FOXNEWS_20090814_130000_Americas_Newsroom,https://archive.org/download/FOXNEWS_20090814_130000_Americas_Newsroom/FOXNEWS_20090814_130000_Americas_Newsroom.thumbs/FOXNEWS_20090814_130000_Americas_Newsroom_005250.jpg,"honestly, what thanks do we owe progress? we're up to our necks in landfill, and down to the wire in resources and climate change is out to get us. that's why progress plays no role inside post shredded wheat. here we put the 'no' in innovation."
https://archive.org/details/FOXNEWS_20090815_110000_FOX_and_Friends_Saturday#start/4521/end/4556,8/15/2009 12:15:36,FOXNEWS,FOX and Friends Saturday,FOXNEWS_20090815_110000_FOX_and_Friends_Saturday,https://archive.org/download/FOXNEWS_20090815_110000_FOX_and_Friends_Saturday/FOXNEWS_20090815_110000_FOX_and_Friends_Saturday.thumbs/FOXNEWS_20090815_110000_FOX_and_Friends_Saturday_004500.jpg,"and down to the wire in resources and climate change is out to get us. that's why progress plays no role inside post shredded wheat. here we put the 'no' in innovation. post original shredded wheat is still just the one, simple, honest ingredient"
https://archive.org/details/FOXNEWS_20090806_080000_Special_Report_With_Bret_Baier#start/1837/end/1872,8/6/2009 8:30:52,FOXNEWS,Special Report With Bret Baier,FOXNEWS_20090806_080000_Special_Report_With_Bret_Baier,https://archive.org/download/FOXNEWS_20090806_080000_Special_Report_With_Bret_Baier/FOXNEWS_20090806_080000_Special_Report_With_Bret_Baier.thumbs/FOXNEWS_20090806_080000_Special_Report_With_Bret_Baier_001766.jpg,"to target climate change. an sorted press analysis of transportation department figures indicates the program will have the same effect on the environment as shutting down the entire country including cars and power plants for just one hour per year. it will save roughly 72"
https://archive.org/details/FOXNEWS_20090826_100000_FOX_and_Friends#start/3492/end/3527,8/26/2009 10:58:27,FOXNEWS,FOX and Friends,FOXNEWS_20090826_100000_FOX_and_Friends,https://archive.org/download/FOXNEWS_20090826_100000_FOX_and_Friends/FOXNEWS_20090826_100000_FOX_and_Friends.thumbs/FOXNEWS_20090826_100000_FOX_and_Friends_003446.jpg,"has progress taken us to a better place?. i'd say it's taken us for a ride. honestly, what thanks do we owe progress? we're up to our necks in landfill, and down to the wire in resources and climate change is out to get us."
https://archive.org/details/FOXNEWS_20090820_100000_FOX_and_Friends#start/10702/end/10737,8/20/2009 12:58:37,FOXNEWS,FOX and Friends,FOXNEWS_20090820_100000_FOX_and_Friends,https://archive.org/download/FOXNEWS_20090820_100000_FOX_and_Friends/FOXNEWS_20090820_100000_FOX_and_Friends.thumbs/FOXNEWS_20090820_100000_FOX_and_Friends_010680.jpg,"i'd say it's taken us for a ride. honestly, what thanks do we owe progress? we're up to our necks in landfill, and down to the wire in resources and climate change is out to get us. that's why progress plays no role inside post shredded wheat."
https://archive.org/details/FOXNEWS_20090827_020000_Greta_Van_Susteren#start/2107/end/2142,8/27/2009 2:35:22,FOXNEWS,Greta Van Susteren,FOXNEWS_20090827_020000_Greta_Van_Susteren,https://archive.org/download/FOXNEWS_20090827_020000_Greta_Van_Susteren/FOXNEWS_20090827_020000_Greta_Van_Susteren.thumbs/FOXNEWS_20090827_020000_Greta_Van_Susteren_002096.jpg,"wanna be me right now. getting one. i'd say it's taken us for a ride. honestly, what thanks do we owe progress? we're up to our necks in landfill, and down to the wire in resources and climate change is out to get us."
https://archive.org/details/FOXNEWS_20090812_100000_FOX_and_Friends#start/6133/end/6168,8/12/2009 11:42:28,FOXNEWS,FOX and Friends,FOXNEWS_20090812_100000_FOX_and_Friends,https://archive.org/download/FOXNEWS_20090812_100000_FOX_and_Friends/FOXNEWS_20090812_100000_FOX_and_Friends.thumbs/FOXNEWS_20090812_100000_FOX_and_Friends_006120.jpg,"and climate change is out to get us. that's why progress plays no role inside post shredded wheat. here we put the 'no' in innovation. post original shredded wheat is still just the one, simple, honest ingredient which naturally comes with vitamins, minerals and fiber."
https://archive.org/details/FOXNEWS_20090815_160000_Americas_News_HQ#start/1110/end/1145,8/15/2009 16:18:45,FOXNEWS,Americas News HQ,FOXNEWS_20090815_160000_Americas_News_HQ,https://archive.org/download/FOXNEWS_20090815_160000_Americas_News_HQ/FOXNEWS_20090815_160000_Americas_News_HQ.thumbs/FOXNEWS_20090815_160000_Americas_News_HQ_001105.jpg,"honestly, what thanks do we owe progress? we're up to our necks in landfill, and down to the wire in resources and climate change is out to get us. that's why progress plays no role inside post shredded wheat. here we put the 'no' in innovation."
https://archive.org/details/FOXNEWS_20090813_130000_Americas_Newsroom#start/1169/end/1204,8/13/2009 13:19:44,FOXNEWS,Americas Newsroom,FOXNEWS_20090813_130000_Americas_Newsroom,https://archive.org/download/FOXNEWS_20090813_130000_Americas_Newsroom/FOXNEWS_20090813_130000_Americas_Newsroom.thumbs/FOXNEWS_20090813_130000_Americas_Newsroom_001166.jpg,"i'd say it's taken us for a ride. honestly, what thanks do we owe progress? we're up to our necks in landfill, and down to the wire in resources and climate change is out to get us. that's why progress plays no role inside post shredded wheat."
https://archive.org/details/FOXNEWS_20090801_030000_The_OReilly_Factor#start/2182/end/2217,8/1/2009 3:36:37,FOXNEWS,The OReilly Factor,FOXNEWS_20090801_030000_The_OReilly_Factor,https://archive.org/download/FOXNEWS_20090801_030000_The_OReilly_Factor/FOXNEWS_20090801_030000_The_OReilly_Factor.thumbs/FOXNEWS_20090801_030000_The_OReilly_Factor_002156.jpg,"and climate change is out to get us. that's why progress plays no role inside post shredded wheat. here we put the 'no' in innovation. post original shredded wheat is still just the one, simple, honest ingredient which naturally comes with vitamins, minerals and fiber."
https://archive.org/details/FOXNEWS_20090802_230000_FOX_Report#start/3366/end/3401,8/2/2009 23:56:21,FOXNEWS,FOX Report,FOXNEWS_20090802_230000_FOX_Report,https://archive.org/download/FOXNEWS_20090802_230000_FOX_Report/FOXNEWS_20090802_230000_FOX_Report.thumbs/FOXNEWS_20090802_230000_FOX_Report_003360.jpg,"honestly, what thanks do we owe progress? we're up to our necks in landfill, and down to the wire in resources and climate change is out to get us. that's why progress plays no role inside post shredded wheat. here we put the 'no' in innovation."
https://archive.org/details/FOXNEWS_20090818_100000_FOX_and_Friends#start/5347/end/5382,8/18/2009 11:29:22,FOXNEWS,FOX and Friends,FOXNEWS_20090818_100000_FOX_and_Friends,https://archive.org/download/FOXNEWS_20090818_100000_FOX_and_Friends/FOXNEWS_20090818_100000_FOX_and_Friends.thumbs/FOXNEWS_20090818_100000_FOX_and_Friends_005340.jpg,"and climate change is out to get us. that's why progress plays no role inside post shredded wheat. here we put the 'no' in innovation. post original shredded wheat is still just the one, simple, honest ingredient which naturally comes with vitamins, minerals and fiber."
https://archive.org/details/FOXNEWS_20090817_020000_Geraldo_at_Large#start/3057/end/3092,8/17/2009 2:51:12,FOXNEWS,Geraldo at Large,FOXNEWS_20090817_020000_Geraldo_at_Large,https://archive.org/download/FOXNEWS_20090817_020000_Geraldo_at_Large/FOXNEWS_20090817_020000_Geraldo_at_Large.thumbs/FOXNEWS_20090817_020000_Geraldo_at_Large_003026.jpg,"i'd say it's taken us for a ride. honestly, what thanks do we owe progress? we're up to our necks in landfill, and down to the wire in resources and climate change is out to get us. that's why progress plays no role inside post shredded wheat."
https://archive.org/details/FOXNEWS_20090829_180000_Americas_News_HQ#start/7106/end/7141,8/29/2009 19:58:41,FOXNEWS,Americas News HQ,FOXNEWS_20090829_180000_Americas_News_HQ,https://archive.org/download/FOXNEWS_20090829_180000_Americas_News_HQ/FOXNEWS_20090829_180000_Americas_News_HQ.thumbs/FOXNEWS_20090829_180000_Americas_News_HQ_007105.jpg,"honestly, what thanks do we owe progress? we're up to our necks in landfill, and down to the wire in resources and climate change is out to get us. that's why progress plays no role inside post shredded wheat. here we put the 'no' in innovation."
https://archive.org/details/FOXNEWS_20090826_130000_Americas_Newsroom#start/6117/end/6152,8/26/2009 14:42:12,FOXNEWS,Americas Newsroom,FOXNEWS_20090826_130000_Americas_Newsroom,https://archive.org/download/FOXNEWS_20090826_130000_Americas_Newsroom/FOXNEWS_20090826_130000_Americas_Newsroom.thumbs/FOXNEWS_20090826_130000_Americas_Newsroom_006116.jpg,"and climate change is out to get us. that's why progress plays no role inside post shredded wheat. here we put the 'no' in innovation. post original shredded wheat is still just the one, simple, honest ingredient which naturally comes with vitamins, minerals and fiber."
https://archive.org/details/FOXNEWS_20090801_230000_FOX_Report#start/3267/end/3302,8/1/2009 23:54:42,FOXNEWS,FOX Report,FOXNEWS_20090801_230000_FOX_Report,https://archive.org/download/FOXNEWS_20090801_230000_FOX_Report/FOXNEWS_20090801_230000_FOX_Report.thumbs/FOXNEWS_20090801_230000_FOX_Report_003270.jpg,"honestly, what thanks do we owe progress? we're up to our necks in landfill, and down to the wire in resources and climate change is out to get us. that's why progress plays no role inside post shredded wheat. here we put the 'no' in innovation."
https://archive.org/details/FOXNEWS_20090803_060000_Hannity#start/128/end/163,8/3/2009 6:02:23,FOXNEWS,Hannity,FOXNEWS_20090803_060000_Hannity,https://archive.org/download/FOXNEWS_20090803_060000_Hannity/FOXNEWS_20090803_060000_Hannity.thumbs/FOXNEWS_20090803_060000_Hannity_000115.jpg,"i would be careful traditionally historically they bark but they don't bite. in the case of other bills such as climate change the speaker of appeals often in order to win you will see he wants a free pass. i am not confident that the blue"
https://archive.org/details/FOXNEWS_20090820_010000_Hannity#start/1659/end/1694,8/20/2009 1:27:54,FOXNEWS,Hannity,FOXNEWS_20090820_010000_Hannity,https://archive.org/download/FOXNEWS_20090820_010000_Hannity/FOXNEWS_20090820_010000_Hannity.thumbs/FOXNEWS_20090820_010000_Hannity_001646.jpg,"sean: health care reform is not the only issue the democrats have lost control of. you can add cap and tax to the list as well. one democrat the slamming his own party for pushing the climate change legislation. timothy wirth later served as"
https://archive.org/details/FOXNEWS_20090816_230000_FOX_Report#start/2822/end/2857,8/16/2009 23:47:17,FOXNEWS,FOX Report,FOXNEWS_20090816_230000_FOX_Report,https://archive.org/download/FOXNEWS_20090816_230000_FOX_Report/FOXNEWS_20090816_230000_FOX_Report.thumbs/FOXNEWS_20090816_230000_FOX_Report_002820.jpg,"i'd say it's taken us for a ride. honestly, what thanks do we owe progress? we're up to our necks in landfill, and down to the wire in resources and climate change is out to get us. that's why progress plays no role inside post shredded wheat."
https://archive.org/details/FOXNEWS_20090818_010000_Hannity#start/1813/end/1848,8/18/2009 1:30:28,FOXNEWS,Hannity,FOXNEWS_20090818_010000_Hannity,https://archive.org/download/FOXNEWS_20090818_010000_Hannity/FOXNEWS_20090818_010000_Hannity.thumbs/FOXNEWS_20090818_010000_Hannity_001800.jpg,"and climate change is out to get us. that's why progress plays no role inside post shredded wheat. here we put the 'no' in innovation. post original shredded wheat is still just the one, simple, honest ingredient which naturally comes with vitamins, minerals and fiber."
https://archive.org/details/FOXNEWS_20090818_150000_Happening_Now#start/6787/end/6822,8/18/2009 16:53:22,FOXNEWS,Happening Now,FOXNEWS_20090818_150000_Happening_Now,https://archive.org/download/FOXNEWS_20090818_150000_Happening_Now/FOXNEWS_20090818_150000_Happening_Now.thumbs/FOXNEWS_20090818_150000_Happening_Now_006780.jpg,"honestly, what thanks do we owe progress? we're up to our necks in landfill, and down to the wire in resources and climate change is out to get us. that's why progress plays no role inside post shredded wheat. here we put the 'no' in innovation."
https://archive.org/details/FOXNEWS_20090819_150000_Happening_Now#start/2689/end/2724,8/19/2009 15:45:04,FOXNEWS,Happening Now,FOXNEWS_20090819_150000_Happening_Now,https://archive.org/download/FOXNEWS_20090819_150000_Happening_Now/FOXNEWS_20090819_150000_Happening_Now.thumbs/FOXNEWS_20090819_150000_Happening_Now_002640.jpg,"morning. wwww has progress taken us to a better place?. i'd say it's taken us for a ride. honestly, what thanks do we owe progress? we're up to our necks in landfill, and down to the wire in resources and climate change is out to get us."
https://archive.org/details/FOXNEWS_20090820_040000_Hannity#start/1659/end/1694,8/20/2009 4:27:54,FOXNEWS,Hannity,FOXNEWS_20090820_040000_Hannity,https://archive.org/download/FOXNEWS_20090820_040000_Hannity/FOXNEWS_20090820_040000_Hannity.thumbs/FOXNEWS_20090820_040000_Hannity_001650.jpg,"sean: health care reform is not the only issue the democrats have lost control of. you can add cap and tax to the list as well. one democrat the slamming his own party for pushing the climate change legislation. timothy wirth later served as"
https://archive.org/details/FOXNEWS_20090823_230000_FOX_Report#start/2916/end/2951,8/23/2009 23:48:51,FOXNEWS,FOX Report,FOXNEWS_20090823_230000_FOX_Report,https://archive.org/download/FOXNEWS_20090823_230000_FOX_Report/FOXNEWS_20090823_230000_FOX_Report.thumbs/FOXNEWS_20090823_230000_FOX_Report_002880.jpg,"i'd say it's taken us for a ride. honestly, what thanks do we owe progress? we're up to our necks in landfill, and down to the wire in resources and climate change is out to get us. that's why progress plays no role inside post shredded wheat."
https://archive.org/details/FOXNEWS_20090810_130000_Americas_Newsroom#start/1618/end/1653,8/10/2009 13:27:13,FOXNEWS,Americas Newsroom,FOXNEWS_20090810_130000_Americas_Newsroom,https://archive.org/download/FOXNEWS_20090810_130000_Americas_Newsroom/FOXNEWS_20090810_130000_Americas_Newsroom.thumbs/FOXNEWS_20090810_130000_Americas_Newsroom_001616.jpg,"honestly, what thanks do we owe progress? we're up to our necks in landfill, and down to the wire in resources and climate change is out to get us. that's why progress plays no role inside post shredded wheat. here we put the 'no' in innovation."
https://archive.org/details/FOXNEWS_20090825_100000_FOX_and_Friends#start/4884/end/4919,8/25/2009 11:21:39,FOXNEWS,FOX and Friends,FOXNEWS_20090825_100000_FOX_and_Friends,https://archive.org/download/FOXNEWS_20090825_100000_FOX_and_Friends/FOXNEWS_20090825_100000_FOX_and_Friends.thumbs/FOXNEWS_20090825_100000_FOX_and_Friends_004860.jpg,"brian: joe dimaggio. has progress taken us to a better place? i'd say it's taken us for a ride. honestly, what thanks do we owe progress? we're up to our necks in landfill, and down to the wire in resources and climate change is out to get us."
https://archive.org/details/FOXNEWS_20090812_010000_Hannity#start/2421/end/2456,8/12/2009 1:40:36,FOXNEWS,Hannity,FOXNEWS_20090812_010000_Hannity,https://archive.org/download/FOXNEWS_20090812_010000_Hannity/FOXNEWS_20090812_010000_Hannity.thumbs/FOXNEWS_20090812_010000_Hannity_002400.jpg,"honestly, what thanks do we owe progress? we're up to our necks in landfill, and down to the wire in resources and climate change is out to get us. that's why progress plays no role inside post shredded wheat. here we put the 'no' in innovation. post original shredded wheat"
https://archive.org/details/FOXNEWS_20090830_100000_The_OReilly_Factor#start/1090/end/1125,8/30/2009 10:18:25,FOXNEWS,The OReilly Factor,FOXNEWS_20090830_100000_The_OReilly_Factor,https://archive.org/download/FOXNEWS_20090830_100000_The_OReilly_Factor/FOXNEWS_20090830_100000_The_OReilly_Factor.thumbs/FOXNEWS_20090830_100000_The_OReilly_Factor_001076.jpg,"we're up to our necks in landfill, and down to the wire in resources and climate change is out to get us. that's why progress plays no role inside post shredded wheat. here we put the 'no' in innovation. post original shredded wheat is still just the one, simple, honest ingredient"
https://archive.org/details/FOXNEWS_20090829_180000_Americas_News_HQ#start/1652/end/1687,8/29/2009 18:27:47,FOXNEWS,Americas News HQ,FOXNEWS_20090829_180000_Americas_News_HQ,https://archive.org/download/FOXNEWS_20090829_180000_Americas_News_HQ/FOXNEWS_20090829_180000_Americas_News_HQ.thumbs/FOXNEWS_20090829_180000_Americas_News_HQ_001645.jpg,"legislating, now, climate change, et cetera. well, sure, i think that democrats really should focus on trying to create a compromise that will appeal to the moderates in their own party. for the governor of massachusetts or the legislature there to change a law, out of political convenience, obviously, that's"
https://archive.org/details/FOXNEWS_20090803_010000_Hannity#start/129/end/164,8/3/2009 1:02:24,FOXNEWS,Hannity,FOXNEWS_20090803_010000_Hannity,https://archive.org/download/FOXNEWS_20090803_010000_Hannity/FOXNEWS_20090803_010000_Hannity.thumbs/FOXNEWS_20090803_010000_Hannity_000116.jpg,"you would think so. i would be careful traditionally historically they bark but they don't bite. in the case of other bills such as climate change the speaker of appeals often in order to win you will see he wants a free pass. i am not confident that the blue"
https://archive.org/details/FOXNEWS_20090817_000000_Huckabee#start/1263/end/1298,8/17/2009 0:21:18,FOXNEWS,Huckabee,FOXNEWS_20090817_000000_Huckabee,https://archive.org/download/FOXNEWS_20090817_000000_Huckabee/FOXNEWS_20090817_000000_Huckabee.thumbs/FOXNEWS_20090817_000000_Huckabee_001256.jpg,"we're up to our necks in landfill, and down to the wire in resources and climate change is out to get us. that's why progress plays no role inside post shredded wheat. here we put the 'no' in innovation. post original shredded wheat is still just the one, simple, honest ingredient"
https://archive.org/details/FOXNEWS_20090825_130000_Americas_Newsroom#start/2624/end/2659,8/25/2009 13:43:59,FOXNEWS,Americas Newsroom,FOXNEWS_20090825_130000_Americas_Newsroom,https://archive.org/download/FOXNEWS_20090825_130000_Americas_Newsroom/FOXNEWS_20090825_130000_Americas_Newsroom.thumbs/FOXNEWS_20090825_130000_Americas_Newsroom_002606.jpg,"honestly, what thanks do we owe progress? we're up to our necks in landfill, and down to the wire in resources and climate change is out to get us. that's why progress plays no role inside post shredded wheat. here we put the 'no' in innovation. post original shredded wheat"
https://archive.org/details/FOXNEWS_20090824_000000_Huckabee#start/2224/end/2259,8/24/2009 0:37:19,FOXNEWS,Huckabee,FOXNEWS_20090824_000000_Huckabee,https://archive.org/download/FOXNEWS_20090824_000000_Huckabee/FOXNEWS_20090824_000000_Huckabee.thumbs/FOXNEWS_20090824_000000_Huckabee_002217.jpg,"we're up to our necks in landfill, and down to the wire in resources and climate change is out to get us. that's why progress plays no role inside post shredded wheat. here we put the 'no' in innovation. post original shredded wheat is still just the one, simple, honest ingredient"
https://archive.org/details/FOXNEWS_20090825_010000_Hannity#start/2626/end/2661,8/25/2009 1:44:01,FOXNEWS,Hannity,FOXNEWS_20090825_010000_Hannity,https://archive.org/download/FOXNEWS_20090825_010000_Hannity/FOXNEWS_20090825_010000_Hannity.thumbs/FOXNEWS_20090825_010000_Hannity_002606.jpg,"we're up to our necks in landfill, and down to the wire in resources and climate change is out to get us. that's why progress plays no role inside post shredded wheat. here we put the 'no' in innovation. post original shredded wheat is still just the one, simple, honest ingredient"
https://archive.org/details/FOXNEWS_20090801_080000_Special_Report_With_Bret_Baier#start/901/end/936,8/1/2009 8:15:16,FOXNEWS,Special Report With Bret Baier,FOXNEWS_20090801_080000_Special_Report_With_Bret_Baier,https://archive.org/download/FOXNEWS_20090801_080000_Special_Report_With_Bret_Baier/FOXNEWS_20090801_080000_Special_Report_With_Bret_Baier.thumbs/FOXNEWS_20090801_080000_Special_Report_With_Bret_Baier_000896.jpg,"white house. they don't have the kahunas to stand up and support the american people, so don't pretend anymore. we're calling you out. i'm looking at you and telling you we're coming after you. they voted to officially pan the president's climate change bill 'cap and trade is"
https://archive.org/details/FOXNEWS_20090817_100000_FOX_and_Friends#start/2686/end/2721,8/17/2009 10:45:01,FOXNEWS,FOX and Friends,FOXNEWS_20090817_100000_FOX_and_Friends,https://archive.org/download/FOXNEWS_20090817_100000_FOX_and_Friends/FOXNEWS_20090817_100000_FOX_and_Friends.thumbs/FOXNEWS_20090817_100000_FOX_and_Friends_002606.jpg,"i am-- speechless, envious. wanna be me right now. getting one. i'd say it's taken us for a ride. honestly, what thanks do we owe progress? we're up to our necks in landfill, and down to the wire in resources and climate change is out to get us."
https://archive.org/details/FOXNEWS_20090811_100000_FOX_and_Friends#start/5395/end/5430,8/11/2009 11:30:10,FOXNEWS,FOX and Friends,FOXNEWS_20090811_100000_FOX_and_Friends,https://archive.org/download/FOXNEWS_20090811_100000_FOX_and_Friends/FOXNEWS_20090811_100000_FOX_and_Friends.thumbs/FOXNEWS_20090811_100000_FOX_and_Friends_005370.jpg,"we're up to our necks in landfill, and down to the wire in resources and climate change is out to get us. that's why progress plays no role inside post shredded wheat. here we put the 'no' in innovation. post original shredded wheat is still just the one, simple, honest ingredient"
https://archive.org/details/FOXNEWS_20090831_020000_Geraldo_at_Large#start/2544/end/2579,8/31/2009 2:42:39,FOXNEWS,Geraldo at Large,FOXNEWS_20090831_020000_Geraldo_at_Large,https://archive.org/download/FOXNEWS_20090831_020000_Geraldo_at_Large/FOXNEWS_20090831_020000_Geraldo_at_Large.thumbs/FOXNEWS_20090831_020000_Geraldo_at_Large_002545.jpg,"and down to the wire in resources and climate change is out to get us. that's why progress plays no role inside post shredded wheat. here we put the 'no' in innovation. post original shredded wheat is still just the one, simple, honest ingredient which naturally comes with vitamins, minerals and fiber."
https://archive.org/details/FOXNEWS_20090818_130000_Americas_Newsroom#start/735/end/770,8/18/2009 13:12:30,FOXNEWS,Americas Newsroom,FOXNEWS_20090818_130000_Americas_Newsroom,https://archive.org/download/FOXNEWS_20090818_130000_Americas_Newsroom/FOXNEWS_20090818_130000_Americas_Newsroom.thumbs/FOXNEWS_20090818_130000_Americas_Newsroom_000656.jpg,"gecko: oh dear. vo: geico. fifteen minutes could save you 15% or more on car insurance. i'd say it's taken us for a ride. honestly, what thanks do we owe progress? we're up to our necks in landfill, and down to the wire in resources and climate change is out to get us."
