﻿URL,MatchDateTime,Station,Show,IAShowID,IAPreviewThumb,Snippet
https://archive.org/details/FOXNEWSW_20160527_090000_Fox_and_Friends_First#start/2216/end/2251,5/27/2016 9:37:11,FOXNEWS,Fox and Friends First,FOXNEWSW_20160527_090000_Fox_and_Friends_First,https://archive.org/download/FOXNEWSW_20160527_090000_Fox_and_Friends_First/FOXNEWSW_20160527_090000_Fox_and_Friends_First.thumbs/FOXNEWSW_20160527_090000_Fox_and_Friends_First_002217.jpg,"$7.25 starvation minimum wage. we are going to ask him how come he thinks climate change is a"
https://archive.org/details/FOXNEWSW_20160530_020000_The_Greg_Gutfeld_Show#start/204/end/239,5/30/2016 2:03:39,FOXNEWS,The Greg Gutfeld Show,FOXNEWSW_20160530_020000_The_Greg_Gutfeld_Show,https://archive.org/download/FOXNEWSW_20160530_020000_The_Greg_Gutfeld_Show/FOXNEWSW_20160530_020000_The_Greg_Gutfeld_Show.thumbs/FOXNEWSW_20160530_020000_The_Greg_Gutfeld_Show_000177.jpg,"applied for a permit to build a seawall to protect his golf course in ireland. protecting it from quote global warming and its effects. that's quite a departure from his public stance on global"
https://archive.org/details/FOXNEWSW_20160531_000000_Watters_World#start/3383/end/3418,5/31/2016 0:56:38,FOXNEWS,Watters World,FOXNEWSW_20160531_000000_Watters_World,https://archive.org/download/FOXNEWSW_20160531_000000_Watters_World/FOXNEWSW_20160531_000000_Watters_World.thumbs/FOXNEWSW_20160531_000000_Watters_World_003357.jpg,"reporter: aording to what's the most important issues facing the nation? facing the nation? people too serious, man. reporter: sounds like somebody has a case of the mondays. i don't have enough shoes. global warming."
https://archive.org/details/FOXNEWSW_20160526_040000_The_Kelly_File#start/2067/end/2102,5/26/2016 4:34:42,FOXNEWS,The Kelly File,FOXNEWSW_20160526_040000_The_Kelly_File,https://archive.org/download/FOXNEWSW_20160526_040000_The_Kelly_File/FOXNEWSW_20160526_040000_The_Kelly_File.thumbs/FOXNEWSW_20160526_040000_The_Kelly_File_002067.jpg,"his campaign wants to talk about important substantive and creating health care and dealing with climate change, and dealing"
https://archive.org/details/FOXNEWSW_20160528_080000_Special_Report_With_Bret_Baier#start/1688/end/1723,5/28/2016 8:28:23,FOXNEWS,Special Report With Bret Baier,FOXNEWSW_20160528_080000_Special_Report_With_Bret_Baier,https://archive.org/download/FOXNEWSW_20160528_080000_Special_Report_With_Bret_Baier/FOXNEWSW_20160528_080000_Special_Report_With_Bret_Baier.thumbs/FOXNEWSW_20160528_080000_Special_Report_With_Bret_Baier_001677.jpg,"remark to loretta lynch. within days democratic attorney generals from dozen states fired off subpoena seeking records from climate change skeptics."
https://archive.org/details/FOXNEWSW_20160527_050000_Hannity#start/3000/end/3035,5/27/2016 5:50:15,FOXNEWS,Hannity,FOXNEWSW_20160527_050000_Hannity,https://archive.org/download/FOXNEWSW_20160527_050000_Hannity/FOXNEWSW_20160527_050000_Hannity.thumbs/FOXNEWSW_20160527_050000_Hannity_002997.jpg,"far more eaconcerning should be what about isis. what about terrorists. it shouldn't be a surprise to people now because the president has said the national security threat facing america the top one is global warming."
https://archive.org/details/FOXNEWSW_20160527_020000_Hannity#start/3000/end/3035,5/27/2016 2:50:15,FOXNEWS,Hannity,FOXNEWSW_20160527_020000_Hannity,https://archive.org/download/FOXNEWSW_20160527_020000_Hannity/FOXNEWSW_20160527_020000_Hannity.thumbs/FOXNEWSW_20160527_020000_Hannity_002997.jpg,"far more eaconcerning should be what about isis. what about terrorists. it shouldn't be a surprise to people now because the president has said the national security threat facing america the top one is global warming."
https://archive.org/details/FOXNEWSW_20160527_220000_Special_Report_With_Bret_Baier#start/1666/end/1701,5/27/2016 22:28:01,FOXNEWS,Special Report With Bret Baier,FOXNEWSW_20160527_220000_Special_Report_With_Bret_Baier,https://archive.org/download/FOXNEWSW_20160527_220000_Special_Report_With_Bret_Baier/FOXNEWSW_20160527_220000_Special_Report_With_Bret_Baier.thumbs/FOXNEWSW_20160527_220000_Special_Report_With_Bret_Baier_001647.jpg,"the national average is $2.32 a gallon, substantially lower than five years ago when it hit almost $4 a gallon. president obama justice department may be going after your business if he does not like the way you think about global warming."
https://archive.org/details/FOXNEWSW_20160523_160000_Outnumbered#start/3112/end/3147,5/23/2016 16:52:07,FOXNEWS,Outnumbered,FOXNEWSW_20160523_160000_Outnumbered,https://archive.org/download/FOXNEWSW_20160523_160000_Outnumbered/FOXNEWSW_20160523_160000_Outnumbered.thumbs/FOXNEWSW_20160523_160000_Outnumbered_003087.jpg,"harris: i'm hungry. just you wait. sandra: thank you, jon. one city school district is closing the book on any materials in the classroom that question or deny climate change."
https://archive.org/details/FOXNEWSW_20160507_143000_Cavuto_on_Business#start/1140/end/1175,5/7/2016 14:49:15,FOXNEWS,Cavuto on Business,FOXNEWSW_20160507_143000_Cavuto_on_Business,https://archive.org/download/FOXNEWSW_20160507_143000_Cavuto_on_Business/FOXNEWSW_20160507_143000_Cavuto_on_Business.thumbs/FOXNEWSW_20160507_143000_Cavuto_on_Business_001137.jpg,"long time. first of all, she's saying you may disagree or agree with this. this industry is dying. you could either prop it up. or -- primary based support or fighting global climate change"
https://archive.org/details/FOXNEWSW_20160523_160000_Outnumbered#start/3268/end/3303,5/23/2016 16:54:43,FOXNEWS,Outnumbered,FOXNEWSW_20160523_160000_Outnumbered,https://archive.org/download/FOXNEWSW_20160523_160000_Outnumbered/FOXNEWSW_20160523_160000_Outnumbered.thumbs/FOXNEWSW_20160523_160000_Outnumbered_003267.jpg,"harris: that's for sure. sandra: those are the words he had a problem with, jesse, words like might, and may and could. really. you can't say he or she anymore. some random -- he talks about climate change"
https://archive.org/details/FOXNEWSW_20160509_190000_Shepard_Smith_Reporting#start/381/end/416,5/9/2016 19:06:36,FOXNEWS,Shepard Smith Reporting,FOXNEWSW_20160509_190000_Shepard_Smith_Reporting,https://archive.org/download/FOXNEWSW_20160509_190000_Shepard_Smith_Reporting/FOXNEWSW_20160509_190000_Shepard_Smith_Reporting.thumbs/FOXNEWSW_20160509_190000_Shepard_Smith_Reporting_000357.jpg,"clinton talking health care, education and other issues affecting young families and hoping to connect with republicans who might not care for donald trump. he doesn't have a view, he has a slogan, and he needs to be really pressed on that. when he says climate change is a"
https://archive.org/details/FOXNEWSW_20160508_100000_Fox_and_Friends_Sunday#start/13532/end/13567,5/8/2016 13:45:47,FOXNEWS,Fox and Friends Sunday,FOXNEWSW_20160508_100000_Fox_and_Friends_Sunday,https://archive.org/download/FOXNEWSW_20160508_100000_Fox_and_Friends_Sunday/FOXNEWSW_20160508_100000_Fox_and_Friends_Sunday.thumbs/FOXNEWSW_20160508_100000_Fox_and_Friends_Sunday_013527.jpg,"virginia and about 15000 jobs have been cut in west virginia because of coal just in the last year. this has to do with regulations, obviously, the obama administration making the case that the coal industry has huge contribution to greenhouse"
https://archive.org/details/FOXNEWSW_20160531_000000_Watters_World#start/437/end/472,5/31/2016 0:07:32,FOXNEWS,Watters World,FOXNEWSW_20160531_000000_Watters_World,https://archive.org/download/FOXNEWSW_20160531_000000_Watters_World/FOXNEWSW_20160531_000000_Watters_World.thumbs/FOXNEWSW_20160531_000000_Watters_World_000417.jpg,"islamic terrorism. islamic terrorism. a lot of the democrats say global warming. that's because democrats are idiots. i'm also a democrat. cut the malarky. global warming. has global warming ever beheaded anybody. no. do black black lives"
https://archive.org/details/FOXNEWSW_20160529_020000_The_Greg_Gutfeld_Show#start/212/end/247,5/29/2016 2:03:47,FOXNEWS,The Greg Gutfeld Show,FOXNEWSW_20160529_020000_The_Greg_Gutfeld_Show,https://archive.org/download/FOXNEWSW_20160529_020000_The_Greg_Gutfeld_Show/FOXNEWSW_20160529_020000_The_Greg_Gutfeld_Show.thumbs/FOXNEWSW_20160529_020000_The_Greg_Gutfeld_Show_000207.jpg,"course in ireland. protecting it from quote global warming and its effects. that's quite a departure from his public stance on global warming. so obama is talking about all of this with the global warming. a lot of sit a hoax."
https://archive.org/details/FOXNEWSW_20160529_050000_The_Greg_Gutfeld_Show#start/212/end/247,5/29/2016 5:03:47,FOXNEWS,The Greg Gutfeld Show,FOXNEWSW_20160529_050000_The_Greg_Gutfeld_Show,https://archive.org/download/FOXNEWSW_20160529_050000_The_Greg_Gutfeld_Show/FOXNEWSW_20160529_050000_The_Greg_Gutfeld_Show.thumbs/FOXNEWSW_20160529_050000_The_Greg_Gutfeld_Show_000207.jpg,"course in ireland. protecting it from quote global warming and its effects. that's quite a departure from his public stance on global warming. so obama is talking about all of this with the global warming. a lot of sit a hoax."
https://archive.org/details/FOXNEWSW_20160508_140000_Sunday_Morning_Futures_With_Maria_Bartiromo#start/2156/end/2191,5/8/2016 14:36:11,FOXNEWS,Sunday Morning Futures With Maria Bartiromo,FOXNEWSW_20160508_140000_Sunday_Morning_Futures_With_Maria_Bartiromo,https://archive.org/download/FOXNEWSW_20160508_140000_Sunday_Morning_Futures_With_Maria_Bartiromo/FOXNEWSW_20160508_140000_Sunday_Morning_Futures_With_Maria_Bartiromo.thumbs/FOXNEWSW_20160508_140000_Sunday_Morning_Futures_With_Maria_Bartiromo_002157.jpg,"have included heavy regulation against the coal industry because the president has said the coal business contributes to greenhouse gases. so, let me ask you about that. first of all, i think it's about 5000 jobs have been cut from"
https://archive.org/details/FOXNEWSW_20160530_050000_The_Greg_Gutfeld_Show#start/206/end/241,5/30/2016 5:03:41,FOXNEWS,The Greg Gutfeld Show,FOXNEWSW_20160530_050000_The_Greg_Gutfeld_Show,https://archive.org/download/FOXNEWSW_20160530_050000_The_Greg_Gutfeld_Show/FOXNEWSW_20160530_050000_The_Greg_Gutfeld_Show.thumbs/FOXNEWSW_20160530_050000_The_Greg_Gutfeld_Show_000207.jpg,"seawall to protect his golf course in ireland. protecting it from quote global warming and its effects. that's quite a departure from his public stance on global warming. so obama is talking about all"
https://archive.org/details/FOXNEWSW_20160531_030000_Watters_World#start/446/end/481,5/31/2016 3:07:41,FOXNEWS,Watters World,FOXNEWSW_20160531_030000_Watters_World,https://archive.org/download/FOXNEWSW_20160531_030000_Watters_World/FOXNEWSW_20160531_030000_Watters_World.thumbs/FOXNEWSW_20160531_030000_Watters_World_000447.jpg,"global warming. has global warming ever beheaded anybody. no. do black black lives matter or all lives matter. all lives matter. black people need to get the [bleep] over it. you can't say black lives, hispanic and asians."
https://archive.org/details/FOXNEWSW_20160527_220000_Special_Report_With_Bret_Baier#start/1792/end/1827,5/27/2016 22:30:07,FOXNEWS,Special Report With Bret Baier,FOXNEWSW_20160527_220000_Special_Report_With_Bret_Baier,https://archive.org/download/FOXNEWSW_20160527_220000_Special_Report_With_Bret_Baier/FOXNEWSW_20160527_220000_Special_Report_With_Bret_Baier.thumbs/FOXNEWSW_20160527_220000_Special_Report_With_Bret_Baier_001767.jpg,"the measurement don't show any significant warming. senator 95% of the scientists concur and agree there's global warming. reporter: that 97% figure like so much in the science of global warming is the subject of vigorous debate. the competitive enterprise"
https://archive.org/details/FOXNEWSW_20160528_080000_Special_Report_With_Bret_Baier#start/1783/end/1818,5/28/2016 8:29:58,FOXNEWS,Special Report With Bret Baier,FOXNEWSW_20160528_080000_Special_Report_With_Bret_Baier,https://archive.org/download/FOXNEWSW_20160528_080000_Special_Report_With_Bret_Baier/FOXNEWSW_20160528_080000_Special_Report_With_Bret_Baier.thumbs/FOXNEWSW_20160528_080000_Special_Report_With_Bret_Baier_001767.jpg,"scientists concur and agree there's global warming. reporter: that 97% figure like so much in the science of global warming is the subject of vigorous debate. the competitive enterprise institute is fighting back asking a d.c. court to fine the government for violating its"
https://archive.org/details/FOXNEWSW_20160503_160000_Outnumbered#start/1363/end/1398,5/3/2016 16:22:58,FOXNEWS,Outnumbered,FOXNEWSW_20160503_160000_Outnumbered,https://archive.org/download/FOXNEWSW_20160503_160000_Outnumbered/FOXNEWSW_20160503_160000_Outnumbered.thumbs/FOXNEWSW_20160503_160000_Outnumbered_001347.jpg,"global warming, is a top issue in the democratic primary. may not be for republicans. it's a huge issue. so for her to get democratic bonifides especially against bernie sanders needs to talk about global warming. more important for fund-raising."
https://archive.org/details/FOXNEWSW_20160524_190000_Shepard_Smith_Reporting#start/250/end/285,5/24/2016 19:04:25,FOXNEWS,Shepard Smith Reporting,FOXNEWSW_20160524_190000_Shepard_Smith_Reporting,https://archive.org/download/FOXNEWSW_20160524_190000_Shepard_Smith_Reporting/FOXNEWSW_20160524_190000_Shepard_Smith_Reporting.thumbs/FOXNEWSW_20160524_190000_Shepard_Smith_Reporting_000237.jpg,"politics average, a recent poll has hillary clinton up nine. here she is two weeks ahead of the primary. specifically, senator sanders accuses the republicans of being science deniers on climate"
https://archive.org/details/FOXNEWSW_20160511_040000_The_Five#start/327/end/362,5/11/2016 4:05:42,FOXNEWS,The Five,FOXNEWSW_20160511_040000_The_Five,https://archive.org/download/FOXNEWSW_20160511_040000_The_Five/FOXNEWSW_20160511_040000_The_Five.thumbs/FOXNEWSW_20160511_040000_The_Five_000327.jpg,"sanders is for a carbon tax. those are three issues in which there is no overlap. and there is some saying"
https://archive.org/details/FOXNEWSW_20160523_050000_The_Greg_Gutfeld_Show#start/190/end/225,5/23/2016 5:03:25,FOXNEWS,The Greg Gutfeld Show,FOXNEWSW_20160523_050000_The_Greg_Gutfeld_Show,https://archive.org/download/FOXNEWSW_20160523_050000_The_Greg_Gutfeld_Show/FOXNEWSW_20160523_050000_The_Greg_Gutfeld_Show.thumbs/FOXNEWSW_20160523_050000_The_Greg_Gutfeld_Show_000177.jpg,"visit foreign countries. i never imagined i would be a commencementer. i never imagined i would ghet a twitter war with donald trump. interesting. native-american name is nails on a chalk board. so is trump the new climate"
https://archive.org/details/FOXNEWSW_20160522_020000_The_Greg_Gutfeld_Show#start/190/end/225,5/22/2016 2:03:25,FOXNEWS,The Greg Gutfeld Show,FOXNEWSW_20160522_020000_The_Greg_Gutfeld_Show,https://archive.org/download/FOXNEWSW_20160522_020000_The_Greg_Gutfeld_Show/FOXNEWSW_20160522_020000_The_Greg_Gutfeld_Show.thumbs/FOXNEWSW_20160522_020000_The_Greg_Gutfeld_Show_000177.jpg,"visit foreign countries. i never imagined i would be a commencement speaker. i never imagined i would ghet a twitter war with donald trump. interesting. native-american name is nails on a chalk board. so is trump the new climate"
https://archive.org/details/FOXNEWSW_20160523_020000_The_Greg_Gutfeld_Show#start/190/end/225,5/23/2016 2:03:25,FOXNEWS,The Greg Gutfeld Show,FOXNEWSW_20160523_020000_The_Greg_Gutfeld_Show,https://archive.org/download/FOXNEWSW_20160523_020000_The_Greg_Gutfeld_Show/FOXNEWSW_20160523_020000_The_Greg_Gutfeld_Show.thumbs/FOXNEWSW_20160523_020000_The_Greg_Gutfeld_Show_000177.jpg,"visit foreign countries. i never imagined i would be a commencement speaker. i never imagined i would ghet a twitter war with donald trump. interesting. native-american name is nails on a chalk board. so is trump the new climate"
https://archive.org/details/FOXNEWSW_20160522_050000_The_Greg_Gutfeld_Show#start/190/end/225,5/22/2016 5:03:25,FOXNEWS,The Greg Gutfeld Show,FOXNEWSW_20160522_050000_The_Greg_Gutfeld_Show,https://archive.org/download/FOXNEWSW_20160522_050000_The_Greg_Gutfeld_Show/FOXNEWSW_20160522_050000_The_Greg_Gutfeld_Show.thumbs/FOXNEWSW_20160522_050000_The_Greg_Gutfeld_Show_000177.jpg,"visit foreign countries. i never imagined i would be a commencement speaker. i never imagined i would ghet a twitter war with donald trump. interesting. native-american name is nails on a chalk board. so is trump the new climate"
https://archive.org/details/FOXNEWSW_20160523_160000_Outnumbered#start/2804/end/2839,5/23/2016 16:46:59,FOXNEWS,Outnumbered,FOXNEWSW_20160523_160000_Outnumbered,https://archive.org/download/FOXNEWSW_20160523_160000_Outnumbered/FOXNEWSW_20160523_160000_Outnumbered.thumbs/FOXNEWSW_20160523_160000_Outnumbered_002787.jpg,"doesn't change the institutionalism. harris: should make them fly with small children seven days in a row. never enough. that will teach them. school board at major american city deciding to do a way with any course material that casts doubt on climate"
https://archive.org/details/FOXNEWSW_20160507_153000_Cashin_In#start/1765/end/1800,5/7/2016 15:59:40,FOXNEWS,Cashin In,FOXNEWSW_20160507_153000_Cashin_In,https://archive.org/download/FOXNEWSW_20160507_153000_Cashin_In/FOXNEWSW_20160507_153000_Cashin_In.thumbs/FOXNEWSW_20160507_153000_Cashin_In_001737.jpg,"because they're going to be charged a huge sum for all that greenhouse gas that's being e t emitted. wow, government h bankrupt businesses. hillary clinton is just a continuation of the obama left wing plan of setting fire to the free market in favor of big government."
https://archive.org/details/FOXNEWSW_20160526_150000_Happening_Now#start/433/end/468,5/26/2016 15:07:28,FOXNEWS,Happening Now,FOXNEWSW_20160526_150000_Happening_Now,https://archive.org/download/FOXNEWSW_20160526_150000_Happening_Now/FOXNEWSW_20160526_150000_Happening_Now.thumbs/FOXNEWSW_20160526_150000_Happening_Now_000417.jpg,"conversations with regard to bring the coalition together on our foreign policy questions, domestic issues especially as addresses healthcare and other things so i think he has a lot of successes on climate change and gathering 240 nations to get together on this climate change . there's been a lot of great progress he has made so i"
https://archive.org/details/FOXNEWSW_20160521_100000_Fox_and_Friends_Saturday#start/2637/end/2672,5/21/2016 10:44:12,FOXNEWS,Fox and Friends Saturday,FOXNEWSW_20160521_100000_Fox_and_Friends_Saturday,https://archive.org/download/FOXNEWSW_20160521_100000_Fox_and_Friends_Saturday/FOXNEWSW_20160521_100000_Fox_and_Friends_Saturday.thumbs/FOXNEWSW_20160521_100000_Fox_and_Friends_Saturday_002637.jpg,"concerned about global warming. he took a private jet to environment awards ceremony vastly increasing his carbon footprint. hypocrite? we'll report. you decide. king for peanuts?"
https://archive.org/details/FOXNEWSW_20160508_140000_Sunday_Morning_Futures_With_Maria_Bartiromo#start/1652/end/1687,5/8/2016 14:27:47,FOXNEWS,Sunday Morning Futures With Maria Bartiromo,FOXNEWSW_20160508_140000_Sunday_Morning_Futures_With_Maria_Bartiromo,https://archive.org/download/FOXNEWSW_20160508_140000_Sunday_Morning_Futures_With_Maria_Bartiromo/FOXNEWSW_20160508_140000_Sunday_Morning_Futures_With_Maria_Bartiromo.thumbs/FOXNEWSW_20160508_140000_Sunday_Morning_Futures_With_Maria_Bartiromo_001647.jpg,"obama administration and hillary clinton have pushed forward because of the contribution to greenhouse gas? we're going to speak with the ceo of a coal company on the program coming up. well, i think it's a really good issue and an important one because it speaks to our changing economy and the fact we"
https://archive.org/details/FOXNEWSW_20160521_100000_Fox_and_Friends_Saturday#start/9347/end/9382,5/21/2016 12:36:02,FOXNEWS,Fox and Friends Saturday,FOXNEWSW_20160521_100000_Fox_and_Friends_Saturday,https://archive.org/download/FOXNEWSW_20160521_100000_Fox_and_Friends_Saturday/FOXNEWSW_20160521_100000_Fox_and_Friends_Saturday.thumbs/FOXNEWSW_20160521_100000_Fox_and_Friends_Saturday_009327.jpg,"about running as a third par candidate to stop trump. here is inconvenient truth al gore's release on global warming he now says he got it all wrong"
https://archive.org/details/FOXNEWSW_20160521_100000_Fox_and_Friends_Saturday#start/9364/end/9399,5/21/2016 12:36:19,FOXNEWS,Fox and Friends Saturday,FOXNEWSW_20160521_100000_Fox_and_Friends_Saturday,https://archive.org/download/FOXNEWSW_20160521_100000_Fox_and_Friends_Saturday/FOXNEWSW_20160521_100000_Fox_and_Friends_Saturday.thumbs/FOXNEWSW_20160521_100000_Fox_and_Friends_Saturday_009357.jpg,"[crying] [ laughter ] you're probably wondering why your ice cream went away. well, suzie, the isn't foreigners it's global warming. instead of denouncing what some say are the film's"
https://archive.org/details/FOXNEWSW_20160505_170000_Happening_Now#start/496/end/531,5/5/2016 17:08:31,FOXNEWS,Happening Now,FOXNEWSW_20160505_170000_Happening_Now,https://archive.org/download/FOXNEWSW_20160505_170000_Happening_Now/FOXNEWSW_20160505_170000_Happening_Now.thumbs/FOXNEWSW_20160505_170000_Happening_Now_000477.jpg,"the carbon tax, and making that firm commitment to a $15 minnium wage which she may feel risks losing jobs. and one thing to point to it, i really think she may cut a deal"
https://archive.org/details/FOXNEWSW_20160529_020000_The_Greg_Gutfeld_Show#start/326/end/361,5/29/2016 2:05:41,FOXNEWS,The Greg Gutfeld Show,FOXNEWSW_20160529_020000_The_Greg_Gutfeld_Show,https://archive.org/download/FOXNEWSW_20160529_020000_The_Greg_Gutfeld_Show/FOXNEWSW_20160529_020000_The_Greg_Gutfeld_Show.thumbs/FOXNEWSW_20160529_020000_The_Greg_Gutfeld_Show_000327.jpg,"doesn't sell uranium to the russians. other than that -- if you want to protect your golf course from global warming, okay. with that low bar i could be president. although, no way."
https://archive.org/details/FOXNEWSW_20160530_010000_The_OReilly_Factor#start/1356/end/1391,5/30/2016 1:22:51,FOXNEWS,The OReilly Factor,FOXNEWSW_20160530_010000_The_OReilly_Factor,https://archive.org/download/FOXNEWSW_20160530_010000_The_OReilly_Factor/FOXNEWSW_20160530_010000_The_OReilly_Factor.thumbs/FOXNEWSW_20160530_010000_The_OReilly_Factor_001347.jpg,"what do you do with them. personally, i put on the sanctions big league. look, the biggest problem that the world has right now is nuclear weapons. global warming is not our big"
https://archive.org/details/FOXNEWSW_20160529_050000_The_Greg_Gutfeld_Show#start/326/end/361,5/29/2016 5:05:41,FOXNEWS,The Greg Gutfeld Show,FOXNEWSW_20160529_050000_The_Greg_Gutfeld_Show,https://archive.org/download/FOXNEWSW_20160529_050000_The_Greg_Gutfeld_Show/FOXNEWSW_20160529_050000_The_Greg_Gutfeld_Show.thumbs/FOXNEWSW_20160529_050000_The_Greg_Gutfeld_Show_000327.jpg,"doesn't sell uranium to the russians. other than that -- if you want to protect your golf course from global warming, okay. with that low bar i could be president. although, no way."
https://archive.org/details/FOXNEWSW_20160506_230000_On_the_Record_With_Greta_Van_Susteren#start/431/end/466,5/6/2016 23:07:26,FOXNEWS,On the Record With Greta Van Susteren,FOXNEWSW_20160506_230000_On_the_Record_With_Greta_Van_Susteren,https://archive.org/download/FOXNEWSW_20160506_230000_On_the_Record_With_Greta_Van_Susteren/FOXNEWSW_20160506_230000_On_the_Record_With_Greta_Van_Susteren.thumbs/FOXNEWSW_20160506_230000_On_the_Record_With_Greta_Van_Susteren_000417.jpg,"and, you know, she had said i think wisconsin that she wanted to put everybody out of work and close the coal mines. she's going to pursue the global warming policy of this"
https://archive.org/details/FOXNEWSW_20160531_030000_Watters_World#start/432/end/467,5/31/2016 3:07:27,FOXNEWS,Watters World,FOXNEWSW_20160531_030000_Watters_World,https://archive.org/download/FOXNEWSW_20160531_030000_Watters_World/FOXNEWSW_20160531_030000_Watters_World.thumbs/FOXNEWSW_20160531_030000_Watters_World_000417.jpg,"threat to mankind ever. lobbyists. you are going with lobbyists? islamic terrorism. islamic terrorism. a lot of the democrats say global warming. that's because democrats are idiots. i'm also a democrat. cut the malarky."
https://archive.org/details/FOXNEWSW_20160530_050000_The_Greg_Gutfeld_Show#start/332/end/367,5/30/2016 5:05:47,FOXNEWS,The Greg Gutfeld Show,FOXNEWSW_20160530_050000_The_Greg_Gutfeld_Show,https://archive.org/download/FOXNEWSW_20160530_050000_The_Greg_Gutfeld_Show/FOXNEWSW_20160530_050000_The_Greg_Gutfeld_Show.thumbs/FOXNEWSW_20160530_050000_The_Greg_Gutfeld_Show_000327.jpg,"to protect your golf course from global warming, okay. with that low bar i could be president. although, no way. i did sell uranium to the russians back in 1995. you're done. paul, i don't know where you"
https://archive.org/details/FOXNEWSW_20160528_080000_Special_Report_With_Bret_Baier#start/1657/end/1692,5/28/2016 8:27:52,FOXNEWS,Special Report With Bret Baier,FOXNEWSW_20160528_080000_Special_Report_With_Bret_Baier,https://archive.org/download/FOXNEWSW_20160528_080000_Special_Report_With_Bret_Baier/FOXNEWSW_20160528_080000_Special_Report_With_Bret_Baier.thumbs/FOXNEWSW_20160528_080000_Special_Report_With_Bret_Baier_001647.jpg,"almost $4 a gallon. president obama justice department may be going after your business if he does not like the way you think about global warming. some critics are calling it political persecution and says it's already under way."
https://archive.org/details/FOXNEWSW_20160530_020000_The_Greg_Gutfeld_Show#start/333/end/368,5/30/2016 2:05:48,FOXNEWS,The Greg Gutfeld Show,FOXNEWSW_20160530_020000_The_Greg_Gutfeld_Show,https://archive.org/download/FOXNEWSW_20160530_020000_The_Greg_Gutfeld_Show/FOXNEWSW_20160530_020000_The_Greg_Gutfeld_Show.thumbs/FOXNEWSW_20160530_020000_The_Greg_Gutfeld_Show_000327.jpg,"to protect your golf course from global warming, okay. with that low bar i could be president. although, no way. i did sell uranium to the russians back in 1995. you're done. paul, i don't know where you"
https://archive.org/details/FOXNEWSW_20160501_090000_On_the_Record_With_Greta_Van_Susteren#start/282/end/317,5/1/2016 9:04:57,FOXNEWS,On the Record With Greta Van Susteren,FOXNEWSW_20160501_090000_On_the_Record_With_Greta_Van_Susteren,https://archive.org/download/FOXNEWSW_20160501_090000_On_the_Record_With_Greta_Van_Susteren/FOXNEWSW_20160501_090000_On_the_Record_With_Greta_Van_Susteren.thumbs/FOXNEWSW_20160501_090000_On_the_Record_With_Greta_Van_Susteren_000267.jpg,"if you were the oval office now and president would be deploying any troops in any place? to me, when i heard the other day i heard president obama say the single greatest threat to our country is global warming. [ laughter ]  _          _"
https://archive.org/details/FOXNEWSW_20160507_143000_Cavuto_on_Business#start/1173/end/1208,5/7/2016 14:49:48,FOXNEWS,Cavuto on Business,FOXNEWSW_20160507_143000_Cavuto_on_Business,https://archive.org/download/FOXNEWSW_20160507_143000_Cavuto_on_Business/FOXNEWSW_20160507_143000_Cavuto_on_Business.thumbs/FOXNEWSW_20160507_143000_Cavuto_on_Business_001167.jpg,"there? i'm all in on wind and solar and this stuff you love. but i'm certainly not out on something we have a lot of. global warming is -- and. by the way that was not a"
https://archive.org/details/FOXNEWSW_20160521_090000_Hannity#start/3130/end/3165,5/21/2016 9:52:25,FOXNEWS,Hannity,FOXNEWSW_20160521_090000_Hannity,https://archive.org/download/FOXNEWSW_20160521_090000_Hannity/FOXNEWSW_20160521_090000_Hannity.thumbs/FOXNEWSW_20160521_090000_Hannity_003117.jpg,"speak to people's economic anxieties and yet, she is still talking about global warming and transgender bathrooms and things that people don't care about because why would she? it is also policy. when she says stand with me."
https://archive.org/details/FOXNEWSW_20160507_060000_On_the_Record_With_Greta_Van_Susteren#start/431/end/466,5/7/2016 6:07:26,FOXNEWS,On the Record With Greta Van Susteren,FOXNEWSW_20160507_060000_On_the_Record_With_Greta_Van_Susteren,https://archive.org/download/FOXNEWSW_20160507_060000_On_the_Record_With_Greta_Van_Susteren/FOXNEWSW_20160507_060000_On_the_Record_With_Greta_Van_Susteren.thumbs/FOXNEWSW_20160507_060000_On_the_Record_With_Greta_Van_Susteren_000417.jpg,"coming in and trying to change the story. and, you know, she had said i think wisconsin that she wanted to put everybody out of work and close the coal mines. she's going to pursue the global warming policy of this"
https://archive.org/details/FOXNEWSW_20160531_030000_Watters_World#start/3400/end/3435,5/31/2016 3:56:55,FOXNEWS,Watters World,FOXNEWSW_20160531_030000_Watters_World,https://archive.org/download/FOXNEWSW_20160531_030000_Watters_World/FOXNEWSW_20160531_030000_Watters_World.thumbs/FOXNEWSW_20160531_030000_Watters_World_003387.jpg,"what's the most important issues facing the nation? facing the nation? people too serious, man. reporter: sounds like somebody has a case of the mondays. i don't have enough shoes. global warming. reporter: know what happens when it gets warmer, i take off"
https://archive.org/details/FOXNEWSW_20160514_000000_The_OReilly_Factor#start/162/end/197,5/14/2016 0:02:57,FOXNEWS,The OReilly Factor,FOXNEWSW_20160514_000000_The_OReilly_Factor,https://archive.org/download/FOXNEWSW_20160514_000000_The_OReilly_Factor/FOXNEWSW_20160514_000000_The_OReilly_Factor.thumbs/FOXNEWSW_20160514_000000_The_OReilly_Factor_000147.jpg,"thereby cutting down on global warming and so forth. so the big picture is that it fits within the legal parameters of what the foundation says it's doing. but, when you examine more closely who exactly the energy power solutions who"
https://archive.org/details/FOXNEWSW_20160517_200000_Your_World_With_Neil_Cavuto#start/2653/end/2688,5/17/2016 20:44:28,FOXNEWS,Your World With Neil Cavuto,FOXNEWSW_20160517_200000_Your_World_With_Neil_Cavuto,https://archive.org/download/FOXNEWSW_20160517_200000_Your_World_With_Neil_Cavuto/FOXNEWSW_20160517_200000_Your_World_With_Neil_Cavuto.thumbs/FOXNEWSW_20160517_200000_Your_World_With_Neil_Cavuto_002637.jpg,"lost at the united states supreme court with regard to the clean power plant his decree about global warming. he's appealing that obamacare funding thing. but let me ask you this. do you think that north carolina, maybe prior to that,"
https://archive.org/details/FOXNEWSW_20160521_100000_Fox_and_Friends_Saturday#start/9380/end/9415,5/21/2016 12:36:35,FOXNEWS,Fox and Friends Saturday,FOXNEWSW_20160521_100000_Fox_and_Friends_Saturday,https://archive.org/download/FOXNEWSW_20160521_100000_Fox_and_Friends_Saturday/FOXNEWSW_20160521_100000_Fox_and_Friends_Saturday.thumbs/FOXNEWSW_20160521_100000_Fox_and_Friends_Saturday_009357.jpg,"failed predictions, gore says it didn't go far enough and actually under estimated the global warming threat as the greatest challenge facing mankind. the film won the former democratic presidential nominee two oscars. and notice anything odd about this picture?"
https://archive.org/details/FOXNEWSW_20160521_020000_Hannity#start/3129/end/3164,5/21/2016 2:52:24,FOXNEWS,Hannity,FOXNEWSW_20160521_020000_Hannity,https://archive.org/download/FOXNEWSW_20160521_020000_Hannity/FOXNEWSW_20160521_020000_Hannity.thumbs/FOXNEWSW_20160521_020000_Hannity_003117.jpg,"put this guy away when the lesson is so clear. speak to people's economic anxieties and yet, she is still talking about global warming and transgender bathrooms and things that people don't care about because why would she? it is also policy."
https://archive.org/details/FOXNEWSW_20160529_020000_The_Greg_Gutfeld_Show#start/527/end/562,5/29/2016 2:09:02,FOXNEWS,The Greg Gutfeld Show,FOXNEWSW_20160529_020000_The_Greg_Gutfeld_Show,https://archive.org/download/FOXNEWSW_20160529_020000_The_Greg_Gutfeld_Show/FOXNEWSW_20160529_020000_The_Greg_Gutfeld_Show.thumbs/FOXNEWSW_20160529_020000_The_Greg_Gutfeld_Show_000507.jpg,"i'm not sure that makes sense. you hate hillary. yes. i gather you hate trump yes and i gather you're warming to trump, aren't you? he's just so funny. i hate it but when he said that global warming hoax thing, he"
https://archive.org/details/FOXNEWSW_20160529_050000_The_Greg_Gutfeld_Show#start/527/end/562,5/29/2016 5:09:02,FOXNEWS,The Greg Gutfeld Show,FOXNEWSW_20160529_050000_The_Greg_Gutfeld_Show,https://archive.org/download/FOXNEWSW_20160529_050000_The_Greg_Gutfeld_Show/FOXNEWSW_20160529_050000_The_Greg_Gutfeld_Show.thumbs/FOXNEWSW_20160529_050000_The_Greg_Gutfeld_Show_000507.jpg,"i'm not sure that makes sense. you hate hillary. yes. i gather you hate trump yes and i gather you're warming to trump, aren't you? he's just so funny. i hate it but when he said that global warming hoax thing, he"
https://archive.org/details/FOXNEWSW_20160530_050000_The_Greg_Gutfeld_Show#start/533/end/568,5/30/2016 5:09:08,FOXNEWS,The Greg Gutfeld Show,FOXNEWSW_20160530_050000_The_Greg_Gutfeld_Show,https://archive.org/download/FOXNEWSW_20160530_050000_The_Greg_Gutfeld_Show/FOXNEWSW_20160530_050000_The_Greg_Gutfeld_Show.thumbs/FOXNEWSW_20160530_050000_The_Greg_Gutfeld_Show_000507.jpg,"trump, aren't you? he's just so funny. i hate it but when he said that global warming hoax thing, he wasn't thinking about what he can say. he was like what can i say that would make the most hippies mad."
https://archive.org/details/FOXNEWSW_20160530_020000_The_Greg_Gutfeld_Show#start/533/end/568,5/30/2016 2:09:08,FOXNEWS,The Greg Gutfeld Show,FOXNEWSW_20160530_020000_The_Greg_Gutfeld_Show,https://archive.org/download/FOXNEWSW_20160530_020000_The_Greg_Gutfeld_Show/FOXNEWSW_20160530_020000_The_Greg_Gutfeld_Show.thumbs/FOXNEWSW_20160530_020000_The_Greg_Gutfeld_Show_000507.jpg,"trump, aren't you? he's just so funny. i hate it but when he said that global warming hoax thing, he wasn't thinking about what he can say. he was like what can i say that would make the most hippies mad."
https://archive.org/details/FOXNEWSW_20160530_020000_The_Greg_Gutfeld_Show#start/219/end/254,5/30/2016 2:03:54,FOXNEWS,The Greg Gutfeld Show,FOXNEWSW_20160530_020000_The_Greg_Gutfeld_Show,https://archive.org/download/FOXNEWSW_20160530_020000_The_Greg_Gutfeld_Show/FOXNEWSW_20160530_020000_The_Greg_Gutfeld_Show.thumbs/FOXNEWSW_20160530_020000_The_Greg_Gutfeld_Show_000207.jpg,"warming. so obama is talking about all of this with the global warming. a lot of sit a hoax. it's a hoax. a money making industry. it's a hoax, a lot of it. a lot of it. but not all of it."
https://archive.org/details/FOXNEWSW_20160501_090000_On_the_Record_With_Greta_Van_Susteren#start/297/end/332,5/1/2016 9:05:12,FOXNEWS,On the Record With Greta Van Susteren,FOXNEWSW_20160501_090000_On_the_Record_With_Greta_Van_Susteren,https://archive.org/download/FOXNEWSW_20160501_090000_On_the_Record_With_Greta_Van_Susteren/FOXNEWSW_20160501_090000_On_the_Record_With_Greta_Van_Susteren.thumbs/FOXNEWSW_20160501_090000_On_the_Record_With_Greta_Van_Susteren_000297.jpg,"was he serious? was he being serious? we have global warming but of the nuclear variety. that's the biggest threat we have. that is the single biggest threat we have. and frankly, if it weren't for that capability and the"
https://archive.org/details/FOXNEWSW_20160522_100000_Fox_and_Friends_Sunday#start/13281/end/13316,5/22/2016 13:41:36,FOXNEWS,Fox and Friends Sunday,FOXNEWSW_20160522_100000_Fox_and_Friends_Sunday,https://archive.org/download/FOXNEWSW_20160522_100000_Fox_and_Friends_Sunday/FOXNEWSW_20160522_100000_Fox_and_Friends_Sunday.thumbs/FOXNEWSW_20160522_100000_Fox_and_Friends_Sunday_013257.jpg,"why is hillary clinton talking about guns and global warming when it's still about the economy? maria bartiromo is here to weigh in next. and hillary and bernie return to 'saturday night live.' remember i told everybody to stop talking about your damn"
https://archive.org/details/FOXNEWSW_20160522_100000_Fox_and_Friends_Sunday#start/13633/end/13668,5/22/2016 13:47:28,FOXNEWS,Fox and Friends Sunday,FOXNEWSW_20160522_100000_Fox_and_Friends_Sunday,https://archive.org/download/FOXNEWSW_20160522_100000_Fox_and_Friends_Sunday/FOXNEWSW_20160522_100000_Fox_and_Friends_Sunday.thumbs/FOXNEWSW_20160522_100000_Fox_and_Friends_Sunday_013617.jpg,"the counter pressure is coming from donors who have other pressures. they want to feel virtuous and in touch and progressive as they push things like global warming. that's why we're seeing these unconventional candidates do so well. donald trump's tax plan include"
https://archive.org/details/FOXNEWSW_20160519_220000_Special_Report_With_Bret_Baier#start/3250/end/3285,5/19/2016 22:54:25,FOXNEWS,Special Report With Bret Baier,FOXNEWSW_20160519_220000_Special_Report_With_Bret_Baier,https://archive.org/download/FOXNEWSW_20160519_220000_Special_Report_With_Bret_Baier/FOXNEWSW_20160519_220000_Special_Report_With_Bret_Baier.thumbs/FOXNEWSW_20160519_220000_Special_Report_With_Bret_Baier_003237.jpg,"global warming and theoretical issues that have nothing to do with the regular person. donald trump is making the pitch to economic anxiety. of course that person always wins. she also said today kirsten, this is over. i'm essentially the nominee."
https://archive.org/details/FOXNEWSW_20160520_080000_The_Kelly_File#start/3249/end/3284,5/20/2016 8:54:24,FOXNEWS,The Kelly File,FOXNEWSW_20160520_080000_The_Kelly_File,https://archive.org/download/FOXNEWSW_20160520_080000_The_Kelly_File/FOXNEWSW_20160520_080000_The_Kelly_File.thumbs/FOXNEWSW_20160520_080000_The_Kelly_File_003237.jpg,"global warming and theoretical issues that have nothing to do with the regular person. donald trump is making the pitch to economic anxiety. of course that person always wins. she also said today kirsten, this is over. i'm essentially the nominee."
https://archive.org/details/FOXNEWSW_20160527_220000_Special_Report_With_Bret_Baier#start/1709/end/1744,5/27/2016 22:28:44,FOXNEWS,Special Report With Bret Baier,FOXNEWSW_20160527_220000_Special_Report_With_Bret_Baier,https://archive.org/download/FOXNEWSW_20160527_220000_Special_Report_With_Bret_Baier/FOXNEWSW_20160527_220000_Special_Report_With_Bret_Baier.thumbs/FOXNEWSW_20160527_220000_Special_Report_With_Bret_Baier_001707.jpg,"generals from dozen states fired off subpoena seeking records from climate change skeptics. we engage as our mission in public advocacy way more a"
https://archive.org/details/FOXNEWSW_20160503_160000_Outnumbered#start/1349/end/1384,5/3/2016 16:22:44,FOXNEWS,Outnumbered,FOXNEWSW_20160503_160000_Outnumbered,https://archive.org/download/FOXNEWSW_20160503_160000_Outnumbered/FOXNEWSW_20160503_160000_Outnumbered.thumbs/FOXNEWSW_20160503_160000_Outnumbered_001347.jpg,"rebuild and i will -- she committed $30 billion. that is my point. her point she wants to rebuild those communities get them off coal. you guys keep remembering one thing. global warming and coal is something that 99.9% of the democrat believe contributes to"
https://archive.org/details/FOXNEWSW_20160521_050000_Hannity#start/3136/end/3171,5/21/2016 5:52:31,FOXNEWS,Hannity,FOXNEWSW_20160521_050000_Hannity,https://archive.org/download/FOXNEWSW_20160521_050000_Hannity/FOXNEWSW_20160521_050000_Hannity.thumbs/FOXNEWSW_20160521_050000_Hannity_003117.jpg,"talking about global warming and transgender bathrooms and things that people don't care about because why would she? it is also policy. when she says stand with me. what does that mean? what do you want her to say? you do this for a living."
https://archive.org/details/FOXNEWSW_20160513_210000_The_Five#start/1336/end/1371,5/13/2016 21:22:31,FOXNEWS,The Five,FOXNEWSW_20160513_210000_The_Five,https://archive.org/download/FOXNEWSW_20160513_210000_The_Five/FOXNEWSW_20160513_210000_The_Five.thumbs/FOXNEWSW_20160513_210000_The_Five_001317.jpg,"emissions and global warming. that's fine. that in and of itself i don't think is illegal. but the problem comes in when this andrew tobias was one of three owners of the company that got the $2 million clinton grant. don't forget there's a federal"
https://archive.org/details/FOXNEWSW_20160521_100000_Fox_and_Friends_Saturday#start/8378/end/8413,5/21/2016 12:19:53,FOXNEWS,Fox and Friends Saturday,FOXNEWSW_20160521_100000_Fox_and_Friends_Saturday,https://archive.org/download/FOXNEWSW_20160521_100000_Fox_and_Friends_Saturday/FOXNEWSW_20160521_100000_Fox_and_Friends_Saturday.thumbs/FOXNEWSW_20160521_100000_Fox_and_Friends_Saturday_008367.jpg,"wasserman schultz as much as donald trump. i wonder why the system is rigged? oh, because it is. [ laughter ] paranoids do have enemies. coming up on the show, al gore said global warming would be inconvenient truth for everyone. what's he saying about his"
https://archive.org/details/FOXNEWSW_20160530_050000_The_Greg_Gutfeld_Show#start/223/end/258,5/30/2016 5:03:58,FOXNEWS,The Greg Gutfeld Show,FOXNEWSW_20160530_050000_The_Greg_Gutfeld_Show,https://archive.org/download/FOXNEWSW_20160530_050000_The_Greg_Gutfeld_Show/FOXNEWSW_20160530_050000_The_Greg_Gutfeld_Show.thumbs/FOXNEWSW_20160530_050000_The_Greg_Gutfeld_Show_000207.jpg,"of this with the global warming. a lot of sit a hoax. it's a hoax. a money making industry. it's a hoax, a lot of it. a lot of it. but not all of it. like the area around my golf course in ireland."
https://archive.org/details/FOXNEWSW_20160508_100000_Fox_and_Friends_Sunday#start/11273/end/11308,5/8/2016 13:08:08,FOXNEWS,Fox and Friends Sunday,FOXNEWSW_20160508_100000_Fox_and_Friends_Sunday,https://archive.org/download/FOXNEWSW_20160508_100000_Fox_and_Friends_Sunday/FOXNEWSW_20160508_100000_Fox_and_Friends_Sunday.thumbs/FOXNEWSW_20160508_100000_Fox_and_Friends_Sunday_011247.jpg,"it is quite a shift. this is like one of the rich people issues, climate change and making people feel virtous. the average person does not care"
https://archive.org/details/FOXNEWSW_20160516_040000_Watters_World#start/1383/end/1418,5/16/2016 4:23:18,FOXNEWS,Watters World,FOXNEWSW_20160516_040000_Watters_World,https://archive.org/download/FOXNEWSW_20160516_040000_Watters_World/FOXNEWSW_20160516_040000_Watters_World.thumbs/FOXNEWSW_20160516_040000_Watters_World_001377.jpg,"somebody like trump who believes that the climate change is a hoax invented by the chinese. that is boxing gloves. and one delahoya and the other is it lewis."
https://archive.org/details/FOXNEWSW_20160530_050000_The_Greg_Gutfeld_Show#start/238/end/273,5/30/2016 5:04:13,FOXNEWS,The Greg Gutfeld Show,FOXNEWSW_20160530_050000_The_Greg_Gutfeld_Show,https://archive.org/download/FOXNEWSW_20160530_050000_The_Greg_Gutfeld_Show/FOXNEWSW_20160530_050000_The_Greg_Gutfeld_Show.thumbs/FOXNEWSW_20160530_050000_The_Greg_Gutfeld_Show_000237.jpg,"it's weird. it's weird how climate change targets only my golf courses in ireland owned by me. life is not fair. he's go to our golf correspondent harry karl."
https://archive.org/details/FOXNEWSW_20160530_200000_Your_World_With_Neil_Cavuto#start/2277/end/2312,5/30/2016 20:38:12,FOXNEWS,Your World With Neil Cavuto,FOXNEWSW_20160530_200000_Your_World_With_Neil_Cavuto,https://archive.org/download/FOXNEWSW_20160530_200000_Your_World_With_Neil_Cavuto/FOXNEWSW_20160530_200000_Your_World_With_Neil_Cavuto.thumbs/FOXNEWSW_20160530_200000_Your_World_With_Neil_Cavuto_002277.jpg,"ladies, thank you so much. want your kids to question climate change? don't hold your breath because their schools did something with their books. we'll explain. racell quantum lar"
https://archive.org/details/FOXNEWSW_20160510_070000_Red_Eye#start/1565/end/1600,5/10/2016 7:26:20,FOXNEWS,Red Eye,FOXNEWSW_20160510_070000_Red_Eye,https://archive.org/download/FOXNEWSW_20160510_070000_Red_Eye/FOXNEWSW_20160510_070000_Red_Eye.thumbs/FOXNEWSW_20160510_070000_Red_Eye_001557.jpg,"i have never seen a news story trending. the trending stories are like global warming is getting worse by the minute and hillary bad and trump bad. hillary good and trump bad. it is all of the stuff that is liberal. i don't think this is a news"
https://archive.org/details/FOXNEWSW_20160528_000000_The_OReilly_Factor#start/1365/end/1400,5/28/2016 0:23:00,FOXNEWS,The OReilly Factor,FOXNEWSW_20160528_000000_The_OReilly_Factor,https://archive.org/download/FOXNEWSW_20160528_000000_The_OReilly_Factor/FOXNEWSW_20160528_000000_The_OReilly_Factor.thumbs/FOXNEWSW_20160528_000000_The_OReilly_Factor_001347.jpg,"is nuclear weapons. global warming is not our big problem. our big problem is the maniacs that are controlling weaponry that has never been like it is today. it's very important to make nuclear deals, but you have to make them from strength. not from weakness. once they have the weapon,"
https://archive.org/details/FOXNEWSW_20160516_010000_Watters_World#start/1380/end/1415,5/16/2016 1:23:15,FOXNEWS,Watters World,FOXNEWSW_20160516_010000_Watters_World,https://archive.org/download/FOXNEWSW_20160516_010000_Watters_World/FOXNEWSW_20160516_010000_Watters_World.thumbs/FOXNEWSW_20160516_010000_Watters_World_001377.jpg,"i like that, i like that. somebody like trump who believes that the climate change is a hoax invented by the chinese. that is boxing gloves. and one delahoya and the other"
https://archive.org/details/FOXNEWSW_20160513_210000_The_Five#start/1304/end/1339,5/13/2016 21:21:59,FOXNEWS,The Five,FOXNEWSW_20160513_210000_The_Five,https://archive.org/download/FOXNEWSW_20160513_210000_The_Five/FOXNEWSW_20160513_210000_The_Five.thumbs/FOXNEWSW_20160513_210000_The_Five_001287.jpg,"friends share the interest of cgi as opposed to a conflict of interest. they're calling it mission-driven investing that they had like-minded ideas for i guess this was to deal with global warming. i don't know how it fights poverty and all that the clinton global initiative was doing is"
https://archive.org/details/FOXNEWSW_20160507_180000_Americas_News_HQ#start/2704/end/2739,5/7/2016 18:45:19,FOXNEWS,Americas News HQ,FOXNEWSW_20160507_180000_Americas_News_HQ,https://archive.org/download/FOXNEWSW_20160507_180000_Americas_News_HQ/FOXNEWSW_20160507_180000_Americas_News_HQ.thumbs/FOXNEWSW_20160507_180000_Americas_News_HQ_002697.jpg,"for the democrats go from here? you hear the major act between the democratic platform that bernie sanders said climate change is the biggest threat to national security. even a lot of voters who will"
https://archive.org/details/FOXNEWSW_20160530_200000_Your_World_With_Neil_Cavuto#start/2664/end/2699,5/30/2016 20:44:39,FOXNEWS,Your World With Neil Cavuto,FOXNEWSW_20160530_200000_Your_World_With_Neil_Cavuto,https://archive.org/download/FOXNEWSW_20160530_200000_Your_World_With_Neil_Cavuto/FOXNEWSW_20160530_200000_Your_World_With_Neil_Cavuto.thumbs/FOXNEWSW_20160530_200000_Your_World_With_Neil_Cavuto_002637.jpg,"thinking that climate change is like smoking cigarettes for 50 years. this is absurd. carboncarbon monoxide is a gas s essential nor life on earth and your guests are dem kwonizeing it like tobacco, cancer -- it's       _"
https://archive.org/details/FOXNEWSW_20160515_170000_Americas_Election_HQ#start/2627/end/2662,5/15/2016 17:44:02,FOXNEWS,Americas Election HQ,FOXNEWSW_20160515_170000_Americas_Election_HQ,https://archive.org/download/FOXNEWSW_20160515_170000_Americas_Election_HQ/FOXNEWSW_20160515_170000_Americas_Election_HQ.thumbs/FOXNEWSW_20160515_170000_Americas_Election_HQ_002607.jpg,"the president also spoke about policies in his own administration that includes his thoughts on climate change and green energy. this fall will, of course, mark the 15th anniversary of"
https://archive.org/details/FOXNEWSW_20160527_220000_Special_Report_With_Bret_Baier#start/1760/end/1795,5/27/2016 22:29:35,FOXNEWS,Special Report With Bret Baier,FOXNEWSW_20160527_220000_Special_Report_With_Bret_Baier,https://archive.org/download/FOXNEWSW_20160527_220000_Special_Report_With_Bret_Baier/FOXNEWSW_20160527_220000_Special_Report_With_Bret_Baier.thumbs/FOXNEWSW_20160527_220000_Special_Report_With_Bret_Baier_001737.jpg,"cease it's use of law enforcement on stifling private debate on climate change. the attorney general of the united states should not be threatening criminal investigation with respect to anyone who chooses to exercise"
https://archive.org/details/FOXNEWSW_20160529_020000_The_Greg_Gutfeld_Show#start/241/end/276,5/29/2016 2:04:16,FOXNEWS,The Greg Gutfeld Show,FOXNEWSW_20160529_020000_The_Greg_Gutfeld_Show,https://archive.org/download/FOXNEWSW_20160529_020000_The_Greg_Gutfeld_Show/FOXNEWSW_20160529_020000_The_Greg_Gutfeld_Show.thumbs/FOXNEWSW_20160529_020000_The_Greg_Gutfeld_Show_000237.jpg,"it's weird how climate change targets only my golf courses in ireland owned by me. life is not fair. he's go to our golf correspondent harry karl. how many more of these do you"
https://archive.org/details/FOXNEWSW_20160529_050000_The_Greg_Gutfeld_Show#start/241/end/276,5/29/2016 5:04:16,FOXNEWS,The Greg Gutfeld Show,FOXNEWSW_20160529_050000_The_Greg_Gutfeld_Show,https://archive.org/download/FOXNEWSW_20160529_050000_The_Greg_Gutfeld_Show/FOXNEWSW_20160529_050000_The_Greg_Gutfeld_Show.thumbs/FOXNEWSW_20160529_050000_The_Greg_Gutfeld_Show_000237.jpg,"it's weird how climate change targets only my golf courses in ireland owned by me. life is not fair. he's go to our golf correspondent harry karl. how many more of these do you"
https://archive.org/details/FOXNEWSW_20160530_020000_The_Greg_Gutfeld_Show#start/235/end/270,5/30/2016 2:04:10,FOXNEWS,The Greg Gutfeld Show,FOXNEWSW_20160530_020000_The_Greg_Gutfeld_Show,https://archive.org/download/FOXNEWSW_20160530_020000_The_Greg_Gutfeld_Show/FOXNEWSW_20160530_020000_The_Greg_Gutfeld_Show.thumbs/FOXNEWSW_20160530_020000_The_Greg_Gutfeld_Show_000207.jpg,"like the area around my golf course in ireland. it's weird. it's weird how climate change targets only my golf courses in ireland owned by me. life is not fair. he's go to our golf"
https://archive.org/details/FOXNEWSW_20160526_160000_Outnumbered#start/3153/end/3188,5/26/2016 16:52:48,FOXNEWS,Outnumbered,FOXNEWSW_20160526_160000_Outnumbered,https://archive.org/download/FOXNEWSW_20160526_160000_Outnumbered/FOXNEWSW_20160526_160000_Outnumbered.thumbs/FOXNEWSW_20160526_160000_Outnumbered_003147.jpg,"graded, they've upset about climate change, i mean, what's next? this is so -- i think they should be given college degrees in utero. [laughter] being arrested would really screw with your studies, right, meghan?"
https://archive.org/details/FOXNEWSW_20160523_010000_Fox_News_Reporting#start/3610/end/3645,5/23/2016 2:00:25,FOXNEWS,Fox News Reporting,FOXNEWSW_20160523_010000_Fox_News_Reporting,https://archive.org/download/FOXNEWSW_20160523_010000_Fox_News_Reporting/FOXNEWSW_20160523_010000_Fox_News_Reporting.thumbs/FOXNEWSW_20160523_010000_Fox_News_Reporting_003597.jpg,"that's another safelite advantage.  safelite repair, safelite replace. watching. hi this is an easy grip handle. here's what's coming up. is trump the new climate change? how the left is using the donald as a cautionary tale at"
https://archive.org/details/FOXNEWSW_20160527_210000_The_Five#start/1916/end/1951,5/27/2016 21:32:11,FOXNEWS,The Five,FOXNEWSW_20160527_210000_The_Five,https://archive.org/download/FOXNEWSW_20160527_210000_The_Five/FOXNEWSW_20160527_210000_The_Five.thumbs/FOXNEWSW_20160527_210000_The_Five_001917.jpg,"climate change. the attitude is the issue not the wall. you said you couldn't vote for him because of his deportation stance. the wall done matter. could he have a different plan on what he'll do about illegal immigration."
https://archive.org/details/FOXNEWSW_20160516_210000_The_Five#start/1112/end/1147,5/16/2016 21:18:47,FOXNEWS,The Five,FOXNEWSW_20160516_210000_The_Five,https://archive.org/download/FOXNEWSW_20160516_210000_The_Five/FOXNEWSW_20160516_210000_The_Five.thumbs/FOXNEWSW_20160516_210000_The_Five_001107.jpg,"i would be okay with obama saying this. if he was against all forms of ignorance. he's okay with nonthinking when it's about climate change. i get politics terror economics gun. what kind of man, you know can"
https://archive.org/details/FOXNEWSW_20160515_070000_Watters_World#start/1373/end/1408,5/15/2016 7:23:08,FOXNEWS,Watters World,FOXNEWSW_20160515_070000_Watters_World,https://archive.org/download/FOXNEWSW_20160515_070000_Watters_World/FOXNEWSW_20160515_070000_Watters_World.thumbs/FOXNEWSW_20160515_070000_Watters_World_001347.jpg,"look at the size of the scissor. and that is in chicago. use it on bernie sanders. i like that, i like that. somebody like trump who believes that the climate change is a hoax invented by the"
https://archive.org/details/FOXNEWSW_20160531_030000_Watters_World#start/417/end/452,5/31/2016 3:07:12,FOXNEWS,Watters World,FOXNEWSW_20160531_030000_Watters_World,https://archive.org/download/FOXNEWSW_20160531_030000_Watters_World/FOXNEWSW_20160531_030000_Watters_World.thumbs/FOXNEWSW_20160531_030000_Watters_World_000417.jpg,"babe ruth. oh my god. oh my god you mean that's the same guy? what do you think is the biggest threat to national security? climate change or islamic terror? oh, terrorism for sure. lobbyists are the worst"
https://archive.org/details/FOXNEWSW_20160515_000000_Watters_World#start/1374/end/1409,5/15/2016 0:23:09,FOXNEWS,Watters World,FOXNEWSW_20160515_000000_Watters_World,https://archive.org/download/FOXNEWSW_20160515_000000_Watters_World/FOXNEWSW_20160515_000000_Watters_World.thumbs/FOXNEWSW_20160515_000000_Watters_World_001347.jpg,"look at the size of the scissor. and that is in chicago. use it on bernie sanders. i like that, i like that. somebody like trump who believes that the climate change is a hoax invented by the"
https://archive.org/details/FOXNEWSW_20160528_080000_Special_Report_With_Bret_Baier#start/1626/end/1661,5/28/2016 8:27:21,FOXNEWS,Special Report With Bret Baier,FOXNEWSW_20160528_080000_Special_Report_With_Bret_Baier,https://archive.org/download/FOXNEWSW_20160528_080000_Special_Report_With_Bret_Baier/FOXNEWSW_20160528_080000_Special_Report_With_Bret_Baier.thumbs/FOXNEWSW_20160528_080000_Special_Report_With_Bret_Baier_001377.jpg,"how the obama administration may come after you for what you think about climate change. we'll explain all that next. if you're hitting the roads for the memorial day weekend you can expect plenty of company."
https://archive.org/details/FOXNEWSW_20160531_000000_Watters_World#start/422/end/457,5/31/2016 0:07:17,FOXNEWS,Watters World,FOXNEWSW_20160531_000000_Watters_World,https://archive.org/download/FOXNEWSW_20160531_000000_Watters_World/FOXNEWSW_20160531_000000_Watters_World.thumbs/FOXNEWSW_20160531_000000_Watters_World_000417.jpg,"the same guy? what do you think is the biggest threat to national security? climate change or islamic terror? oh, terrorism for sure. lobbyists are the worst threat to mankind ever. lobbyists. you are going with lobbyists?"
https://archive.org/details/FOXNEWSW_20160507_080000_The_Kelly_File#start/483/end/518,5/7/2016 8:08:18,FOXNEWS,The Kelly File,FOXNEWSW_20160507_080000_The_Kelly_File,https://archive.org/download/FOXNEWSW_20160507_080000_The_Kelly_File/FOXNEWSW_20160507_080000_The_Kelly_File.thumbs/FOXNEWSW_20160507_080000_The_Kelly_File_000477.jpg,"of the convention. sanders has campaigned aggressively in west virginia. one way that green energy sanders is connecting in coal country is noting that in his proposed climate change legislation, there is $41 billion to help workers."
https://archive.org/details/FOXNEWSW_20160515_030000_Watters_World#start/1386/end/1421,5/15/2016 3:23:21,FOXNEWS,Watters World,FOXNEWSW_20160515_030000_Watters_World,https://archive.org/download/FOXNEWSW_20160515_030000_Watters_World/FOXNEWSW_20160515_030000_Watters_World.thumbs/FOXNEWSW_20160515_030000_Watters_World_001377.jpg,"believes that climate change is a hoax invented by the chinese. good boxing gloves in these. one is de la hoya. the other is lennox lewis. two great fighters. if you get into trouble in the office, you just knock"
https://archive.org/details/FOXNEWSW_20160515_200000_Americas_Election_HQ#start/803/end/838,5/15/2016 20:13:38,FOXNEWS,Americas Election HQ,FOXNEWSW_20160515_200000_Americas_Election_HQ,https://archive.org/download/FOXNEWSW_20160515_200000_Americas_Election_HQ/FOXNEWSW_20160515_200000_Americas_Election_HQ.thumbs/FOXNEWSW_20160515_200000_Americas_Election_HQ_000777.jpg,"well, climate change protesters stopping traffic by camping out on the train tracks. where this happened and how police responded to the roadblock. and there was tragedy on a texas highway. what investigators say may have caused that charter bus to go"
https://archive.org/details/FOXNEWSW_20160530_200000_Your_World_With_Neil_Cavuto#start/2490/end/2525,5/30/2016 20:41:45,FOXNEWS,Your World With Neil Cavuto,FOXNEWSW_20160530_200000_Your_World_With_Neil_Cavuto,https://archive.org/download/FOXNEWSW_20160530_200000_Your_World_With_Neil_Cavuto/FOXNEWSW_20160530_200000_Your_World_With_Neil_Cavuto.thumbs/FOXNEWSW_20160530_200000_Your_World_With_Neil_Cavuto_002487.jpg,"schools need to do the same. why? well, climate change and its causes are proven facts. at this point if we substituted, let's say, tobacco companies and said smoking may cause cancer, that's a fact. well know smoking causes cancer."
https://archive.org/details/FOXNEWSW_20160503_100000_FOX__Friends#start/9445/end/9480,5/3/2016 12:37:40,FOXNEWS,FOX  Friends,FOXNEWSW_20160503_100000_FOX__Friends,https://archive.org/download/FOXNEWSW_20160503_100000_FOX__Friends/FOXNEWSW_20160503_100000_FOX__Friends.thumbs/FOXNEWSW_20160503_100000_FOX__Friends_009417.jpg,"here's what's going on. the community is receiving $48 million to relocate. they have been struggling with flooding over the past few years. a $1 billion grant was announced back in january for 13 states to combat climate change by building stronger infrastructure"
https://archive.org/details/FOXNEWSW_20160528_080000_Special_Report_With_Bret_Baier#start/1752/end/1787,5/28/2016 8:29:27,FOXNEWS,Special Report With Bret Baier,FOXNEWSW_20160528_080000_Special_Report_With_Bret_Baier,https://archive.org/download/FOXNEWSW_20160528_080000_Special_Report_With_Bret_Baier/FOXNEWSW_20160528_080000_Special_Report_With_Bret_Baier.thumbs/FOXNEWSW_20160528_080000_Special_Report_With_Bret_Baier_001737.jpg,"debate on climate change. the attorney general of the united states should not be threatening criminal investigation with respect to anyone who chooses to exercise their first amendment rights. reporter: first amendment rights aside accusations of distorting climate science for"
https://archive.org/details/FOXNEWSW_20160530_020000_The_Greg_Gutfeld_Show#start/190/end/225,5/30/2016 2:03:25,FOXNEWS,The Greg Gutfeld Show,FOXNEWSW_20160530_020000_The_Greg_Gutfeld_Show,https://archive.org/download/FOXNEWSW_20160530_020000_The_Greg_Gutfeld_Show/FOXNEWSW_20160530_020000_The_Greg_Gutfeld_Show.thumbs/FOXNEWSW_20160530_020000_The_Greg_Gutfeld_Show_000177.jpg,"record keeping rules by using a private e-mail serve are for state business. my analysis, that can't be good. but trump's week wasn't all smooth sailing either. this week another flip-flop on climate change. the trump organization has"
https://archive.org/details/FOXNEWSW_20160523_160000_Outnumbered#start/3175/end/3210,5/23/2016 16:53:10,FOXNEWS,Outnumbered,FOXNEWSW_20160523_160000_Outnumbered,https://archive.org/download/FOXNEWSW_20160523_160000_Outnumbered/FOXNEWSW_20160523_160000_Outnumbered.thumbs/FOXNEWSW_20160523_160000_Outnumbered_003147.jpg,"and coming up with a curriculum that addresses climate change and climate justice. sandra: like buying his new book. what a coincidence, right? do you know what climate tis is? does anybody know what climate justices? am i getting locked up."
https://archive.org/details/FOXNEWSW_20160508_140000_Sunday_Morning_Futures_With_Maria_Bartiromo#start/2186/end/2221,5/8/2016 14:36:41,FOXNEWS,Sunday Morning Futures With Maria Bartiromo,FOXNEWSW_20160508_140000_Sunday_Morning_Futures_With_Maria_Bartiromo,https://archive.org/download/FOXNEWSW_20160508_140000_Sunday_Morning_Futures_With_Maria_Bartiromo/FOXNEWSW_20160508_140000_Sunday_Morning_Futures_With_Maria_Bartiromo.thumbs/FOXNEWSW_20160508_140000_Sunday_Morning_Futures_With_Maria_Bartiromo_002187.jpg,"election of president obama, there were 200000 coal miners in west virginia. today there are only 60. that's just one state. regarding so-called climate change, the earth has actually cooled for 19 years. when mr. obama went to the"
https://archive.org/details/FOXNEWSW_20160506_220000_Special_Report_With_Bret_Baier#start/486/end/521,5/6/2016 22:08:21,FOXNEWS,Special Report With Bret Baier,FOXNEWSW_20160506_220000_Special_Report_With_Bret_Baier,https://archive.org/download/FOXNEWSW_20160506_220000_Special_Report_With_Bret_Baier/FOXNEWSW_20160506_220000_Special_Report_With_Bret_Baier.thumbs/FOXNEWSW_20160506_220000_Special_Report_With_Bret_Baier_000477.jpg,"aggressively in west virginia. one way that green energy sanders is connecting in coal country is noting that in his proposed climate change legislation, there is $41 billion to help workers. it means creating jobs for those workers who lost their"
https://archive.org/details/FOXNEWSW_20160508_170000_Americas_Election_HQ#start/1102/end/1137,5/8/2016 17:18:37,FOXNEWS,Americas Election HQ,FOXNEWSW_20160508_170000_Americas_Election_HQ,https://archive.org/download/FOXNEWSW_20160508_170000_Americas_Election_HQ/FOXNEWSW_20160508_170000_Americas_Election_HQ.thumbs/FOXNEWSW_20160508_170000_Americas_Election_HQ_001077.jpg,"attention elsewhere. well, he doesn't have a view. he has a slogan. he needs to be really pressed on that. when he says, climate change is a chinese hoax, what does that mean? you know, has he ever talked to"
https://archive.org/details/FOXNEWSW_20160523_160000_Outnumbered#start/3128/end/3163,5/23/2016 16:52:23,FOXNEWS,Outnumbered,FOXNEWSW_20160523_160000_Outnumbered,https://archive.org/download/FOXNEWSW_20160523_160000_Outnumbered/FOXNEWSW_20160523_160000_Outnumbered.thumbs/FOXNEWSW_20160523_160000_Outnumbered_003117.jpg,"the board in portland, oregon, unanimously approving a resolution calls for removing books and course materials that suggest climate change doesn't exist, or that people are not at fault for it. here's a teacher who helped come up with the policy."
https://archive.org/details/FOXNEWSW_20160523_040000_Fox_News_Reporting#start/3619/end/3654,5/23/2016 5:00:34,FOXNEWS,Fox News Reporting,FOXNEWSW_20160523_040000_Fox_News_Reporting,https://archive.org/download/FOXNEWSW_20160523_040000_Fox_News_Reporting/FOXNEWSW_20160523_040000_Fox_News_Reporting.thumbs/FOXNEWSW_20160523_040000_Fox_News_Reporting_003597.jpg,"is trump the new climate change? how the left is using the donald as a cautionary tale at commencement speeches. disgusting or delicious you? decide. plus, an anti-gay slur on a cake that wasn't real. they believe it is a word that"
https://archive.org/details/FOXNEWSW_20160503_130000_Americas_Newsroom_With_Bill_Hemmer_and_Martha_MacCallum#start/4531/end/4566,5/3/2016 14:15:46,FOXNEWS,Americas Newsroom With Bill Hemmer and Martha MacCallum,FOXNEWSW_20160503_130000_Americas_Newsroom_With_Bill_Hemmer_and_Martha_MacCallum,https://archive.org/download/FOXNEWSW_20160503_130000_Americas_Newsroom_With_Bill_Hemmer_and_Martha_MacCallum/FOXNEWSW_20160503_130000_Americas_Newsroom_With_Bill_Hemmer_and_Martha_MacCallum.thumbs/FOXNEWSW_20160503_130000_Americas_Newsroom_With_Bill_Hemmer_and_Martha_MacCallum_004527.jpg,"david is this problematic in west virginia and other places for clinton campaign? well, look, it is not a news flash that the democratic party supports renewable energy and addressing climate change and republican party does not. that is nothing new."
https://archive.org/details/FOXNEWSW_20160522_040000_Justice_With_Judge_Jeanine#start/3615/end/3650,5/22/2016 5:00:30,FOXNEWS,Justice With Judge Jeanine,FOXNEWSW_20160522_040000_Justice_With_Judge_Jeanine,https://archive.org/download/FOXNEWSW_20160522_040000_Justice_With_Judge_Jeanine/FOXNEWSW_20160522_040000_Justice_With_Judge_Jeanine.thumbs/FOXNEWSW_20160522_040000_Justice_With_Judge_Jeanine_003597.jpg,"hi, this is an easy grip handle. here's what's coming up. is trump the new climate change? how the left is using the donald as a cautionary tale at commencement speeches. disgusting or delicious you? decide. plus, an anti-gay slur on a cake"
https://archive.org/details/FOXNEWSW_20160522_020000_The_Greg_Gutfeld_Show#start/15/end/50,5/22/2016 2:00:30,FOXNEWS,The Greg Gutfeld Show,FOXNEWSW_20160522_020000_The_Greg_Gutfeld_Show,https://archive.org/download/FOXNEWSW_20160522_020000_The_Greg_Gutfeld_Show/FOXNEWSW_20160522_020000_The_Greg_Gutfeld_Show.thumbs/FOXNEWSW_20160522_020000_The_Greg_Gutfeld_Show_000057.jpg,"hi, this is an easy grip handle. here's what's coming up. is trump the new climate change? how the left is using the donald as a cautionary tale at commencement speeches. disgusting or delicious you? decide. plus, an anti-gay slur on a cake"
https://archive.org/details/FOXNEWSW_20160522_010000_Justice_With_Judge_Jeanine#start/3613/end/3648,5/22/2016 2:00:28,FOXNEWS,Justice With Judge Jeanine,FOXNEWSW_20160522_010000_Justice_With_Judge_Jeanine,https://archive.org/download/FOXNEWSW_20160522_010000_Justice_With_Judge_Jeanine/FOXNEWSW_20160522_010000_Justice_With_Judge_Jeanine.thumbs/FOXNEWSW_20160522_010000_Justice_With_Judge_Jeanine_003597.jpg,"hi this is an easy grip handle. here's what's coming up. is trump the new climate change? how the left is using the donald as a cautionary tale at commencement speeches. disgusting or delicious you? decide. plus an anti-gay slur on a cake"
https://archive.org/details/FOXNEWSW_20160523_050000_The_Greg_Gutfeld_Show#start/15/end/50,5/23/2016 5:00:30,FOXNEWS,The Greg Gutfeld Show,FOXNEWSW_20160523_050000_The_Greg_Gutfeld_Show,https://archive.org/download/FOXNEWSW_20160523_050000_The_Greg_Gutfeld_Show/FOXNEWSW_20160523_050000_The_Greg_Gutfeld_Show.thumbs/FOXNEWSW_20160523_050000_The_Greg_Gutfeld_Show_000057.jpg,"hi, this is an easy grip handle. here's what's coming up. is trump the new climate change? how the left is using the donald as a cautionary tale at commencement speeches. disgusting or delicious you? decide. plus, an anti-gay slur on a cake"
https://archive.org/details/FOXNEWSW_20160523_150000_Happening_Now#start/3148/end/3183,5/23/2016 15:52:43,FOXNEWS,Happening Now,FOXNEWSW_20160523_150000_Happening_Now,https://archive.org/download/FOXNEWSW_20160523_150000_Happening_Now/FOXNEWSW_20160523_150000_Happening_Now.thumbs/FOXNEWSW_20160523_150000_Happening_Now_003147.jpg,"that's exactly what you do when it comes to textbooks and climate change.>> all that tailor-made for our hashtag on lucky guys, jackie wanders in our world. he's outnumbered today a world within a world. jon: see you then, thanks. heather: to another world,"
https://archive.org/details/FOXNEWSW_20160523_020000_The_Greg_Gutfeld_Show#start/15/end/50,5/23/2016 2:00:30,FOXNEWS,The Greg Gutfeld Show,FOXNEWSW_20160523_020000_The_Greg_Gutfeld_Show,https://archive.org/download/FOXNEWSW_20160523_020000_The_Greg_Gutfeld_Show/FOXNEWSW_20160523_020000_The_Greg_Gutfeld_Show.thumbs/FOXNEWSW_20160523_020000_The_Greg_Gutfeld_Show_000057.jpg,"hi, this is an easy grip handle. here's what's coming up. is trump the new climate change? how the left is using the donald as a cautionary tale at commencement speeches. disgusting or delicious you? decide. plus, an anti-gay slur on a cake"
https://archive.org/details/FOXNEWSW_20160525_100000_FOX__Friends#start/7496/end/7531,5/25/2016 12:05:11,FOXNEWS,FOX  Friends,FOXNEWSW_20160525_100000_FOX__Friends,https://archive.org/download/FOXNEWSW_20160525_100000_FOX__Friends/FOXNEWSW_20160525_100000_FOX__Friends.thumbs/FOXNEWSW_20160525_100000_FOX__Friends_007497.jpg,"somebody who thinks that climate change is a hoax. who insults muslims and veterans. reporter: while he's hoping for a big win here in california on the 7th, bernie sanders lost washington state to hillary clinton last night. donald trump won it handily with"
https://archive.org/details/FOXNEWSW_20160510_230000_On_the_Record_With_Greta_Van_Susteren#start/493/end/528,5/10/2016 23:08:28,FOXNEWS,On the Record With Greta Van Susteren,FOXNEWSW_20160510_230000_On_the_Record_With_Greta_Van_Susteren,https://archive.org/download/FOXNEWSW_20160510_230000_On_the_Record_With_Greta_Van_Susteren/FOXNEWSW_20160510_230000_On_the_Record_With_Greta_Van_Susteren.thumbs/FOXNEWSW_20160510_230000_On_the_Record_With_Greta_Van_Susteren_000477.jpg,"economically feasible asacol. we're seeing government regulation or what miners believe is government overregulation and we are seeing the move to renewables in light of climate change. people see its demise. and then there is donald trump. when he came here last thursday to a crowded"
https://archive.org/details/FOXNEWSW_20160528_170000_Americas_Election_HQ#start/3943/end/3978,5/28/2016 18:05:58,FOXNEWS,Americas Election HQ,FOXNEWSW_20160528_170000_Americas_Election_HQ,https://archive.org/download/FOXNEWSW_20160528_170000_Americas_Election_HQ/FOXNEWSW_20160528_170000_Americas_Election_HQ.thumbs/FOXNEWSW_20160528_170000_Americas_Election_HQ_003927.jpg,"to use that momentum on the trail and speaking out against climate change and low wages and also continuing to push for a debate with donald trump even though the republican nominee came out yesterday and said at this point he is not interested"
https://archive.org/details/FOXNEWSW_20160530_050000_The_Greg_Gutfeld_Show#start/190/end/225,5/30/2016 5:03:25,FOXNEWS,The Greg Gutfeld Show,FOXNEWSW_20160530_050000_The_Greg_Gutfeld_Show,https://archive.org/download/FOXNEWSW_20160530_050000_The_Greg_Gutfeld_Show/FOXNEWSW_20160530_050000_The_Greg_Gutfeld_Show.thumbs/FOXNEWSW_20160530_050000_The_Greg_Gutfeld_Show_000177.jpg,"record keeping rules by using a private e-mail serve are for state business. my analysis, that can't be good. but trump's week wasn't all smooth sailing either. this week another flip-flop on climate change. the trump organization has applied for a permit to build a"
https://archive.org/details/FOXNEWSW_20160522_050000_The_Greg_Gutfeld_Show#start/15/end/50,5/22/2016 5:00:30,FOXNEWS,The Greg Gutfeld Show,FOXNEWSW_20160522_050000_The_Greg_Gutfeld_Show,https://archive.org/download/FOXNEWSW_20160522_050000_The_Greg_Gutfeld_Show/FOXNEWSW_20160522_050000_The_Greg_Gutfeld_Show.thumbs/FOXNEWSW_20160522_050000_The_Greg_Gutfeld_Show_000057.jpg,"hi, this is an easy grip handle. here's what's coming up. is trump the new climate change? how the left is using the donald as a cautionary tale at commencement speeches. disgusting or delicious you? decide. plus, an anti-gay slur on a cake"
https://archive.org/details/FOXNEWSW_20160529_020000_The_Greg_Gutfeld_Show#start/194/end/229,5/29/2016 2:03:29,FOXNEWS,The Greg Gutfeld Show,FOXNEWSW_20160529_020000_The_Greg_Gutfeld_Show,https://archive.org/download/FOXNEWSW_20160529_020000_The_Greg_Gutfeld_Show/FOXNEWSW_20160529_020000_The_Greg_Gutfeld_Show.thumbs/FOXNEWSW_20160529_020000_The_Greg_Gutfeld_Show_000177.jpg,"private e-mail serve are for state business. my analysis, that can't be good. but trump's week wasn't all smooth sailing either. this week another flip-flop on climate change. the trump organization has applied for a permit to build a seawall to protect his golf"
https://archive.org/details/FOXNEWSW_20160529_050000_The_Greg_Gutfeld_Show#start/194/end/229,5/29/2016 5:03:29,FOXNEWS,The Greg Gutfeld Show,FOXNEWSW_20160529_050000_The_Greg_Gutfeld_Show,https://archive.org/download/FOXNEWSW_20160529_050000_The_Greg_Gutfeld_Show/FOXNEWSW_20160529_050000_The_Greg_Gutfeld_Show.thumbs/FOXNEWSW_20160529_050000_The_Greg_Gutfeld_Show_000177.jpg,"private e-mail serve are for state business. my analysis, that can't be good. but trump's week wasn't all smooth sailing either. this week another flip-flop on climate change. the trump organization has applied for a permit to build a seawall to protect his golf"
https://archive.org/details/FOXNEWSW_20160526_180000_The_Real_Story_With_Gretchen_Carlson#start/757/end/792,5/26/2016 18:12:52,FOXNEWS,The Real Story With Gretchen Carlson,FOXNEWSW_20160526_180000_The_Real_Story_With_Gretchen_Carlson,https://archive.org/download/FOXNEWSW_20160526_180000_The_Real_Story_With_Gretchen_Carlson/FOXNEWSW_20160526_180000_The_Real_Story_With_Gretchen_Carlson.thumbs/FOXNEWSW_20160526_180000_The_Real_Story_With_Gretchen_Carlson_000747.jpg,"use the teleprompter. is john roberts still available, by any chance? no. because he's awaiting donald trump to come in there as well. guy benson, back to you. there's been a lot of talk about whether or not climate change will be a big topic of"
https://archive.org/details/FOXNEWSW_20160526_180000_The_Real_Story_With_Gretchen_Carlson#start/3276/end/3311,5/26/2016 18:54:51,FOXNEWS,The Real Story With Gretchen Carlson,FOXNEWSW_20160526_180000_The_Real_Story_With_Gretchen_Carlson,https://archive.org/download/FOXNEWSW_20160526_180000_The_Real_Story_With_Gretchen_Carlson/FOXNEWSW_20160526_180000_The_Real_Story_With_Gretchen_Carlson.thumbs/FOXNEWSW_20160526_180000_The_Real_Story_With_Gretchen_Carlson_003267.jpg,"give major speech on energy. he does not believe in science. he is a climate change denear. thinks it's a hoax, and he is doubling down on coal. thought this was like then 1940s, 1950s. coal is not the future here. renewable -- itself is to people who lost"
https://archive.org/details/FOXNEWSW_20160515_200000_Americas_Election_HQ#start/1067/end/1102,5/15/2016 20:18:02,FOXNEWS,Americas Election HQ,FOXNEWSW_20160515_200000_Americas_Election_HQ,https://archive.org/download/FOXNEWSW_20160515_200000_Americas_Election_HQ/FOXNEWSW_20160515_200000_Americas_Election_HQ.thumbs/FOXNEWSW_20160515_200000_Americas_Election_HQ_001017.jpg,"investigate the deadly bus crash in south texas. eight people were killed, 44 others were hurt when that charter bus rolled over on a rain-slicked highway. police outside seattle arresting more than 50 climate change activists. they've been camping out on railroad tracks near an oil refinery since friday,"
https://archive.org/details/FOXNEWSW_20160530_200000_Your_World_With_Neil_Cavuto#start/2477/end/2512,5/30/2016 20:41:32,FOXNEWS,Your World With Neil Cavuto,FOXNEWSW_20160530_200000_Your_World_With_Neil_Cavuto,https://archive.org/download/FOXNEWSW_20160530_200000_Your_World_With_Neil_Cavuto/FOXNEWSW_20160530_200000_Your_World_With_Neil_Cavuto.thumbs/FOXNEWSW_20160530_200000_Your_World_With_Neil_Cavuto_002457.jpg,"looking for your kid to get different points of view in school? now might want to look away. one city's public school district will start banning books and educational materials that question climate change to mark mar ran know who says this is crazy and karen says more"
https://archive.org/details/FOXNEWSW_20160526_180000_The_Real_Story_With_Gretchen_Carlson#start/790/end/825,5/26/2016 18:13:25,FOXNEWS,The Real Story With Gretchen Carlson,FOXNEWSW_20160526_180000_The_Real_Story_With_Gretchen_Carlson,https://archive.org/download/FOXNEWSW_20160526_180000_The_Real_Story_With_Gretchen_Carlson/FOXNEWSW_20160526_180000_The_Real_Story_With_Gretchen_Carlson.thumbs/FOXNEWSW_20160526_180000_The_Real_Story_With_Gretchen_Carlson_000777.jpg,"certain element of the electorate more than others. whenever climate change is brought up, you often hear donald trump pivot away to a national security issue saying, all right, that's interesting, but we have isis trying to kill us so let's focus on that. i think that also resonates with"
https://archive.org/details/FOXNEWSW_20160508_193000_The_Journal_Editorial_Report#start/1771/end/1806,5/8/2016 19:59:46,FOXNEWS,The Journal Editorial Report,FOXNEWSW_20160508_193000_The_Journal_Editorial_Report,https://archive.org/download/FOXNEWSW_20160508_193000_The_Journal_Editorial_Report/FOXNEWSW_20160508_193000_The_Journal_Editorial_Report.thumbs/FOXNEWSW_20160508_193000_The_Journal_Editorial_Report_001767.jpg,"hillary clinton's problems with the minors down there. and what bernie told them was look, i'm all for climate change and i know this is going to destroy a lot of jobs down here. what am i going to do about that? i'm going to spend $41 billion"
https://archive.org/details/FOXNEWSW_20160530_200000_Your_World_With_Neil_Cavuto#start/2648/end/2683,5/30/2016 20:44:23,FOXNEWS,Your World With Neil Cavuto,FOXNEWSW_20160530_200000_Your_World_With_Neil_Cavuto,https://archive.org/download/FOXNEWSW_20160530_200000_Your_World_With_Neil_Cavuto/FOXNEWSW_20160530_200000_Your_World_With_Neil_Cavuto.thumbs/FOXNEWSW_20160530_200000_Your_World_With_Neil_Cavuto_002637.jpg,"cancer know, carbon emission cause climate change so we need to debate -- with don't need to debate the larger issues involved. we need to make sure our students know the facts -- mark, that's what way that to do and want to scare -- want to basically remove books from schools and scare people into"
https://archive.org/details/FOXNEWSW_20160507_163000_The_Journal_Editorial_Report#start/1770/end/1805,5/7/2016 16:59:45,FOXNEWS,The Journal Editorial Report,FOXNEWSW_20160507_163000_The_Journal_Editorial_Report,https://archive.org/download/FOXNEWSW_20160507_163000_The_Journal_Editorial_Report/FOXNEWSW_20160507_163000_The_Journal_Editorial_Report.thumbs/FOXNEWSW_20160507_163000_The_Journal_Editorial_Report_001767.jpg,"virginia trying to exploit hillary clinton's problems with the miners down there. what bernie told them was look, i'm all for climate change and i know this is going to destroy a lot of jobs down here and what am i going to do about that? i'm going to spend $41 billion"
https://archive.org/details/FOXNEWSW_20160527_220000_Special_Report_With_Bret_Baier#start/1394/end/1429,5/27/2016 22:23:29,FOXNEWS,Special Report With Bret Baier,FOXNEWSW_20160527_220000_Special_Report_With_Bret_Baier,https://archive.org/download/FOXNEWSW_20160527_220000_Special_Report_With_Bret_Baier/FOXNEWSW_20160527_220000_Special_Report_With_Bret_Baier.thumbs/FOXNEWSW_20160527_220000_Special_Report_With_Bret_Baier_001377.jpg,"how the obama administration may come after you for what you think about climate change. we'll explain all that next. i take pictures of sunrises, but with my back pain i couldn't sleep and get up in time. then i found aleve pm. aleve pm is the only one to combine a safe sleep aid plus"
https://archive.org/details/FOXNEWSW_20160518_210000_The_Five#start/401/end/436,5/18/2016 21:06:56,FOXNEWS,The Five,FOXNEWSW_20160518_210000_The_Five,https://archive.org/download/FOXNEWSW_20160518_210000_The_Five/FOXNEWSW_20160518_210000_The_Five.thumbs/FOXNEWSW_20160518_210000_The_Five_000387.jpg,"climate change, immigration. numerous issues he's been very outspoken on. do you think that was a mistake now? do you think he regrets that looking back? and maybe that's part of when people look at facebook and what's going on. they may look at the story through that lens? so i think that there is a"
