﻿URL,MatchDateTime,Station,Show,IAShowID,IAPreviewThumb,Snippet
https://archive.org/details/FOXNEWSW_20150324_100000_FOX_and_Friends#start/2330/end/2365,3/24/2015 10:39:05,FOXNEWS,FOX and Friends,FOXNEWSW_20150324_100000_FOX_and_Friends,https://archive.org/download/FOXNEWSW_20150324_100000_FOX_and_Friends/FOXNEWSW_20150324_100000_FOX_and_Friends.thumbs/FOXNEWSW_20150324_100000_FOX_and_Friends_002325.jpg,"hostage in the name of global warming. the agency anouncing it will deny all disaster preparedness money for states whose governors who not include global warming"
https://archive.org/details/FOXNEWSW_20150306_180000_Happening_Now#start/3282/end/3317,3/6/2015 18:54:57,FOXNEWS,Happening Now,FOXNEWSW_20150306_180000_Happening_Now,https://archive.org/download/FOXNEWSW_20150306_180000_Happening_Now/FOXNEWSW_20150306_180000_Happening_Now.thumbs/FOXNEWSW_20150306_180000_Happening_Now_003255.jpg,"the proposed ranking method would lower the search results for web sites that get these facts wrong. like obama born in kenya or conspiracies on the moon landing. global warming deniers"
https://archive.org/details/FOXNEWSW_20150329_030000_Red_Eye#start/1055/end/1090,3/29/2015 3:17:50,FOXNEWS,Red Eye,FOXNEWSW_20150329_030000_Red_Eye,https://archive.org/download/FOXNEWSW_20150329_030000_Red_Eye/FOXNEWSW_20150329_030000_Red_Eye.thumbs/FOXNEWSW_20150329_030000_Red_Eye_001035.jpg,"if you buy her point, the premise is valid. if you don't believe that climate change is a danger? i do. if you do believe -- if you are run of those people who believes that climate change is"
https://archive.org/details/FOXNEWSW_20150326_020000_Hannity#start/3627/end/3662,3/26/2015 3:00:42,FOXNEWS,Hannity,FOXNEWSW_20150326_020000_Hannity,https://archive.org/download/FOXNEWSW_20150326_020000_Hannity/FOXNEWSW_20150326_020000_Hannity.thumbs/FOXNEWSW_20150326_020000_Hannity_003615.jpg,"bergdahl investigation. he will be charged with desertion not good news for president obama. we will have the inside story. how long was this guy -- he is he a climate change denier. we cannot have a president of the united states who is a climate change denier."
https://archive.org/details/FOXNEWSW_20150326_030000_The_OReilly_Factor#start/28/end/63,3/26/2015 3:00:43,FOXNEWS,The OReilly Factor,FOXNEWSW_20150326_030000_The_OReilly_Factor,https://archive.org/download/FOXNEWSW_20150326_030000_The_OReilly_Factor/FOXNEWSW_20150326_030000_The_OReilly_Factor.thumbs/FOXNEWSW_20150326_030000_The_OReilly_Factor_000045.jpg,"he will be charged with desertion not good news for president obama. we will have the inside story. how long was this guy -- he is he a climate change denier. we cannot have a president of the united states who is a climate change denier."
https://archive.org/details/FOXNEWSW_20150305_110000_FOX_and_Friends#start/1783/end/1818,3/5/2015 11:29:58,FOXNEWS,FOX and Friends,FOXNEWSW_20150305_110000_FOX_and_Friends,https://archive.org/download/FOXNEWSW_20150305_110000_FOX_and_Friends/FOXNEWSW_20150305_110000_FOX_and_Friends.thumbs/FOXNEWSW_20150305_110000_FOX_and_Friends_001785.jpg,"can't even answer this -- what about hurricanes? in terms of landing those hurricanes on land, i cannot answer that question. it is a very complicated issue. the expert on climate change"
https://archive.org/details/FOXNEWSW_20150326_030000_The_OReilly_Factor#start/755/end/790,3/26/2015 3:12:50,FOXNEWS,The OReilly Factor,FOXNEWSW_20150326_030000_The_OReilly_Factor,https://archive.org/download/FOXNEWSW_20150326_030000_The_OReilly_Factor/FOXNEWSW_20150326_030000_The_OReilly_Factor.thumbs/FOXNEWSW_20150326_030000_The_OReilly_Factor_000735.jpg,"going to take pot shots at him because you know, he may not have been at the charge, but he didn't stop the charge. it's not fair enough. a climate change denier."
https://archive.org/details/FOXNEWSW_20150328_070000_Red_Eye#start/924/end/959,3/28/2015 7:15:39,FOXNEWS,Red Eye,FOXNEWSW_20150328_070000_Red_Eye,https://archive.org/download/FOXNEWSW_20150328_070000_Red_Eye/FOXNEWSW_20150328_070000_Red_Eye.thumbs/FOXNEWSW_20150328_070000_Red_Eye_000915.jpg,"result, food insecure women may be vulnerable to situations such as sex work transactional sex and early marriage. she urged congress to pass laws using gender sensitive framework due to the desperate impact of climate change on"
https://archive.org/details/FOXNEWSW_20150329_060000_Red_Eye#start/925/end/960,3/29/2015 6:15:40,FOXNEWS,Red Eye,FOXNEWSW_20150329_060000_Red_Eye,https://archive.org/download/FOXNEWSW_20150329_060000_Red_Eye/FOXNEWSW_20150329_060000_Red_Eye.thumbs/FOXNEWSW_20150329_060000_Red_Eye_000915.jpg,"result, food insecure women may be vulnerable to situations such as sex work transactional sex and early marriage. she urged congress to pass laws using gender sensitive framework due to the desperate impact of climate change on"
https://archive.org/details/FOXNEWSW_20150326_030000_The_OReilly_Factor#start/789/end/824,3/26/2015 3:13:24,FOXNEWS,The OReilly Factor,FOXNEWSW_20150326_030000_The_OReilly_Factor,https://archive.org/download/FOXNEWSW_20150326_030000_The_OReilly_Factor/FOXNEWSW_20150326_030000_The_OReilly_Factor.thumbs/FOXNEWSW_20150326_030000_The_OReilly_Factor_000765.jpg,"warming. you don't have to vote for the person. but to diminish them as unqualified is ridiculous in the extreme. joining us now from miami, the purveyor of bernard goldberg.com. mr. goldberg. are you a climate change"
https://archive.org/details/FOXNEWSW_20150325_230000_On_the_Record_With_Greta_Van_Susteren#start/3624/end/3659,3/26/2015 0:00:39,FOXNEWS,On the Record With Greta Van Susteren,FOXNEWSW_20150325_230000_On_the_Record_With_Greta_Van_Susteren,https://archive.org/download/FOXNEWSW_20150325_230000_On_the_Record_With_Greta_Van_Susteren/FOXNEWSW_20150325_230000_On_the_Record_With_Greta_Van_Susteren.thumbs/FOXNEWSW_20150325_230000_On_the_Record_With_Greta_Van_Susteren_003615.jpg,"hazardous duty. the army finally making a statement about the bo bergdahl investigation. he will be charged with desertion not good news for president obama. we will have the inside story. how long was this guy -- he is he a climate change"
https://archive.org/details/FOXNEWSW_20150306_220000_The_Five#start/217/end/252,3/6/2015 22:03:52,FOXNEWS,The Five,FOXNEWSW_20150306_220000_The_Five,https://archive.org/download/FOXNEWSW_20150306_220000_The_Five/FOXNEWSW_20150306_220000_The_Five.thumbs/FOXNEWSW_20150306_220000_The_Five_000195.jpg,"terrorism you can't focus on the earth. this is about focusing everything on climate change, global warming because that limits the influence of america whereas the war on terror expands american influence"
https://archive.org/details/FOXNEWSW_20150320_200000_Your_World_With_Neil_Cavuto#start/340/end/375,3/20/2015 20:05:55,FOXNEWS,Your World With Neil Cavuto,FOXNEWSW_20150320_200000_Your_World_With_Neil_Cavuto,https://archive.org/download/FOXNEWSW_20150320_200000_Your_World_With_Neil_Cavuto/FOXNEWSW_20150320_200000_Your_World_With_Neil_Cavuto.thumbs/FOXNEWSW_20150320_200000_Your_World_With_Neil_Cavuto_000315.jpg,"the arctic thingamajig that is cold, they say that is all global warming, climate change. what is creating this? well, what's creating it is the natural cyclical processes we have seen for years and years"
https://archive.org/details/FOXNEWSW_20150306_080000_Red_Eye#start/45/end/80,3/6/2015 8:01:00,FOXNEWS,Red Eye,FOXNEWSW_20150306_080000_Red_Eye,https://archive.org/download/FOXNEWSW_20150306_080000_Red_Eye/FOXNEWSW_20150306_080000_Red_Eye.thumbs/FOXNEWSW_20150306_080000_Red_Eye_000045.jpg,"it is not a hyperbole. it is a fact. none of these stories on 'red eye' tonight. hello, everyone. i am gavin mcginnis. let's welcome our guests. she is hotter than the global"
https://archive.org/details/FOXNEWSW_20150322_180000_FOX_News_Sunday_With_Chris_Wallace#start/3632/end/3667,3/22/2015 19:00:47,FOXNEWS,FOX News Sunday With Chris Wallace,FOXNEWSW_20150322_180000_FOX_News_Sunday_With_Chris_Wallace,https://archive.org/download/FOXNEWSW_20150322_180000_FOX_News_Sunday_With_Chris_Wallace/FOXNEWSW_20150322_180000_FOX_News_Sunday_With_Chris_Wallace.thumbs/FOXNEWSW_20150322_180000_FOX_News_Sunday_With_Chris_Wallace_003645.jpg,"their climate change agenda."
https://archive.org/details/FOXNEWSW_20150326_030000_The_OReilly_Factor#start/773/end/808,3/26/2015 3:13:08,FOXNEWS,The OReilly Factor,FOXNEWSW_20150326_030000_The_OReilly_Factor,https://archive.org/download/FOXNEWSW_20150326_030000_The_OReilly_Factor/FOXNEWSW_20150326_030000_The_OReilly_Factor.thumbs/FOXNEWSW_20150326_030000_The_OReilly_Factor_000765.jpg,"it is foolish and unfair foolish and unfair to believe a person is not qualified for higher office if their conscience tells them that life begins at conception. or that the facts do not prove man made global"
https://archive.org/details/FOXNEWSW_20150305_110000_FOX_and_Friends#start/5682/end/5717,3/5/2015 12:34:57,FOXNEWS,FOX and Friends,FOXNEWSW_20150305_110000_FOX_and_Friends,https://archive.org/download/FOXNEWSW_20150305_110000_FOX_and_Friends/FOXNEWSW_20150305_110000_FOX_and_Friends.thumbs/FOXNEWSW_20150305_110000_FOX_and_Friends_005655.jpg,"26 minutes before the top of the hour. epa is hoping for a budget of 8.6 mi$8.6 million for climate . you would think they could answer questions about climate"
https://archive.org/details/FOXNEWSW_20150305_110000_FOX_and_Friends#start/5832/end/5867,3/5/2015 12:37:27,FOXNEWS,FOX and Friends,FOXNEWSW_20150305_110000_FOX_and_Friends,https://archive.org/download/FOXNEWSW_20150305_110000_FOX_and_Friends/FOXNEWSW_20150305_110000_FOX_and_Friends.thumbs/FOXNEWSW_20150305_110000_FOX_and_Friends_005805.jpg,"that will go towards climate change regulation. climate change regulation already costed $51 billion a year to the economy. you have the top rated show on business. congratulations on that."
https://archive.org/details/FOXNEWSW_20150306_220000_The_Five#start/232/end/267,3/6/2015 22:04:07,FOXNEWS,The Five,FOXNEWSW_20150306_220000_The_Five,https://archive.org/download/FOXNEWSW_20150306_220000_The_Five/FOXNEWSW_20150306_220000_The_Five.thumbs/FOXNEWSW_20150306_220000_The_Five_000225.jpg,"climate change united states. that's why it is attractive to basically the left. war on terror is good for america because we're fighting evil, but war on climate change we are fighting ourselves and"
https://archive.org/details/FOXNEWSW_20150307_110000_FOX_and_Friends_Saturday#start/7907/end/7942,3/7/2015 13:12:02,FOXNEWS,FOX and Friends Saturday,FOXNEWSW_20150307_110000_FOX_and_Friends_Saturday,https://archive.org/download/FOXNEWSW_20150307_110000_FOX_and_Friends_Saturday/FOXNEWSW_20150307_110000_FOX_and_Friends_Saturday.thumbs/FOXNEWSW_20150307_110000_FOX_and_Friends_Saturday_007905.jpg,"thank you. we call it climate change. climate change? love it. coming up here on the show, governor scott walker fought hard against unions to make wisconsin the latest right to work state. is this the type of leadership republican voters want?"
https://archive.org/details/FOXNEWSW_20150326_000000_The_OReilly_Factor#start/29/end/64,3/26/2015 0:00:44,FOXNEWS,The OReilly Factor,FOXNEWSW_20150326_000000_The_OReilly_Factor,https://archive.org/download/FOXNEWSW_20150326_000000_The_OReilly_Factor/FOXNEWSW_20150326_000000_The_OReilly_Factor.thumbs/FOXNEWSW_20150326_000000_The_OReilly_Factor_000045.jpg,"he will be charged with desertion not good news for president obama. we will have the inside story. how long was this guy -- he is he a climate change denier. we cannot have a president of the united states who is a climate change denier. the far left continuing"
https://archive.org/details/FOXNEWSW_20150326_000000_The_OReilly_Factor#start/739/end/774,3/26/2015 0:12:34,FOXNEWS,The OReilly Factor,FOXNEWSW_20150326_000000_The_OReilly_Factor,https://archive.org/download/FOXNEWSW_20150326_000000_The_OReilly_Factor/FOXNEWSW_20150326_000000_The_OReilly_Factor.thumbs/FOXNEWSW_20150326_000000_The_OReilly_Factor_000735.jpg,"fact for follow up segment tonight. the left crazed over senator ted cruz running for president. the bottom line with this guy is he is a climate change been denier. we cannot have a president of the united states who is a climate change denier. is he a gay denier."
https://archive.org/details/FOXNEWSW_20150329_030000_Red_Eye#start/937/end/972,3/29/2015 3:15:52,FOXNEWS,Red Eye,FOXNEWSW_20150329_030000_Red_Eye,https://archive.org/download/FOXNEWSW_20150329_030000_Red_Eye/FOXNEWSW_20150329_030000_Red_Eye.thumbs/FOXNEWSW_20150329_030000_Red_Eye_000915.jpg,"transactional sex, and urging women to work in difficult situations. due to the impact of climate change on women. that is news to me. joanne did you know that climate change affects women worse than men? we do get the vapors. so i guess she was saying it's"
https://archive.org/details/FOXNEWSW_20150326_030000_The_OReilly_Factor#start/743/end/778,3/26/2015 3:12:38,FOXNEWS,The OReilly Factor,FOXNEWSW_20150326_030000_The_OReilly_Factor,https://archive.org/download/FOXNEWSW_20150326_030000_The_OReilly_Factor/FOXNEWSW_20150326_030000_The_OReilly_Factor.thumbs/FOXNEWSW_20150326_030000_The_OReilly_Factor_000735.jpg,"president. the bottom line with this guy is he is a climate change been denier. we cannot have a president of the united states who is a climate change denier. is he a gay denier. is he a woman's right to choose denier. listen, i'm sorry and i am"
https://archive.org/details/FOXNEWSW_20150326_070000_Red_Eye#start/3347/end/3382,3/26/2015 7:56:02,FOXNEWS,Red Eye,FOXNEWSW_20150326_070000_Red_Eye,https://archive.org/download/FOXNEWSW_20150326_070000_Red_Eye/FOXNEWSW_20150326_070000_Red_Eye.thumbs/FOXNEWSW_20150326_070000_Red_Eye_003345.jpg,"gotta go. patti anne what gets you out -- well let's not go that route. you are a security expert. if you al gore global warming will wipe us out"
https://archive.org/details/FOXNEWSW_20150329_030000_Red_Eye#start/916/end/951,3/29/2015 3:15:31,FOXNEWS,Red Eye,FOXNEWSW_20150329_030000_Red_Eye,https://archive.org/download/FOXNEWSW_20150329_030000_Red_Eye/FOXNEWSW_20150329_030000_Red_Eye.thumbs/FOXNEWSW_20150329_030000_Red_Eye_000915.jpg,"resolution in the house, asserting that global warming will create conflict and instability in the world. and as a result insecure women could be vulnerable to situations such access work,"
https://archive.org/details/FOXNEWSW_20150322_190000_The_Journal_Editorial_Report#start/45/end/80,3/22/2015 19:01:00,FOXNEWS,The Journal Editorial Report,FOXNEWSW_20150322_190000_The_Journal_Editorial_Report,https://archive.org/download/FOXNEWSW_20150322_190000_The_Journal_Editorial_Report/FOXNEWSW_20150322_190000_The_Journal_Editorial_Report.thumbs/FOXNEWSW_20150322_190000_The_Journal_Editorial_Report_000045.jpg,"their climate change agenda. welcome to the 'journal"
https://archive.org/details/FOXNEWSW_20150306_220000_The_Five#start/2144/end/2179,3/6/2015 22:35:59,FOXNEWS,The Five,FOXNEWSW_20150306_220000_The_Five,https://archive.org/download/FOXNEWSW_20150306_220000_The_Five/FOXNEWSW_20150306_220000_The_Five.thumbs/FOXNEWSW_20150306_220000_The_Five_002145.jpg,"that is what is coming out today it is a problem. i blame the jews. it's a joke, america. i blame global warming which is controlled by the jews. what about obama?"
https://archive.org/details/FOXNEWSW_20150322_180000_FOX_News_Sunday_With_Chris_Wallace#start/3630/end/3665,3/22/2015 19:00:45,FOXNEWS,FOX News Sunday With Chris Wallace,FOXNEWSW_20150322_180000_FOX_News_Sunday_With_Chris_Wallace,https://archive.org/download/FOXNEWSW_20150322_180000_FOX_News_Sunday_With_Chris_Wallace/FOXNEWSW_20150322_180000_FOX_News_Sunday_With_Chris_Wallace.thumbs/FOXNEWSW_20150322_180000_FOX_News_Sunday_With_Chris_Wallace_003615.jpg,"plus, as differences over defense spending threaten to derail their budget blueprint. and silencing global warming skeptics. we'll tell you about the democratic campaign to intimidate professors and organizations that dare question"
https://archive.org/details/FOXNEWSW_20150322_190000_The_Journal_Editorial_Report#start/32/end/67,3/22/2015 19:00:47,FOXNEWS,The Journal Editorial Report,FOXNEWSW_20150322_190000_The_Journal_Editorial_Report,https://archive.org/download/FOXNEWSW_20150322_190000_The_Journal_Editorial_Report/FOXNEWSW_20150322_190000_The_Journal_Editorial_Report.thumbs/FOXNEWSW_20150322_190000_The_Journal_Editorial_Report_000045.jpg,"plus, as differences over defense spending threaten to derail their budget blueprint. and silencing global warming skeptics. we'll tell you about the democratic campaign to intimidate professors and organizations that dare question"
https://archive.org/details/FOXNEWSW_20150326_070000_Red_Eye#start/3327/end/3362,3/26/2015 7:55:42,FOXNEWS,Red Eye,FOXNEWSW_20150326_070000_Red_Eye,https://archive.org/download/FOXNEWSW_20150326_070000_Red_Eye/FOXNEWSW_20150326_070000_Red_Eye.thumbs/FOXNEWSW_20150326_070000_Red_Eye_003315.jpg,"are you nervous of the collapse coming up. between that and global warming i don't know why i get out of bed in the morning. what gets you out of bed? coffee."
https://archive.org/details/FOXNEWSW_20150326_030000_The_OReilly_Factor#start/838/end/873,3/26/2015 3:14:13,FOXNEWS,The OReilly Factor,FOXNEWSW_20150326_030000_The_OReilly_Factor,https://archive.org/download/FOXNEWSW_20150326_030000_The_OReilly_Factor/FOXNEWSW_20150326_030000_The_OReilly_Factor.thumbs/FOXNEWSW_20150326_030000_The_OReilly_Factor_000825.jpg,"global warming, then he is portrayed as a neanderthal. politically, bill, if liberals were smarter, they wouldn't bash ted cruz. they would praise ted cruz and go easy on ted cruz and"
https://archive.org/details/FOXNEWSW_20150326_000000_The_OReilly_Factor#start/831/end/866,3/26/2015 0:14:06,FOXNEWS,The OReilly Factor,FOXNEWSW_20150326_000000_The_OReilly_Factor,https://archive.org/download/FOXNEWSW_20150326_000000_The_OReilly_Factor/FOXNEWSW_20150326_000000_The_OReilly_Factor.thumbs/FOXNEWSW_20150326_000000_The_OReilly_Factor_000825.jpg,"pro-life, he is going to be portrayed antiwoman. if he doesn't buy al gore's version of cataclysmic global warming, then he is portrayed as a neanderthal. politically, bill, if liberals were smarter, they"
https://archive.org/details/FOXNEWSW_20150306_180000_Happening_Now#start/3297/end/3332,3/6/2015 18:55:12,FOXNEWS,Happening Now,FOXNEWSW_20150306_180000_Happening_Now,https://archive.org/download/FOXNEWSW_20150306_180000_Happening_Now/FOXNEWSW_20150306_180000_Happening_Now.thumbs/FOXNEWSW_20150306_180000_Happening_Now_003285.jpg,"commonly believed facts now are wrong. what do you say to that? most global warming deniers are not scientists or journalists. scientists and journalists are trained to evaluate facts. supporterers say you and other"
https://archive.org/details/FOXNEWSW_20150325_030000_The_OReilly_Factor#start/260/end/295,3/25/2015 3:04:35,FOXNEWS,The OReilly Factor,FOXNEWSW_20150325_030000_The_OReilly_Factor,https://archive.org/download/FOXNEWSW_20150325_030000_The_OReilly_Factor/FOXNEWSW_20150325_030000_The_OReilly_Factor.thumbs/FOXNEWSW_20150325_030000_The_OReilly_Factor_000255.jpg,"facts don't matter anymore. talking points believes that conservative americans are the most maligned mainstream group in the usa if you don't believe in global warming you are a loon. if you do believe, life begins at conception."
https://archive.org/details/FOXNEWSW_20150328_070000_Red_Eye#start/905/end/940,3/28/2015 7:15:20,FOXNEWS,Red Eye,FOXNEWSW_20150328_070000_Red_Eye,https://archive.org/download/FOXNEWSW_20150328_070000_Red_Eye/FOXNEWSW_20150328_070000_Red_Eye.thumbs/FOXNEWSW_20150328_070000_Red_Eye_000885.jpg,"to turn tricks in order to provide for their family. i am i am not making this up. a california congresswoman proposed a resolution in the house asserting the global warming will create conflict and instability and as a"
https://archive.org/details/FOXNEWSW_20150329_060000_Red_Eye#start/906/end/941,3/29/2015 6:15:21,FOXNEWS,Red Eye,FOXNEWSW_20150329_060000_Red_Eye,https://archive.org/download/FOXNEWSW_20150329_060000_Red_Eye/FOXNEWSW_20150329_060000_Red_Eye.thumbs/FOXNEWSW_20150329_060000_Red_Eye_000885.jpg,"to turn tricks in order to provide for their family. i am i am not making this up. a california congresswoman proposed a resolution in the house asserting the global warming will create conflict and instability and as a"
https://archive.org/details/FOXNEWSW_20150322_190000_The_Journal_Editorial_Report#start/973/end/1008,3/22/2015 19:16:28,FOXNEWS,The Journal Editorial Report,FOXNEWSW_20150322_190000_The_Journal_Editorial_Report,https://archive.org/download/FOXNEWSW_20150322_190000_The_Journal_Editorial_Report/FOXNEWSW_20150322_190000_The_Journal_Editorial_Report.thumbs/FOXNEWSW_20150322_190000_The_Journal_Editorial_Report_000975.jpg,"academics and organizations that dare question their climate change. that's after the break."
https://archive.org/details/FOXNEWSW_20150322_190000_The_Journal_Editorial_Report#start/1181/end/1216,3/22/2015 19:19:56,FOXNEWS,The Journal Editorial Report,FOXNEWSW_20150322_190000_The_Journal_Editorial_Report,https://archive.org/download/FOXNEWSW_20150322_190000_The_Journal_Editorial_Report/FOXNEWSW_20150322_190000_The_Journal_Editorial_Report.thumbs/FOXNEWSW_20150322_190000_The_Journal_Editorial_Report_001035.jpg,"are congressional democrats trying to quiet climate change skeptics? they are not toewing the liberal"
https://archive.org/details/FOXNEWSW_20150326_000000_The_OReilly_Factor#start/784/end/819,3/26/2015 0:13:19,FOXNEWS,The OReilly Factor,FOXNEWSW_20150326_000000_The_OReilly_Factor,https://archive.org/download/FOXNEWSW_20150326_000000_The_OReilly_Factor/FOXNEWSW_20150326_000000_The_OReilly_Factor.thumbs/FOXNEWSW_20150326_000000_The_OReilly_Factor_000765.jpg,"conception. or that the facts do not prove man made global warming. you don't have to vote for the person. but to diminish them as unqualified is ridiculous in the extreme. joining us now from miami, the purveyor of bernard"
https://archive.org/details/FOXNEWSW_20150304_210000_Your_World_With_Neil_Cavuto#start/463/end/498,3/4/2015 21:07:58,FOXNEWS,Your World With Neil Cavuto,FOXNEWSW_20150304_210000_Your_World_With_Neil_Cavuto,https://archive.org/download/FOXNEWSW_20150304_210000_Your_World_With_Neil_Cavuto/FOXNEWSW_20150304_210000_Your_World_With_Neil_Cavuto.thumbs/FOXNEWSW_20150304_210000_Your_World_With_Neil_Cavuto_000435.jpg,"more coal plants because of concerns of global warming. we're still paying for it with higher electric. amazing try to stay warm. thank you very much. guess who gets the blame if the supreme court takes those obama care subsidies away?"
https://archive.org/details/FOXNEWSW_20150325_230000_On_the_Record_With_Greta_Van_Susteren#start/3639/end/3674,3/26/2015 0:00:54,FOXNEWS,On the Record With Greta Van Susteren,FOXNEWSW_20150325_230000_On_the_Record_With_Greta_Van_Susteren,https://archive.org/download/FOXNEWSW_20150325_230000_On_the_Record_With_Greta_Van_Susteren/FOXNEWSW_20150325_230000_On_the_Record_With_Greta_Van_Susteren.thumbs/FOXNEWSW_20150325_230000_On_the_Record_With_Greta_Van_Susteren_003615.jpg,"denier. we cannot have a president of the united states who is a climate change denier. the far left continuing its jihad against ted cruz and conservative americans in general. tonight, we'll continue our reporting with bernie goldberg."
https://archive.org/details/FOXNEWSW_20150322_190000_The_Journal_Editorial_Report#start/1220/end/1255,3/22/2015 19:20:35,FOXNEWS,The Journal Editorial Report,FOXNEWSW_20150322_190000_The_Journal_Editorial_Report,https://archive.org/download/FOXNEWSW_20150322_190000_The_Journal_Editorial_Report/FOXNEWSW_20150322_190000_The_Journal_Editorial_Report.thumbs/FOXNEWSW_20150322_190000_The_Journal_Editorial_Report_001215.jpg,"kim, what is the goal of these witch hunts? it's designed to send a message to everyone that if they don't agree with the president's plan on agenda for global warming, they are going to get harassed and have all of their"
https://archive.org/details/FOXNEWSW_20150322_190000_The_Journal_Editorial_Report#start/1410/end/1445,3/22/2015 19:23:45,FOXNEWS,The Journal Editorial Report,FOXNEWSW_20150322_190000_The_Journal_Editorial_Report,https://archive.org/download/FOXNEWSW_20150322_190000_The_Journal_Editorial_Report/FOXNEWSW_20150322_190000_The_Journal_Editorial_Report.thumbs/FOXNEWSW_20150322_190000_The_Journal_Editorial_Report_001395.jpg,"it's impossible to do that with a republican congress. what's the larger political strategy behind these? larger as to why the global warming crowd wants to shut out the skeptics, they have a lot of good facts right now. it's been a terrible decade for"
https://archive.org/details/FOXNEWSW_20150324_100000_FOX_and_Friends#start/1146/end/1181,3/24/2015 10:19:21,FOXNEWS,FOX and Friends,FOXNEWSW_20150324_100000_FOX_and_Friends,https://archive.org/download/FOXNEWSW_20150324_100000_FOX_and_Friends/FOXNEWSW_20150324_100000_FOX_and_Friends.thumbs/FOXNEWSW_20150324_100000_FOX_and_Friends_001125.jpg,"two years after a double mastecto mastectomy, angelina jolie facing another surgery. lawmakers who deny climate change may be at risk to lose"
https://archive.org/details/FOXNEWSW_20150328_070000_Red_Eye#start/937/end/972,3/28/2015 7:15:52,FOXNEWS,Red Eye,FOXNEWSW_20150328_070000_Red_Eye,https://archive.org/download/FOXNEWSW_20150328_070000_Red_Eye/FOXNEWSW_20150328_070000_Red_Eye.thumbs/FOXNEWSW_20150328_070000_Red_Eye_000915.jpg,"women. did you know climate change affects women worse than men? we do get the vapors. i guess if it is hot."
https://archive.org/details/FOXNEWSW_20150329_060000_Red_Eye#start/938/end/973,3/29/2015 6:15:53,FOXNEWS,Red Eye,FOXNEWSW_20150329_060000_Red_Eye,https://archive.org/download/FOXNEWSW_20150329_060000_Red_Eye/FOXNEWSW_20150329_060000_Red_Eye.thumbs/FOXNEWSW_20150329_060000_Red_Eye_000915.jpg,"women. did you know climate change affects women worse than men? we do get the vapors. i guess if it is hot."
https://archive.org/details/FOXNEWSW_20150320_210000_The_Five#start/1229/end/1264,3/20/2015 21:20:44,FOXNEWS,The Five,FOXNEWSW_20150320_210000_The_Five,https://archive.org/download/FOXNEWSW_20150320_210000_The_Five/FOXNEWSW_20150320_210000_The_Five.thumbs/FOXNEWSW_20150320_210000_The_Five_001215.jpg,"it seems like a madness. i think you are right about this to some extent. not the global warming stuff but this stuff. i am a little tired of the identity politics. i think all of us who are women here agree that one element of who we are."
https://archive.org/details/FOXNEWSW_20150322_190000_The_Journal_Editorial_Report#start/1486/end/1521,3/22/2015 19:25:01,FOXNEWS,The Journal Editorial Report,FOXNEWSW_20150322_190000_The_Journal_Editorial_Report,https://archive.org/download/FOXNEWSW_20150322_190000_The_Journal_Editorial_Report/FOXNEWSW_20150322_190000_The_Journal_Editorial_Report.thumbs/FOXNEWSW_20150322_190000_The_Journal_Editorial_Report_001485.jpg,"things. all the facts on the ground are bad for what you might call this controversy industry or the global warming industry that's trying to muzzle the opponent. all right. thank you both. we have to take one more break. when we come back, hits and misses of the week."
https://archive.org/details/FOXNEWSW_20150325_220000_Special_Report_With_Bret_Baier#start/1476/end/1511,3/25/2015 22:24:51,FOXNEWS,Special Report With Bret Baier,FOXNEWSW_20150325_220000_Special_Report_With_Bret_Baier,https://archive.org/download/FOXNEWSW_20150325_220000_Special_Report_With_Bret_Baier/FOXNEWSW_20150325_220000_Special_Report_With_Bret_Baier.thumbs/FOXNEWSW_20150325_220000_Special_Report_With_Bret_Baier_001455.jpg,"federal emergency management agency wants and the conservative pushback. reporter: new fema rules would complicate the ability of governors who are skeptical of climate change to receive federal disaster preparaedness"
https://archive.org/details/FOXNEWSW_20150326_000000_The_OReilly_Factor#start/768/end/803,3/26/2015 0:13:03,FOXNEWS,The OReilly Factor,FOXNEWSW_20150326_000000_The_OReilly_Factor,https://archive.org/download/FOXNEWSW_20150326_000000_The_OReilly_Factor/FOXNEWSW_20150326_000000_The_OReilly_Factor.thumbs/FOXNEWSW_20150326_000000_The_OReilly_Factor_000765.jpg,"a climate change denier. it is foolish and unfair foolish and unfair to believe a person is not qualified for higher office if their conscience tells them that life begins at"
https://archive.org/details/FOXNEWSW_20150305_110000_FOX_and_Friends#start/2222/end/2257,3/5/2015 11:37:17,FOXNEWS,FOX and Friends,FOXNEWSW_20150305_110000_FOX_and_Friends,https://archive.org/download/FOXNEWSW_20150305_110000_FOX_and_Friends/FOXNEWSW_20150305_110000_FOX_and_Friends.thumbs/FOXNEWSW_20150305_110000_FOX_and_Friends_002205.jpg,"sessions pressed the fda chief on a number of issues including climate change data. mccarthy having a little trouble with the answers. we had more on hurricanes in the last decade."
https://archive.org/details/FOXNEWSW_20150305_110000_FOX_and_Friends#start/5411/end/5446,3/5/2015 12:30:26,FOXNEWS,FOX and Friends,FOXNEWSW_20150305_110000_FOX_and_Friends,https://archive.org/download/FOXNEWSW_20150305_110000_FOX_and_Friends/FOXNEWSW_20150305_110000_FOX_and_Friends.thumbs/FOXNEWSW_20150305_110000_FOX_and_Friends_005385.jpg,"answer that question. it's a very complicated issue. land and water, huge difference. the expert on climate change cannot talk hurricanesism stuart varney can, but he does it with an english accent."
https://archive.org/details/FOXNEWSW_20150320_200000_Your_World_With_Neil_Cavuto#start/275/end/310,3/20/2015 20:04:50,FOXNEWS,Your World With Neil Cavuto,FOXNEWSW_20150320_200000_Your_World_With_Neil_Cavuto,https://archive.org/download/FOXNEWSW_20150320_200000_Your_World_With_Neil_Cavuto/FOXNEWSW_20150320_200000_Your_World_With_Neil_Cavuto.thumbs/FOXNEWSW_20150320_200000_Your_World_With_Neil_Cavuto_000255.jpg,"falling in providence, rhode island. climate change activist say this is due to rising ocean temperatures but meteorologist joe bastardy says that's one big snow job. why? because this is a natural"
https://archive.org/details/FOXNEWSW_20150322_070000_FOX_News_Special#start/705/end/740,3/22/2015 7:12:00,FOXNEWS,FOX News Special,FOXNEWSW_20150322_070000_FOX_News_Special,https://archive.org/download/FOXNEWSW_20150322_070000_FOX_News_Special/FOXNEWSW_20150322_070000_FOX_News_Special.thumbs/FOXNEWSW_20150322_070000_FOX_News_Special_000705.jpg,"staking restoration back in the 1990s. the wear-and-tear of such instruments is high. aside from the physical stress there's change in climate. change in temperature. change in humidity. at a certain point the"
https://archive.org/details/FOXNEWSW_20150303_080000_Red_Eye#start/837/end/872,3/3/2015 8:14:12,FOXNEWS,Red Eye,FOXNEWSW_20150303_080000_Red_Eye,https://archive.org/download/FOXNEWSW_20150303_080000_Red_Eye/FOXNEWSW_20150303_080000_Red_Eye.thumbs/FOXNEWSW_20150303_080000_Red_Eye_000825.jpg,"and we are just like, oh yeah, okay totally. we are all pro solar. we are for the environment. it will help climate change. again, another example of looking like idiots. we try to get involved and we"
https://archive.org/details/FOXNEWSW_20150326_020000_Hannity#start/2969/end/3004,3/26/2015 2:49:44,FOXNEWS,Hannity,FOXNEWSW_20150326_020000_Hannity,https://archive.org/download/FOXNEWSW_20150326_020000_Hannity/FOXNEWSW_20150326_020000_Hannity.thumbs/FOXNEWSW_20150326_020000_Hannity_002955.jpg,"announcement that he may be signing up for obamacare. we cannot have a president in the united states who is a climate change denier. he's a gay people's denier. he's a woman rights denier. he's denying everything."
https://archive.org/details/FOXNEWSW_20150329_030000_Red_Eye#start/887/end/922,3/29/2015 3:15:02,FOXNEWS,Red Eye,FOXNEWSW_20150329_030000_Red_Eye,https://archive.org/download/FOXNEWSW_20150329_030000_Red_Eye/FOXNEWSW_20150329_030000_Red_Eye.thumbs/FOXNEWSW_20150329_030000_Red_Eye_000885.jpg,"yes, we are usually. the thing is, he has not learned. he is still yapping about, i regret the way i did it. not my wonderful protest. all right climate change will turn women into prostitutes."
https://archive.org/details/FOXNEWSW_20150329_030000_Red_Eye#start/1033/end/1068,3/29/2015 3:17:28,FOXNEWS,Red Eye,FOXNEWSW_20150329_030000_Red_Eye,https://archive.org/download/FOXNEWSW_20150329_030000_Red_Eye/FOXNEWSW_20150329_030000_Red_Eye.thumbs/FOXNEWSW_20150329_030000_Red_Eye_001035.jpg,"johnny walker blue or something like that? oh my god. you think the other way around. comes first then the sex -- andy isn't it good to know that the climate change crowd is not engaging in hypebole and --  _"
https://archive.org/details/FOXNEWSW_20150306_220000_The_Five#start/449/end/484,3/6/2015 22:07:44,FOXNEWS,The Five,FOXNEWSW_20150306_220000_The_Five,https://archive.org/download/FOXNEWSW_20150306_220000_The_Five/FOXNEWSW_20150306_220000_The_Five.thumbs/FOXNEWSW_20150306_220000_The_Five_000435.jpg,"that is i think the flaw in the ointment here. you guys can bring up climate change and all of this stuff. the reality is bin laden was killed by this president. he killed bin laden."
https://archive.org/details/FOXNEWSW_20150306_220000_The_Five#start/308/end/343,3/6/2015 22:05:23,FOXNEWS,The Five,FOXNEWSW_20150306_220000_The_Five,https://archive.org/download/FOXNEWSW_20150306_220000_The_Five/FOXNEWSW_20150306_220000_The_Five.thumbs/FOXNEWSW_20150306_220000_The_Five_000285.jpg,"we are at war with terror. these are terms and fundamentals that they disdain. they would rather focus on domestic issues here at home, on climate change and retreat america back like roll back in the real so we are not having"
https://archive.org/details/FOXNEWSW_20150326_050000_Hannity#start/3001/end/3036,3/26/2015 5:50:16,FOXNEWS,Hannity,FOXNEWSW_20150326_050000_Hannity,https://archive.org/download/FOXNEWSW_20150326_050000_Hannity/FOXNEWSW_20150326_050000_Hannity.thumbs/FOXNEWSW_20150326_050000_Hannity_002985.jpg,"signing up for obamacare. we cannot have a president in the united states who is a climate change denier. he's a gay people's denier. he's a woman rights denier. he's denying everything. listen, i'm sorry. and i am going to take pot shots"
https://archive.org/details/FOXNEWSW_20150326_000000_The_OReilly_Factor#start/800/end/835,3/26/2015 0:13:35,FOXNEWS,The OReilly Factor,FOXNEWSW_20150326_000000_The_OReilly_Factor,https://archive.org/download/FOXNEWSW_20150326_000000_The_OReilly_Factor/FOXNEWSW_20150326_000000_The_OReilly_Factor.thumbs/FOXNEWSW_20150326_000000_The_OReilly_Factor_000795.jpg,"goldberg.com. mr. goldberg. are you a climate change denier? actually, i am. but i don't want to get into that right now. so you see where i'm going with this thing. yeah, i do. it used to be okay we"
https://archive.org/details/FOXNEWSW_20150316_150000_Happening_Now#start/3328/end/3363,3/16/2015 15:55:43,FOXNEWS,Happening Now,FOXNEWSW_20150316_150000_Happening_Now,https://archive.org/download/FOXNEWSW_20150316_150000_Happening_Now/FOXNEWSW_20150316_150000_Happening_Now.thumbs/FOXNEWSW_20150316_150000_Happening_Now_003315.jpg,"out according to the president. they said they will have to rebuild everything. he also blamed climate change for the disaster. vanautu is one of the poorest countries in the world and many buildings buildings are not built to withstand a powerful storm."
https://archive.org/details/FOXNEWSW_20150316_060000_FOX_News_Sunday_With_Chris_Wallace#start/2522/end/2557,3/16/2015 6:42:17,FOXNEWS,FOX News Sunday With Chris Wallace,FOXNEWSW_20150316_060000_FOX_News_Sunday_With_Chris_Wallace,https://archive.org/download/FOXNEWSW_20150316_060000_FOX_News_Sunday_With_Chris_Wallace/FOXNEWSW_20150316_060000_FOX_News_Sunday_With_Chris_Wallace.thumbs/FOXNEWSW_20150316_060000_FOX_News_Sunday_With_Chris_Wallace_002505.jpg,"spend it in other ways for trim. i have a minute left and doesn't president obama bear some responsibility for this taking an executive action ignoring congress, whether it comes to immigration or climate change or cuba and isn't this a"
https://archive.org/details/FOXNEWSW_20150305_110000_FOX_and_Friends#start/5730/end/5765,3/5/2015 12:35:45,FOXNEWS,FOX and Friends,FOXNEWSW_20150305_110000_FOX_and_Friends,https://archive.org/download/FOXNEWSW_20150305_110000_FOX_and_Friends/FOXNEWSW_20150305_110000_FOX_and_Friends.thumbs/FOXNEWSW_20150305_110000_FOX_and_Friends_005715.jpg,"jenna mccarthy just missed. you're asking for money. they're asking for a half billion dollars. it's an opportunity to go out there and say see that extreme weather, that's climate change. give me the money to fight t. she totally blew it."
https://archive.org/details/FOXNEWSW_20150322_210000_MediaBuzz#start/1065/end/1100,3/22/2015 21:18:00,FOXNEWS,MediaBuzz,FOXNEWSW_20150322_210000_MediaBuzz,https://archive.org/download/FOXNEWSW_20150322_210000_MediaBuzz/FOXNEWSW_20150322_210000_MediaBuzz.thumbs/FOXNEWSW_20150322_210000_MediaBuzz_001065.jpg,"the guy who sets hearts a flutter al gore saying he should run and make it about climate change? i think it's a legitimate story. there are plenty of democrats who are saying what happens if hillary implodes. there is no plan b."
https://archive.org/details/FOXNEWSW_20150328_070000_Red_Eye#start/1047/end/1082,3/28/2015 7:17:42,FOXNEWS,Red Eye,FOXNEWSW_20150328_070000_Red_Eye,https://archive.org/download/FOXNEWSW_20150328_070000_Red_Eye/FOXNEWSW_20150328_070000_Red_Eye.thumbs/FOXNEWSW_20150328_070000_Red_Eye_001035.jpg,"scare tactic? it is completely over blown, but if you buy her premise her point is valid. if you don't believe in climate change or that it is a huge danger then fine. i believe it. if you do it is stupid and"
https://archive.org/details/FOXNEWSW_20150329_060000_Red_Eye#start/1048/end/1083,3/29/2015 6:17:43,FOXNEWS,Red Eye,FOXNEWSW_20150329_060000_Red_Eye,https://archive.org/download/FOXNEWSW_20150329_060000_Red_Eye/FOXNEWSW_20150329_060000_Red_Eye.thumbs/FOXNEWSW_20150329_060000_Red_Eye_001035.jpg,"scare tactic? it is completely over blown, but if you buy her premise her point is valid. if you don't believe in climate change or that it is a huge danger then fine. i believe it. if you do it is stupid and"
https://archive.org/details/FOXNEWSW_20150323_100000_FOX_and_Friends#start/1104/end/1139,3/23/2015 10:18:39,FOXNEWS,FOX and Friends,FOXNEWSW_20150323_100000_FOX_and_Friends,https://archive.org/download/FOXNEWSW_20150323_100000_FOX_and_Friends/FOXNEWSW_20150323_100000_FOX_and_Friends.thumbs/FOXNEWSW_20150323_100000_FOX_and_Friends_001095.jpg,"climate change. he says the globe isn't even warming. he led the effort to shut the government down. ask the people in boston about that who are jumping out of two story windows in 18 feet of snow. let me just say this about"
https://archive.org/details/FOXNEWSW_20150314_100000_FOX_and_Friends_Saturday#start/2044/end/2079,3/14/2015 10:34:19,FOXNEWS,FOX and Friends Saturday,FOXNEWSW_20150314_100000_FOX_and_Friends_Saturday,https://archive.org/download/FOXNEWSW_20150314_100000_FOX_and_Friends_Saturday/FOXNEWSW_20150314_100000_FOX_and_Friends_Saturday.thumbs/FOXNEWSW_20150314_100000_FOX_and_Friends_Saturday_002025.jpg,"favorites. they had the idea that the democrats had in mind for this, they had a link there where they said hey click on which one of these things you like the best, healthcare reform, action on climate change, expanding equality. did not see any of those"
https://archive.org/details/FOXNEWSW_20150322_190000_The_Journal_Editorial_Report#start/1299/end/1334,3/22/2015 19:21:54,FOXNEWS,The Journal Editorial Report,FOXNEWSW_20150322_190000_The_Journal_Editorial_Report,https://archive.org/download/FOXNEWSW_20150322_190000_The_Journal_Editorial_Report/FOXNEWSW_20150322_190000_The_Journal_Editorial_Report.thumbs/FOXNEWSW_20150322_190000_The_Journal_Editorial_Report_001275.jpg,"groups if they are funded by somebody like tom stire, the billionaire who has a very clear agenda on climate change. is there any difference? no. there is no difference. you have to put it in the context of this is now a trend."
https://archive.org/details/FOXNEWSW_20150328_070000_Red_Eye#start/889/end/924,3/28/2015 7:15:04,FOXNEWS,Red Eye,FOXNEWSW_20150328_070000_Red_Eye,https://archive.org/download/FOXNEWSW_20150328_070000_Red_Eye/FOXNEWSW_20150328_070000_Red_Eye.thumbs/FOXNEWSW_20150328_070000_Red_Eye_000885.jpg,"the thing is this guy hasn't learned. i regret the way i did it and not my wonderful protest. climate change will turn women into prostitutes. i have been saying that for years. this week democrats barbara lee claimed that rising temperatures will force women"
https://archive.org/details/FOXNEWSW_20150329_060000_Red_Eye#start/890/end/925,3/29/2015 6:15:05,FOXNEWS,Red Eye,FOXNEWSW_20150329_060000_Red_Eye,https://archive.org/download/FOXNEWSW_20150329_060000_Red_Eye/FOXNEWSW_20150329_060000_Red_Eye.thumbs/FOXNEWSW_20150329_060000_Red_Eye_000885.jpg,"the thing is this guy hasn't learned. i regret the way i did it and not my wonderful protest. climate change will turn women into prostitutes. i have been saying that for years. this week democrats barbara lee claimed that rising temperatures will force women"
https://archive.org/details/FOXNEWSW_20150322_150000_MediaBuzz#start/1067/end/1102,3/22/2015 15:18:02,FOXNEWS,MediaBuzz,FOXNEWSW_20150322_150000_MediaBuzz,https://archive.org/download/FOXNEWSW_20150322_150000_MediaBuzz/FOXNEWSW_20150322_150000_MediaBuzz.thumbs/FOXNEWSW_20150322_150000_MediaBuzz_001065.jpg,"the guy who sets hearts a flutter al gore saying he should run and make it about climate change? i think it's a legitimate story. there are plenty of democrats who are saying what happens if hillary implodes. there is no plan b. what could be the potential plan"
https://archive.org/details/FOXNEWSW_20150314_060000_On_the_Record_With_Greta_Van_Susteren#start/2618/end/2653,3/14/2015 6:43:53,FOXNEWS,On the Record With Greta Van Susteren,FOXNEWSW_20150314_060000_On_the_Record_With_Greta_Van_Susteren,https://archive.org/download/FOXNEWSW_20150314_060000_On_the_Record_With_Greta_Van_Susteren/FOXNEWSW_20150314_060000_On_the_Record_With_Greta_Van_Susteren.thumbs/FOXNEWSW_20150314_060000_On_the_Record_With_Greta_Van_Susteren_002595.jpg,"immigration amnesty which is obviously illegal. he said so at least a dozen times. he wants to regulate. he wants to do stuff on climate change, which he can do unilaterally. he will overstep his authority. he has got an agenda but the domestic agenda. it's a liberal, it's a left"
https://archive.org/details/FOXNEWSW_20150328_070000_Red_Eye#start/1061/end/1096,3/28/2015 7:17:56,FOXNEWS,Red Eye,FOXNEWSW_20150328_070000_Red_Eye,https://archive.org/download/FOXNEWSW_20150328_070000_Red_Eye/FOXNEWSW_20150328_070000_Red_Eye.thumbs/FOXNEWSW_20150328_070000_Red_Eye_001035.jpg,"end of discussion. if you do believe -- if you are one of the people who believes that climate change is a huge danger to the planet isn't it common sense that the people who feel the effects are people more likely to be on the margins economically which"
https://archive.org/details/FOXNEWSW_20150329_060000_Red_Eye#start/1062/end/1097,3/29/2015 6:17:57,FOXNEWS,Red Eye,FOXNEWSW_20150329_060000_Red_Eye,https://archive.org/download/FOXNEWSW_20150329_060000_Red_Eye/FOXNEWSW_20150329_060000_Red_Eye.thumbs/FOXNEWSW_20150329_060000_Red_Eye_001065.jpg,"end of discussion. if you do believe -- if you are one of the people who believes that climate change is a huge danger to the planet isn't it common sense that the people who feel the effects are people more likely to be on the margins economically which"
https://archive.org/details/FOXNEWSW_20150326_020000_Hannity#start/2953/end/2988,3/26/2015 2:49:28,FOXNEWS,Hannity,FOXNEWSW_20150326_020000_Hannity,https://archive.org/download/FOXNEWSW_20150326_020000_Hannity/FOXNEWSW_20150326_020000_Hannity.thumbs/FOXNEWSW_20150326_020000_Hannity_002955.jpg,"welcome back to 'hannity.' texas senator ted cruz was the first to officially announce he's running for president kicking off the road to 2016. and it didn't take long for the mainstream liberal media and those on the left to attack him on everything from his stance on climate change to his latest"
https://archive.org/details/FOXNEWSW_20150322_030000_Red_Eye#start/3313/end/3348,3/22/2015 3:55:28,FOXNEWS,Red Eye,FOXNEWSW_20150322_030000_Red_Eye,https://archive.org/download/FOXNEWSW_20150322_030000_Red_Eye/FOXNEWSW_20150322_030000_Red_Eye.thumbs/FOXNEWSW_20150322_030000_Red_Eye_003315.jpg,"ill, this is why we're not drunk all the time. yeah, gavin, does this sound like a good idea or not? well first of all, it's a load of hogwash. it's like climate change. a scientist goes, i think i might have something that might happen in the future and everyone gives him accolades."
https://archive.org/details/FOXNEWSW_20150313_230000_On_the_Record_With_Greta_Van_Susteren#start/2619/end/2654,3/13/2015 23:43:54,FOXNEWS,On the Record With Greta Van Susteren,FOXNEWSW_20150313_230000_On_the_Record_With_Greta_Van_Susteren,https://archive.org/download/FOXNEWSW_20150313_230000_On_the_Record_With_Greta_Van_Susteren/FOXNEWSW_20150313_230000_On_the_Record_With_Greta_Van_Susteren.thumbs/FOXNEWSW_20150313_230000_On_the_Record_With_Greta_Van_Susteren_002595.jpg,"is obviously illegal. he said so at least a dozen times. he wants to regulate. he wants to do stuff on climate change, which he can do unilaterally. he will overstep his authority. he has got an agenda but the domestic agenda. it's a liberal, it's a left wing agenda and that's his"
https://archive.org/details/FOXNEWSW_20150320_200000_Your_World_With_Neil_Cavuto#start/388/end/423,3/20/2015 20:06:43,FOXNEWS,Your World With Neil Cavuto,FOXNEWSW_20150320_200000_Your_World_With_Neil_Cavuto,https://archive.org/download/FOXNEWSW_20150320_200000_Your_World_With_Neil_Cavuto/FOXNEWSW_20150320_200000_Your_World_With_Neil_Cavuto.thumbs/FOXNEWSW_20150320_200000_Your_World_With_Neil_Cavuto_000375.jpg,"becoming the climate change knob and everything it else? oft of course not. the fact of the matter is we have seen similar situations before. the weather goes back and forth because the weather is nature's way of balancing out an imbalance it can never correct because of the design of the"
https://archive.org/details/FOXNEWSW_20150301_110000_FOX_and_Friends_Sunday#start/2254/end/2289,3/1/2015 11:37:49,FOXNEWS,FOX and Friends Sunday,FOXNEWSW_20150301_110000_FOX_and_Friends_Sunday,https://archive.org/download/FOXNEWSW_20150301_110000_FOX_and_Friends_Sunday/FOXNEWSW_20150301_110000_FOX_and_Friends_Sunday.thumbs/FOXNEWSW_20150301_110000_FOX_and_Friends_Sunday_002235.jpg,"climate change. that would be bold. i don't know. did they do anything with the inconvenient truth and al gore? no. what do you think? yeah, go to our facebook page. you can weigh you can weigh in. we'll put up that video again you can weigh in. tell us your thoughts funny or"
https://archive.org/details/FOXNEWSW_20150326_050000_Hannity#start/2985/end/3020,3/26/2015 5:50:00,FOXNEWS,Hannity,FOXNEWSW_20150326_050000_Hannity,https://archive.org/download/FOXNEWSW_20150326_050000_Hannity/FOXNEWSW_20150326_050000_Hannity.thumbs/FOXNEWSW_20150326_050000_Hannity_002865.jpg,"welcome back to 'hannity.' texas senator ted cruz was the first to officially announce he's running for president kicking off the road to 2016. and it didn't take long the mainstream liberal media and those on the left to attack him on everything from his stance on climate change to his latest announcement that he may be"
