﻿URL,MatchDateTime,Station,Show,IAShowID,IAPreviewThumb,Snippet
https://archive.org/details/FOXNEWSW_20121209_110000_FOX_and_Friends_Sunday#start/6506/end/6541,12/9/2012 12:48:41,FOXNEWS,FOX and Friends Sunday,FOXNEWSW_20121209_110000_FOX_and_Friends_Sunday,https://archive.org/download/FOXNEWSW_20121209_110000_FOX_and_Friends_Sunday/FOXNEWSW_20121209_110000_FOX_and_Friends_Sunday.thumbs/FOXNEWSW_20121209_110000_FOX_and_Friends_Sunday_006508.jpg,"world and it would be almost symbolic gesture in terms of global warming which is their theory and do nothing in terms of actually arresting the cause of global warming they attribute to greenhouse gas"
https://archive.org/details/FOXNEWSW_20121209_070000_Red_Eye#start/276/end/311,12/9/2012 7:04:51,FOXNEWS,Red Eye,FOXNEWSW_20121209_070000_Red_Eye,https://archive.org/download/FOXNEWSW_20121209_070000_Red_Eye/FOXNEWSW_20121209_070000_Red_Eye.thumbs/FOXNEWSW_20121209_070000_Red_Eye_000268.jpg,"stupid, brats. anyway, you know who still hasn't been told about climate change?"
https://archive.org/details/FOXNEWSW_20121206_080000_Red_Eye#start/272/end/307,12/6/2012 8:04:47,FOXNEWS,Red Eye,FOXNEWSW_20121206_080000_Red_Eye,https://archive.org/download/FOXNEWSW_20121206_080000_Red_Eye/FOXNEWSW_20121206_080000_Red_Eye.thumbs/FOXNEWSW_20121206_080000_Red_Eye_000267.jpg,"education to these entitled, stupid, brats. anyway, you know who still hasn't been told about climate change?"
https://archive.org/details/FOXNEWSW_20121204_210000_Your_World_With_Neil_Cavuto#start/2139/end/2174,12/4/2012 21:35:54,FOXNEWS,Your World With Neil Cavuto,FOXNEWSW_20121204_210000_Your_World_With_Neil_Cavuto,https://archive.org/download/FOXNEWSW_20121204_210000_Your_World_With_Neil_Cavuto/FOXNEWSW_20121204_210000_Your_World_With_Neil_Cavuto.thumbs/FOXNEWSW_20121204_210000_Your_World_With_Neil_Cavuto_002128.jpg,"1950s. we have had dramatic decrease in large or big tornadoes since the 1950's. hurricanes, dramatically down. drought, floods. the bottom line, they are even if we were talking about it, their solution is a carbon tax."
https://archive.org/details/FOXNEWSW_20121206_210000_Your_World_With_Neil_Cavuto#start/2271/end/2306,12/6/2012 21:38:06,FOXNEWS,Your World With Neil Cavuto,FOXNEWSW_20121206_210000_Your_World_With_Neil_Cavuto,https://archive.org/download/FOXNEWSW_20121206_210000_Your_World_With_Neil_Cavuto/FOXNEWSW_20121206_210000_Your_World_With_Neil_Cavuto.thumbs/FOXNEWSW_20121206_210000_Your_World_With_Neil_Cavuto_002247.jpg,"like you and your colleagues colleagues and your neighbors back on your feet. that's the first and foremost need. he could worry about plans later on, obviously. in regards to climate change,"
https://archive.org/details/FOXNEWSW_20121203_180000_America_Live#start/1033/end/1068,12/3/2012 18:17:28,FOXNEWS,America Live,FOXNEWSW_20121203_180000_America_Live,https://archive.org/download/FOXNEWSW_20121203_180000_America_Live/FOXNEWSW_20121203_180000_America_Live.thumbs/FOXNEWSW_20121203_180000_America_Live_001018.jpg,"change will affect them a great deal or moderate amount is up 42%. that is up. they believe that this will hurt you two generations. the american public seems to be with him on climate change and"
https://archive.org/details/FOXNEWSW_20121207_110000_FOX_and_Friends#start/5934/end/5969,12/7/2012 12:39:09,FOXNEWS,FOX and Friends,FOXNEWSW_20121207_110000_FOX_and_Friends,https://archive.org/download/FOXNEWSW_20121207_110000_FOX_and_Friends/FOXNEWSW_20121207_110000_FOX_and_Friends.thumbs/FOXNEWSW_20121207_110000_FOX_and_Friends_005908.jpg,"to see. so let's move on. weather wise. all right. there is a fellow by the name of lord monkton in the united kingdom and there he is right there. he went to the united nations meeting on climate change in"
https://archive.org/details/FOXNEWSW_20121207_070000_The_Five#start/536/end/571,12/7/2012 7:09:11,FOXNEWS,The Five,FOXNEWSW_20121207_070000_The_Five,https://archive.org/download/FOXNEWSW_20121207_070000_The_Five/FOXNEWSW_20121207_070000_The_Five.thumbs/FOXNEWSW_20121207_070000_The_Five_000537.jpg,"couldn't spend twice. obama could be a great foreign policy president if he pretended the enemies are rich americans. bob: you don't think there is waste in defense? greg: absolutely. i do think there is a waste of defense. dana: the waste in defense, climate change"
https://archive.org/details/FOXNEWSW_20121219_220000_The_Five#start/3559/end/3594,12/19/2012 22:59:34,FOXNEWS,The Five,FOXNEWSW_20121219_220000_The_Five,https://archive.org/download/FOXNEWSW_20121219_220000_The_Five/FOXNEWSW_20121219_220000_The_Five.thumbs/FOXNEWSW_20121219_220000_The_Five_003555.jpg,"carbon tax. this is crazy. it will cost america hundreds of billions of dollars. not to mention no proof of global warming. oh, no! that is it. kimberly: i have a quick video. time for this in russia."
https://archive.org/details/FOXNEWSW_20121220_070000_The_Five#start/3560/end/3595,12/20/2012 7:59:35,FOXNEWS,The Five,FOXNEWSW_20121220_070000_The_Five,https://archive.org/download/FOXNEWSW_20121220_070000_The_Five/FOXNEWSW_20121220_070000_The_Five.thumbs/FOXNEWSW_20121220_070000_The_Five_003555.jpg,"carbon tax. this is crazy. it will cost america hundreds of billions of dollars. not to mention no proof of global warming. oh, no! that is it. kimberly: i have a quick video. time for this in russia."
https://archive.org/details/FOXNEWSW_20121209_110000_FOX_and_Friends_Sunday#start/6353/end/6388,12/9/2012 12:46:08,FOXNEWS,FOX and Friends Sunday,FOXNEWSW_20121209_110000_FOX_and_Friends_Sunday,https://archive.org/download/FOXNEWSW_20121209_110000_FOX_and_Friends_Sunday/FOXNEWSW_20121209_110000_FOX_and_Friends_Sunday.thumbs/FOXNEWSW_20121209_110000_FOX_and_Friends_Sunday_006268.jpg,"secretary-general moon turning heads with this comment about global warming. saying, quote, the climate change phenomenon has by the development of the the industrial world and fair and responsible that the developed world should bear the responsibility for paying for"
https://archive.org/details/FOXNEWSW_20121209_110000_FOX_and_Friends_Sunday#start/6490/end/6525,12/9/2012 12:48:25,FOXNEWS,FOX and Friends Sunday,FOXNEWSW_20121209_110000_FOX_and_Friends_Sunday,https://archive.org/download/FOXNEWSW_20121209_110000_FOX_and_Friends_Sunday/FOXNEWSW_20121209_110000_FOX_and_Friends_Sunday.thumbs/FOXNEWSW_20121209_110000_FOX_and_Friends_Sunday_006478.jpg,"secretary-general was talking about, it actually wouldn't do anything in terms of greenhouse gas emissions because the growth in the greenhouse gas emissions is coming with the developing"
https://archive.org/details/FOXNEWSW_20121219_020000_Hannity#start/3423/end/3458,12/19/2012 2:57:18,FOXNEWS,Hannity,FOXNEWSW_20121219_020000_Hannity,https://archive.org/download/FOXNEWSW_20121219_020000_Hannity/FOXNEWSW_20121219_020000_Hannity.thumbs/FOXNEWSW_20121219_020000_Hannity_003405.jpg,"nicole. they fly in private jets and complain about suvs and greenhouse gases. they have armed guards, but then complain about people who arm themselves. it's the same thing that"
https://archive.org/details/FOXNEWSW_20121217_230000_Special_Report_With_Bret_Baier#start/2116/end/2151,12/17/2012 23:35:31,FOXNEWS,Special Report With Bret Baier,FOXNEWSW_20121217_230000_Special_Report_With_Bret_Baier,https://archive.org/download/FOXNEWSW_20121217_230000_Special_Report_With_Bret_Baier/FOXNEWSW_20121217_230000_Special_Report_With_Bret_Baier.thumbs/FOXNEWSW_20121217_230000_Special_Report_With_Bret_Baier_002115.jpg,"environmental groups fear exports would lead to more fracking more production of greenhouse gases. marquis and dow argue exports could be bad for the economy by raising prices at home. dow ceo says the report offers"
https://archive.org/details/FOXNEWSW_20121219_050000_Hannity#start/3424/end/3459,12/19/2012 5:57:19,FOXNEWS,Hannity,FOXNEWSW_20121219_050000_Hannity,https://archive.org/download/FOXNEWSW_20121219_050000_Hannity/FOXNEWSW_20121219_050000_Hannity.thumbs/FOXNEWSW_20121219_050000_Hannity_003405.jpg,"nicole. they fly in private jets and complain about suvs and greenhouse gases. they have armed guards, but then complain about people who arm themselves. it's the same thing that michael moore did when he came"
https://archive.org/details/FOXNEWSW_20121219_020000_Hannity#start/3563/end/3598,12/19/2012 2:59:38,FOXNEWS,Hannity,FOXNEWSW_20121219_020000_Hannity,https://archive.org/download/FOXNEWSW_20121219_020000_Hannity/FOXNEWSW_20121219_020000_Hannity.thumbs/FOXNEWSW_20121219_020000_Hannity_003555.jpg,"he wasn't complaining about it. sean: let me finish my thought. they shouldn't complain about -- they shouldn't have armed bodyguards. if they're complaining about people in suvs and greenhouse gases, get out of your private jet, michael moore, and lear jet"
https://archive.org/details/FOXNEWSW_20121219_050000_Hannity#start/3563/end/3598,12/19/2012 5:59:38,FOXNEWS,Hannity,FOXNEWSW_20121219_050000_Hannity,https://archive.org/download/FOXNEWSW_20121219_050000_Hannity/FOXNEWSW_20121219_050000_Hannity.thumbs/FOXNEWSW_20121219_050000_Hannity_003555.jpg,"about guns shouldn't have -- he wasn't complaining about it. sean: let me finish my thought. they shouldn't complain about -- they shodn't have armed bodyguards. if they're complaining about people in suvs and greenhouse gases, get out of your private jet, michael moore, and lear jet"
https://archive.org/details/FOXNEWSW_20121209_110000_FOX_and_Friends_Sunday#start/6522/end/6557,12/9/2012 12:48:57,FOXNEWS,FOX and Friends Sunday,FOXNEWSW_20121209_110000_FOX_and_Friends_Sunday,https://archive.org/download/FOXNEWSW_20121209_110000_FOX_and_Friends_Sunday/FOXNEWSW_20121209_110000_FOX_and_Friends_Sunday.thumbs/FOXNEWSW_20121209_110000_FOX_and_Friends_Sunday_006508.jpg,"activity. what do you think causes global warming? i think it's a very complicated issue, when you take a look at what the u.n. models that are projecting global warming do, when they use them to project climate, they can't replicate past"
https://archive.org/details/FOXNEWSW_20121205_180000_America_Live#start/299/end/334,12/5/2012 18:05:14,FOXNEWS,America Live,FOXNEWSW_20121205_180000_America_Live,https://archive.org/download/FOXNEWSW_20121205_180000_America_Live/FOXNEWSW_20121205_180000_America_Live.thumbs/FOXNEWSW_20121205_180000_America_Live_000298.jpg,"if someone wants to build a coal powerplant, it's just that they will be bankrupted because they will be charged huge huge sums for greenhouse gases being emitted. could he effectively do it through the epa now what he was unable to do a cap-and-trade? reporter: sure, that is right."
https://archive.org/details/FOXNEWSW_20121206_210000_Your_World_With_Neil_Cavuto#start/2208/end/2243,12/6/2012 21:37:03,FOXNEWS,Your World With Neil Cavuto,FOXNEWSW_20121206_210000_Your_World_With_Neil_Cavuto,https://archive.org/download/FOXNEWSW_20121206_210000_Your_World_With_Neil_Cavuto/FOXNEWSW_20121206_210000_Your_World_With_Neil_Cavuto.thumbs/FOXNEWSW_20121206_210000_Your_World_With_Neil_Cavuto_002187.jpg,"but enough about me. progress on the food front there. and that whole fiscal cliff thing notwithstanding, let us go to a -- another disjointed politician. new york mayor michael bloomburg who now says we have to get to the bottom of global"
https://archive.org/details/FOXNEWSW_20121229_170000_Americas_News_Headquarters#start/755/end/790,12/29/2012 17:12:50,FOXNEWS,Americas News Headquarters,FOXNEWSW_20121229_170000_Americas_News_Headquarters,https://archive.org/download/FOXNEWSW_20121229_170000_Americas_News_Headquarters/FOXNEWSW_20121229_170000_Americas_News_Headquarters.thumbs/FOXNEWSW_20121229_170000_Americas_News_Headquarters_000735.jpg,"state department . they need to make sure that people are doing the jobs and it is not a matter of the funding. they have misplased priority . want to fund global climate"
https://archive.org/details/FOXNEWSW_20121221_080000_Red_Eye#start/192/end/227,12/21/2012 8:03:27,FOXNEWS,Red Eye,FOXNEWSW_20121221_080000_Red_Eye,https://archive.org/download/FOXNEWSW_20121221_080000_Red_Eye/FOXNEWSW_20121221_080000_Red_Eye.thumbs/FOXNEWSW_20121221_080000_Red_Eye_000165.jpg,"for the market thanks to the affects of global warming. you see pigs hunt truffles,"
https://archive.org/details/FOXNEWSW_20121229_160000_Forbes_on_FOX#start/129/end/164,12/29/2012 16:02:24,FOXNEWS,Forbes on FOX,FOXNEWSW_20121229_160000_Forbes_on_FOX,https://archive.org/download/FOXNEWSW_20121229_160000_Forbes_on_FOX/FOXNEWSW_20121229_160000_Forbes_on_FOX.thumbs/FOXNEWSW_20121229_160000_Forbes_on_FOX_000105.jpg,"like it or not, the majority of americans believe that global warming is an issue. we need to develop clear energy sources. fossil fuels may be a"
https://archive.org/details/FOXNEWSW_20121208_160000_Forbes_on_FOX#start/1424/end/1459,12/8/2012 16:23:59,FOXNEWS,Forbes on FOX,FOXNEWSW_20121208_160000_Forbes_on_FOX,https://archive.org/download/FOXNEWSW_20121208_160000_Forbes_on_FOX/FOXNEWSW_20121208_160000_Forbes_on_FOX.thumbs/FOXNEWSW_20121208_160000_Forbes_on_FOX_001408.jpg,"nothing since 1998 . so to blame sandy on global warming is a real stretch . also unseemly about talking about spending money and sandy victims are in the cold now."
https://archive.org/details/FOXNEWSW_20121208_160000_Forbes_on_FOX#start/1393/end/1428,12/8/2012 16:23:28,FOXNEWS,Forbes on FOX,FOXNEWSW_20121208_160000_Forbes_on_FOX,https://archive.org/download/FOXNEWSW_20121208_160000_Forbes_on_FOX/FOXNEWSW_20121208_160000_Forbes_on_FOX.thumbs/FOXNEWSW_20121208_160000_Forbes_on_FOX_001378.jpg,"mike bloomburg not mincing words linking sandep to global warming. rich, you are concerned that they will use it to spend money. ralm emmanuel had a famous phrase working with president"
https://archive.org/details/FOXNEWSW_20121221_220000_The_Five#start/1664/end/1699,12/21/2012 22:27:59,FOXNEWS,The Five,FOXNEWSW_20121221_220000_The_Five,https://archive.org/download/FOXNEWSW_20121221_220000_The_Five/FOXNEWSW_20121221_220000_The_Five.thumbs/FOXNEWSW_20121221_220000_The_Five_001665.jpg,"real impact of man-made global warming, extreme. if you think bloated government is overdone. extreme. if you hold to any specific principle grounded in what your ground parents called"
https://archive.org/details/FOXNEWSW_20121203_180000_America_Live#start/1213/end/1248,12/3/2012 18:20:28,FOXNEWS,America Live,FOXNEWSW_20121203_180000_America_Live,https://archive.org/download/FOXNEWSW_20121203_180000_America_Live/FOXNEWSW_20121203_180000_America_Live.thumbs/FOXNEWSW_20121203_180000_America_Live_001198.jpg,"that. but they say we can't do anything about global warming or missions that people appear to care about. so what is barack obama to do the. megyn: frankly, i am a not"
https://archive.org/details/FOXNEWSW_20121205_180000_America_Live#start/49/end/84,12/5/2012 18:01:04,FOXNEWS,America Live,FOXNEWSW_20121205_180000_America_Live,https://archive.org/download/FOXNEWSW_20121205_180000_America_Live/FOXNEWSW_20121205_180000_America_Live.thumbs/FOXNEWSW_20121205_180000_America_Live_000028.jpg,"new pressure on president obama to take bold action on the controversial issue of global warming. welcome to 'america live', i am megyn kelly. the nrdc has issued a groundbreaking proposal to cut"
https://archive.org/details/FOXNEWSW_20121224_200000_Stossel#start/3282/end/3317,12/24/2012 20:54:57,FOXNEWS,Stossel,FOXNEWSW_20121224_200000_Stossel,https://archive.org/download/FOXNEWSW_20121224_200000_Stossel/FOXNEWSW_20121224_200000_Stossel.thumbs/FOXNEWSW_20121224_200000_Stossel_003075.jpg,"world. the media does lots of complaining. unemployment is high. so is the debt. iran is working on bombs. global warming could kill us. libertarians are skeptical about that but the debt is rising."
https://archive.org/details/FOXNEWSW_20121209_110000_FOX_and_Friends_Sunday#start/6444/end/6479,12/9/2012 12:47:39,FOXNEWS,FOX and Friends Sunday,FOXNEWSW_20121209_110000_FOX_and_Friends_Sunday,https://archive.org/download/FOXNEWSW_20121209_110000_FOX_and_Friends_Sunday/FOXNEWSW_20121209_110000_FOX_and_Friends_Sunday.thumbs/FOXNEWSW_20121209_110000_FOX_and_Friends_Sunday_006418.jpg,"developing countries in the developing world, china and india in particular are actually the source of most of the increasing greenhouse fasts that we've seen in recent years and the united states is at a level of greenhouse gas emissions it hasn't been at in over a decade. so, partially due to our own"
https://archive.org/details/FOXNEWSW_20121208_160000_Forbes_on_FOX#start/1473/end/1508,12/8/2012 16:24:48,FOXNEWS,Forbes on FOX,FOXNEWSW_20121208_160000_Forbes_on_FOX,https://archive.org/download/FOXNEWSW_20121208_160000_Forbes_on_FOX/FOXNEWSW_20121208_160000_Forbes_on_FOX.thumbs/FOXNEWSW_20121208_160000_Forbes_on_FOX_001468.jpg,"global warming but how to help them in the cold. it is it a cynicical act. war is the health of the state and national are the statates oxygen. reality climate is constantly changing and using that as an"
https://archive.org/details/FOXNEWSW_20121211_070000_The_Five#start/1161/end/1196,12/11/2012 7:19:36,FOXNEWS,The Five,FOXNEWSW_20121211_070000_The_Five,https://archive.org/download/FOXNEWSW_20121211_070000_The_Five/FOXNEWSW_20121211_070000_The_Five.thumbs/FOXNEWSW_20121211_070000_The_Five_001138.jpg,"freddie addressing the fiscal cliff in detroit is going to mercury to address global warming. it's hot there. only obama could declare the auto bail-out a success. that is like hurricane sandy is a mess."
https://archive.org/details/FOXNEWSW_20121206_230000_Special_Report_With_Bret_Baier#start/1435/end/1470,12/6/2012 23:24:10,FOXNEWS,Special Report With Bret Baier,FOXNEWSW_20121206_230000_Special_Report_With_Bret_Baier,https://archive.org/download/FOXNEWSW_20121206_230000_Special_Report_With_Bret_Baier/FOXNEWSW_20121206_230000_Special_Report_With_Bret_Baier.thumbs/FOXNEWSW_20121206_230000_Special_Report_With_Bret_Baier_001408.jpg,"in washington is on the looming fiscal cliff. president obama administration is quietly handing over billions of dollars to the united nations in the name of global warming. that was the opening salvo of a recorded message that was"
https://archive.org/details/FOXNEWSW_20121213_080000_Red_Eye#start/104/end/139,12/13/2012 8:01:59,FOXNEWS,Red Eye,FOXNEWSW_20121213_080000_Red_Eye,https://archive.org/download/FOXNEWSW_20121213_080000_Red_Eye/FOXNEWSW_20121213_080000_Red_Eye.thumbs/FOXNEWSW_20121213_080000_Red_Eye_000088.jpg,"you want to show up for work -- -- i want to show up unbuttoned. it is not the only thing unbuttoned right now, pal. are you disgusting. she is so warm that global warming is panicking about"
https://archive.org/details/FOXNEWSW_20121230_060000_Stossel#start/3292/end/3327,12/30/2012 6:55:07,FOXNEWS,Stossel,FOXNEWSW_20121230_060000_Stossel,https://archive.org/download/FOXNEWSW_20121230_060000_Stossel/FOXNEWSW_20121230_060000_Stossel.thumbs/FOXNEWSW_20121230_060000_Stossel_003105.jpg,"the media does lots of complaining. unemployment is high. so is the debt. iran is working on bombs. global warming could kill us. libertarians are skeptical about that but the debt is rising. there is too much regulation."
https://archive.org/details/FOXNEWSW_20121210_220000_The_Five#start/1161/end/1196,12/10/2012 22:19:36,FOXNEWS,The Five,FOXNEWSW_20121210_220000_The_Five,https://archive.org/download/FOXNEWSW_20121210_220000_The_Five/FOXNEWSW_20121210_220000_The_Five.thumbs/FOXNEWSW_20121210_220000_The_Five_001140.jpg,"freddie addressing the fiscal cliff in detroit is going to mercury to address global warming. it's hot there. only obama could declare the auto bail-out a success. that is like hurricane sandy is a mess."
https://archive.org/details/FOXNEWSW_20121228_040000_The_OReilly_Factor#start/1440/end/1475,12/28/2012 4:24:15,FOXNEWS,The OReilly Factor,FOXNEWSW_20121228_040000_The_OReilly_Factor,https://archive.org/download/FOXNEWSW_20121228_040000_The_OReilly_Factor/FOXNEWSW_20121228_040000_The_OReilly_Factor.thumbs/FOXNEWSW_20121228_040000_The_OReilly_Factor_001425.jpg,"strong. republicans haven't seen a president this strong since fdr. i think the president is going be aggressive and try to push his agenda. carbon tax? we know that we will see a"
https://archive.org/details/FOXNEWSW_20121208_160000_Forbes_on_FOX#start/1570/end/1605,12/8/2012 16:26:25,FOXNEWS,Forbes on FOX,FOXNEWSW_20121208_160000_Forbes_on_FOX,https://archive.org/download/FOXNEWSW_20121208_160000_Forbes_on_FOX/FOXNEWSW_20121208_160000_Forbes_on_FOX.thumbs/FOXNEWSW_20121208_160000_Forbes_on_FOX_001558.jpg,"revenue. journalist do it >> but there is it a lot more talk about a carbon tax. no. gang, thank you . we'll have more coming up. forget buying gadgets like these for christmas."
https://archive.org/details/FOXNEWSW_20121201_153000_Cavuto_on_Business#start/1467/end/1502,12/1/2012 15:54:42,FOXNEWS,Cavuto on Business,FOXNEWSW_20121201_153000_Cavuto_on_Business,https://archive.org/download/FOXNEWSW_20121201_153000_Cavuto_on_Business/FOXNEWSW_20121201_153000_Cavuto_on_Business.thumbs/FOXNEWSW_20121201_153000_Cavuto_on_Business_001467.jpg,"i hope people in africa and others resist it, they're embracing capitalism and coming on stronger and stronger, and i hope you-- the more you embrace capitalism the more global warming there'll be. we accept that part. well, but i don't want to"
https://archive.org/details/FOXNEWSW_20121219_030000_Greta_Van_Susteren#start/0/end/33,12/19/2012 3:00:13,FOXNEWS,Greta Van Susteren,FOXNEWSW_20121219_030000_Greta_Van_Susteren,https://archive.org/download/FOXNEWSW_20121219_030000_Greta_Van_Susteren/FOXNEWSW_20121219_030000_Greta_Van_Susteren.thumbs/FOXNEWSW_20121219_030000_Greta_Van_Susteren_000045.jpg,"talking about global warming? let's talk about jamie foxx. yeah, okay. he's a hypocrite. how is he a hypocrite? he says this film does -- he did not say that. yes, he did. he did not say that. he said there's an influence in"
https://archive.org/details/FOXNEWSW_20121210_140000_Americas_Newsroom#start/6889/end/6924,12/10/2012 15:55:04,FOXNEWS,Americas Newsroom,FOXNEWSW_20121210_140000_Americas_Newsroom,https://archive.org/download/FOXNEWSW_20121210_140000_Americas_Newsroom/FOXNEWSW_20121210_140000_Americas_Newsroom.thumbs/FOXNEWSW_20121210_140000_Americas_Newsroom_006868.jpg,"reporter: this is the story about solar that you don't often hear. for years state and federal officials threw tax money at solar to stop global warming. we were told it is clean and cheap. some in california are finding"
https://archive.org/details/FOXNEWSW_20121219_110000_FOX_and_Friends#start/4239/end/4274,12/19/2012 12:10:54,FOXNEWS,FOX and Friends,FOXNEWSW_20121219_110000_FOX_and_Friends,https://archive.org/download/FOXNEWSW_20121219_110000_FOX_and_Friends/FOXNEWSW_20121219_110000_FOX_and_Friends.thumbs/FOXNEWSW_20121219_110000_FOX_and_Friends_004215.jpg,"the administration must give updates every 60 days. proof global warming is real? model kate upton is so hot, she's making the icebergs melt? brian: yep. gretchen: now for commentary action brian and steve. here she is and all the crew."
https://archive.org/details/FOXNEWSW_20121206_220000_The_Five#start/546/end/581,12/6/2012 22:09:21,FOXNEWS,The Five,FOXNEWSW_20121206_220000_The_Five,https://archive.org/download/FOXNEWSW_20121206_220000_The_Five/FOXNEWSW_20121206_220000_The_Five.thumbs/FOXNEWSW_20121206_220000_The_Five_000537.jpg,"defense. dana: the waste in defense, climate change programs that they have to do. eric: greg pointed out things that are important. listen to the genius, howard"
https://archive.org/details/FOXNEWSW_20121208_160000_Forbes_on_FOX#start/1144/end/1179,12/8/2012 16:19:19,FOXNEWS,Forbes on FOX,FOXNEWSW_20121208_160000_Forbes_on_FOX,https://archive.org/download/FOXNEWSW_20121208_160000_Forbes_on_FOX/FOXNEWSW_20121208_160000_Forbes_on_FOX.thumbs/FOXNEWSW_20121208_160000_Forbes_on_FOX_001138.jpg,"is impact of climate change. we need to rebuild and rethink our infrastructure. hurricane sandy victims are still in the cold. are lawmakers using the super"
https://archive.org/details/FOXNEWSW_20121228_110000_FOX_and_Friends#start/10104/end/10139,12/28/2012 13:48:39,FOXNEWS,FOX and Friends,FOXNEWSW_20121228_110000_FOX_and_Friends,https://archive.org/download/FOXNEWSW_20121228_110000_FOX_and_Friends/FOXNEWSW_20121228_110000_FOX_and_Friends.thumbs/FOXNEWSW_20121228_110000_FOX_and_Friends_010095.jpg,"they've admitted to me in court of having 7300 e-mails discuss ago carbon tax which they won't discuss with me quietly said he'll pursue other opportunities. scrutiny doesn't do the most transparent administration ever many favors."
https://archive.org/details/FOXNEWSW_20121208_160000_Forbes_on_FOX#start/1554/end/1589,12/8/2012 16:26:09,FOXNEWS,Forbes on FOX,FOXNEWSW_20121208_160000_Forbes_on_FOX,https://archive.org/download/FOXNEWSW_20121208_160000_Forbes_on_FOX/FOXNEWSW_20121208_160000_Forbes_on_FOX.thumbs/FOXNEWSW_20121208_160000_Forbes_on_FOX_001528.jpg,"and we'll say it was a trend. it was not a trend. it may not be a factual trend but it is politicalal and sandy will turn it into a carbon tax. they use disasters to increase"
https://archive.org/details/FOXNEWSW_20121210_110000_FOX_and_Friends#start/2795/end/2830,12/10/2012 11:46:50,FOXNEWS,FOX and Friends,FOXNEWSW_20121210_110000_FOX_and_Friends,https://archive.org/download/FOXNEWSW_20121210_110000_FOX_and_Friends/FOXNEWSW_20121210_110000_FOX_and_Friends.thumbs/FOXNEWSW_20121210_110000_FOX_and_Friends_002787.jpg,"understand the carbon tax. producers of things that go up in the sky have to pay extra. that's right. every consume yer businesses pay more . so as we are just beginning to come out of the recession."
https://archive.org/details/FOXNEWSW_20121204_210000_Your_World_With_Neil_Cavuto#start/2011/end/2046,12/4/2012 21:33:46,FOXNEWS,Your World With Neil Cavuto,FOXNEWSW_20121204_210000_Your_World_With_Neil_Cavuto,https://archive.org/download/FOXNEWSW_20121204_210000_Your_World_With_Neil_Cavuto/FOXNEWSW_20121204_210000_Your_World_With_Neil_Cavuto.thumbs/FOXNEWSW_20121204_210000_Your_World_With_Neil_Cavuto_002008.jpg,"effects of climate change. neil: and my guest on, well, whether that is fair to throw that into the mix. guest: well, these are cheap political points because there"
https://archive.org/details/FOXNEWSW_20121209_070000_Red_Eye#start/238/end/273,12/9/2012 7:04:13,FOXNEWS,Red Eye,FOXNEWSW_20121209_070000_Red_Eye,https://archive.org/download/FOXNEWSW_20121209_070000_Red_Eye/FOXNEWSW_20121209_070000_Red_Eye.thumbs/FOXNEWSW_20121209_070000_Red_Eye_000238.jpg,"they recoil at oil. they won't rest until their schools divest. they want to get rid of any oil and gas stocks to fight climate change or at least"
https://archive.org/details/FOXNEWSW_20121201_153000_Cavuto_on_Business#start/1297/end/1332,12/1/2012 15:51:52,FOXNEWS,Cavuto on Business,FOXNEWSW_20121201_153000_Cavuto_on_Business,https://archive.org/download/FOXNEWSW_20121201_153000_Cavuto_on_Business/FOXNEWSW_20121201_153000_Cavuto_on_Business.thumbs/FOXNEWSW_20121201_153000_Cavuto_on_Business_001287.jpg,"pow wowing this week and using super storm sandy the reason why. and countries could pay up to 100 billion dollar to finance a green climate funds and help the poor nations fight global warming and one of the u.s. top scientists saying the is"
https://archive.org/details/FOXNEWSW_20121201_153000_Cavuto_on_Business#start/1421/end/1456,12/1/2012 15:53:56,FOXNEWS,Cavuto on Business,FOXNEWSW_20121201_153000_Cavuto_on_Business,https://archive.org/download/FOXNEWSW_20121201_153000_Cavuto_on_Business/FOXNEWSW_20121201_153000_Cavuto_on_Business.thumbs/FOXNEWSW_20121201_153000_Cavuto_on_Business_001407.jpg,"global warming, but-- , but who knows? what can you do about it? you know, i don't think you can do that much about it unless you want to be industrialized china and india and the developing countries. that's the thing. two things going on, a"
https://archive.org/details/FOXNEWSW_20121204_210000_Your_World_With_Neil_Cavuto#start/2174/end/2209,12/4/2012 21:36:29,FOXNEWS,Your World With Neil Cavuto,FOXNEWSW_20121204_210000_Your_World_With_Neil_Cavuto,https://archive.org/download/FOXNEWSW_20121204_210000_Your_World_With_Neil_Cavuto/FOXNEWSW_20121204_210000_Your_World_With_Neil_Cavuto.thumbs/FOXNEWSW_20121204_210000_Your_World_With_Neil_Cavuto_002158.jpg,"year is what washington is drooling over at the moment. if they can use sandy and exploit the victims and tush science on its head and try to claim that global warming caused sandy they will do it to get 'serious money' of $125 billion"
https://archive.org/details/FOXNEWSW_20121219_060000_Greta_Van_Susteren#start/0/end/35,12/19/2012 6:00:15,FOXNEWS,Greta Van Susteren,FOXNEWSW_20121219_060000_Greta_Van_Susteren,https://archive.org/download/FOXNEWSW_20121219_060000_Greta_Van_Susteren/FOXNEWSW_20121219_060000_Greta_Van_Susteren.thumbs/FOXNEWSW_20121219_060000_Greta_Van_Susteren_000045.jpg,"talking about global warming? let's talk about jamie foxx. yeah, okay. he's a hypocrite. how is he a hypocrite? he says this film does -- he did not say that. yes, he did. he did not say that. he said there's an influence in our society."
https://archive.org/details/FOXNEWSW_20121201_153000_Cavuto_on_Business#start/1373/end/1408,12/1/2012 15:53:08,FOXNEWS,Cavuto on Business,FOXNEWSW_20121201_153000_Cavuto_on_Business,https://archive.org/download/FOXNEWSW_20121201_153000_Cavuto_on_Business/FOXNEWSW_20121201_153000_Cavuto_on_Business.thumbs/FOXNEWSW_20121201_153000_Cavuto_on_Business_001347.jpg,"were quoting. with all due respect to you, ben, as you like to say, i'll go with the scientists over your opinion on global warming, this is someone who studies it for a living. and there are many who have a very different point of"
https://archive.org/details/FOXNEWSW_20121230_080000_Huckabee#start/1660/end/1695,12/30/2012 8:27:55,FOXNEWS,Huckabee,FOXNEWSW_20121230_080000_Huckabee,https://archive.org/download/FOXNEWSW_20121230_080000_Huckabee/FOXNEWSW_20121230_080000_Huckabee.thumbs/FOXNEWSW_20121230_080000_Huckabee_001635.jpg,"mexico, in other countries where they don't have emission standards. that is the crown jewel of all regulations. it is the most expensive one. and it is one that is based on the assumption that the catastrophic global warming is taking place, and it is due to"
https://archive.org/details/FOXNEWSW_20121204_210000_Your_World_With_Neil_Cavuto#start/2156/end/2191,12/4/2012 21:36:11,FOXNEWS,Your World With Neil Cavuto,FOXNEWSW_20121204_210000_Your_World_With_Neil_Cavuto,https://archive.org/download/FOXNEWSW_20121204_210000_Your_World_With_Neil_Cavuto/FOXNEWSW_20121204_210000_Your_World_With_Neil_Cavuto.thumbs/FOXNEWSW_20121204_210000_Your_World_With_Neil_Cavuto_002128.jpg,"their solution are epa regulations and a carbon tax is fund to be useful in addressing climate issues. however as the 'washington post' notes in an editorial a few weeks ago it will 'bring in serious money' $125 billion a"
https://archive.org/details/FOXNEWSW_20121220_020000_Hannity#start/587/end/622,12/20/2012 2:10:02,FOXNEWS,Hannity,FOXNEWSW_20121220_020000_Hannity,https://archive.org/download/FOXNEWSW_20121220_020000_Hannity/FOXNEWSW_20121220_020000_Hannity.thumbs/FOXNEWSW_20121220_020000_Hannity_000585.jpg,"they claim the tax increes have no impact. why are they in favor of a cigarette tax? a carbon tax? lowering the corporate tax? they recognize, if you tax cigarettes, people will smoke less. if you tax carbon, people will"
https://archive.org/details/FOXNEWSW_20121220_050000_Hannity#start/587/end/622,12/20/2012 5:10:02,FOXNEWS,Hannity,FOXNEWSW_20121220_050000_Hannity,https://archive.org/download/FOXNEWSW_20121220_050000_Hannity/FOXNEWSW_20121220_050000_Hannity.thumbs/FOXNEWSW_20121220_050000_Hannity_000585.jpg,"they claim the tax increes have no impact. why are they in favor of a cigarette tax? a carbon tax? lowering the corporate tax? they recognize, if you tax cigarettes, people will smoke less. if you tax carbon, people will"
https://archive.org/details/FOXNEWSW_20121228_010000_The_OReilly_Factor#start/1451/end/1486,12/28/2012 1:24:26,FOXNEWS,The OReilly Factor,FOXNEWSW_20121228_010000_The_OReilly_Factor,https://archive.org/download/FOXNEWSW_20121228_010000_The_OReilly_Factor/FOXNEWSW_20121228_010000_The_OReilly_Factor.thumbs/FOXNEWSW_20121228_010000_The_OReilly_Factor_001425.jpg,"his agenda. carbon tax? we know that we will see a lot. he committed to trying to do something meaningful in the deficit. laura: did you you say meaningful in the deficit. wait a second. i have an audio problem. a what?"
https://archive.org/details/FOXNEWSW_20121201_153000_Cavuto_on_Business#start/1390/end/1425,12/1/2012 15:53:25,FOXNEWS,Cavuto on Business,FOXNEWSW_20121201_153000_Cavuto_on_Business,https://archive.org/download/FOXNEWSW_20121201_153000_Cavuto_on_Business/FOXNEWSW_20121201_153000_Cavuto_on_Business.thumbs/FOXNEWSW_20121201_153000_Cavuto_on_Business_001377.jpg,"view. there are a million of people who study it. adam, the consensus has not been met among scientists on this issue or that it actually plays a part in the global warming phenomenon they've come up with somehow, so you should probably know that there is not a collective"
https://archive.org/details/FOXNEWSW_20121209_110000_FOX_and_Friends_Sunday#start/6414/end/6449,12/9/2012 12:47:09,FOXNEWS,FOX and Friends Sunday,FOXNEWSW_20121209_110000_FOX_and_Friends_Sunday,https://archive.org/download/FOXNEWSW_20121209_110000_FOX_and_Friends_Sunday/FOXNEWSW_20121209_110000_FOX_and_Friends_Sunday.thumbs/FOXNEWSW_20121209_110000_FOX_and_Friends_Sunday_006388.jpg,"economy, and jobs. especially in this down turn of the economy. right, and you know, the united states and other industriallized countries have taken great efforts to minimize the amount of air pollution which could be leading to global warming or not the. and they have regulations in place. if the--"
https://archive.org/details/FOXNEWSW_20121204_210000_Your_World_With_Neil_Cavuto#start/1980/end/2015,12/4/2012 21:33:15,FOXNEWS,Your World With Neil Cavuto,FOXNEWSW_20121204_210000_Your_World_With_Neil_Cavuto,https://archive.org/download/FOXNEWSW_20121204_210000_Your_World_With_Neil_Cavuto/FOXNEWSW_20121204_210000_Your_World_With_Neil_Cavuto.thumbs/FOXNEWSW_20121204_210000_Your_World_With_Neil_Cavuto_001978.jpg,"the impact of climate change and the increasing intensity of informs and the varied storms, the breadth of a storm like sandy and we have to rebuild and rethink our infrastructure in"
https://archive.org/details/FOXNEWSW_20121218_160000_Happening_Now#start/4146/end/4181,12/18/2012 17:09:21,FOXNEWS,Happening Now,FOXNEWSW_20121218_160000_Happening_Now,https://archive.org/download/FOXNEWSW_20121218_160000_Happening_Now/FOXNEWSW_20121218_160000_Happening_Now.thumbs/FOXNEWSW_20121218_160000_Happening_Now_004125.jpg,"one point running an ad in that campaign firing a rifle at a climate change bill, you know, i mean, this is a guy that ran touting his gun-owning and"
https://archive.org/details/FOXNEWSW_20121224_200000_Stossel#start/47/end/82,12/24/2012 20:01:02,FOXNEWS,Stossel,FOXNEWSW_20121224_200000_Stossel,https://archive.org/download/FOXNEWSW_20121224_200000_Stossel/FOXNEWSW_20121224_200000_Stossel.thumbs/FOXNEWSW_20121224_200000_Stossel_000045.jpg,"right now. biological attack is possible. swine flu panic grips the nation. climate change is killing people. the media says life is horrible. poverty has reached new depths. but the media missed the big"
https://archive.org/details/FOXNEWSW_20121230_060000_Stossel#start/53/end/88,12/30/2012 6:01:08,FOXNEWS,Stossel,FOXNEWSW_20121230_060000_Stossel,https://archive.org/download/FOXNEWSW_20121230_060000_Stossel/FOXNEWSW_20121230_060000_Stossel.thumbs/FOXNEWSW_20121230_060000_Stossel_000045.jpg,"right now. biological attack is possible. swine flu panic grips the nation. climate change is killing people. the media says life is horrible. poverty has reached new depths. but the media missed the big"
https://archive.org/details/FOXNEWSW_20121230_010000_Huckabee#start/1731/end/1766,12/30/2012 1:29:06,FOXNEWS,Huckabee,FOXNEWSW_20121230_010000_Huckabee,https://archive.org/download/FOXNEWSW_20121230_010000_Huckabee/FOXNEWSW_20121230_010000_Huckabee.thumbs/FOXNEWSW_20121230_010000_Huckabee_001725.jpg,"endangerment finding, you have to have it based on science. what science would you use? she said, we would use the united nations the inter governmental panel on climate change. it cooperate have been"
https://archive.org/details/FOXNEWSW_20121204_210000_Your_World_With_Neil_Cavuto#start/2057/end/2092,12/4/2012 21:34:32,FOXNEWS,Your World With Neil Cavuto,FOXNEWSW_20121204_210000_Your_World_With_Neil_Cavuto,https://archive.org/download/FOXNEWSW_20121204_210000_Your_World_With_Neil_Cavuto/FOXNEWSW_20121204_210000_Your_World_With_Neil_Cavuto.thumbs/FOXNEWSW_20121204_210000_Your_World_With_Neil_Cavuto_002038.jpg,"the bank is setting the same for a carbon tax here in washington, dc. that is what they are trying, the treasury, is trying to do and there is fear that even republicans are going to do it as a revenue neutral part of tax reform."
https://archive.org/details/FOXNEWSW_20121228_090000_The_OReilly_Factor#start/1446/end/1481,12/28/2012 9:24:21,FOXNEWS,The OReilly Factor,FOXNEWSW_20121228_090000_The_OReilly_Factor,https://archive.org/download/FOXNEWSW_20121228_090000_The_OReilly_Factor/FOXNEWSW_20121228_090000_The_OReilly_Factor.thumbs/FOXNEWSW_20121228_090000_The_OReilly_Factor_001425.jpg,"president this strong since fdr. i think the president is going be aggressive and try to push his agenda. carbon tax? we know that we will see a lot. he committed to trying to do something meaningful in the deficit. laura: did you you say"
https://archive.org/details/FOXNEWSW_20121230_010000_Huckabee#start/1670/end/1705,12/30/2012 1:28:05,FOXNEWS,Huckabee,FOXNEWSW_20121230_010000_Huckabee,https://archive.org/download/FOXNEWSW_20121230_010000_Huckabee/FOXNEWSW_20121230_010000_Huckabee.thumbs/FOXNEWSW_20121230_010000_Huckabee_001665.jpg,"and it is one that is based on the assumption that the catastrophic global warming is taking place, and it is due to man made gases. the people of this country know better. you know, senator, to be able to do that, it would be an outrage to most of us who"
https://archive.org/details/FOXNEWSW_20121231_080000_Huckabee#start/1665/end/1700,12/31/2012 8:28:00,FOXNEWS,Huckabee,FOXNEWSW_20121231_080000_Huckabee,https://archive.org/download/FOXNEWSW_20121231_080000_Huckabee/FOXNEWSW_20121231_080000_Huckabee.thumbs/FOXNEWSW_20121231_080000_Huckabee_001665.jpg,"standards. that is the crown jewel of all regulations. it is the most expensive one. and it is one that is based on the assumption that the catastrophic global warming is taking place, and it is due to man made gases. the people of this country know better. you know, senator, to be"
https://archive.org/details/FOXNEWSW_20121231_040000_Huckabee#start/1665/end/1700,12/31/2012 4:28:00,FOXNEWS,Huckabee,FOXNEWSW_20121231_040000_Huckabee,https://archive.org/download/FOXNEWSW_20121231_040000_Huckabee/FOXNEWSW_20121231_040000_Huckabee.thumbs/FOXNEWSW_20121231_040000_Huckabee_001665.jpg,"standards. that is the crown jewel of all regulations. it is the most expensive one. and it is one that is based on the assumption that the catastrophic global warming is taking place, and it is due to man made gases. the people of this country know better. you know, senator, to be"
https://archive.org/details/FOXNEWSW_20121207_110000_FOX_and_Friends#start/5950/end/5985,12/7/2012 12:39:25,FOXNEWS,FOX and Friends,FOXNEWSW_20121207_110000_FOX_and_Friends,https://archive.org/download/FOXNEWSW_20121207_110000_FOX_and_Friends/FOXNEWSW_20121207_110000_FOX_and_Friends.thumbs/FOXNEWSW_20121207_110000_FOX_and_Friends_005938.jpg,"qatar. brian: his problem was his message. he doesn't think the climate is changing. he says i've been going here, we've been doing this for 16 years, nothing is happening. we're not listening to the other side. so everyone took notes and they learned from that and global warming is indeed wrong."
https://archive.org/details/FOXNEWSW_20121228_110000_FOX_and_Friends#start/2386/end/2421,12/28/2012 11:40:01,FOXNEWS,FOX and Friends,FOXNEWSW_20121228_110000_FOX_and_Friends,https://archive.org/download/FOXNEWSW_20121228_110000_FOX_and_Friends/FOXNEWSW_20121228_110000_FOX_and_Friends.thumbs/FOXNEWSW_20121228_110000_FOX_and_Friends_002385.jpg,"industry leaders and issues of climate change . power plant and key stone pipe line, head of epa, lisa jackson announced she is stepping down. is this a victory for american business? stewart varney is here to weigh in."
https://archive.org/details/FOXNEWSW_20121227_200000_Studio_B_With_Shepard_Smith#start/1129/end/1164,12/27/2012 20:19:04,FOXNEWS,Studio B With Shepard Smith,FOXNEWSW_20121227_200000_Studio_B_With_Shepard_Smith,https://archive.org/download/FOXNEWSW_20121227_200000_Studio_B_With_Shepard_Smith/FOXNEWSW_20121227_200000_Studio_B_With_Shepard_Smith.thumbs/FOXNEWSW_20121227_200000_Studio_B_With_Shepard_Smith_001125.jpg,"for taking steps to protect our air and water, helping to combat climate change and passing new fuel economy standards. republican lawmakers and industrial groups often accused her and the epa of killing jobs, making it harder for american"
https://archive.org/details/FOXNEWSW_20121206_230000_Special_Report_With_Bret_Baier#start/1342/end/1377,12/6/2012 23:22:37,FOXNEWS,Special Report With Bret Baier,FOXNEWSW_20121206_230000_Special_Report_With_Bret_Baier,https://archive.org/download/FOXNEWSW_20121206_230000_Special_Report_With_Bret_Baier/FOXNEWSW_20121206_230000_Special_Report_With_Bret_Baier.thumbs/FOXNEWSW_20121206_230000_Special_Report_With_Bret_Baier_001318.jpg,"electricity to keep the trees and the lights burning. now that the aelection is over new attention is paid to what president obama will do about energy, climate change and carbon emissions. here is correspondent shannon"
https://archive.org/details/FOXNEWSW_20121208_160000_Forbes_on_FOX#start/1374/end/1409,12/8/2012 16:23:09,FOXNEWS,Forbes on FOX,FOXNEWSW_20121208_160000_Forbes_on_FOX,https://archive.org/download/FOXNEWSW_20121208_160000_Forbes_on_FOX/FOXNEWSW_20121208_160000_Forbes_on_FOX.thumbs/FOXNEWSW_20121208_160000_Forbes_on_FOX_001198.jpg,"climate change is a city wide challenge and not just a coastal challenge. we have to reexamine all of our major infrastructure in leist sandy and how to modernize it in order to protect it >> new york city                 _"
https://archive.org/details/FOXNEWSW_20121230_080000_Huckabee#start/1738/end/1773,12/30/2012 8:29:13,FOXNEWS,Huckabee,FOXNEWSW_20121230_080000_Huckabee,https://archive.org/download/FOXNEWSW_20121230_080000_Huckabee/FOXNEWSW_20121230_080000_Huckabee.thumbs/FOXNEWSW_20121230_080000_Huckabee_001725.jpg,"united nations, the inter governmental panel on climate change. it cooperate have been better -- it couldn't have been better timing. you talk about poetic justice, governor, it was a matter of days that clay mat gate came"
https://archive.org/details/FOXNEWSW_20121208_190000_The_Journal_Editorial_Report#start/349/end/384,12/8/2012 19:06:04,FOXNEWS,The Journal Editorial Report,FOXNEWSW_20121208_190000_The_Journal_Editorial_Report,https://archive.org/download/FOXNEWSW_20121208_190000_The_Journal_Editorial_Report/FOXNEWSW_20121208_190000_The_Journal_Editorial_Report.thumbs/FOXNEWSW_20121208_190000_The_Journal_Editorial_Report_000327.jpg,"are going to have to hit the middle class. a number of ways to do that, one is a vat tax, a carbon tax on energy and another is raising income rates on everyone, and if he can blame that on republicans, this might be the way to get na"
https://archive.org/details/FOXNEWSW_20121205_180000_America_Live#start/238/end/273,12/5/2012 18:04:13,FOXNEWS,America Live,FOXNEWSW_20121205_180000_America_Live,https://archive.org/download/FOXNEWSW_20121205_180000_America_Live/FOXNEWSW_20121205_180000_America_Live.thumbs/FOXNEWSW_20121205_180000_America_Live_000238.jpg,"may join with republicans to push back the epa. in all likelihood, the president found the sweet spot where he can go out there and his team can go out there and really crack down on carbon emissions and deal with global warming, but do it in a way that doesn't require approval. megyn: what happens if you"
https://archive.org/details/FOXNEWSW_20121208_160000_Forbes_on_FOX#start/1505/end/1540,12/8/2012 16:25:20,FOXNEWS,Forbes on FOX,FOXNEWSW_20121208_160000_Forbes_on_FOX,https://archive.org/download/FOXNEWSW_20121208_160000_Forbes_on_FOX/FOXNEWSW_20121208_160000_Forbes_on_FOX.thumbs/FOXNEWSW_20121208_160000_Forbes_on_FOX_001498.jpg,"bloomburg is it trying to be some what sensible in saying we have to build and be smart about it i have no doubt that politicians including bloomburg will use it as a climate change moment and ask for funds toward research and"
https://archive.org/details/FOXNEWSW_20121211_080000_Red_Eye#start/748/end/783,12/11/2012 8:12:43,FOXNEWS,Red Eye,FOXNEWSW_20121211_080000_Red_Eye,https://archive.org/download/FOXNEWSW_20121211_080000_Red_Eye/FOXNEWSW_20121211_080000_Red_Eye.thumbs/FOXNEWSW_20121211_080000_Red_Eye_000747.jpg,"60s talking about starvation. we figured that out. there are problems i myself have solved. we have clearly solved starvation. we have solved climate change. i did that myself. i am right. i am telling you -- if it weren't for the"
https://archive.org/details/FOXNEWSW_20121220_010000_The_OReilly_Factor#start/1968/end/2003,12/20/2012 1:33:03,FOXNEWS,The OReilly Factor,FOXNEWSW_20121220_010000_The_OReilly_Factor,https://archive.org/download/FOXNEWSW_20121220_010000_The_OReilly_Factor/FOXNEWSW_20121220_010000_The_OReilly_Factor.thumbs/FOXNEWSW_20121220_010000_The_OReilly_Factor_001965.jpg,"passing climate change. immigration reform. a whole host of things. he could lose seats in the next election. that is very much a panelm. with joe biden coming back as the president with recommendations slows things down and further it gets away"
https://archive.org/details/FOXNEWSW_20121227_160000_Happening_Now#start/5780/end/5815,12/27/2012 17:36:35,FOXNEWS,Happening Now,FOXNEWSW_20121227_160000_Happening_Now,https://archive.org/download/FOXNEWSW_20121227_160000_Happening_Now/FOXNEWSW_20121227_160000_Happening_Now.thumbs/FOXNEWSW_20121227_160000_Happening_Now_005775.jpg,"security. now, the state department is going to say, well, they need more money. nowhere does it say that they need more money. the american people know that the state department wouldn't be wasting money on global climate change or culinary diplomacy,"
https://archive.org/details/FOXNEWSW_20121227_220000_The_Five#start/1895/end/1930,12/27/2012 22:31:50,FOXNEWS,The Five,FOXNEWSW_20121227_220000_The_Five,https://archive.org/download/FOXNEWSW_20121227_220000_The_Five/FOXNEWSW_20121227_220000_The_Five.thumbs/FOXNEWSW_20121227_220000_The_Five_001875.jpg,"administration. presidential appointees. greg: i don't think anyone is misled. blame this on fog of communication. if you link benghazi to climate change they'd pay attention. a new phrase, here it is. pulling a benghazi. this is defineed by ineptitude"
https://archive.org/details/FOXNEWSW_20121228_070000_The_Five#start/1892/end/1927,12/28/2012 7:31:47,FOXNEWS,The Five,FOXNEWSW_20121228_070000_The_Five,https://archive.org/download/FOXNEWSW_20121228_070000_The_Five/FOXNEWSW_20121228_070000_The_Five.thumbs/FOXNEWSW_20121228_070000_The_Five_001875.jpg,"same b.v. the obama administration? this is the obama administration. presidential appointees. greg: i don't think anyone is misled. blame this on fog of communication. if you link benghazi to climate change they'd pay attention. a new phrase, here it is."
https://archive.org/details/FOXNEWSW_20121231_080000_Huckabee#start/1742/end/1777,12/31/2012 8:29:17,FOXNEWS,Huckabee,FOXNEWSW_20121231_080000_Huckabee,https://archive.org/download/FOXNEWSW_20121231_080000_Huckabee/FOXNEWSW_20121231_080000_Huckabee.thumbs/FOXNEWSW_20121231_080000_Huckabee_001725.jpg,"governmental panel on climate change. it cooperate have been better -- it couldn't have been better timing. you talk about poetic justice, governor, it was a matter of days that clay mat gate came in. remember climate gate? it shows without a shadow of"
https://archive.org/details/FOXNEWSW_20121231_040000_Huckabee#start/1742/end/1777,12/31/2012 4:29:17,FOXNEWS,Huckabee,FOXNEWSW_20121231_040000_Huckabee,https://archive.org/download/FOXNEWSW_20121231_040000_Huckabee/FOXNEWSW_20121231_040000_Huckabee.thumbs/FOXNEWSW_20121231_040000_Huckabee_001725.jpg,"governmental panel on climate change. it cooperate have been better -- it couldn't have been better timing. you talk about poetic justice, governor, it was a matter of days that clay mat gate came in. remember climate gate? it shows without a shadow of"
https://archive.org/details/FOXNEWSW_20121207_110000_FOX_and_Friends#start/5281/end/5316,12/7/2012 12:28:16,FOXNEWS,FOX and Friends,FOXNEWSW_20121207_110000_FOX_and_Friends,https://archive.org/download/FOXNEWSW_20121207_110000_FOX_and_Friends/FOXNEWSW_20121207_110000_FOX_and_Friends.thumbs/FOXNEWSW_20121207_110000_FOX_and_Friends_005278.jpg,"we wish you the best, and a wonderful life together. thank you. gretchen: what a wonderful story. congratulations. thanks. gretchen: coming up on 'fox & friends,' a summit on climate change to debate its effects and by debate, we mean only one"
https://archive.org/details/FOXNEWSW_20121206_080000_Red_Eye#start/1906/end/1941,12/6/2012 8:32:01,FOXNEWS,Red Eye,FOXNEWSW_20121206_080000_Red_Eye,https://archive.org/download/FOXNEWSW_20121206_080000_Red_Eye/FOXNEWSW_20121206_080000_Red_Eye.thumbs/FOXNEWSW_20121206_080000_Red_Eye_001887.jpg,"companies after no research which it appears they didn't do much of is immature and irresponsible. i will stick by that. so no climate change whatsoever as far as you are concerned? joy still to this day there is not a consensus among scientists .  _"
https://archive.org/details/FOXNEWSW_20121220_040000_The_OReilly_Factor#start/1959/end/1994,12/20/2012 4:32:54,FOXNEWS,The OReilly Factor,FOXNEWSW_20121220_040000_The_OReilly_Factor,https://archive.org/download/FOXNEWSW_20121220_040000_The_OReilly_Factor/FOXNEWSW_20121220_040000_The_OReilly_Factor.thumbs/FOXNEWSW_20121220_040000_The_OReilly_Factor_001935.jpg,"number of battles last election tough one. an awful lot on the president's plate. if he gets into bruising brawl that could cost him democratic little that could be tough for passing climate change. immigration reform. a whole host of things. he could lose seats in the"
https://archive.org/details/FOXNEWSW_20121209_070000_Red_Eye#start/48/end/83,12/9/2012 7:01:03,FOXNEWS,Red Eye,FOXNEWSW_20121209_070000_Red_Eye,https://archive.org/download/FOXNEWSW_20121209_070000_Red_Eye/FOXNEWSW_20121209_070000_Red_Eye.thumbs/FOXNEWSW_20121209_070000_Red_Eye_000028.jpg,"divest from oil, gas and coal stocks in an effort to fight climate change. will the schools listen? if this wasn't a tease i would tell you that no they won't. and did a judge order a dead beat father of nine to stop"
https://archive.org/details/FOXNEWSW_20121223_170000_Americas_News_Headquarters#start/621/end/656,12/23/2012 17:10:36,FOXNEWS,Americas News Headquarters,FOXNEWSW_20121223_170000_Americas_News_Headquarters,https://archive.org/download/FOXNEWSW_20121223_170000_Americas_News_Headquarters/FOXNEWSW_20121223_170000_Americas_News_Headquarters.thumbs/FOXNEWSW_20121223_170000_Americas_News_Headquarters_000615.jpg,"take a closer look at the money on the climate change. culinary diplomacy programs and other projects what do you say to that? there are plenty of places we could make cuts. one of those areas is not in the security for the various"
https://archive.org/details/FOXNEWSW_20121223_170000_Americas_News_Headquarters#start/666/end/701,12/23/2012 17:11:21,FOXNEWS,Americas News Headquarters,FOXNEWSW_20121223_170000_Americas_News_Headquarters,https://archive.org/download/FOXNEWSW_20121223_170000_Americas_News_Headquarters/FOXNEWSW_20121223_170000_Americas_News_Headquarters.thumbs/FOXNEWSW_20121223_170000_Americas_News_Headquarters_000645.jpg,"this year in afghanistan and not including the security for the state department or the usaid. that's on the military side. we need to shift resources around. with regard to climate change, this is a real issue. we need to deal with that with"
https://archive.org/details/FOXNEWSW_20121201_153000_Cavuto_on_Business#start/1481/end/1516,12/1/2012 15:54:56,FOXNEWS,Cavuto on Business,FOXNEWSW_20121201_153000_Cavuto_on_Business,https://archive.org/download/FOXNEWSW_20121201_153000_Cavuto_on_Business/FOXNEWSW_20121201_153000_Cavuto_on_Business.thumbs/FOXNEWSW_20121201_153000_Cavuto_on_Business_001467.jpg,"get in an argument about climate change and all, but we do go through weather patterns in cycles and i can remember at a kid when we had huge storms every other day and i was a kid a decade ago. i guess to your point, adam,"
https://archive.org/details/FOXNEWSW_20121201_210000_Americas_News_Headquarters#start/3375/end/3410,12/1/2012 21:56:30,FOXNEWS,Americas News Headquarters,FOXNEWSW_20121201_210000_Americas_News_Headquarters,https://archive.org/download/FOXNEWSW_20121201_210000_Americas_News_Headquarters/FOXNEWSW_20121201_210000_Americas_News_Headquarters.thumbs/FOXNEWSW_20121201_210000_Americas_News_Headquarters_003357.jpg,"it's been very important people going to very important meetings around the world and this is not just true on israel-palestinian, it's on iran, it's climate change and all these other crisis. it's a lot of photo op stuff and no real changing of factors that"
https://archive.org/details/FOXNEWSW_20121206_080000_Red_Eye#start/248/end/283,12/6/2012 8:04:23,FOXNEWS,Red Eye,FOXNEWSW_20121206_080000_Red_Eye,https://archive.org/download/FOXNEWSW_20121206_080000_Red_Eye/FOXNEWSW_20121206_080000_Red_Eye.thumbs/FOXNEWSW_20121206_080000_Red_Eye_000237.jpg,"climate change or at least raise awareness. students interviewed by the new york times say they are taking a page from protesters in the 1980s who pressured schools into divesting from companies that did business with south africa's uh par tied regime. and while two tiny colleges"
https://archive.org/details/FOXNEWSW_20121209_070000_Red_Eye#start/1910/end/1945,12/9/2012 7:32:05,FOXNEWS,Red Eye,FOXNEWSW_20121209_070000_Red_Eye,https://archive.org/download/FOXNEWSW_20121209_070000_Red_Eye/FOXNEWSW_20121209_070000_Red_Eye.thumbs/FOXNEWSW_20121209_070000_Red_Eye_001888.jpg,"companies after no research which it appears they didn't do much of is immature and irresponsible. i will stick by that. so no climate change whatsoever as far as you are concerned? joy still to this day there is not a consensus among scientists . if you ever hear the president"
https://archive.org/details/FOXNEWSW_20121220_090000_The_OReilly_Factor#start/1970/end/2005,12/20/2012 9:33:05,FOXNEWS,The OReilly Factor,FOXNEWSW_20121220_090000_The_OReilly_Factor,https://archive.org/download/FOXNEWSW_20121220_090000_The_OReilly_Factor/FOXNEWSW_20121220_090000_The_OReilly_Factor.thumbs/FOXNEWSW_20121220_090000_The_OReilly_Factor_001965.jpg,"passing climate change. immigration reform. a whole host of things. he could lose seats in the next election. that is very much a problem. so this business of the panel with joe biden coming back as the president with recommendations slows things down and further it gets away"
https://archive.org/details/FOXNEWSW_20121209_110000_FOX_and_Friends_Sunday#start/6132/end/6167,12/9/2012 12:42:27,FOXNEWS,FOX and Friends Sunday,FOXNEWSW_20121209_110000_FOX_and_Friends_Sunday,https://archive.org/download/FOXNEWSW_20121209_110000_FOX_and_Friends_Sunday/FOXNEWSW_20121209_110000_FOX_and_Friends_Sunday.thumbs/FOXNEWSW_20121209_110000_FOX_and_Friends_Sunday_006118.jpg,"that. mike: we're going to be millionaires. clayton: coming up on the show, the united nations demanding more money from rich nations. now, ne want to pay for climate change. more on that outrage coming up next. mike: and then she was the star of the show until her"
https://archive.org/details/FOXNEWSW_20121206_210000_Your_World_With_Neil_Cavuto#start/2255/end/2290,12/6/2012 21:37:50,FOXNEWS,Your World With Neil Cavuto,FOXNEWSW_20121206_210000_Your_World_With_Neil_Cavuto,https://archive.org/download/FOXNEWSW_20121206_210000_Your_World_With_Neil_Cavuto/FOXNEWSW_20121206_210000_Your_World_With_Neil_Cavuto.thumbs/FOXNEWSW_20121206_210000_Your_World_With_Neil_Cavuto_002247.jpg,"they think about the big fish and not the little fish. what he is saying is sandy is representative of climate change and we have to do something about it. that might or might not be the case. i don't think it matters here. i do think it is getting folks"
https://archive.org/details/FOXNEWSW_20121210_140000_Americas_Newsroom#start/1541/end/1576,12/10/2012 14:25:56,FOXNEWS,Americas Newsroom,FOXNEWSW_20121210_140000_Americas_Newsroom,https://archive.org/download/FOXNEWSW_20121210_140000_Americas_Newsroom/FOXNEWSW_20121210_140000_Americas_Newsroom.thumbs/FOXNEWSW_20121210_140000_Americas_Newsroom_001528.jpg,"i'm a snow fan. bill: listen, going up to 57 degrees today. all this talk about climate change, i think it is underrated. i'm just saying it is, just for now. i mean we're going to get it in january. martha: i like winter to be winter. bill: we'll get cold days in"
https://archive.org/details/FOXNEWSW_20121206_080000_Red_Eye#start/38/end/73,12/6/2012 8:00:53,FOXNEWS,Red Eye,FOXNEWSW_20121206_080000_Red_Eye,https://archive.org/download/FOXNEWSW_20121206_080000_Red_Eye/FOXNEWSW_20121206_080000_Red_Eye.thumbs/FOXNEWSW_20121206_080000_Red_Eye_000027.jpg,"our pre game report. he is my heather locklear. what is coming up on tonight's show? our top story tonight, college students across the country ask their schools to divest from oil, gas and coal stocks in an effort to fight climate change. will the schools listen? if this wasn't a tease i would"
