﻿URL,MatchDateTime,Station,Show,IAShowID,IAPreviewThumb,Snippet
https://archive.org/details/FOXNEWS_20101015_210000_Glenn_Beck#start/615/end/650,10/15/2010 21:10:30,FOXNEWS,Glenn Beck,FOXNEWS_20101015_210000_Glenn_Beck,https://archive.org/download/FOXNEWS_20101015_210000_Glenn_Beck/FOXNEWS_20101015_210000_Glenn_Beck.thumbs/FOXNEWS_20101015_210000_Glenn_Beck_000596.jpg,"glenn: yet, there were no suvs. this is ridiculous. right. the real climate change deniers are not the people who deny manmade climate change, they assert manmade climate"
https://archive.org/details/FOXNEWS_20101016_190000_Glenn_Beck#start/622/end/657,10/16/2010 19:10:37,FOXNEWS,Glenn Beck,FOXNEWS_20101016_190000_Glenn_Beck,https://archive.org/download/FOXNEWS_20101016_190000_Glenn_Beck/FOXNEWS_20101016_190000_Glenn_Beck.thumbs/FOXNEWS_20101016_190000_Glenn_Beck_000600.jpg,"glenn: yet, there were no suvs. this is ridiculous. right. the real climate change deniers are not the people who deny manmade climate change, they assert manmade climate"
https://archive.org/details/FOXNEWS_20101016_060000_Glenn_Beck#start/620/end/655,10/16/2010 6:10:35,FOXNEWS,Glenn Beck,FOXNEWS_20101016_060000_Glenn_Beck,https://archive.org/download/FOXNEWS_20101016_060000_Glenn_Beck/FOXNEWS_20101016_060000_Glenn_Beck.thumbs/FOXNEWS_20101016_060000_Glenn_Beck_000596.jpg,"yeah. glenn: yet, there were no suvs. this is ridiculous. right. the real climate change deniers are not the people who deny manmade climate change, they assert manmade climate"
https://archive.org/details/FOXNEWS_20101028_040000_Hannity#start/1626/end/1661,10/28/2010 4:27:21,FOXNEWS,Hannity,FOXNEWS_20101028_040000_Hannity,https://archive.org/download/FOXNEWS_20101028_040000_Hannity/FOXNEWS_20101028_040000_Hannity.thumbs/FOXNEWS_20101028_040000_Hannity_001614.jpg,"the cap and tack bill. didn't he support a carbon tax in your state? yes, sir, he did. he came right you when obama very early announced how we were gonna have cap and trade governor manchin did support the carbon tax."
https://archive.org/details/FOXNEWS_20101009_180000_The_Journal_Editorial_Report#start/988/end/1023,10/9/2010 18:16:43,FOXNEWS,The Journal Editorial Report,FOXNEWS_20101009_180000_The_Journal_Editorial_Report,https://archive.org/download/FOXNEWS_20101009_180000_The_Journal_Editorial_Report/FOXNEWS_20101009_180000_The_Journal_Editorial_Report.thumbs/FOXNEWS_20101009_180000_The_Journal_Editorial_Report_000990.jpg,"shackles for the purists. we've got to go. all right. speaking as one of purists, when we come back, the school reform goes to the left and al gore's global warming movie"
https://archive.org/details/FOXNEWS_20101010_030000_The_Journal_Editorial_Report#start/1143/end/1178,10/10/2010 3:19:18,FOXNEWS,The Journal Editorial Report,FOXNEWS_20101010_030000_The_Journal_Editorial_Report,https://archive.org/download/FOXNEWS_20101010_030000_The_Journal_Editorial_Report/FOXNEWS_20101010_030000_The_Journal_Editorial_Report.thumbs/FOXNEWS_20101010_030000_The_Journal_Editorial_Report_001020.jpg,"into the future. paul: the school reform movement is getting a big boost from a self described lifelong liberal. david guggenheim the award winning director behind al gore's global warming dock me"
https://archive.org/details/FOXNEWS_20101019_150000_Happening_Now#start/254/end/289,10/19/2010 15:04:29,FOXNEWS,Happening Now,FOXNEWS_20101019_150000_Happening_Now,https://archive.org/download/FOXNEWS_20101019_150000_Happening_Now/FOXNEWS_20101019_150000_Happening_Now.thumbs/FOXNEWS_20101019_150000_Happening_Now_000236.jpg,"is the environmental policies of president obama. man chen has been running an ad where he takes a deer rifle and shots a hole through a copy of the president's global warming legislation, jenna."
https://archive.org/details/FOXNEWS_20101006_210000_Glenn_Beck#start/635/end/670,10/6/2010 21:10:50,FOXNEWS,Glenn Beck,FOXNEWS_20101006_210000_Glenn_Beck,https://archive.org/download/FOXNEWS_20101006_210000_Glenn_Beck/FOXNEWS_20101006_210000_Glenn_Beck.thumbs/FOXNEWS_20101006_210000_Glenn_Beck_000630.jpg,"the means. they're saving the planet. in june of last year, liberal blog site tpm posted an article and quickly had to take it down when people started to protest that read, 'at what point do we jail or execute global warming"
https://archive.org/details/FOXNEWS_20101019_190000_Studio_B_With_Shepard_Smith#start/2838/end/2873,10/19/2010 19:47:33,FOXNEWS,Studio B With Shepard Smith,FOXNEWS_20101019_190000_Studio_B_With_Shepard_Smith,https://archive.org/download/FOXNEWS_20101019_190000_Studio_B_With_Shepard_Smith/FOXNEWS_20101019_190000_Studio_B_With_Shepard_Smith.thumbs/FOXNEWS_20101019_190000_Studio_B_With_Shepard_Smith_002813.jpg,"approve of what he is doing as governor but he is running behind in the senate race. and he has been trying to separate hill self from president obama saying he would work to repeal part of the health care legislation and fight against global warming"
https://archive.org/details/FOXNEWS_20101019_130000_Americas_Newsroom#start/138/end/173,10/19/2010 13:02:33,FOXNEWS,Americas Newsroom,FOXNEWS_20101019_130000_Americas_Newsroom,https://archive.org/download/FOXNEWS_20101019_130000_Americas_Newsroom/FOXNEWS_20101019_130000_Americas_Newsroom.thumbs/FOXNEWS_20101019_130000_Americas_Newsroom_000116.jpg,"work to repeal part of the president's health care legislation and fight against cap-and-trade. and, in fact, joe manchin has been running an ad and takes a deere rifle and shoots a hole through the copy of the president's global warming legislation. bill."
https://archive.org/details/FOXNEWS_20101016_190000_Glenn_Beck#start/563/end/598,10/16/2010 19:09:38,FOXNEWS,Glenn Beck,FOXNEWS_20101016_190000_Glenn_Beck,https://archive.org/download/FOXNEWS_20101016_190000_Glenn_Beck/FOXNEWS_20101016_190000_Glenn_Beck.thumbs/FOXNEWS_20101016_190000_Glenn_Beck_000540.jpg,"another example of the alarm that they're trying to use. they refer in chapter three again to massive climate changes. now, you've looked at this enough. when we first met at the first international conference on climate change."
https://archive.org/details/FOXNEWS_20101016_060000_Glenn_Beck#start/560/end/595,10/16/2010 6:09:35,FOXNEWS,Glenn Beck,FOXNEWS_20101016_060000_Glenn_Beck,https://archive.org/download/FOXNEWS_20101016_060000_Glenn_Beck/FOXNEWS_20101016_060000_Glenn_Beck.thumbs/FOXNEWS_20101016_060000_Glenn_Beck_000536.jpg,"another example of the alarm that they're trying to use. they refer in chapter three again to massive climate changes. now, you've looked at this enough. when we first met at the first international conference on climate change."
https://archive.org/details/FOXNEWS_20101015_210000_Glenn_Beck#start/556/end/591,10/15/2010 21:09:31,FOXNEWS,Glenn Beck,FOXNEWS_20101015_210000_Glenn_Beck,https://archive.org/download/FOXNEWS_20101015_210000_Glenn_Beck/FOXNEWS_20101015_210000_Glenn_Beck.thumbs/FOXNEWS_20101015_210000_Glenn_Beck_000536.jpg,"another example of the alarm that they're trying to use. they refer in chapter three again to massive climate changes. now, you've looked at this enough. when we first met at the first international conference on climate change. glenn: yep."
https://archive.org/details/FOXNEWS_20101004_170000_America_Live#start/2133/end/2168,10/4/2010 17:35:48,FOXNEWS,America Live,FOXNEWS_20101004_170000_America_Live,https://archive.org/download/FOXNEWS_20101004_170000_America_Live/FOXNEWS_20101004_170000_America_Live.thumbs/FOXNEWS_20101004_170000_America_Live_002130.jpg,"on the economy. we will work with the president on immigration, energy and other policies that are interesting to him but we are going to work on what the people want. megyn: he'll have to focus on energy, climate change and"
https://archive.org/details/FOXNEWS_20101005_220000_Special_Report_With_Bret_Baier#start/3130/end/3165,10/5/2010 22:52:25,FOXNEWS,Special Report With Bret Baier,FOXNEWS_20101005_220000_Special_Report_With_Bret_Baier,https://archive.org/download/FOXNEWS_20101005_220000_Special_Report_With_Bret_Baier/FOXNEWS_20101005_220000_Special_Report_With_Bret_Baier.thumbs/FOXNEWS_20101005_220000_Special_Report_With_Bret_Baier_003120.jpg,"as opposed to some sort of comprehensive omnibus legislation, but we are going to stay on this because it's good for our economy and good for the national security and good for the environment.' back with the panel. steve? solar panel, climate change"
https://archive.org/details/FOXNEWS_20101007_060000_Glenn_Beck#start/1501/end/1536,10/7/2010 6:25:16,FOXNEWS,Glenn Beck,FOXNEWS_20101007_060000_Glenn_Beck,https://archive.org/download/FOXNEWS_20101007_060000_Glenn_Beck/FOXNEWS_20101007_060000_Glenn_Beck.thumbs/FOXNEWS_20101007_060000_Glenn_Beck_001470.jpg,"deeply suffering child, i would be the first to put a pillow over its face, as i would with any suffering thing. i think the difference is -- glenn: 'with any suffering thing.' i want to show you an ad that's now running in new york for climate change."
https://archive.org/details/FOXNEWS_20101004_130000_Americas_Newsroom#start/954/end/989,10/4/2010 13:16:09,FOXNEWS,Americas Newsroom,FOXNEWS_20101004_130000_Americas_Newsroom,https://archive.org/download/FOXNEWS_20101004_130000_Americas_Newsroom/FOXNEWS_20101004_130000_Americas_Newsroom.thumbs/FOXNEWS_20101004_130000_Americas_Newsroom_000930.jpg,"the democrats have the margins they did, imagine this one. let's keep in mind, there's a lame duck session of congress that has to happen after the november elections, with the current congress coming back to vote on the bush tax cuts. that's going to be very interesting to see huh that plays out. bill: climate change is out"
https://archive.org/details/FOXNEWS_20101005_070000_Red_Eye#start/2443/end/2478,10/5/2010 7:40:58,FOXNEWS,Red Eye,FOXNEWS_20101005_070000_Red_Eye,https://archive.org/download/FOXNEWS_20101005_070000_Red_Eye/FOXNEWS_20101005_070000_Red_Eye.thumbs/FOXNEWS_20101005_070000_Red_Eye_002430.jpg,"the greenhouse gases. if they knew that, it would be the greatest thing ever. bill, isn't there a direct link? when they do something successful there is a cigar."
https://archive.org/details/FOXNEWS_20101004_130000_Americas_Newsroom#start/4153/end/4188,10/4/2010 14:09:28,FOXNEWS,Americas Newsroom,FOXNEWS_20101004_130000_Americas_Newsroom,https://archive.org/download/FOXNEWS_20101004_130000_Americas_Newsroom/FOXNEWS_20101004_130000_Americas_Newsroom.thumbs/FOXNEWS_20101004_130000_Americas_Newsroom_004140.jpg,"look i'm a democrat and a proud democrat and i will not be to the left of barack obama and will put kentucky first. martha: conway says he opposes the president on cap-and-trade legislation, to encourage businesses to reduce greenhouse"
https://archive.org/details/FOXNEWS_20101011_210000_Glenn_Beck#start/1482/end/1517,10/11/2010 21:24:57,FOXNEWS,Glenn Beck,FOXNEWS_20101011_210000_Glenn_Beck,https://archive.org/download/FOXNEWS_20101011_210000_Glenn_Beck/FOXNEWS_20101011_210000_Glenn_Beck.thumbs/FOXNEWS_20101011_210000_Glenn_Beck_001470.jpg,"after that they said the united nations would end all war. then nuclear war. we spent all that time worried about being vaporized by people. then nuclear winter and global warming and then population explosion. now it's global warming. it's always something."
https://archive.org/details/FOXNEWS_20101004_170000_America_Live#start/1252/end/1287,10/4/2010 17:21:07,FOXNEWS,America Live,FOXNEWS_20101004_170000_America_Live,https://archive.org/download/FOXNEWS_20101004_170000_America_Live/FOXNEWS_20101004_170000_America_Live.thumbs/FOXNEWS_20101004_170000_America_Live_001230.jpg,"gunman. he was on the news ranting about the lack of coverage, he wanted to kill people. there are a lot of crazies up there to get people jazzed up about harming people. intellectually the global"
https://archive.org/details/FOXNEWS_20101028_010000_Hannity#start/1627/end/1662,10/28/2010 1:27:22,FOXNEWS,Hannity,FOXNEWS_20101028_010000_Hannity,https://archive.org/download/FOXNEWS_20101028_010000_Hannity/FOXNEWS_20101028_010000_Hannity.thumbs/FOXNEWS_20101028_010000_Hannity_001615.jpg,"didn't he support a carbon tax in your state? yes, sir, he did. he came right you when obama very early announced how we were gonna have cap and trade governor manchin did support the carbon tax. here in west virginia we have"
https://archive.org/details/FOXNEWS_20101004_100000_FOX_and_Friends#start/5572/end/5607,10/4/2010 11:33:07,FOXNEWS,FOX and Friends,FOXNEWS_20101004_100000_FOX_and_Friends,https://archive.org/download/FOXNEWS_20101004_100000_FOX_and_Friends/FOXNEWS_20101004_100000_FOX_and_Friends.thumbs/FOXNEWS_20101004_100000_FOX_and_Friends_005550.jpg,"disagree of the direction. the muslims seem to be former nasa people as opposed to current. maybe they want their jobs. yeah, they want to protect their paychecks. one of the things that nasa does, though, climate change. they're talking all about climate change and in fact, after saudi arabia, he went to"
https://archive.org/details/FOXNEWS_20101012_060000_Glenn_Beck#start/1493/end/1528,10/12/2010 6:25:08,FOXNEWS,Glenn Beck,FOXNEWS_20101012_060000_Glenn_Beck,https://archive.org/download/FOXNEWS_20101012_060000_Glenn_Beck/FOXNEWS_20101012_060000_Glenn_Beck.thumbs/FOXNEWS_20101012_060000_Glenn_Beck_001465.jpg,"now it's global warming. it's always something. why? because of this! so somebody has to save the whole jar. that is the problem."
https://archive.org/details/FOXNEWS_20101002_070000_Red_Eye#start/141/end/176,10/2/2010 7:02:36,FOXNEWS,Red Eye,FOXNEWS_20101002_070000_Red_Eye,https://archive.org/download/FOXNEWS_20101002_070000_Red_Eye/FOXNEWS_20101002_070000_Red_Eye.thumbs/FOXNEWS_20101002_070000_Red_Eye_000116.jpg,"the picture show that had to go. it is a four-minute flick called 'no pressure' created by a british it echo freak called 10-10 who wants everyone to cut their greenhouse gas emission biz 10% in a year."
https://archive.org/details/FOXNEWS_20101004_170000_America_Live#start/1188/end/1223,10/4/2010 17:20:03,FOXNEWS,America Live,FOXNEWS_20101004_170000_America_Live,https://archive.org/download/FOXNEWS_20101004_170000_America_Live/FOXNEWS_20101004_170000_America_Live.thumbs/FOXNEWS_20101004_170000_America_Live_001170.jpg,"for in your umburg-style trials for global warming skep sticks. there has been a strain here to silence skeptics including tom freidman because one party rule"
https://archive.org/details/FOXNEWS_20101030_190000_Glenn_Beck#start/1752/end/1787,10/30/2010 19:29:27,FOXNEWS,Glenn Beck,FOXNEWS_20101030_190000_Glenn_Beck,https://archive.org/download/FOXNEWS_20101030_190000_Glenn_Beck/FOXNEWS_20101030_190000_Glenn_Beck.thumbs/FOXNEWS_20101030_190000_Glenn_Beck_001734.jpg,"important to remember an issue like global warming is very important and which party is going to fund it in ways to help people around the world."
https://archive.org/details/FOXNEWS_20101010_100000_The_Journal_Editorial_Report#start/991/end/1026,10/10/2010 10:16:46,FOXNEWS,The Journal Editorial Report,FOXNEWS_20101010_100000_The_Journal_Editorial_Report,https://archive.org/download/FOXNEWS_20101010_100000_The_Journal_Editorial_Report/FOXNEWS_20101010_100000_The_Journal_Editorial_Report.thumbs/FOXNEWS_20101010_100000_The_Journal_Editorial_Report_000990.jpg,"speaking as one of purists, when we come back, the school reform goes to the left and al gore's global warming movie 'inconvenient truth', in this."
https://archive.org/details/FOXNEWS_20101010_030000_The_Journal_Editorial_Report#start/43/end/78,10/10/2010 3:00:58,FOXNEWS,The Journal Editorial Report,FOXNEWS_20101010_030000_The_Journal_Editorial_Report,https://archive.org/download/FOXNEWS_20101010_030000_The_Journal_Editorial_Report/FOXNEWS_20101010_030000_The_Journal_Editorial_Report.thumbs/FOXNEWS_20101010_030000_The_Journal_Editorial_Report_000030.jpg,"education reform what an inconvenient truth did for global warming? we'll ask the director of both films, next. welcome to the journal editorial report i'm paul"
https://archive.org/details/FOXNEWS_20101015_210000_Glenn_Beck#start/2629/end/2664,10/15/2010 21:44:04,FOXNEWS,Glenn Beck,FOXNEWS_20101015_210000_Glenn_Beck,https://archive.org/download/FOXNEWS_20101015_210000_Glenn_Beck/FOXNEWS_20101015_210000_Glenn_Beck.thumbs/FOXNEWS_20101015_210000_Glenn_Beck_002604.jpg,"what do you do? i was called to testify on global warming. i'm an expert on that stuff. in that, i can look at scientific data and reach"
https://archive.org/details/FOXNEWS_20101004_170000_America_Live#start/1173/end/1208,10/4/2010 17:19:48,FOXNEWS,America Live,FOXNEWS_20101004_170000_America_Live,https://archive.org/download/FOXNEWS_20101004_170000_America_Live/FOXNEWS_20101004_170000_America_Live.thumbs/FOXNEWS_20101004_170000_America_Live_001170.jpg,"and humor. this expresses a very deep sentiment in their movement of wanting to get rid of and silence global warming skeptics. we had grist magazine calling"
https://archive.org/details/FOXNEWS_20101016_060000_Glenn_Beck#start/2629/end/2664,10/16/2010 6:44:04,FOXNEWS,Glenn Beck,FOXNEWS_20101016_060000_Glenn_Beck,https://archive.org/download/FOXNEWS_20101016_060000_Glenn_Beck/FOXNEWS_20101016_060000_Glenn_Beck.thumbs/FOXNEWS_20101016_060000_Glenn_Beck_002604.jpg,"give you action plan. what do you do about it? what do you do? i was called to testify on global warming. i'm an expert on that stuff."
https://archive.org/details/FOXNEWS_20101007_060000_Glenn_Beck#start/649/end/684,10/7/2010 6:11:04,FOXNEWS,Glenn Beck,FOXNEWS_20101007_060000_Glenn_Beck,https://archive.org/download/FOXNEWS_20101007_060000_Glenn_Beck/FOXNEWS_20101007_060000_Glenn_Beck.thumbs/FOXNEWS_20101007_060000_Glenn_Beck_000630.jpg,"execute global warming deniers? in 2006, the ecomagazine called for burmburg trials for skeptics.' in 2008, guardian reported that nasa james hanson called for the trial of climate"
https://archive.org/details/FOXNEWS_20101002_140000_Bulls_and_Bears#start/155/end/190,10/2/2010 14:02:50,FOXNEWS,Bulls and Bears,FOXNEWS_20101002_140000_Bulls_and_Bears,https://archive.org/download/FOXNEWS_20101002_140000_Bulls_and_Bears/FOXNEWS_20101002_140000_Bulls_and_Bears.thumbs/FOXNEWS_20101002_140000_Bulls_and_Bears_000150.jpg,"and spending is the answer. that said, if you want it look at some of the bills you ticked off. arms control, not a spending bill. stopping epa in its tracks from issuing greenhouse gas regulations, that's not a spending bill and that's what"
https://archive.org/details/FOXNEWS_20101004_170000_America_Live#start/1143/end/1178,10/4/2010 17:19:18,FOXNEWS,America Live,FOXNEWS_20101004_170000_America_Live,https://archive.org/download/FOXNEWS_20101004_170000_America_Live/FOXNEWS_20101004_170000_America_Live.thumbs/FOXNEWS_20101004_170000_America_Live_001140.jpg,"is this how they are now making their point? this is sadly what they've been reduced to. this is a desperate group, the global warming promoters are desperate right now."
https://archive.org/details/FOXNEWS_20101004_170000_America_Live#start/1269/end/1304,10/4/2010 17:21:24,FOXNEWS,America Live,FOXNEWS_20101004_170000_America_Live,https://archive.org/download/FOXNEWS_20101004_170000_America_Live/FOXNEWS_20101004_170000_America_Live.thumbs/FOXNEWS_20101004_170000_America_Live_001260.jpg,"warming fear promoters have used these tactics. they say it's criminally negligent to not believe in global warming. that rhetoric means something and it may cause people to act."
https://archive.org/details/FOXNEWS_20101002_060000_Glenn_Beck#start/1670/end/1705,10/2/2010 6:28:05,FOXNEWS,Glenn Beck,FOXNEWS_20101002_060000_Glenn_Beck,https://archive.org/download/FOXNEWS_20101002_060000_Glenn_Beck/FOXNEWS_20101002_060000_Glenn_Beck.thumbs/FOXNEWS_20101002_060000_Glenn_Beck_001644.jpg,"the global warming, the environmentalist movement. very much part of that. he believes oil is fundamentally evil, with what environmentalists believe. you could say that -- glenn: why is that funny?"
https://archive.org/details/FOXNEWS_20101001_210000_Glenn_Beck#start/1670/end/1705,10/1/2010 21:28:05,FOXNEWS,Glenn Beck,FOXNEWS_20101001_210000_Glenn_Beck,https://archive.org/download/FOXNEWS_20101001_210000_Glenn_Beck/FOXNEWS_20101001_210000_Glenn_Beck.thumbs/FOXNEWS_20101001_210000_Glenn_Beck_001645.jpg,"the global warming, the environmentalist movement. very much part of that. he believes oil is fundamentally evil, with what environmentalists believe. you could say that -- glenn: why is that funny?"
https://archive.org/details/FOXNEWS_20101027_040000_Hannity#start/1094/end/1129,10/27/2010 4:18:29,FOXNEWS,Hannity,FOXNEWS_20101027_040000_Hannity,https://archive.org/download/FOXNEWS_20101027_040000_Hannity/FOXNEWS_20101027_040000_Hannity.thumbs/FOXNEWS_20101027_040000_Hannity_001075.jpg,"is coming. it is under presidental, highly divisive, that first sound bite there was no real mention of immigration, health care, secure , terror, global warming, oil spill, stimulus programs. all programs and policies"
https://archive.org/details/FOXNEWS_20101007_060000_Glenn_Beck#start/1213/end/1248,10/7/2010 6:20:28,FOXNEWS,Glenn Beck,FOXNEWS_20101007_060000_Glenn_Beck,https://archive.org/download/FOXNEWS_20101007_060000_Glenn_Beck/FOXNEWS_20101007_060000_Glenn_Beck.thumbs/FOXNEWS_20101007_060000_Glenn_Beck_001200.jpg,"then global cooling, overpopulation and now it's global warming. chaos. chaos. is the only end. if you don't believe in god chaos is how it always will be. somebody, the smart, the fit,"
https://archive.org/details/FOXNEWS_20101015_210000_Glenn_Beck#start/661/end/696,10/15/2010 21:11:16,FOXNEWS,Glenn Beck,FOXNEWS_20101015_210000_Glenn_Beck,https://archive.org/download/FOXNEWS_20101015_210000_Glenn_Beck/FOXNEWS_20101015_210000_Glenn_Beck.thumbs/FOXNEWS_20101015_210000_Glenn_Beck_000655.jpg,"global warming. people can say about this resisting the green dragon.com and sign up for a free 19-minute introduction to that. we treated that and too many people hear it and they take"
https://archive.org/details/FOXNEWS_20101004_170000_America_Live#start/1219/end/1254,10/4/2010 17:20:34,FOXNEWS,America Live,FOXNEWS_20101004_170000_America_Live,https://archive.org/download/FOXNEWS_20101004_170000_America_Live/FOXNEWS_20101004_170000_America_Live.thumbs/FOXNEWS_20101004_170000_America_Live_001200.jpg,"here. this video goes on for several months as they do this to any person who express any skepticism about global warming. ming question to you, there are people on the far right and far"
https://archive.org/details/FOXNEWS_20101016_190000_Glenn_Beck#start/668/end/703,10/16/2010 19:11:23,FOXNEWS,Glenn Beck,FOXNEWS_20101016_190000_Glenn_Beck,https://archive.org/download/FOXNEWS_20101016_190000_Glenn_Beck/FOXNEWS_20101016_190000_Glenn_Beck.thumbs/FOXNEWS_20101016_190000_Glenn_Beck_000660.jpg,"global warming. people can say about this resisting the green dragon.com and sign up for a free 19-minute introduction to that. we treated that and too many people hear it and they take"
https://archive.org/details/FOXNEWS_20101016_190000_Glenn_Beck#start/2641/end/2676,10/16/2010 19:44:16,FOXNEWS,Glenn Beck,FOXNEWS_20101016_190000_Glenn_Beck,https://archive.org/download/FOXNEWS_20101016_190000_Glenn_Beck/FOXNEWS_20101016_190000_Glenn_Beck.thumbs/FOXNEWS_20101016_190000_Glenn_Beck_002640.jpg,"i was called to testify on global warming. i'm an expert on that stuff. in that, i can look at scientific data and reach different conclusion than others. same data. it's explained with the clash"
https://archive.org/details/FOXNEWS_20101027_010000_Hannity#start/1104/end/1139,10/27/2010 1:18:39,FOXNEWS,Hannity,FOXNEWS_20101027_010000_Hannity,https://archive.org/download/FOXNEWS_20101027_010000_Hannity/FOXNEWS_20101027_010000_Hannity.thumbs/FOXNEWS_20101027_010000_Hannity_001105.jpg,"care, secure , terror, global warming, oil spill, stimulus programs. all programs and policies which failed. instead you lash out with harsh language against the republicans, against president bush and then you label people enemies."
https://archive.org/details/FOXNEWS_20101007_060000_Glenn_Beck#start/664/end/699,10/7/2010 6:11:19,FOXNEWS,Glenn Beck,FOXNEWS_20101007_060000_Glenn_Beck,https://archive.org/download/FOXNEWS_20101007_060000_Glenn_Beck/FOXNEWS_20101007_060000_Glenn_Beck.thumbs/FOXNEWS_20101007_060000_Glenn_Beck_000660.jpg,"skeptic for high crime against humanity. that is a nasa official. in 2008, canadian environmentalists david suzuki called for government leaders skeptical of global warming to be thrown into jail. in 2007, robert f. kennedy"
https://archive.org/details/FOXNEWS_20101012_150000_Happening_Now#start/5948/end/5983,10/12/2010 16:39:23,FOXNEWS,Happening Now,FOXNEWS_20101012_150000_Happening_Now,https://archive.org/download/FOXNEWS_20101012_150000_Happening_Now/FOXNEWS_20101012_150000_Happening_Now.thumbs/FOXNEWS_20101012_150000_Happening_Now_005930.jpg,"it's actually just a simple matter of physics. reporter: now, the sierra club which is where mcginn worked last year supports this measure. they say cars contribute to global warming. jenna? jenna: road diet."
https://archive.org/details/FOXNEWS_20101006_210000_Glenn_Beck#start/1207/end/1242,10/6/2010 21:20:22,FOXNEWS,Glenn Beck,FOXNEWS_20101006_210000_Glenn_Beck,https://archive.org/download/FOXNEWS_20101006_210000_Glenn_Beck/FOXNEWS_20101006_210000_Glenn_Beck.thumbs/FOXNEWS_20101006_210000_Glenn_Beck_001200.jpg,"there is always something that is going to destroy the world. first world war, then nuclear war, then nuclear winter, then global cooling, overpopulation and now it's global warming. chaos. chaos. is the only end."
https://archive.org/details/FOXNEWS_20101015_210000_Glenn_Beck#start/2070/end/2105,10/15/2010 21:34:45,FOXNEWS,Glenn Beck,FOXNEWS_20101015_210000_Glenn_Beck,https://archive.org/download/FOXNEWS_20101015_210000_Glenn_Beck/FOXNEWS_20101015_210000_Glenn_Beck.thumbs/FOXNEWS_20101015_210000_Glenn_Beck_002064.jpg,"glenn: yes. poll after poll has shown the people who have been most skeptical about things like oh catastrophic manmade global warming, or about other environmental hypes and scares have been those people who"
https://archive.org/details/FOXNEWS_20101016_190000_Glenn_Beck#start/2082/end/2117,10/16/2010 19:34:57,FOXNEWS,Glenn Beck,FOXNEWS_20101016_190000_Glenn_Beck,https://archive.org/download/FOXNEWS_20101016_190000_Glenn_Beck/FOXNEWS_20101016_190000_Glenn_Beck.thumbs/FOXNEWS_20101016_190000_Glenn_Beck_002070.jpg,"skeptical about things like oh catastrophic manmade global warming, or about other environmental hypes and scares have been those people who assert the greatest belief in the bible. glenn: right. that was a problem, you know"
https://archive.org/details/FOXNEWS_20101006_060000_Glenn_Beck#start/1519/end/1554,10/6/2010 6:25:34,FOXNEWS,Glenn Beck,FOXNEWS_20101006_060000_Glenn_Beck,https://archive.org/download/FOXNEWS_20101006_060000_Glenn_Beck/FOXNEWS_20101006_060000_Glenn_Beck.thumbs/FOXNEWS_20101006_060000_Glenn_Beck_001500.jpg,"glenn: really? which objective economists are those? and everyone agrees. am i a tax cut denier? is that what it is? it's it like global warming and the consensus? i wonder what you mean by 'objective.'"
https://archive.org/details/FOXNEWS_20101008_204120_Your_World_With_Neil_Cavuto#start/311/end/346,10/8/2010 20:46:46,FOXNEWS,Your World With Neil Cavuto,FOXNEWS_20101008_204120_Your_World_With_Neil_Cavuto,https://archive.org/download/FOXNEWS_20101008_204120_Your_World_With_Neil_Cavuto/FOXNEWS_20101008_204120_Your_World_With_Neil_Cavuto.thumbs/FOXNEWS_20101008_204120_Your_World_With_Neil_Cavuto_000300.jpg,"guest: yes, epa is now being sued by several groups including ours for the global warming back door attempt to do nothing cap and trade just the 'cap,' the regulatory energy tax, and they have, again, they have"
https://archive.org/details/FOXNEWS_20101016_060000_Glenn_Beck#start/667/end/702,10/16/2010 6:11:22,FOXNEWS,Glenn Beck,FOXNEWS_20101016_060000_Glenn_Beck,https://archive.org/download/FOXNEWS_20101016_060000_Glenn_Beck/FOXNEWS_20101016_060000_Glenn_Beck.thumbs/FOXNEWS_20101016_060000_Glenn_Beck_000655.jpg,"global warming. people can say about this resisting the green dragon.com and sign up for a free 19-minute introduction to that. we treated that and too many people hear it and they take it in."
https://archive.org/details/FOXNEWS_20101016_060000_Glenn_Beck#start/2083/end/2118,10/16/2010 6:34:58,FOXNEWS,Glenn Beck,FOXNEWS_20101016_060000_Glenn_Beck,https://archive.org/download/FOXNEWS_20101016_060000_Glenn_Beck/FOXNEWS_20101016_060000_Glenn_Beck.thumbs/FOXNEWS_20101016_060000_Glenn_Beck_002064.jpg,"catastrophic manmade global warming, or about other environmental hypes and scares have been those people who assert the greatest belief in the bible. glenn: right. that was a problem, you know this, david. it was the problem in the"
https://archive.org/details/FOXNEWS_20101027_150000_Happening_Now#start/5390/end/5425,10/27/2010 16:30:05,FOXNEWS,Happening Now,FOXNEWS_20101027_150000_Happening_Now,https://archive.org/download/FOXNEWS_20101027_150000_Happening_Now/FOXNEWS_20101027_150000_Happening_Now.thumbs/FOXNEWS_20101027_150000_Happening_Now_005391.jpg,"the nation, the global warming solutions act from taking effect in january virtually for good. it requires motorists and manufacturers to cut emissions by 25-40 percent, to 1990 levels, and supporters of prop 23 say"
https://archive.org/details/FOXNEWS_20101005_210000_Glenn_Beck#start/1519/end/1554,10/5/2010 21:25:34,FOXNEWS,Glenn Beck,FOXNEWS_20101005_210000_Glenn_Beck,https://archive.org/download/FOXNEWS_20101005_210000_Glenn_Beck/FOXNEWS_20101005_210000_Glenn_Beck.thumbs/FOXNEWS_20101005_210000_Glenn_Beck_001500.jpg,"glenn: really? which objective economists are those? and everyone agrees. am i a tax cut denier? is that what it is? it's it like global warming and the consensus? i wonder what you mean by 'objective.'"
https://archive.org/details/FOXNEWS_20101002_190000_Glenn_Beck#start/1658/end/1693,10/2/2010 19:27:53,FOXNEWS,Glenn Beck,FOXNEWS_20101002_190000_Glenn_Beck,https://archive.org/download/FOXNEWS_20101002_190000_Glenn_Beck/FOXNEWS_20101002_190000_Glenn_Beck.thumbs/FOXNEWS_20101002_190000_Glenn_Beck_001650.jpg,"that some how or other this president is doing down america and its interest. glenn: do you agree with that? there is a reason for that. this man is very much part of the global warming, the environmentalist movement."
https://archive.org/details/FOXNEWS_20101009_040000_Hannity#start/3325/end/3360,10/9/2010 4:55:40,FOXNEWS,Hannity,FOXNEWS_20101009_040000_Hannity,https://archive.org/download/FOXNEWS_20101009_040000_Hannity/FOXNEWS_20101009_040000_Hannity.thumbs/FOXNEWS_20101009_040000_Hannity_003300.jpg,"country. what environmentalism has become it used to be about clean air, clean rivers. now it is this huge utopian project to battle global warming and in are order to do it, to institute huge new layer of regulation"
https://archive.org/details/FOXNEWS_20101009_090000_The_OReilly_Factor#start/3327/end/3362,10/9/2010 9:55:42,FOXNEWS,The OReilly Factor,FOXNEWS_20101009_090000_The_OReilly_Factor,https://archive.org/download/FOXNEWS_20101009_090000_The_OReilly_Factor/FOXNEWS_20101009_090000_The_OReilly_Factor.thumbs/FOXNEWS_20101009_090000_The_OReilly_Factor_003330.jpg,"become it used to be about clean air, clean rivers. now it is this huge utopian project to battle global warming and in are order to do it, to institute huge new layer of regulation on the entire economy."
https://archive.org/details/FOXNEWS_20101006_210000_Glenn_Beck#start/666/end/701,10/6/2010 21:11:21,FOXNEWS,Glenn Beck,FOXNEWS_20101006_210000_Glenn_Beck,https://archive.org/download/FOXNEWS_20101006_210000_Glenn_Beck/FOXNEWS_20101006_210000_Glenn_Beck.thumbs/FOXNEWS_20101006_210000_Glenn_Beck_000660.jpg,"against humanity. that is a nasa official. in 2008, canadian environmentalists david suzuki called for government leaders skeptical of global warming to be thrown into jail. in 2007, robert f. kennedy junior said of skeptics this"
https://archive.org/details/FOXNEWS_20101027_150000_Happening_Now#start/5405/end/5440,10/27/2010 16:30:20,FOXNEWS,Happening Now,FOXNEWS_20101027_150000_Happening_Now,https://archive.org/download/FOXNEWS_20101027_150000_Happening_Now/FOXNEWS_20101027_150000_Happening_Now.thumbs/FOXNEWS_20101027_150000_Happening_Now_005391.jpg,"that is something the state cannot afford. california is outlining a clean energy future. that future is spelled out in the state's landmark global warming law, it forces companies to install costly new equipment to reduce emissions, which"
https://archive.org/details/FOXNEWS_20101027_130000_Americas_Newsroom#start/5086/end/5121,10/27/2010 14:25:01,FOXNEWS,Americas Newsroom,FOXNEWS_20101027_130000_Americas_Newsroom,https://archive.org/download/FOXNEWS_20101027_130000_Americas_Newsroom/FOXNEWS_20101027_130000_Americas_Newsroom.thumbs/FOXNEWS_20101027_130000_Americas_Newsroom_005070.jpg,"william lajeunesse is on the story now, prop 23, good morning. if california was a country it to be the world's 19th largest polluter and the state has an anti-global warming law and the problem is, say critics"
https://archive.org/details/FOXNEWS_20101003_010000_Glenn_Beck#start/1658/end/1693,10/3/2010 1:27:53,FOXNEWS,Glenn Beck,FOXNEWS_20101003_010000_Glenn_Beck,https://archive.org/download/FOXNEWS_20101003_010000_Glenn_Beck/FOXNEWS_20101003_010000_Glenn_Beck.thumbs/FOXNEWS_20101003_010000_Glenn_Beck_001650.jpg,"that some how or other this president is doing down america and its interest. glenn: do you agree with that? there is a reason for that. this man is very much part of the global warming, the environmentalist movement."
https://archive.org/details/FOXNEWS_20101009_010000_Hannity#start/3327/end/3362,10/9/2010 1:55:42,FOXNEWS,Hannity,FOXNEWS_20101009_010000_Hannity,https://archive.org/download/FOXNEWS_20101009_010000_Hannity/FOXNEWS_20101009_010000_Hannity.thumbs/FOXNEWS_20101009_010000_Hannity_003330.jpg,"become it used to be about clean air, clean rivers. now it is this huge utopian project to battle global warming and in are order to do it, to institute huge new layer of regulation on the entire economy."
https://archive.org/details/FOXNEWS_20101004_100000_FOX_and_Friends#start/530/end/565,10/4/2010 10:09:05,FOXNEWS,FOX and Friends,FOXNEWS_20101004_100000_FOX_and_Friends,https://archive.org/download/FOXNEWS_20101004_100000_FOX_and_Friends/FOXNEWS_20101004_100000_FOX_and_Friends.thumbs/FOXNEWS_20101004_100000_FOX_and_Friends_000510.jpg,"i don't know how that's going to work out, though. you know how you build your first impression. they say that the minute the person walks in the door, you kind of develop what you're going to think about that person. i'm not so sure he's going to be able to change the minds of even moderate democrats with some of these issues like climate"
https://archive.org/details/FOXNEWS_20101004_170000_America_Live#start/1349/end/1384,10/4/2010 17:22:44,FOXNEWS,America Live,FOXNEWS_20101004_170000_America_Live,https://archive.org/download/FOXNEWS_20101004_170000_America_Live/FOXNEWS_20101004_170000_America_Live.thumbs/FOXNEWS_20101004_170000_America_Live_001350.jpg,"aren't the thing here. megyn: it's one thing to promote awareness about global warming, what we saw there is quite another. mark i've got to go. thank you so much for your incite on it taking your thoughts at kelly at fox"
https://archive.org/details/FOXNEWS_20101012_060000_Glenn_Beck#start/1478/end/1513,10/12/2010 6:24:53,FOXNEWS,Glenn Beck,FOXNEWS_20101012_060000_Glenn_Beck,https://archive.org/download/FOXNEWS_20101012_060000_Glenn_Beck/FOXNEWS_20101012_060000_Glenn_Beck.thumbs/FOXNEWS_20101012_060000_Glenn_Beck_001465.jpg,"they finally got the united nations in. after that they said the united nations would end all war. then nuclear war. we spent all that time worried about being vaporized by people. then nuclear winter and global warming and then population explosion."
https://archive.org/details/FOXNEWS_20101012_100000_FOX_and_Friends#start/6991/end/7026,10/12/2010 11:56:46,FOXNEWS,FOX and Friends,FOXNEWS_20101012_100000_FOX_and_Friends,https://archive.org/download/FOXNEWS_20101012_100000_FOX_and_Friends/FOXNEWS_20101012_100000_FOX_and_Friends.thumbs/FOXNEWS_20101012_100000_FOX_and_Friends_006980.jpg,"but the attorney general of that state says it's an absolute embarrassment. he will join us live. then a prominent professor says we're all getting the run around on global warming. he says it's a complete scam and it's ruining real science."
https://archive.org/details/FOXNEWS_20101024_220000_FOX_News_Sunday_With_Chris_Wallace#start/1465/end/1500,10/24/2010 22:24:40,FOXNEWS,FOX News Sunday With Chris Wallace,FOXNEWS_20101024_220000_FOX_News_Sunday_With_Chris_Wallace,https://archive.org/download/FOXNEWS_20101024_220000_FOX_News_Sunday_With_Chris_Wallace/FOXNEWS_20101024_220000_FOX_News_Sunday_With_Chris_Wallace.thumbs/FOXNEWS_20101024_220000_FOX_News_Sunday_With_Chris_Wallace_001464.jpg,"have to pay for the carbons, whether cap-and-trade or a carbon tax. the users of the energy, that was the -- let's say the utilities, for the co2, whoever is emitting co2, you have"
https://archive.org/details/FOXNEWS_20101024_180000_FOX_News_Sunday_With_Chris_Wallace#start/1403/end/1438,10/24/2010 18:23:38,FOXNEWS,FOX News Sunday With Chris Wallace,FOXNEWS_20101024_180000_FOX_News_Sunday_With_Chris_Wallace,https://archive.org/download/FOXNEWS_20101024_180000_FOX_News_Sunday_With_Chris_Wallace/FOXNEWS_20101024_180000_FOX_News_Sunday_With_Chris_Wallace.thumbs/FOXNEWS_20101024_180000_FOX_News_Sunday_With_Chris_Wallace_001375.jpg,"leadership to us. he brings that partnership coming from a coal state himsome. they are going to have to pay for the carbons whether cap and trade or whether in the carbon tax. chris: sounds like you did"
https://archive.org/details/FOXNEWS_20101020_010000_Hannity#start/1568/end/1603,10/20/2010 1:26:23,FOXNEWS,Hannity,FOXNEWS_20101020_010000_Hannity,https://archive.org/download/FOXNEWS_20101020_010000_Hannity/FOXNEWS_20101020_010000_Hannity.thumbs/FOXNEWS_20101020_010000_Hannity_001555.jpg,"couple of weeks. sean: why? manchin is a popular governor nearly 70% approval rating. he takes a rifle and aims at the cap and tax bill. a guy who supported a carbon tax in his state of"
https://archive.org/details/FOXNEWS_20101004_170000_America_Live#start/1128/end/1163,10/4/2010 17:19:03,FOXNEWS,America Live,FOXNEWS_20101004_170000_America_Live,https://archive.org/download/FOXNEWS_20101004_170000_America_Live/FOXNEWS_20101004_170000_America_Live.thumbs/FOXNEWS_20101004_170000_America_Live_001110.jpg,"we have offended. oh, well, we live and learn, i tell you, mark you show 'little children' getting blown up because they don't want to support the folks who are actively involved in the global warming issue and they thought it would be funny."
https://archive.org/details/FOXNEWS_20101002_070000_Red_Eye#start/557/end/592,10/2/2010 7:09:32,FOXNEWS,Red Eye,FOXNEWS_20101002_070000_Red_Eye,https://archive.org/download/FOXNEWS_20101002_070000_Red_Eye/FOXNEWS_20101002_070000_Red_Eye.thumbs/FOXNEWS_20101002_070000_Red_Eye_000536.jpg,"scientific group has little confidence in climate predictions. i am not worried about global warming. i feel like i will be dead when it happens. i can't wrap my brain around having concern for this if i won't be around. you are absolutely right."
https://archive.org/details/FOXNEWS_20101008_204120_Your_World_With_Neil_Cavuto#start/187/end/222,10/8/2010 20:44:42,FOXNEWS,Your World With Neil Cavuto,FOXNEWS_20101008_204120_Your_World_With_Neil_Cavuto,https://archive.org/download/FOXNEWS_20101008_204120_Your_World_With_Neil_Cavuto/FOXNEWS_20101008_204120_Your_World_With_Neil_Cavuto.thumbs/FOXNEWS_20101008_204120_Your_World_With_Neil_Cavuto_000180.jpg,"implementation of the global warming treaty which will kill millions of jobs, and they claim they will centrally plan a green economy as the first in the world but it has been a train wreck throughout europe and this red flag tells the voters to"
https://archive.org/details/FOXNEWS_20101007_060000_Glenn_Beck#start/602/end/637,10/7/2010 6:10:17,FOXNEWS,Glenn Beck,FOXNEWS_20101007_060000_Glenn_Beck,https://archive.org/download/FOXNEWS_20101007_060000_Glenn_Beck/FOXNEWS_20101007_060000_Glenn_Beck.thumbs/FOXNEWS_20101007_060000_Glenn_Beck_000600.jpg,"denier. when those nudges don't work, what is next? hey, i know. how about if they send skeptics to court? could you do that? how about in prison, people who deny global warming? would you execute them? i know you wouldn't do it with a little button."
https://archive.org/details/FOXNEWS_20101006_210000_Glenn_Beck#start/604/end/639,10/6/2010 21:10:19,FOXNEWS,Glenn Beck,FOXNEWS_20101006_210000_Glenn_Beck,https://archive.org/download/FOXNEWS_20101006_210000_Glenn_Beck/FOXNEWS_20101006_210000_Glenn_Beck.thumbs/FOXNEWS_20101006_210000_Glenn_Beck_000600.jpg,"what is next? hey, i know. how about if they send skeptics to court? could you do that? how about in prison, people who deny global warming? would you execute them? i know you wouldn't do it with a little button. you couldn't. but this sounds implazable,"
https://archive.org/details/FOXNEWS_20101027_150000_Happening_Now#start/5359/end/5394,10/27/2010 16:29:34,FOXNEWS,Happening Now,FOXNEWS_20101027_150000_Happening_Now,https://archive.org/download/FOXNEWS_20101027_150000_Happening_Now/FOXNEWS_20101027_150000_Happening_Now.thumbs/FOXNEWS_20101027_150000_Happening_Now_005361.jpg,"jenna: back to politics now. right now, it's another big decision, and california voters have to make it come tuesday, but this one does not involve an actual candidate. instead, voters will decide on a ballot measure linking a global warming law to the"
https://archive.org/details/FOXNEWS_20101027_130000_Americas_Newsroom#start/5118/end/5153,10/27/2010 14:25:33,FOXNEWS,Americas Newsroom,FOXNEWS_20101027_130000_Americas_Newsroom,https://archive.org/download/FOXNEWS_20101027_130000_Americas_Newsroom/FOXNEWS_20101027_130000_Americas_Newsroom.thumbs/FOXNEWS_20101027_130000_Americas_Newsroom_005100.jpg,"spelled out in the landmark global warming law, which forces companies to install costly new equipment to reduce emissions which explains why energy intensive industries are trying to kill it. yes on 23 stops the energy tax, preventing a 60% increase in electricity rates and higher"
https://archive.org/details/FOXNEWS_20101012_100000_FOX_and_Friends#start/7773/end/7808,10/12/2010 12:09:48,FOXNEWS,FOX and Friends,FOXNEWS_20101012_100000_FOX_and_Friends,https://archive.org/download/FOXNEWS_20101012_100000_FOX_and_Friends/FOXNEWS_20101012_100000_FOX_and_Friends.thumbs/FOXNEWS_20101012_100000_FOX_and_Friends_007759.jpg,"trading that stock. gretchen: i want to move to this topic. there's a prominent professor who says global warming is a complete scam and it's actually ruining real science. what do you know about this? the american physical society, which is what this particular professor was"
https://archive.org/details/FOXNEWS_20101012_100000_FOX_and_Friends#start/7803/end/7838,10/12/2010 12:10:18,FOXNEWS,FOX and Friends,FOXNEWS_20101012_100000_FOX_and_Friends,https://archive.org/download/FOXNEWS_20101012_100000_FOX_and_Friends/FOXNEWS_20101012_100000_FOX_and_Friends.thumbs/FOXNEWS_20101012_100000_FOX_and_Friends_007789.jpg,"physics society has turned into an organization affected by the money flow in science. in other words, trillions of dollars, he argues, is invested in this idea of global warming and that has clouded what the group itself, the leadership of this group has concluded about"
https://archive.org/details/FOXNEWS_20101024_180000_FOX_News_Sunday_With_Chris_Wallace#start/1463/end/1498,10/24/2010 18:24:38,FOXNEWS,FOX News Sunday With Chris Wallace,FOXNEWS_20101024_180000_FOX_News_Sunday_With_Chris_Wallace,https://archive.org/download/FOXNEWS_20101024_180000_FOX_News_Sunday_With_Chris_Wallace/FOXNEWS_20101024_180000_FOX_News_Sunday_With_Chris_Wallace.thumbs/FOXNEWS_20101024_180000_FOX_News_Sunday_With_Chris_Wallace_001435.jpg,"any co 2. chris: why did you say they have to pay for the carbons whether a cap and trade or the carbon tax. basically the users of the energy and that was -- let's say that the utilities for the co2."
https://archive.org/details/FOXNEWS_20101007_060000_Glenn_Beck#start/1136/end/1171,10/7/2010 6:19:11,FOXNEWS,Glenn Beck,FOXNEWS_20101007_060000_Glenn_Beck,https://archive.org/download/FOXNEWS_20101007_060000_Glenn_Beck/FOXNEWS_20101007_060000_Glenn_Beck.thumbs/FOXNEWS_20101007_060000_Glenn_Beck_001110.jpg,"suddenly you're convinced it's okay to save one or two to end suffering for thousands or one. he's how shaw, sanger and now the global warming nuts all end in the same place where they are saying so, we have to eliminate a few people, throw them in prison because"
https://archive.org/details/FOXNEWS_20101006_150000_Happening_Now#start/5730/end/5765,10/6/2010 16:35:45,FOXNEWS,Happening Now,FOXNEWS_20101006_150000_Happening_Now,https://archive.org/download/FOXNEWS_20101006_150000_Happening_Now/FOXNEWS_20101006_150000_Happening_Now.thumbs/FOXNEWS_20101006_150000_Happening_Now_005730.jpg,"prolife, who are opposed to the president's health care bill, opposed to his cap and trade plan for global warming. so the net effect is if republicans do very, very well, you could be looking at a wipeout for democrats in regions like the south and midwest, then the"
https://archive.org/details/FOXNEWS_20101004_150000_Happening_Now#start/6244/end/6279,10/4/2010 16:44:19,FOXNEWS,Happening Now,FOXNEWS_20101004_150000_Happening_Now,https://archive.org/download/FOXNEWS_20101004_150000_Happening_Now/FOXNEWS_20101004_150000_Happening_Now.thumbs/FOXNEWS_20101004_150000_Happening_Now_006240.jpg,"a campaign ad for global warming shows children getting blown up. too far? we'll show what you we can of the ad. an attorney says his boss wanted him to go to a men's retreat where the guys get naked and guys touch each other, i object, said"
https://archive.org/details/FOXNEWS_20101004_100000_FOX_and_Friends#start/515/end/550,10/4/2010 10:08:50,FOXNEWS,FOX and Friends,FOXNEWS_20101004_100000_FOX_and_Friends,https://archive.org/download/FOXNEWS_20101004_100000_FOX_and_Friends/FOXNEWS_20101004_100000_FOX_and_Friends.thumbs/FOXNEWS_20101004_100000_FOX_and_Friends_000510.jpg,"asking for your vote four years ago, i said i would do stuff in climate change, terrorism and immigration. he'll be happy just to be able to claim a little victory."
https://archive.org/details/FOXNEWS_20101015_210000_Glenn_Beck#start/2835/end/2870,10/15/2010 21:47:30,FOXNEWS,Glenn Beck,FOXNEWS_20101015_210000_Glenn_Beck,https://archive.org/download/FOXNEWS_20101015_210000_Glenn_Beck/FOXNEWS_20101015_210000_Glenn_Beck.thumbs/FOXNEWS_20101015_210000_Glenn_Beck_002813.jpg,"warming. that assumption drives the catastrophe idea of the governmental pam and climate change and so on. i wonder if we see clouds do something different if i look at the data differently."
https://archive.org/details/FOXNEWS_20101002_070000_Red_Eye#start/272/end/307,10/2/2010 7:04:47,FOXNEWS,Red Eye,FOXNEWS_20101002_070000_Red_Eye,https://archive.org/download/FOXNEWS_20101002_070000_Red_Eye/FOXNEWS_20101002_070000_Red_Eye.thumbs/FOXNEWS_20101002_070000_Red_Eye_000266.jpg,"-- saying, many find it funny. we sincerely apologize. we are all about trying new ways to get people to take action on climate change. unfortunately we missed the mark. you sure did."
https://archive.org/details/FOXNEWS_20101006_210000_Glenn_Beck#start/1143/end/1178,10/6/2010 21:19:18,FOXNEWS,Glenn Beck,FOXNEWS_20101006_210000_Glenn_Beck,https://archive.org/download/FOXNEWS_20101006_210000_Glenn_Beck/FOXNEWS_20101006_210000_Glenn_Beck.thumbs/FOXNEWS_20101006_210000_Glenn_Beck_001140.jpg,"thousands or one. he's how shaw, sanger and now the global warming nuts all end in the same place where they are saying so, we have to eliminate a few people, throw them in prison because they disagree. those in pain. those in who are inferior. i guess now those who are"
https://archive.org/details/FOXNEWS_20101024_220000_FOX_News_Sunday_With_Chris_Wallace#start/1405/end/1440,10/24/2010 22:23:40,FOXNEWS,FOX News Sunday With Chris Wallace,FOXNEWS_20101024_220000_FOX_News_Sunday_With_Chris_Wallace,https://archive.org/download/FOXNEWS_20101024_220000_FOX_News_Sunday_With_Chris_Wallace/FOXNEWS_20101024_220000_FOX_News_Sunday_With_Chris_Wallace.thumbs/FOXNEWS_20101024_220000_FOX_News_Sunday_With_Chris_Wallace_001405.jpg,"coming from a coal state himself, now, they'll have to pay for the carbons whether cap-and-trade or whether it is in carbon tax. chris: governor it sounds like you favored cap-and-trade. no, never did favor cap-and-trade from the standpoint -- what we talked                 _"
https://archive.org/details/FOXNEWS_20101015_210000_Glenn_Beck#start/583/end/618,10/15/2010 21:09:58,FOXNEWS,Glenn Beck,FOXNEWS_20101015_210000_Glenn_Beck,https://archive.org/download/FOXNEWS_20101015_210000_Glenn_Beck/FOXNEWS_20101015_210000_Glenn_Beck.thumbs/FOXNEWS_20101015_210000_Glenn_Beck_000566.jpg,"death. that's not so. can i jump in? i don't see a problem. if you don't believe in massive climate change, move to texas and live there a while. what you are on to, it's not"
https://archive.org/details/FOXNEWS_20101004_170000_America_Live#start/2102/end/2137,10/4/2010 17:35:17,FOXNEWS,America Live,FOXNEWS_20101004_170000_America_Live,https://archive.org/download/FOXNEWS_20101004_170000_America_Live/FOXNEWS_20101004_170000_America_Live.thumbs/FOXNEWS_20101004_170000_America_Live_002100.jpg,"climate change, immigration, and terrorism policy. this is according to this white house staffer as reported in the white house journal. nowhere in here do they mention anything about the economy. megyn it is beyond me that"
https://archive.org/details/FOXNEWS_20101004_170000_America_Live#start/2275/end/2310,10/4/2010 17:38:10,FOXNEWS,America Live,FOXNEWS_20101004_170000_America_Live,https://archive.org/download/FOXNEWS_20101004_170000_America_Live/FOXNEWS_20101004_170000_America_Live.thumbs/FOXNEWS_20101004_170000_America_Live_002250.jpg,"environmental changes, climate change, energy when we have april 9.6 unemployment rate? i think all these energy issues are tied to job creation in this country. the chinese have created 6 million jobs related to energy"
https://archive.org/details/FOXNEWS_20101008_170000_America_Live#start/552/end/587,10/8/2010 17:09:27,FOXNEWS,America Live,FOXNEWS_20101008_170000_America_Live,https://archive.org/download/FOXNEWS_20101008_170000_America_Live/FOXNEWS_20101008_170000_America_Live.thumbs/FOXNEWS_20101008_170000_America_Live_000540.jpg,"put new emphasis on siper -- cyber security, development and climate change and made sure that homeland security is fully integrated into our efforts. serving as national security adviser is one of the most difficult jobs in our"
https://archive.org/details/FOXNEWS_20101002_070000_Red_Eye#start/307/end/342,10/2/2010 7:05:22,FOXNEWS,Red Eye,FOXNEWS_20101002_070000_Red_Eye,https://archive.org/download/FOXNEWS_20101002_070000_Red_Eye/FOXNEWS_20101002_070000_Red_Eye.thumbs/FOXNEWS_20101002_070000_Red_Eye_000296.jpg,"of stria dent climate change activism? that's how i look at it. could rick sanchez been a parity of jew-hating anchor men? you are jumping to the next story. the question answers itself. well, what do you think? good or bad?"
https://archive.org/details/FOXNEWS_20101016_190000_Glenn_Beck#start/590/end/625,10/16/2010 19:10:05,FOXNEWS,Glenn Beck,FOXNEWS_20101016_190000_Glenn_Beck,https://archive.org/download/FOXNEWS_20101016_190000_Glenn_Beck/FOXNEWS_20101016_190000_Glenn_Beck.thumbs/FOXNEWS_20101016_190000_Glenn_Beck_000570.jpg,"and should scare kids to death. that's not so. can i jump in? i don't see a problem. if you don't believe in massive climate change, move to texas and live there a while. what you are on to, it's not"
https://archive.org/details/FOXNEWS_20101006_080000_Special_Report_With_Bret_Baier#start/1548/end/1583,10/6/2010 8:26:03,FOXNEWS,Special Report With Bret Baier,FOXNEWS_20101006_080000_Special_Report_With_Bret_Baier,https://archive.org/download/FOXNEWS_20101006_080000_Special_Report_With_Bret_Baier/FOXNEWS_20101006_080000_Special_Report_With_Bret_Baier.thumbs/FOXNEWS_20101006_080000_Special_Report_With_Bret_Baier_001530.jpg,"attempt to address climate change. bret? bret: mike emanuel live on the north lawn. thank thanks. the townspeople of king, north carolina, are drawing a line in the sand and contesting city-order removal of the christian flag from a"
https://archive.org/details/FOXNEWS_20101006_080000_Special_Report_With_Bret_Baier#start/3102/end/3137,10/6/2010 8:51:57,FOXNEWS,Special Report With Bret Baier,FOXNEWS_20101006_080000_Special_Report_With_Bret_Baier,https://archive.org/download/FOXNEWS_20101006_080000_Special_Report_With_Bret_Baier/FOXNEWS_20101006_080000_Special_Report_With_Bret_Baier.thumbs/FOXNEWS_20101006_080000_Special_Report_With_Bret_Baier_003090.jpg,"times more expensive than conventionm forms. yet as a symbolic gesture, the washington is installing, the administration is installing solar panels on the first family living quarters by the end of next spring. about climate change legislation, in the recent"
https://archive.org/details/FOXNEWS_20101016_060000_Glenn_Beck#start/587/end/622,10/16/2010 6:10:02,FOXNEWS,Glenn Beck,FOXNEWS_20101016_060000_Glenn_Beck,https://archive.org/download/FOXNEWS_20101016_060000_Glenn_Beck/FOXNEWS_20101016_060000_Glenn_Beck.thumbs/FOXNEWS_20101016_060000_Glenn_Beck_000566.jpg,"and should scare kids to death. that's not so. can i jump in? i don't see a problem. if you don't believe in massive climate change, move to texas and live there a while. what you are on to, it's not"
https://archive.org/details/FOXNEWS_20101004_100000_FOX_and_Friends#start/7821/end/7856,10/4/2010 12:10:36,FOXNEWS,FOX and Friends,FOXNEWS_20101004_100000_FOX_and_Friends,https://archive.org/download/FOXNEWS_20101004_100000_FOX_and_Friends/FOXNEWS_20101004_100000_FOX_and_Friends.thumbs/FOXNEWS_20101004_100000_FOX_and_Friends_007800.jpg,"successful in getting passed. you have things like terrorism policy, climate change, other energy policies that he would like to pass. will he change his tactic and try and do it little instead of the big huge thing? brian: one white house"
https://archive.org/details/FOXNEWS_20101005_220000_Special_Report_With_Bret_Baier#start/1546/end/1581,10/5/2010 22:26:01,FOXNEWS,Special Report With Bret Baier,FOXNEWS_20101005_220000_Special_Report_With_Bret_Baier,https://archive.org/download/FOXNEWS_20101005_220000_Special_Report_With_Bret_Baier/FOXNEWS_20101005_220000_Special_Report_With_Bret_Baier.thumbs/FOXNEWS_20101005_220000_Special_Report_With_Bret_Baier_001530.jpg,"solar effort is not a serious attempt to address climate change. bret? bret: mike emanuel live on the north lawn. thank thanks. the townspeople of king, north carolina, are drawing a line in the sand and contesting city-order removal"
https://archive.org/details/FOXNEWS_20101004_100000_FOX_and_Friends#start/607/end/642,10/4/2010 10:10:22,FOXNEWS,FOX and Friends,FOXNEWS_20101004_100000_FOX_and_Friends,https://archive.org/download/FOXNEWS_20101004_100000_FOX_and_Friends/FOXNEWS_20101004_100000_FOX_and_Friends.thumbs/FOXNEWS_20101004_100000_FOX_and_Friends_000600.jpg,"that's on renewable resources and energy as well. they say if it's paid for with expanded off-shore oil drilling and not an energy tax and not cap and trade or cap and tax or the carbon tax, whatever you want to call it, then they might be able to go along with him in"
https://archive.org/details/FOXNEWS_20101020_040000_Hannity#start/1576/end/1611,10/20/2010 4:26:31,FOXNEWS,Hannity,FOXNEWS_20101020_040000_Hannity,https://archive.org/download/FOXNEWS_20101020_040000_Hannity/FOXNEWS_20101020_040000_Hannity.thumbs/FOXNEWS_20101020_040000_Hannity_001554.jpg,"he takes a rifle and aims at the cap and tax bill. a guy who supported a carbon tax in his state of west virginia now firing a bullet through the cap and tax bill. is he going to successfully pull off that don't worry about me i'm going to stand up"
https://archive.org/details/FOXNEWS_20101015_210000_Glenn_Beck#start/602/end/637,10/15/2010 21:10:17,FOXNEWS,Glenn Beck,FOXNEWS_20101015_210000_Glenn_Beck,https://archive.org/download/FOXNEWS_20101015_210000_Glenn_Beck/FOXNEWS_20101015_210000_Glenn_Beck.thumbs/FOXNEWS_20101015_210000_Glenn_Beck_000596.jpg,"anthropogenic. we're in the what caused the climate change -- glenn: the only thing constant in life is change. right. that's why we have averages. glenn: was the dinosaur, the woolly mammoth giant suvs they were driving? how is it we've had -- we've had ice ages. yeah."
https://archive.org/details/FOXNEWS_20101015_210000_Glenn_Beck#start/632/end/667,10/15/2010 21:10:47,FOXNEWS,Glenn Beck,FOXNEWS_20101015_210000_Glenn_Beck,https://archive.org/download/FOXNEWS_20101015_210000_Glenn_Beck/FOXNEWS_20101015_210000_Glenn_Beck.thumbs/FOXNEWS_20101015_210000_Glenn_Beck_000626.jpg,"change as if the climate didn't change before. it's always been changing. glenn: if you want to protect against climate change, you would understand it always changes and you would develop a society that can withstand the change. cornwell alliance just released 12 lecture set of"
https://archive.org/details/FOXNEWS_20101016_190000_Glenn_Beck#start/2849/end/2884,10/16/2010 19:47:44,FOXNEWS,Glenn Beck,FOXNEWS_20101016_190000_Glenn_Beck,https://archive.org/download/FOXNEWS_20101016_190000_Glenn_Beck/FOXNEWS_20101016_190000_Glenn_Beck.thumbs/FOXNEWS_20101016_190000_Glenn_Beck_002850.jpg,"governmental pam and climate change and so on. i wonder if we see clouds do something different if i look at the data differently. that's what he did in a thumb of experiences and he found that clouds are a negative feedback. you get warming on the"
https://archive.org/details/FOXNEWS_20101004_170000_America_Live#start/986/end/1021,10/4/2010 17:16:41,FOXNEWS,America Live,FOXNEWS_20101004_170000_America_Live,https://archive.org/download/FOXNEWS_20101004_170000_America_Live/FOXNEWS_20101004_170000_America_Live.thumbs/FOXNEWS_20101004_170000_America_Live_000900.jpg,"megyn: outrage today following the release of a violent climate change video. the environmental group that produced it thought it would be funny. after only a few hours on the internet it had to take the thing down because of the massive backlash over the"
https://archive.org/details/FOXNEWS_20101016_190000_Glenn_Beck#start/609/end/644,10/16/2010 19:10:24,FOXNEWS,Glenn Beck,FOXNEWS_20101016_190000_Glenn_Beck,https://archive.org/download/FOXNEWS_20101016_190000_Glenn_Beck/FOXNEWS_20101016_190000_Glenn_Beck.thumbs/FOXNEWS_20101016_190000_Glenn_Beck_000600.jpg,"anthropogenic. we're in the what caused the climate change -- glenn: the only thing constant in life is change. right. that's why we have averages. glenn: was the dinosaur, the woolly mammoth giant suvs they were driving? how is it we've had -- we've had ice ages. yeah."
https://archive.org/details/FOXNEWS_20101016_190000_Glenn_Beck#start/639/end/674,10/16/2010 19:10:54,FOXNEWS,Glenn Beck,FOXNEWS_20101016_190000_Glenn_Beck,https://archive.org/download/FOXNEWS_20101016_190000_Glenn_Beck/FOXNEWS_20101016_190000_Glenn_Beck.thumbs/FOXNEWS_20101016_190000_Glenn_Beck_000630.jpg,"change as if the climate didn't change before. it's always been changing. glenn: if you want to protect against climate change, you would understand it always changes and you would develop a society that can withstand the change. cornwell alliance just released 12 lecture set of"
https://archive.org/details/FOXNEWS_20101006_080000_Special_Report_With_Bret_Baier#start/1500/end/1535,10/6/2010 8:25:15,FOXNEWS,Special Report With Bret Baier,FOXNEWS_20101006_080000_Special_Report_With_Bret_Baier,https://archive.org/download/FOXNEWS_20101006_080000_Special_Report_With_Bret_Baier/FOXNEWS_20101006_080000_Special_Report_With_Bret_Baier.thumbs/FOXNEWS_20101006_080000_Special_Report_With_Bret_Baier_001500.jpg,"since take office, president obama toured facile theties like this to make case or clean energy economy to fight climate change. cap-and-trade appears to be dead in congress, particularly since margins are expected to change in the mid-term"
https://archive.org/details/FOXNEWS_20101016_060000_Glenn_Beck#start/606/end/641,10/16/2010 6:10:21,FOXNEWS,Glenn Beck,FOXNEWS_20101016_060000_Glenn_Beck,https://archive.org/download/FOXNEWS_20101016_060000_Glenn_Beck/FOXNEWS_20101016_060000_Glenn_Beck.thumbs/FOXNEWS_20101016_060000_Glenn_Beck_000596.jpg,"anthropogenic. we're in the what caused the climate change -- glenn: the only thing constant in life is change. right. that's why we have averages. glenn: was the dinosaur, the woolly mammoth giant suvs they were driving? how is it we've had -- we've had ice ages."
https://archive.org/details/FOXNEWS_20101016_060000_Glenn_Beck#start/636/end/671,10/16/2010 6:10:51,FOXNEWS,Glenn Beck,FOXNEWS_20101016_060000_Glenn_Beck,https://archive.org/download/FOXNEWS_20101016_060000_Glenn_Beck/FOXNEWS_20101016_060000_Glenn_Beck.thumbs/FOXNEWS_20101016_060000_Glenn_Beck_000626.jpg,"change as if the climate didn't change before. it's always been changing. glenn: if you want to protect against climate change, you would understand it always changes and you would develop a society that can withstand the change. cornwell alliance just released 12 lecture set of"
https://archive.org/details/FOXNEWS_20101006_210000_Glenn_Beck#start/1505/end/1540,10/6/2010 21:25:20,FOXNEWS,Glenn Beck,FOXNEWS_20101006_210000_Glenn_Beck,https://archive.org/download/FOXNEWS_20101006_210000_Glenn_Beck/FOXNEWS_20101006_210000_Glenn_Beck.thumbs/FOXNEWS_20101006_210000_Glenn_Beck_001500.jpg,"pillow over its face, as i would with any suffering thing. i think the difference is -- glenn: 'with any suffering thing.' i want to show you an ad that's now running in new york for climate change. warning, shocking. pull it full screen, please."
https://archive.org/details/FOXNEWS_20101005_220000_Special_Report_With_Bret_Baier#start/1500/end/1535,10/5/2010 22:25:15,FOXNEWS,Special Report With Bret Baier,FOXNEWS_20101005_220000_Special_Report_With_Bret_Baier,https://archive.org/download/FOXNEWS_20101005_220000_Special_Report_With_Bret_Baier/FOXNEWS_20101005_220000_Special_Report_With_Bret_Baier.thumbs/FOXNEWS_20101005_220000_Special_Report_With_Bret_Baier_001500.jpg,"since take office, president obama toured facile theties like this to make case or clean energy economy to fight climate change. cap-and-trade appears to be dead in congress, particularly since margins are expected to change in the mid-term"
https://archive.org/details/FOXNEWS_20101004_100000_FOX_and_Friends#start/5588/end/5623,10/4/2010 11:33:23,FOXNEWS,FOX and Friends,FOXNEWS_20101004_100000_FOX_and_Friends,https://archive.org/download/FOXNEWS_20101004_100000_FOX_and_Friends/FOXNEWS_20101004_100000_FOX_and_Friends.thumbs/FOXNEWS_20101004_100000_FOX_and_Friends_005580.jpg,"talk to a climate change conference somewhere. anyway, 33 minutes after the top of the hour on this monday. steve, stay right there. i'll take it from here. first civilian trial at gitmo detainee suddenly delayed all of a sudden. his trial was supposed to start"
https://archive.org/details/FOXNEWS_20101005_220000_Special_Report_With_Bret_Baier#start/3114/end/3149,10/5/2010 22:52:09,FOXNEWS,Special Report With Bret Baier,FOXNEWS_20101005_220000_Special_Report_With_Bret_Baier,https://archive.org/download/FOXNEWS_20101005_220000_Special_Report_With_Bret_Baier/FOXNEWS_20101005_220000_Special_Report_With_Bret_Baier.thumbs/FOXNEWS_20101005_220000_Special_Report_With_Bret_Baier_003090.jpg,"about climate change legislation, in the recent rolling stone interview president obama said this -- 'one of my top priorities next year is to have an energy policy that begins to address all facets of our overreliance on fossil fuels. we may have to do it in chunks"
https://archive.org/details/FOXNEWS_20101004_170000_America_Live#start/2194/end/2229,10/4/2010 17:36:49,FOXNEWS,America Live,FOXNEWS_20101004_170000_America_Live,https://archive.org/download/FOXNEWS_20101004_170000_America_Live/FOXNEWS_20101004_170000_America_Live.thumbs/FOXNEWS_20101004_170000_America_Live_002190.jpg,"alternative energy development and in terms of jobs. that is number one we've got to get off foreign oil. megyn: is that what the president is going to say, we have to focus on climate change and foreign oil and that will get you your job back the"
https://archive.org/details/FOXNEWS_20101006_080000_Special_Report_With_Bret_Baier#start/3133/end/3168,10/6/2010 8:52:28,FOXNEWS,Special Report With Bret Baier,FOXNEWS_20101006_080000_Special_Report_With_Bret_Baier,https://archive.org/download/FOXNEWS_20101006_080000_Special_Report_With_Bret_Baier/FOXNEWS_20101006_080000_Special_Report_With_Bret_Baier.thumbs/FOXNEWS_20101006_080000_Special_Report_With_Bret_Baier_003120.jpg,"comprehensive omnibus legislation, but we are going to stay on this because it's good for our economy and good for the national security and good for the environment.' back with the panel. steve? solar panel, climate change legislation? i think the solar panels are symbolic of what the white"
https://archive.org/details/FOXNEWS_20101007_060000_Glenn_Beck#start/458/end/493,10/7/2010 6:07:53,FOXNEWS,Glenn Beck,FOXNEWS_20101007_060000_Glenn_Beck,https://archive.org/download/FOXNEWS_20101007_060000_Glenn_Beck/FOXNEWS_20101007_060000_Glenn_Beck.thumbs/FOXNEWS_20101007_060000_Glenn_Beck_000450.jpg,"slightly. this is another clip from england. we'll get to america in a second. but this one is from the environmentalists who believe that if we don't act within four years, there is no reversing climate change. so they want to warn you. well, they are already trying"
https://archive.org/details/FOXNEWS_20101015_100000_FOX_and_Friends#start/4676/end/4711,10/15/2010 11:18:11,FOXNEWS,FOX and Friends,FOXNEWS_20101015_100000_FOX_and_Friends,https://archive.org/download/FOXNEWS_20101015_100000_FOX_and_Friends/FOXNEWS_20101015_100000_FOX_and_Friends.thumbs/FOXNEWS_20101015_100000_FOX_and_Friends_004671.jpg,"american people. even though president obama has done more in the 20 months of his presidency than any other democratic administration, financial reform, health care, education reform, you know, champions, climate change. yeah, like that stuff? no, the unemployment rate. people want food on the table and speem are struggling right"
https://archive.org/details/FOXNEWS_20101005_220000_Special_Report_With_Bret_Baier#start/1514/end/1549,10/5/2010 22:25:29,FOXNEWS,Special Report With Bret Baier,FOXNEWS_20101005_220000_Special_Report_With_Bret_Baier,https://archive.org/download/FOXNEWS_20101005_220000_Special_Report_With_Bret_Baier/FOXNEWS_20101005_220000_Special_Report_With_Bret_Baier.thumbs/FOXNEWS_20101005_220000_Special_Report_With_Bret_Baier_001500.jpg,"elections. he told 'rolling stone' that 'climate change has potential to have devastating effects on people around the globe and we have to do something about it.' when asked if he would be willing to throw the weight of the presidency behind this effort, mr. obama said, 'i'm"
https://archive.org/details/FOXNEWS_20101005_220000_Special_Report_With_Bret_Baier#start/1531/end/1566,10/5/2010 22:25:46,FOXNEWS,Special Report With Bret Baier,FOXNEWS_20101005_220000_Special_Report_With_Bret_Baier,https://archive.org/download/FOXNEWS_20101005_220000_Special_Report_With_Bret_Baier/FOXNEWS_20101005_220000_Special_Report_With_Bret_Baier.thumbs/FOXNEWS_20101005_220000_Special_Report_With_Bret_Baier_001530.jpg,"committed to making sure we get an energy party that makes sense for the country and help us grow at the same time as it deals with climate change in a serious way.' some experts suggest the president may make the symbolic move hoping to appease his base but say the"
https://archive.org/details/FOXNEWS_20101004_170000_America_Live#start/2241/end/2276,10/4/2010 17:37:36,FOXNEWS,America Live,FOXNEWS_20101004_170000_America_Live,https://archive.org/download/FOXNEWS_20101004_170000_America_Live/FOXNEWS_20101004_170000_America_Live.thumbs/FOXNEWS_20101004_170000_America_Live_002220.jpg,"this, here is another interesting fact i saw, as you know and as president obama now knows it's very hard to get climate change or sort of energy legislation through the u.s. congress. we had the cap and trade bill go through the house then it got stalled in the senate, it's not"
https://archive.org/details/FOXNEWS_20101006_080000_Special_Report_With_Bret_Baier#start/1516/end/1551,10/6/2010 8:25:31,FOXNEWS,Special Report With Bret Baier,FOXNEWS_20101006_080000_Special_Report_With_Bret_Baier,https://archive.org/download/FOXNEWS_20101006_080000_Special_Report_With_Bret_Baier/FOXNEWS_20101006_080000_Special_Report_With_Bret_Baier.thumbs/FOXNEWS_20101006_080000_Special_Report_With_Bret_Baier_001500.jpg,"elections. he told 'rolling stone' that 'climate change has potential to have devastating effects on people around the globe and we have to do something about it.' when asked if he would be willing to throw the weight of the presidency behind this effort, mr. obama said, 'i'm committed to making sure we"
https://archive.org/details/FOXNEWS_20101006_080000_Special_Report_With_Bret_Baier#start/1532/end/1567,10/6/2010 8:25:47,FOXNEWS,Special Report With Bret Baier,FOXNEWS_20101006_080000_Special_Report_With_Bret_Baier,https://archive.org/download/FOXNEWS_20101006_080000_Special_Report_With_Bret_Baier/FOXNEWS_20101006_080000_Special_Report_With_Bret_Baier.thumbs/FOXNEWS_20101006_080000_Special_Report_With_Bret_Baier_001530.jpg,"get an energy party that makes sense for the country and help us grow at the same time as it deals with climate change in a serious way.' some experts suggest the president may make the symbolic move hoping to appease his base but say the solar effort is not a serious"
https://archive.org/details/FOXNEWS_20101016_060000_Glenn_Beck#start/2848/end/2883,10/16/2010 6:47:43,FOXNEWS,Glenn Beck,FOXNEWS_20101016_060000_Glenn_Beck,https://archive.org/download/FOXNEWS_20101016_060000_Glenn_Beck/FOXNEWS_20101016_060000_Glenn_Beck.thumbs/FOXNEWS_20101016_060000_Glenn_Beck_002843.jpg,"governmental pam and climate change and so on. i wonder if we see clouds do something different if i look at the data differently. that's what he did in a thumb of experiences and he found that clouds are a negative feedback. you get warming on the surface. clouds respond to reduce that"
https://archive.org/details/FOXNEWS_20101006_210000_Glenn_Beck#start/465/end/500,10/6/2010 21:08:00,FOXNEWS,Glenn Beck,FOXNEWS_20101006_210000_Glenn_Beck,https://archive.org/download/FOXNEWS_20101006_210000_Glenn_Beck/FOXNEWS_20101006_210000_Glenn_Beck.thumbs/FOXNEWS_20101006_210000_Glenn_Beck_000450.jpg,"environmentalists who believe that if we don't act within four years, there is no reversing climate change. so they want to warn you. well, they are already trying to warn you about this. but now they need to kick it up a notch. because a nudge isn't enough. now maybe a slap across the"
https://archive.org/details/FOXNEWS_20101020_130000_Americas_Newsroom#start/6437/end/6472,10/20/2010 14:47:32,FOXNEWS,Americas Newsroom,FOXNEWS_20101020_130000_Americas_Newsroom,https://archive.org/download/FOXNEWS_20101020_130000_Americas_Newsroom/FOXNEWS_20101020_130000_Americas_Newsroom.thumbs/FOXNEWS_20101020_130000_Americas_Newsroom_006420.jpg,"vote on climate change and, it died in the senate and they said, why would they take the tough vote, if it died in the senate and if they lose the majority there will be finger pointing at the white house and democratic leaders as well as nancy pelosi and she's crisscrossing the country, one"
