﻿URL,MatchDateTime,Station,Show,IAShowID,IAPreviewThumb,Snippet
https://archive.org/details/FOXNEWSW_20160331_070000_Red_Eye#start/51/end/86,3/31/2016 7:01:06,FOXNEWS,Red Eye,FOXNEWSW_20160331_070000_Red_Eye,https://archive.org/download/FOXNEWSW_20160331_070000_Red_Eye/FOXNEWSW_20160331_070000_Red_Eye.thumbs/FOXNEWSW_20160331_070000_Red_Eye_000057.jpg,"personificat oi n holds up. and a reporter falls asleep on air. i can only assume he was reporting on soccer. thank you, andy. you bet. she is so hot she is the leading cause of global warming, joanne nosuchunsky."
https://archive.org/details/FOXNEWSW_20160310_140000_Americas_Newsroom_With_Bill_Hemmer_and_Martha_MacCallum#start/6154/end/6189,3/10/2016 15:42:49,FOXNEWS,Americas Newsroom With Bill Hemmer and Martha MacCallum,FOXNEWSW_20160310_140000_Americas_Newsroom_With_Bill_Hemmer_and_Martha_MacCallum,https://archive.org/download/FOXNEWSW_20160310_140000_Americas_Newsroom_With_Bill_Hemmer_and_Martha_MacCallum/FOXNEWSW_20160310_140000_Americas_Newsroom_With_Bill_Hemmer_and_Martha_MacCallum.thumbs/FOXNEWSW_20160310_140000_Americas_Newsroom_With_Bill_Hemmer_and_Martha_MacCallum_006147.jpg,"of a mental health defense. archer will be back in court march 31st. heather: thank you. bill: the obama administration considering a lawsuit against climate change critics."
https://archive.org/details/FOXNEWSW_20160322_060000_On_the_Record_With_Greta_Van_Susteren#start/3210/end/3245,3/22/2016 6:53:45,FOXNEWS,On the Record With Greta Van Susteren,FOXNEWSW_20160322_060000_On_the_Record_With_Greta_Van_Susteren,https://archive.org/download/FOXNEWSW_20160322_060000_On_the_Record_With_Greta_Van_Susteren/FOXNEWSW_20160322_060000_On_the_Record_With_Greta_Van_Susteren.thumbs/FOXNEWSW_20160322_060000_On_the_Record_With_Greta_Van_Susteren_003207.jpg,"whatever that's about. i think the top issues in america are national securities and jobs. you know, most of these people haven't entered the responsibility stage where they have children and have to get a mortgage so there can be an ism. right. i thought i'd hear more global warming."
https://archive.org/details/FOXNEWSW_20160310_140000_Americas_Newsroom_With_Bill_Hemmer_and_Martha_MacCallum#start/6452/end/6487,3/10/2016 15:47:47,FOXNEWS,Americas Newsroom With Bill Hemmer and Martha MacCallum,FOXNEWSW_20160310_140000_Americas_Newsroom_With_Bill_Hemmer_and_Martha_MacCallum,https://archive.org/download/FOXNEWSW_20160310_140000_Americas_Newsroom_With_Bill_Hemmer_and_Martha_MacCallum/FOXNEWSW_20160310_140000_Americas_Newsroom_With_Bill_Hemmer_and_Martha_MacCallum.thumbs/FOXNEWSW_20160310_140000_Americas_Newsroom_With_Bill_Hemmer_and_Martha_MacCallum_006447.jpg,"that a lot of these industry folks are simply trying to push back against what is considered scientific consensus. heather: how do you differentiate politics from actual science? talk about climate change, had"
https://archive.org/details/FOXNEWSW_20160311_020000_The_Kelly_File#start/3239/end/3274,3/11/2016 2:54:14,FOXNEWS,The Kelly File,FOXNEWSW_20160311_020000_The_Kelly_File,https://archive.org/download/FOXNEWSW_20160311_020000_The_Kelly_File/FOXNEWSW_20160311_020000_The_Kelly_File.thumbs/FOXNEWSW_20160311_020000_The_Kelly_File_003237.jpg,"washington. james? megyn, good evening. it was in testimony before the senate judiciary committee that attorney general loretta lynch described yesterday how leading members of big oil and other so-called climate change deniers"
https://archive.org/details/FOXNEWSW_20160330_030000_The_OReilly_Factor#start/3104/end/3139,3/30/2016 3:51:59,FOXNEWS,The OReilly Factor,FOXNEWSW_20160330_030000_The_OReilly_Factor,https://archive.org/download/FOXNEWSW_20160330_030000_The_OReilly_Factor/FOXNEWSW_20160330_030000_The_OReilly_Factor.thumbs/FOXNEWSW_20160330_030000_The_OReilly_Factor_003087.jpg,"i was a hillary supporter in 2008 and it took a while for some hillary supporters to warm up to barack obama. but let's look at the issues that motivate liberals like susan surandon. climate change, women's rights,"
https://archive.org/details/FOXNEWSW_20160319_150000_Forbes_on_Fox#start/840/end/875,3/19/2016 15:14:15,FOXNEWS,Forbes on Fox,FOXNEWSW_20160319_150000_Forbes_on_Fox,https://archive.org/download/FOXNEWSW_20160319_150000_Forbes_on_Fox/FOXNEWSW_20160319_150000_Forbes_on_Fox.thumbs/FOXNEWSW_20160319_150000_Forbes_on_Fox_000837.jpg,"we haven't heard yet, but who knows? this is a wild season. i shy she means the coal states in these areas need to diversi diversify. it's not a passing fad that people will be using less fossil fuels and climate change is"
https://archive.org/details/FOXNEWSW_20160330_000000_The_OReilly_Factor#start/3104/end/3139,3/30/2016 0:51:59,FOXNEWS,The OReilly Factor,FOXNEWSW_20160330_000000_The_OReilly_Factor,https://archive.org/download/FOXNEWSW_20160330_000000_The_OReilly_Factor/FOXNEWSW_20160330_000000_The_OReilly_Factor.thumbs/FOXNEWSW_20160330_000000_The_OReilly_Factor_003087.jpg,"of primaries. i was a hillary supporter in 2008 and it took a while for some hillary supporters to warm up to barack obama. but let's look at the issues that motivate liberals like susan surandon. climate change, women's rights,"
https://archive.org/details/FOXNEWSW_20160328_220000_Special_Report_With_Bret_Baier#start/3317/end/3352,3/28/2016 22:55:32,FOXNEWS,Special Report With Bret Baier,FOXNEWSW_20160328_220000_Special_Report_With_Bret_Baier,https://archive.org/download/FOXNEWSW_20160328_220000_Special_Report_With_Bret_Baier/FOXNEWSW_20160328_220000_Special_Report_With_Bret_Baier.thumbs/FOXNEWSW_20160328_220000_Special_Report_With_Bret_Baier_003297.jpg,"if they are president there won't be an attack on america. they can't guarantee that in this world. quickly? this is a president complaining to reporters that terrorism is getting in the way of his other agenda items. he wants to focus on climate change or redistributing"
https://archive.org/details/FOXNEWSW_20160322_000000_The_OReilly_Factor#start/3223/end/3258,3/22/2016 0:53:58,FOXNEWS,The OReilly Factor,FOXNEWSW_20160322_000000_The_OReilly_Factor,https://archive.org/download/FOXNEWSW_20160322_000000_The_OReilly_Factor/FOXNEWSW_20160322_000000_The_OReilly_Factor.thumbs/FOXNEWSW_20160322_000000_The_OReilly_Factor_003207.jpg,"right. i thought i'd hear more global warming. only had one global warming. only one. i was surprised. it's because they live in texas. it's already warm. already hot. they don't want to get any hotter down in. that's true. they can fry. see you on thursday."
https://archive.org/details/FOXNEWSW_20160310_160000_Happening_Now#start/2057/end/2092,3/10/2016 16:34:32,FOXNEWS,Happening Now,FOXNEWSW_20160310_160000_Happening_Now,https://archive.org/download/FOXNEWSW_20160310_160000_Happening_Now/FOXNEWSW_20160310_160000_Happening_Now.thumbs/FOXNEWSW_20160310_160000_Happening_Now_002037.jpg,"outlive the both of us of a tremendous and responsible and effective friendship and collaboration between our two countries. [speaking in french] climate"
https://archive.org/details/FOXNEWSW_20160319_143000_Cavuto_on_Business#start/401/end/436,3/19/2016 14:36:56,FOXNEWS,Cavuto on Business,FOXNEWSW_20160319_143000_Cavuto_on_Business,https://archive.org/download/FOXNEWSW_20160319_143000_Cavuto_on_Business/FOXNEWSW_20160319_143000_Cavuto_on_Business.thumbs/FOXNEWSW_20160319_143000_Cavuto_on_Business_000387.jpg,"understand the implications of a full blown war and what it takes to win that war. we could win it, we could win it trump's way, the way he's talking about, but it would extraordinarily. i'm worried about global"
https://archive.org/details/FOXNEWSW_20160322_030000_The_OReilly_Factor#start/3219/end/3254,3/22/2016 3:53:54,FOXNEWS,The OReilly Factor,FOXNEWSW_20160322_030000_The_OReilly_Factor,https://archive.org/download/FOXNEWSW_20160322_030000_The_OReilly_Factor/FOXNEWSW_20160322_030000_The_OReilly_Factor.thumbs/FOXNEWSW_20160322_030000_The_OReilly_Factor_003207.jpg,"responsibility stage where they have children and have to get a mortgage so there can be an ism. right. i thought i'd hear more global warming. only had one global warming. only one. i was surprised. it's because they live in texas. it's already warm. already hot. they don't want to get any"
https://archive.org/details/FOXNEWSW_20160311_170000_Outnumbered#start/3110/end/3145,3/11/2016 17:52:05,FOXNEWS,Outnumbered,FOXNEWSW_20160311_170000_Outnumbered,https://archive.org/download/FOXNEWSW_20160311_170000_Outnumbered/FOXNEWSW_20160311_170000_Outnumbered.thumbs/FOXNEWSW_20160311_170000_Outnumbered_003088.jpg,"climate change and incorporate climate change impacts into plans and praises. in -- operations. in addition tripping materials obtained by the military decrying conservative organizations to be hate groups and warned troops not be to be"
https://archive.org/details/FOXNEWSW_20160329_210000_The_Five#start/2662/end/2697,3/29/2016 21:44:37,FOXNEWS,The Five,FOXNEWSW_20160329_210000_The_Five,https://archive.org/download/FOXNEWSW_20160329_210000_The_Five/FOXNEWSW_20160329_210000_The_Five.thumbs/FOXNEWSW_20160329_210000_The_Five_002637.jpg,"how he said the false equivalency is a problem. he's alluding to climate change where you have to be, you must strongly endorse his view of climate change. the idea of being skeptical of"
https://archive.org/details/FOXNEWSW_20160310_140000_Americas_Newsroom_With_Bill_Hemmer_and_Martha_MacCallum#start/6361/end/6396,3/10/2016 15:46:16,FOXNEWS,Americas Newsroom With Bill Hemmer and Martha MacCallum,FOXNEWSW_20160310_140000_Americas_Newsroom_With_Bill_Hemmer_and_Martha_MacCallum,https://archive.org/download/FOXNEWSW_20160310_140000_Americas_Newsroom_With_Bill_Hemmer_and_Martha_MacCallum/FOXNEWSW_20160310_140000_Americas_Newsroom_With_Bill_Hemmer_and_Martha_MacCallum.thumbs/FOXNEWSW_20160310_140000_Americas_Newsroom_With_Bill_Hemmer_and_Martha_MacCallum_006207.jpg,"enjoys her first trip to the kingdom. expedia, technology connecting you to what matters. heather: attorney general loretta lynch admitting the justice department has discussed taking action against the energy industry for denying climate"
https://archive.org/details/FOXNEWSW_20160324_210000_The_Five#start/367/end/402,3/24/2016 21:06:22,FOXNEWS,The Five,FOXNEWSW_20160324_210000_The_Five,https://archive.org/download/FOXNEWSW_20160324_210000_The_Five/FOXNEWSW_20160324_210000_The_Five.thumbs/FOXNEWSW_20160324_210000_The_Five_000357.jpg,"potus. europe is burning. 400 other trained fighters are coming in to wage jihad across europe. let's get some focus here. he's dancing. he has his head in the cumulus clouds and worried about climate"
https://archive.org/details/FOXNEWSW_20160311_170000_Outnumbered#start/3095/end/3130,3/11/2016 17:51:50,FOXNEWS,Outnumbered,FOXNEWSW_20160311_170000_Outnumbered,https://archive.org/download/FOXNEWSW_20160311_170000_Outnumbered/FOXNEWSW_20160311_170000_Outnumbered.thumbs/FOXNEWSW_20160311_170000_Outnumbered_003088.jpg,"chaplains at department of defense. pc culture affecting department of defense and climate change and winning on front lines. sandra: you bring up a lot incorporation of climate change that the pentagon ordered for military commanders. that they should prioritize"
https://archive.org/details/FOXNEWSW_20160310_170000_Outnumbered#start/2832/end/2867,3/10/2016 17:47:27,FOXNEWS,Outnumbered,FOXNEWSW_20160310_170000_Outnumbered,https://archive.org/download/FOXNEWSW_20160310_170000_Outnumbered/FOXNEWSW_20160310_170000_Outnumbered.thumbs/FOXNEWSW_20160310_170000_Outnumbered_002817.jpg,"the state department, which is this is all caused by climate change. unemployment, climate change. they want to do everything but acknowledge the genesis of this multi-millennia -- sandra: will we see -- andrea: ann this is, essentially, a holy war."
https://archive.org/details/FOXNEWSW_20160318_030000_The_OReilly_Factor#start/2977/end/3012,3/18/2016 3:49:52,FOXNEWS,The OReilly Factor,FOXNEWSW_20160318_030000_The_OReilly_Factor,https://archive.org/download/FOXNEWSW_20160318_030000_The_OReilly_Factor/FOXNEWSW_20160318_030000_The_OReilly_Factor.thumbs/FOXNEWSW_20160318_030000_The_OReilly_Factor_002967.jpg,"most likely. definitely poverty. i think there needs to be huge improvement to the public education system. what do you think is more dangerous climate change or terrorism? i think climate change. really? i think that's more danger÷ws. what is the most important issue for you? i think the national"
https://archive.org/details/FOXNEWSW_20160318_000000_The_OReilly_Factor#start/2980/end/3015,3/18/2016 0:49:55,FOXNEWS,The OReilly Factor,FOXNEWSW_20160318_000000_The_OReilly_Factor,https://archive.org/download/FOXNEWSW_20160318_000000_The_OReilly_Factor/FOXNEWSW_20160318_000000_The_OReilly_Factor.thumbs/FOXNEWSW_20160318_000000_The_OReilly_Factor_002967.jpg,"i think there needs to be huge improvement to the public education system. what do you think is more dangerous climate change or terrorism? i think climate change. really? i think that's more danger÷ws. what is the most important issue for you? i think the national security is important and"
https://archive.org/details/FOXNEWSW_20160322_000000_The_OReilly_Factor#start/3014/end/3049,3/22/2016 0:50:29,FOXNEWS,The OReilly Factor,FOXNEWSW_20160322_000000_The_OReilly_Factor,https://archive.org/download/FOXNEWSW_20160322_000000_The_OReilly_Factor/FOXNEWSW_20160322_000000_The_OReilly_Factor.thumbs/FOXNEWSW_20160322_000000_The_OReilly_Factor_002997.jpg,"most important issue facing the nation? facing the nation? people too serious, man! good answer. good answer. i don't have enough shoes. global warming. you know what happens when it"
https://archive.org/details/FOXNEWSW_20160322_030000_The_OReilly_Factor#start/3014/end/3049,3/22/2016 3:50:29,FOXNEWS,The OReilly Factor,FOXNEWSW_20160322_030000_The_OReilly_Factor,https://archive.org/download/FOXNEWSW_20160322_030000_The_OReilly_Factor/FOXNEWSW_20160322_030000_The_OReilly_Factor.thumbs/FOXNEWSW_20160322_030000_The_OReilly_Factor_002997.jpg,"most important issue facing the nation? facing the nation? people too serious, man! good answer. good answer. i don't have enough shoes. global warming. you know what happens when it"
https://archive.org/details/FOXNEWSW_20160320_100000_Fox_and_Friends_Sunday#start/12069/end/12104,3/20/2016 13:21:24,FOXNEWS,Fox and Friends Sunday,FOXNEWSW_20160320_100000_Fox_and_Friends_Sunday,https://archive.org/download/FOXNEWSW_20160320_100000_Fox_and_Friends_Sunday/FOXNEWSW_20160320_100000_Fox_and_Friends_Sunday.thumbs/FOXNEWSW_20160320_100000_Fox_and_Friends_Sunday_012057.jpg,"don't call it terror. it's global warming that caused it. onto the shag carpeting. .and his pants ignited into flames, causing him to stop, drop and roll. luckily jack recently had geico help him"
https://archive.org/details/FOXNEWSW_20160328_210000_The_Five#start/178/end/213,3/28/2016 21:03:13,FOXNEWS,The Five,FOXNEWSW_20160328_210000_The_Five,https://archive.org/download/FOXNEWSW_20160328_210000_The_Five/FOXNEWSW_20160328_210000_The_Five.thumbs/FOXNEWSW_20160328_210000_The_Five_000177.jpg,"than isis. climate change, wage gaps, argentinian dance instructors. here's the talking tree on how the world views trump."
https://archive.org/details/FOXNEWSW_20160310_230000_Special_Report_With_Bret_Baier#start/2755/end/2790,3/10/2016 23:46:10,FOXNEWS,Special Report With Bret Baier,FOXNEWSW_20160310_230000_Special_Report_With_Bret_Baier,https://archive.org/download/FOXNEWSW_20160310_230000_Special_Report_With_Bret_Baier/FOXNEWSW_20160310_230000_Special_Report_With_Bret_Baier.thumbs/FOXNEWSW_20160310_230000_Special_Report_With_Bret_Baier_002757.jpg,"class, that could change the psychology of it. next up, the obama administration considers taking climate change deniers to court."
https://archive.org/details/FOXNEWSW_20160319_143000_Cavuto_on_Business#start/356/end/391,3/19/2016 14:36:11,FOXNEWS,Cavuto on Business,FOXNEWSW_20160319_143000_Cavuto_on_Business,https://archive.org/download/FOXNEWSW_20160319_143000_Cavuto_on_Business/FOXNEWSW_20160319_143000_Cavuto_on_Business.thumbs/FOXNEWSW_20160319_143000_Cavuto_on_Business_000357.jpg,"be a loose cannon. i think given all the hot air that trump spews out -- this is a hot button issue. this is a hot button issue. lord have merz, global warming. they're not the first publication to say that he is"
https://archive.org/details/FOXNEWSW_20160322_060000_On_the_Record_With_Greta_Van_Susteren#start/3026/end/3061,3/22/2016 6:50:41,FOXNEWS,On the Record With Greta Van Susteren,FOXNEWSW_20160322_060000_On_the_Record_With_Greta_Van_Susteren,https://archive.org/download/FOXNEWSW_20160322_060000_On_the_Record_With_Greta_Van_Susteren/FOXNEWSW_20160322_060000_On_the_Record_With_Greta_Van_Susteren.thumbs/FOXNEWSW_20160322_060000_On_the_Record_With_Greta_Van_Susteren_003027.jpg,"global warming. you know what happens when it gets warmer? i just take off a layer. i can't fepull my arms out. racial equality. last time i checked we had a black president. yeah, still doesn't mean we're equal. you have white privilege."
https://archive.org/details/FOXNEWSW_20160310_230000_Special_Report_With_Bret_Baier#start/792/end/827,3/10/2016 23:13:27,FOXNEWS,Special Report With Bret Baier,FOXNEWSW_20160310_230000_Special_Report_With_Bret_Baier,https://archive.org/download/FOXNEWSW_20160310_230000_Special_Report_With_Bret_Baier/FOXNEWSW_20160310_230000_Special_Report_With_Bret_Baier.thumbs/FOXNEWSW_20160310_230000_Special_Report_With_Bret_Baier_000777.jpg,"some of the millions of people around the world who do not believe man is responsible for global warming could soon be facing more than just mockery from the left. president obama's top lawyer admits the government is considering much more forceful action."
https://archive.org/details/FOXNEWSW_20160306_070000_Red_Eye#start/364/end/399,3/6/2016 7:06:19,FOXNEWS,Red Eye,FOXNEWSW_20160306_070000_Red_Eye,https://archive.org/download/FOXNEWSW_20160306_070000_Red_Eye/FOXNEWSW_20160306_070000_Red_Eye.thumbs/FOXNEWSW_20160306_070000_Red_Eye_000357.jpg,"anxiety and the real fear is global warming. they need to remember that. nick is one of those guys -- i feel like your on-line presence, you put things on there to get people angry. do you do that? no, people just don't like"
https://archive.org/details/FOXNEWSW_20160305_080000_Red_Eye#start/364/end/399,3/5/2016 8:06:19,FOXNEWS,Red Eye,FOXNEWSW_20160305_080000_Red_Eye,https://archive.org/download/FOXNEWSW_20160305_080000_Red_Eye/FOXNEWSW_20160305_080000_Red_Eye.thumbs/FOXNEWSW_20160305_080000_Red_Eye_000357.jpg,"anxiety and the real fear is global warming. they need to remember that. nick is one of those guys -- i feel like your on-line presence, you put things on there to get people angry. do you do that? no, people just don't like"
https://archive.org/details/FOXNEWSW_20160315_210000_The_Five#start/2242/end/2277,3/15/2016 21:37:37,FOXNEWS,The Five,FOXNEWSW_20160315_210000_The_Five,https://archive.org/download/FOXNEWSW_20160315_210000_The_Five/FOXNEWSW_20160315_210000_The_Five.thumbs/FOXNEWSW_20160315_210000_The_Five_002217.jpg,"china. so work on china. let china start coming back on the coal use. the climate change. you know all those great electric cars that you love?"
https://archive.org/details/FOXNEWSW_20160310_160000_Happening_Now#start/2349/end/2384,3/10/2016 16:39:24,FOXNEWS,Happening Now,FOXNEWSW_20160310_160000_Happening_Now,https://archive.org/download/FOXNEWSW_20160310_160000_Happening_Now/FOXNEWSW_20160310_160000_Happening_Now.thumbs/FOXNEWSW_20160310_160000_Happening_Now_002337.jpg,", the more we can she the international agenda to meet these challenges. climate change is such an example. this is going to be a big problem for everybody."
https://archive.org/details/FOXNEWSW_20160325_050000_Hannity#start/1772/end/1807,3/25/2016 5:29:47,FOXNEWS,Hannity,FOXNEWSW_20160325_050000_Hannity,https://archive.org/download/FOXNEWSW_20160325_050000_Hannity/FOXNEWSW_20160325_050000_Hannity.thumbs/FOXNEWSW_20160325_050000_Hannity_001767.jpg,"clinton the real cause of islamic terror is global warming. can you agree with that? no, i can't. but that's apparently what the president authentically believes. he and his team have just said this week, in light of the brussels attacks and so on, the greatest threat to global"
https://archive.org/details/FOXNEWSW_20160322_060000_On_the_Record_With_Greta_Van_Susteren#start/3225/end/3260,3/22/2016 6:54:00,FOXNEWS,On the Record With Greta Van Susteren,FOXNEWSW_20160322_060000_On_the_Record_With_Greta_Van_Susteren,https://archive.org/download/FOXNEWSW_20160322_060000_On_the_Record_With_Greta_Van_Susteren/FOXNEWSW_20160322_060000_On_the_Record_With_Greta_Van_Susteren.thumbs/FOXNEWSW_20160322_060000_On_the_Record_With_Greta_Van_Susteren_003207.jpg,"only had one global warming. only one. i was surprised. it's because they live in texas. it's already warm. already hot. they don't want to get any hotter down in. that's true. they can fry. see you on thursday. 'factor' tip of the day. the real story about florida."
https://archive.org/details/FOXNEWSW_20160325_020000_Hannity#start/1772/end/1807,3/25/2016 2:29:47,FOXNEWS,Hannity,FOXNEWSW_20160325_020000_Hannity,https://archive.org/download/FOXNEWSW_20160325_020000_Hannity/FOXNEWSW_20160325_020000_Hannity.thumbs/FOXNEWSW_20160325_020000_Hannity_001767.jpg,"clinton the real cause of islamic terror is global warming. can you agree with that? no, i can't. but that's apparently what the president authentically believes. he and his team have just said this week, in light of the brussels attacks and so on, the greatest threat to global"
https://archive.org/details/FOXNEWSW_20160323_010000_The_Kelly_File#start/2943/end/2978,3/23/2016 1:49:18,FOXNEWS,The Kelly File,FOXNEWSW_20160323_010000_The_Kelly_File,https://archive.org/download/FOXNEWSW_20160323_010000_The_Kelly_File/FOXNEWSW_20160323_010000_The_Kelly_File.thumbs/FOXNEWSW_20160323_010000_The_Kelly_File_002937.jpg,"but it isn't a real threat to us. like for example, climate change or arms control. the problem is, he hasn't learned anything. this is who he was when he came"
https://archive.org/details/FOXNEWSW_20160310_220000_The_Five#start/1870/end/1905,3/10/2016 22:31:25,FOXNEWS,The Five,FOXNEWSW_20160310_220000_The_Five,https://archive.org/download/FOXNEWSW_20160310_220000_The_Five/FOXNEWSW_20160310_220000_The_Five.thumbs/FOXNEWSW_20160310_220000_The_Five_001857.jpg,"refugees. he's said i don't care. i would do it on my own. he would say climate change is genocide. and golf. are we through with the mockery? no, no."
https://archive.org/details/FOXNEWSW_20160317_050000_Hannity#start/2206/end/2241,3/17/2016 5:37:01,FOXNEWS,Hannity,FOXNEWSW_20160317_050000_Hannity,https://archive.org/download/FOXNEWSW_20160317_050000_Hannity/FOXNEWSW_20160317_050000_Hannity.thumbs/FOXNEWSW_20160317_050000_Hannity_002187.jpg,"visit myrbetriq.com to learn more. earth hour is about empowering people making a difference to change climate change with passion and excitement earth hour is about inspiring climate action celebrating a global movement"
https://archive.org/details/FOXNEWSW_20160310_140000_Americas_Newsroom_With_Bill_Hemmer_and_Martha_MacCallum#start/6467/end/6502,3/10/2016 15:48:02,FOXNEWS,Americas Newsroom With Bill Hemmer and Martha MacCallum,FOXNEWSW_20160310_140000_Americas_Newsroom_With_Bill_Hemmer_and_Martha_MacCallum,https://archive.org/download/FOXNEWSW_20160310_140000_Americas_Newsroom_With_Bill_Hemmer_and_Martha_MacCallum/FOXNEWSW_20160310_140000_Americas_Newsroom_With_Bill_Hemmer_and_Martha_MacCallum.thumbs/FOXNEWSW_20160310_140000_Americas_Newsroom_With_Bill_Hemmer_and_Martha_MacCallum_006447.jpg,"one thing in particular, we hear this quote a lot, 97% of scientists agree climate change is real, man-made and dangerous. countless articles after that, john kerry reference to it, this"
https://archive.org/details/FOXNEWSW_20160323_160000_Outnumbered#start/554/end/589,3/23/2016 16:09:29,FOXNEWS,Outnumbered,FOXNEWSW_20160323_160000_Outnumbered,https://archive.org/download/FOXNEWSW_20160323_160000_Outnumbered/FOXNEWSW_20160323_160000_Outnumbered.thumbs/FOXNEWSW_20160323_160000_Outnumbered_000537.jpg,"impacted by climate change. harris: we have been watching that bilateral news conference taking place in argentina with the argentine president and president obama and we wanted to to hear from president obama"
https://archive.org/details/FOXNEWSW_20160310_230000_Special_Report_With_Bret_Baier#start/3230/end/3265,3/10/2016 23:54:05,FOXNEWS,Special Report With Bret Baier,FOXNEWSW_20160310_230000_Special_Report_With_Bret_Baier,https://archive.org/download/FOXNEWSW_20160310_230000_Special_Report_With_Bret_Baier/FOXNEWSW_20160310_230000_Special_Report_With_Bret_Baier.thumbs/FOXNEWSW_20160310_230000_Special_Report_With_Bret_Baier_003207.jpg,"suggested global warming wasn't happening yet or whatever. i think it's no longer their position if i am not mistaken. ads are always boasting what a green company they are. so it had the look of something we shouldn't be freaking out of something but as a rogue@v2 exercise on"
https://archive.org/details/FOXNEWSW_20160326_040000_The_Kelly_File#start/687/end/722,3/26/2016 4:11:42,FOXNEWS,The Kelly File,FOXNEWSW_20160326_040000_The_Kelly_File,https://archive.org/download/FOXNEWSW_20160326_040000_The_Kelly_File/FOXNEWSW_20160326_040000_The_Kelly_File.thumbs/FOXNEWSW_20160326_040000_The_Kelly_File_000687.jpg,"that's obsessed with social justice and with climate change. when we have a commander in chief who seems to be absent without leave, hanging out with communist dictators or dancing in argentina, i would exploit"
https://archive.org/details/FOXNEWSW_20160310_220000_The_Five#start/2971/end/3006,3/10/2016 22:49:46,FOXNEWS,The Five,FOXNEWSW_20160310_220000_The_Five,https://archive.org/download/FOXNEWSW_20160310_220000_The_Five/FOXNEWSW_20160310_220000_The_Five.thumbs/FOXNEWSW_20160310_220000_The_Five_002967.jpg,"canadian official has visited the u.s. comment in nearly 20 years. do you know what's on the menu? climate change. that will make me throw up. a lot of people in alaska are baked."
https://archive.org/details/FOXNEWSW_20160313_040000_Red_Eye#start/1643/end/1678,3/13/2016 4:27:38,FOXNEWS,Red Eye,FOXNEWSW_20160313_040000_Red_Eye,https://archive.org/download/FOXNEWSW_20160313_040000_Red_Eye/FOXNEWSW_20160313_040000_Red_Eye.thumbs/FOXNEWSW_20160313_040000_Red_Eye_001617.jpg,"the energy system away from the fossil fuel to sustainable energy so we can effectively combat climate change. what i have proposed is to extend a trillion dollars over a"
https://archive.org/details/FOXNEWSW_20160323_220000_Special_Report_With_Bret_Baier#start/2615/end/2650,3/23/2016 22:43:50,FOXNEWS,Special Report With Bret Baier,FOXNEWSW_20160323_220000_Special_Report_With_Bret_Baier,https://archive.org/download/FOXNEWSW_20160323_220000_Special_Report_With_Bret_Baier/FOXNEWSW_20160323_220000_Special_Report_With_Bret_Baier.thumbs/FOXNEWSW_20160323_220000_Special_Report_With_Bret_Baier_002607.jpg,"he's supposed to say the. more people die in falls in their bathtubs than die in terrorism. he also said climate change. serving more important than isis. he thinks it is the back ground"
https://archive.org/details/FOXNEWSW_20160310_140000_Americas_Newsroom_With_Bill_Hemmer_and_Martha_MacCallum#start/6375/end/6410,3/10/2016 15:46:30,FOXNEWS,Americas Newsroom With Bill Hemmer and Martha MacCallum,FOXNEWSW_20160310_140000_Americas_Newsroom_With_Bill_Hemmer_and_Martha_MacCallum,https://archive.org/download/FOXNEWSW_20160310_140000_Americas_Newsroom_With_Bill_Hemmer_and_Martha_MacCallum/FOXNEWSW_20160310_140000_Americas_Newsroom_With_Bill_Hemmer_and_Martha_MacCallum.thumbs/FOXNEWSW_20160310_140000_Americas_Newsroom_With_Bill_Hemmer_and_Martha_MacCallum_006357.jpg,"change is man made. this came up during a round of questioning at a senate judiciary committee hearing when a senator compared possible civil action against climate change deniers to civil action by the clinton administration"
https://archive.org/details/FOXNEWSW_20160310_140000_Americas_Newsroom_With_Bill_Hemmer_and_Martha_MacCallum#start/6561/end/6596,3/10/2016 15:49:36,FOXNEWS,Americas Newsroom With Bill Hemmer and Martha MacCallum,FOXNEWSW_20160310_140000_Americas_Newsroom_With_Bill_Hemmer_and_Martha_MacCallum,https://archive.org/download/FOXNEWSW_20160310_140000_Americas_Newsroom_With_Bill_Hemmer_and_Martha_MacCallum/FOXNEWSW_20160310_140000_Americas_Newsroom_With_Bill_Hemmer_and_Martha_MacCallum.thumbs/FOXNEWSW_20160310_140000_Americas_Newsroom_With_Bill_Hemmer_and_Martha_MacCallum_006537.jpg,"the thought is now out there that the doj could get involved if you deny climate change. what does it mean going down a road? there could be any effect which is a chilling effect on"
https://archive.org/details/FOXNEWSW_20160301_080000_Red_Eye#start/791/end/826,3/1/2016 8:13:26,FOXNEWS,Red Eye,FOXNEWSW_20160301_080000_Red_Eye,https://archive.org/download/FOXNEWSW_20160301_080000_Red_Eye/FOXNEWSW_20160301_080000_Red_Eye.thumbs/FOXNEWSW_20160301_080000_Red_Eye_000777.jpg,"leo dicaprio won best actor and gave a speech on climate change and then flew off in his private jet. 'mad max' won six awards and nobody cares about. chris rock made several statements to diversity."
https://archive.org/details/FOXNEWSW_20160317_210000_The_Five#start/1992/end/2027,3/17/2016 21:33:27,FOXNEWS,The Five,FOXNEWSW_20160317_210000_The_Five,https://archive.org/download/FOXNEWSW_20160317_210000_The_Five/FOXNEWSW_20160317_210000_The_Five.thumbs/FOXNEWSW_20160317_210000_The_Five_001977.jpg,"and it creates a movable object. there needs to be an hov lane or an express aisle for atrocity. so a president doesn't put isis in the same inbox as climate change or childhood obesity or"
https://archive.org/details/FOXNEWSW_20160326_010000_The_Kelly_File#start/687/end/722,3/26/2016 1:11:42,FOXNEWS,The Kelly File,FOXNEWSW_20160326_010000_The_Kelly_File,https://archive.org/download/FOXNEWSW_20160326_010000_The_Kelly_File/FOXNEWSW_20160326_010000_The_Kelly_File.thumbs/FOXNEWSW_20160326_010000_The_Kelly_File_000687.jpg,"exploit this administration that's obsessed with social justice and with climate change. when we have a commander in chief who seems to be absent without leave, hanging out with communist dictators or dancing in argentina, i would exploit"
https://archive.org/details/FOXNEWSW_20160319_080000_The_Kelly_File#start/3274/end/3309,3/19/2016 8:54:49,FOXNEWS,The Kelly File,FOXNEWSW_20160319_080000_The_Kelly_File,https://archive.org/download/FOXNEWSW_20160319_080000_The_Kelly_File/FOXNEWSW_20160319_080000_The_Kelly_File.thumbs/FOXNEWSW_20160319_080000_The_Kelly_File_003267.jpg,"five times less cot than thought. this gives lie to the idiotic idea that climate change is a settled science. all right. i just have one loser and that's half of my staff for their bracket."
https://archive.org/details/FOXNEWSW_20160311_230000_Special_Report_With_Bret_Baier#start/3259/end/3294,3/11/2016 23:54:34,FOXNEWS,Special Report With Bret Baier,FOXNEWSW_20160311_230000_Special_Report_With_Bret_Baier,https://archive.org/download/FOXNEWSW_20160311_230000_Special_Report_With_Bret_Baier/FOXNEWSW_20160311_230000_Special_Report_With_Bret_Baier.thumbs/FOXNEWSW_20160311_230000_Special_Report_With_Bret_Baier_003237.jpg,"attorney general is looking for a way to prosecute as racketeering those who oppose who are supposedly climate change deniers. the winner of the week, probably ought to retire the cup is iran. it test intermediate"
https://archive.org/details/FOXNEWSW_20160310_230000_Special_Report_With_Bret_Baier#start/815/end/850,3/10/2016 23:13:50,FOXNEWS,Special Report With Bret Baier,FOXNEWSW_20160310_230000_Special_Report_With_Bret_Baier,https://archive.org/download/FOXNEWSW_20160310_230000_Special_Report_With_Bret_Baier/FOXNEWSW_20160310_230000_Special_Report_With_Bret_Baier.thumbs/FOXNEWSW_20160310_230000_Special_Report_With_Bret_Baier_000807.jpg,"attorney general loretta lynch said wednesday the obama administration has directed federal law enforcement to investigate whether big oil companies and other so-called climate change deniers should face civil racketeering charges the same way tobacco company did"
https://archive.org/details/FOXNEWSW_20160310_230000_Special_Report_With_Bret_Baier#start/3044/end/3079,3/10/2016 23:50:59,FOXNEWS,Special Report With Bret Baier,FOXNEWSW_20160310_230000_Special_Report_With_Bret_Baier,https://archive.org/download/FOXNEWSW_20160310_230000_Special_Report_With_Bret_Baier/FOXNEWSW_20160310_230000_Special_Report_With_Bret_Baier.thumbs/FOXNEWSW_20160310_230000_Special_Report_With_Bret_Baier_003027.jpg,"that's the attorney general up on capitol hill. the áát administration has directed federal law enforcement to investigate whether so-called climate change deniers should be facing civil racketeering prosecution the same way tobacco companies did under"
https://archive.org/details/FOXNEWSW_20160324_080000_The_Kelly_File#start/2618/end/2653,3/24/2016 8:43:53,FOXNEWS,The Kelly File,FOXNEWSW_20160324_080000_The_Kelly_File,https://archive.org/download/FOXNEWSW_20160324_080000_The_Kelly_File/FOXNEWSW_20160324_080000_The_Kelly_File.thumbs/FOXNEWSW_20160324_080000_The_Kelly_File_002607.jpg,"more people die in falls in their bathtubs than die in terrorism. he also said climate change. serving more important than isis. he thinks it is the back ground noise of our time. he has said this openly in"
https://archive.org/details/FOXNEWSW_20160311_020000_The_Kelly_File#start/3014/end/3049,3/11/2016 2:50:29,FOXNEWS,The Kelly File,FOXNEWSW_20160311_020000_The_Kelly_File,https://archive.org/download/FOXNEWSW_20160311_020000_The_Kelly_File/FOXNEWSW_20160311_020000_The_Kelly_File.thumbs/FOXNEWSW_20160311_020000_The_Kelly_File_002967.jpg,"when it comes to climate change, suggesting yesterday they have considered legal action against those who say they deny the science. james rosen is next on that. i've been blind since birth. i go through periods where it's hard to sleep at night,"
https://archive.org/details/FOXNEWSW_20160311_020000_The_Kelly_File#start/3286/end/3321,3/11/2016 2:55:01,FOXNEWS,The Kelly File,FOXNEWSW_20160311_020000_The_Kelly_File,https://archive.org/download/FOXNEWSW_20160311_020000_The_Kelly_File/FOXNEWSW_20160311_020000_The_Kelly_File.thumbs/FOXNEWSW_20160311_020000_The_Kelly_File_003267.jpg,"regarding the role of fossil fuels and climate change. lu and other activists want the obama administration to launch a civil racketeering prosecution against big oil companies and allies such the tobacco companies faced under president clinton, cigarette makers came"
https://archive.org/details/FOXNEWSW_20160310_160000_Happening_Now#start/2385/end/2420,3/10/2016 16:40:00,FOXNEWS,Happening Now,FOXNEWSW_20160310_160000_Happening_Now,https://archive.org/download/FOXNEWSW_20160310_160000_Happening_Now/FOXNEWSW_20160310_160000_Happening_Now.thumbs/FOXNEWSW_20160310_160000_Happening_Now_002367.jpg,"lot of the carbon pollution that is causing climate change. if we don't agree, if we are not aggressive, if we are not farsighted, if we don't pool our resources around the research and development and clean energy agenda that's"
https://archive.org/details/FOXNEWSW_20160321_180000_The_Real_Story_With_Gretchen_Carlson#start/1802/end/1837,3/21/2016 18:30:17,FOXNEWS,The Real Story With Gretchen Carlson,FOXNEWSW_20160321_180000_The_Real_Story_With_Gretchen_Carlson,https://archive.org/download/FOXNEWSW_20160321_180000_The_Real_Story_With_Gretchen_Carlson/FOXNEWSW_20160321_180000_The_Real_Story_With_Gretchen_Carlson.thumbs/FOXNEWSW_20160321_180000_The_Real_Story_With_Gretchen_Carlson_001797.jpg,"beautiful waters of this region that we share. and as two countries threatened by climate change, i believe we can work together to protect communities in our low lying coasts. and we are inviting cuba to join us and our caribbean and central"
https://archive.org/details/FOXNEWSW_20160310_190000_The_Real_Story_With_Gretchen_Carlson#start/551/end/586,3/10/2016 19:09:26,FOXNEWS,The Real Story With Gretchen Carlson,FOXNEWSW_20160310_190000_The_Real_Story_With_Gretchen_Carlson,https://archive.org/download/FOXNEWSW_20160310_190000_The_Real_Story_With_Gretchen_Carlson/FOXNEWSW_20160310_190000_The_Real_Story_With_Gretchen_Carlson.thumbs/FOXNEWSW_20160310_190000_The_Real_Story_With_Gretchen_Carlson_000537.jpg,"yes, talking about trade and in particular the trans-pacific partnership. they talked a lot about climate change. speaking of ice, i should throw this out. the president did take an occasion to rib prime minister trudeau that the stanley cup is"
https://archive.org/details/FOXNEWSW_20160310_140000_Americas_Newsroom_With_Bill_Hemmer_and_Martha_MacCallum#start/6530/end/6565,3/10/2016 15:49:05,FOXNEWS,Americas Newsroom With Bill Hemmer and Martha MacCallum,FOXNEWSW_20160310_140000_Americas_Newsroom_With_Bill_Hemmer_and_Martha_MacCallum,https://archive.org/download/FOXNEWSW_20160310_140000_Americas_Newsroom_With_Bill_Hemmer_and_Martha_MacCallum/FOXNEWSW_20160310_140000_Americas_Newsroom_With_Bill_Hemmer_and_Martha_MacCallum.thumbs/FOXNEWSW_20160310_140000_Americas_Newsroom_With_Bill_Hemmer_and_Martha_MacCallum_006507.jpg,"pushing this idea that there is some way the government can step in and stop anybody who denies any climate change science. this rico thing he has been talking about for over a year. it is concerning but i hideout,"
https://archive.org/details/FOXNEWSW_20160330_100000_FOX__Friends#start/1171/end/1206,3/30/2016 10:19:46,FOXNEWS,FOX  Friends,FOXNEWSW_20160330_100000_FOX__Friends,https://archive.org/download/FOXNEWSW_20160330_100000_FOX__Friends/FOXNEWSW_20160330_100000_FOX__Friends.thumbs/FOXNEWSW_20160330_100000_FOX__Friends_001167.jpg,"to stand up to big oil because he won't take their money. that's why sanders said no to the keystone pipeline and never waffled. sanders has a far-reaching plan to address climate change, combating carbon pollution which can cause asthma and lung"
https://archive.org/details/FOXNEWSW_20160318_220000_Special_Report_With_Bret_Baier#start/3278/end/3313,3/18/2016 22:54:53,FOXNEWS,Special Report With Bret Baier,FOXNEWSW_20160318_220000_Special_Report_With_Bret_Baier,https://archive.org/download/FOXNEWSW_20160318_220000_Special_Report_With_Bret_Baier/FOXNEWSW_20160318_220000_Special_Report_With_Bret_Baier.thumbs/FOXNEWSW_20160318_220000_Special_Report_With_Bret_Baier_003267.jpg,"thought. this gives lie to the idiotic idea that climate change is a settled science. all right. i just have one loser and that's half of my staff for their bracket. phil vogel's bracket in the ncaa tournament, it is"
https://archive.org/details/FOXNEWSW_20160325_210000_The_Five#start/542/end/577,3/25/2016 21:09:17,FOXNEWS,The Five,FOXNEWSW_20160325_210000_The_Five,https://archive.org/download/FOXNEWSW_20160325_210000_The_Five/FOXNEWSW_20160325_210000_The_Five.thumbs/FOXNEWSW_20160325_210000_The_Five_000537.jpg,"aggressive -- time on get, it is okay to be aggressive. he's a nobel peace prize winner. he's not going there. he doesn't believe we should be fighting the war on terror let alone weng it. climate change. he works on the thing he"
https://archive.org/details/FOXNEWSW_20160311_020000_The_Kelly_File#start/3224/end/3259,3/11/2016 2:53:59,FOXNEWS,The Kelly File,FOXNEWSW_20160311_020000_The_Kelly_File,https://archive.org/download/FOXNEWSW_20160311_020000_The_Kelly_File/FOXNEWSW_20160311_020000_The_Kelly_File.thumbs/FOXNEWSW_20160311_020000_The_Kelly_File_003207.jpg,"well, record high march temperatures along the east coast have people again debating climate change, the obama administration is announcing a plan that could actually punish folks who disagree with their views on the issue. chief washington correspondent james rosen has more from"
https://archive.org/details/FOXNEWSW_20160305_150000_The_Cost_of_Freedom#start/6598/end/6633,3/5/2016 16:50:13,FOXNEWS,The Cost of Freedom,FOXNEWSW_20160305_150000_The_Cost_of_Freedom,https://archive.org/download/FOXNEWSW_20160305_150000_The_Cost_of_Freedom/FOXNEWSW_20160305_150000_The_Cost_of_Freedom.thumbs/FOXNEWSW_20160305_150000_The_Cost_of_Freedom_006597.jpg,"president obama's executive action on immigration. on climate change. circumventing o f the rule of law, of the constitution of congress and just the anger that is out there for americans and neil, you also just look at the economy."
https://archive.org/details/FOXNEWSW_20160320_100000_Fox_and_Friends_Sunday#start/4398/end/4433,3/20/2016 11:13:33,FOXNEWS,Fox and Friends Sunday,FOXNEWSW_20160320_100000_Fox_and_Friends_Sunday,https://archive.org/download/FOXNEWSW_20160320_100000_Fox_and_Friends_Sunday/FOXNEWSW_20160320_100000_Fox_and_Friends_Sunday.thumbs/FOXNEWSW_20160320_100000_Fox_and_Friends_Sunday_004347.jpg,"so what else can we expect from his trip to the communityist island? we'll tell you coming up. and leonardo dicaprio just praised china for dealing with climate change? i'd like to make a dep--. vo: it happens so often, you almost get used to it."
https://archive.org/details/FOXNEWSW_20160320_100000_Fox_and_Friends_Sunday#start/5629/end/5664,3/20/2016 11:34:04,FOXNEWS,Fox and Friends Sunday,FOXNEWSW_20160320_100000_Fox_and_Friends_Sunday,https://archive.org/download/FOXNEWSW_20160320_100000_Fox_and_Friends_Sunday/FOXNEWSW_20160320_100000_Fox_and_Friends_Sunday.thumbs/FOXNEWSW_20160320_100000_Fox_and_Friends_Sunday_005607.jpg,"climate change hero. the actor is on a tripoli beijing to promote his movie 'the revenant.' during a news conference, he praised the country for shifting toward renewable forms of energy to lower carbon emissions. contrary to theifestyle he claims to live, radar online"
https://archive.org/details/FOXNEWSW_20160302_190000_The_Real_Story_With_Gretchen_Carlson#start/2922/end/2957,3/2/2016 19:48:57,FOXNEWS,The Real Story With Gretchen Carlson,FOXNEWSW_20160302_190000_The_Real_Story_With_Gretchen_Carlson,https://archive.org/download/FOXNEWSW_20160302_190000_The_Real_Story_With_Gretchen_Carlson/FOXNEWSW_20160302_190000_The_Real_Story_With_Gretchen_Carlson.thumbs/FOXNEWSW_20160302_190000_The_Real_Story_With_Gretchen_Carlson_002907.jpg,"abunch of fighting or if they stick the policy. thank you. probably some of both. okay. thanks. white house and climate change activist sounding the alarm on coal fire plants. but now, the so-called more on coal having a huge impact on the"
https://archive.org/details/FOXNEWSW_20160328_160000_Outnumbered#start/2013/end/2048,3/28/2016 16:33:48,FOXNEWS,Outnumbered,FOXNEWSW_20160328_160000_Outnumbered,https://archive.org/download/FOXNEWSW_20160328_160000_Outnumbered/FOXNEWSW_20160328_160000_Outnumbered.thumbs/FOXNEWSW_20160328_160000_Outnumbered_002007.jpg,"overseas, not just here, this secretary of state kerry would thank the iranians for humiliating our u.s. sailors or say that climate change is the greatest issue facing the world. those are things i'm personally embarrassed for. not to mention the fact he has a"
https://archive.org/details/FOXNEWSW_20160323_160000_Outnumbered#start/2189/end/2224,3/23/2016 16:36:44,FOXNEWS,Outnumbered,FOXNEWSW_20160323_160000_Outnumbered,https://archive.org/download/FOXNEWSW_20160323_160000_Outnumbered/FOXNEWSW_20160323_160000_Outnumbered.thumbs/FOXNEWSW_20160323_160000_Outnumbered_002187.jpg,"andrea: climate change. don't want to disrupt the environment. go back to the point you made about ghettoization and stuff about surveilling in those communities. we need to take back the word a simulation and -- assimilation, stop making it a bad word. we're americans."
https://archive.org/details/FOXNEWSW_20160310_230000_Special_Report_With_Bret_Baier#start/3107/end/3142,3/10/2016 23:52:02,FOXNEWS,Special Report With Bret Baier,FOXNEWSW_20160310_230000_Special_Report_With_Bret_Baier,https://archive.org/download/FOXNEWSW_20160310_230000_Special_Report_With_Bret_Baier/FOXNEWSW_20160310_230000_Special_Report_With_Bret_Baier.thumbs/FOXNEWSW_20160310_230000_Special_Report_With_Bret_Baier_003087.jpg,"doing something extraordinary. climate change is a projection into the future. the idea that it is the equivalent of, say, consideration of the holocaust is absurd but the left has captured the language. so, you, first willts all, call them denialers, the moral equivalent of"
https://archive.org/details/FOXNEWSW_20160310_230000_Special_Report_With_Bret_Baier#start/3169/end/3204,3/10/2016 23:53:04,FOXNEWS,Special Report With Bret Baier,FOXNEWSW_20160310_230000_Special_Report_With_Bret_Baier,https://archive.org/download/FOXNEWSW_20160310_230000_Special_Report_With_Bret_Baier/FOXNEWSW_20160310_230000_Special_Report_With_Bret_Baier.thumbs/FOXNEWSW_20160310_230000_Special_Report_With_Bret_Baier_003147.jpg,"sigarera from the u.n. convention on climate change. she basically admitted that what's really the end goal here is to move away from the industrial age, 150 years of the capitalistic policies that drove prosperity and move to a new type of economic sustainable"
https://archive.org/details/FOXNEWSW_20160320_100000_Fox_and_Friends_Sunday#start/1175/end/1210,3/20/2016 10:19:50,FOXNEWS,Fox and Friends Sunday,FOXNEWSW_20160320_100000_Fox_and_Friends_Sunday,https://archive.org/download/FOXNEWSW_20160320_100000_Fox_and_Friends_Sunday/FOXNEWSW_20160320_100000_Fox_and_Friends_Sunday.thumbs/FOXNEWSW_20160320_100000_Fox_and_Friends_Sunday_001167.jpg,"tucker, the minute that announcementet announcement gets out to mexico, south america, millions more will want to come knowing that even if they're illegal, they'll get free health care benefits. this is the murder of the middle class. democrats call us climate change deniers. i have got a name for them."
https://archive.org/details/FOXNEWSW_20160324_160000_Outnumbered#start/930/end/965,3/24/2016 16:15:45,FOXNEWS,Outnumbered,FOXNEWSW_20160324_160000_Outnumbered,https://archive.org/download/FOXNEWSW_20160324_160000_Outnumbered/FOXNEWSW_20160324_160000_Outnumbered.thumbs/FOXNEWSW_20160324_160000_Outnumbered_000927.jpg,"with matt lauer a couple weeks ago and then yesterday saying there's no existential threat against the united states of america. yet the day before he says isis is his top priority even though he said it was climate change. i think the american electorate's a bit confused."
https://archive.org/details/FOXNEWSW_20160327_140000_Sunday_Morning_Futures_With_Maria_Bartiromo#start/2425/end/2460,3/27/2016 14:40:40,FOXNEWS,Sunday Morning Futures With Maria Bartiromo,FOXNEWSW_20160327_140000_Sunday_Morning_Futures_With_Maria_Bartiromo,https://archive.org/download/FOXNEWSW_20160327_140000_Sunday_Morning_Futures_With_Maria_Bartiromo/FOXNEWSW_20160327_140000_Sunday_Morning_Futures_With_Maria_Bartiromo.thumbs/FOXNEWSW_20160327_140000_Sunday_Morning_Futures_With_Maria_Bartiromo_002427.jpg,"american people by flying back to washington or anything like that. this is not a big threat. he said in his famous interview a couple weeks ago, climate change is a bigger threat, is a genuine existential threat to the united states. terrorism is not. that's how he views things."
https://archive.org/details/FOXNEWSW_20160325_050000_Hannity#start/1788/end/1823,3/25/2016 5:30:03,FOXNEWS,Hannity,FOXNEWSW_20160325_050000_Hannity,https://archive.org/download/FOXNEWSW_20160325_050000_Hannity/FOXNEWSW_20160325_050000_Hannity.thumbs/FOXNEWSW_20160325_050000_Hannity_001767.jpg,"security is climate change. this is who he is. this is what he believes. it's not a mystery. we've had seven years of this. when we talk about the rise of donald trump and/or ted cruz, we talk about mrs. clinton hitting these two guys in the campaign, look, the reason why you've got"
https://archive.org/details/FOXNEWSW_20160325_020000_Hannity#start/1787/end/1822,3/25/2016 2:30:02,FOXNEWS,Hannity,FOXNEWSW_20160325_020000_Hannity,https://archive.org/download/FOXNEWSW_20160325_020000_Hannity/FOXNEWSW_20160325_020000_Hannity.thumbs/FOXNEWSW_20160325_020000_Hannity_001767.jpg,"security is climate change. this is who he is. this is what he believes. it's not a mystery. we've had seven years of this. when we talk about the rise of donald trump and/or ted cruz, we talk about mrs. clinton hitting these two guys in the campaign, look, the reason why you've got"
https://archive.org/details/FOXNEWSW_20160311_110000_FOX__Friends#start/1632/end/1667,3/11/2016 11:27:27,FOXNEWS,FOX  Friends,FOXNEWSW_20160311_110000_FOX__Friends,https://archive.org/download/FOXNEWSW_20160311_110000_FOX__Friends/FOXNEWSW_20160311_110000_FOX__Friends.thumbs/FOXNEWSW_20160311_110000_FOX__Friends_001617.jpg,"moment about climate change. listen to this. perfect summation. the climate is changing, and one of the reasons why the climate is changing is because the climate has always been changing. there's never been a time when the climate has not changed. [ applause ] i think the fundamental question for policy makers is,"
https://archive.org/details/FOXNEWSW_20160321_090000_Fox_and_Friends_First#start/3128/end/3163,3/21/2016 9:52:23,FOXNEWS,Fox and Friends First,FOXNEWSW_20160321_090000_Fox_and_Friends_First,https://archive.org/download/FOXNEWSW_20160321_090000_Fox_and_Friends_First/FOXNEWSW_20160321_090000_Fox_and_Friends_First.thumbs/FOXNEWSW_20160321_090000_Fox_and_Friends_First_003117.jpg,"the weekend to talk about how they could benefit from the network. 700 million people use the internet in china. that is the most in the world. speaking of china, climate change crusader leonardo dicaprio says that the rest of the world should take a page out of china's book. he even referred to the"
