﻿URL,MatchDateTime,Station,Show,IAShowID,IAPreviewThumb,Snippet
https://archive.org/details/FOXNEWSW_20140830_150000_Forbes_on_FOX#start/93/end/128,8/30/2014 15:01:48,FOXNEWS,Forbes on FOX,FOXNEWSW_20140830_150000_Forbes_on_FOX,https://archive.org/download/FOXNEWSW_20140830_150000_Forbes_on_FOX/FOXNEWSW_20140830_150000_Forbes_on_FOX.thumbs/FOXNEWSW_20140830_150000_Forbes_on_FOX_000075.jpg,"international climate change. basically countries would be named and shamed if they do not meet their commitments to reduce greenhouse gases."
https://archive.org/details/FOXNEWSW_20140806_070000_Red_Eye#start/2350/end/2385,8/6/2014 7:39:25,FOXNEWS,Red Eye,FOXNEWSW_20140806_070000_Red_Eye,https://archive.org/download/FOXNEWSW_20140806_070000_Red_Eye/FOXNEWSW_20140806_070000_Red_Eye.thumbs/FOXNEWSW_20140806_070000_Red_Eye_002325.jpg,"climate change. since they don't want to talk about global warming they can talk about climate change. the climate is different every day. excellent point. is this now an argument for global warming? it is the climate change."
https://archive.org/details/FOXNEWSW_20140830_150000_Forbes_on_FOX#start/117/end/152,8/30/2014 15:02:12,FOXNEWS,Forbes on FOX,FOXNEWSW_20140830_150000_Forbes_on_FOX,https://archive.org/download/FOXNEWSW_20140830_150000_Forbes_on_FOX/FOXNEWSW_20140830_150000_Forbes_on_FOX.thumbs/FOXNEWSW_20140830_150000_Forbes_on_FOX_000105.jpg,"there is no consensus about global warming related to greenhouse gases. well, i guess if we're just going to be naming and shaming"
https://archive.org/details/FOXNEWSW_20140828_100000_FOX_and_Friends#start/97/end/132,8/28/2014 10:01:52,FOXNEWS,FOX and Friends,FOXNEWSW_20140828_100000_FOX_and_Friends,https://archive.org/download/FOXNEWSW_20140828_100000_FOX_and_Friends/FOXNEWSW_20140828_100000_FOX_and_Friends.thumbs/FOXNEWSW_20140828_100000_FOX_and_Friends_000075.jpg,"hey, steve. hey, brian. good to see you guys. a lot happening. in the middle east, here and president also fascinating, he thought this was a great time to bring up global warming."
https://archive.org/details/FOXNEWSW_20140831_190000_The_Journal_Editorial_Report#start/2697/end/2732,8/31/2014 19:45:12,FOXNEWS,The Journal Editorial Report,FOXNEWSW_20140831_190000_The_Journal_Editorial_Report,https://archive.org/download/FOXNEWSW_20140831_190000_The_Journal_Editorial_Report/FOXNEWSW_20140831_190000_The_Journal_Editorial_Report.thumbs/FOXNEWSW_20140831_190000_The_Journal_Editorial_Report_002685.jpg,"do you run in a conservative state after what's happening in washington? her story is she had her biggest wins running as a moderate to conservative democrat. being a tax cutter. she's now basically going after brown on the global warming"
https://archive.org/details/FOXNEWSW_20140827_220000_Special_Report_With_Bret_Baier#start/1109/end/1144,8/27/2014 22:18:44,FOXNEWS,Special Report With Bret Baier,FOXNEWSW_20140827_220000_Special_Report_With_Bret_Baier,https://archive.org/download/FOXNEWSW_20140827_220000_Special_Report_With_Bret_Baier/FOXNEWSW_20140827_220000_Special_Report_With_Bret_Baier.thumbs/FOXNEWSW_20140827_220000_Special_Report_With_Bret_Baier_001095.jpg,"prices. reporter: why should you care what californians pay for a gallon of gas? the administration is drafting rules to require all states to reduce pollution. not just at the smoke stack but the tail pipe as well, squeezing more carbon from everyone's diet to reduce global warming."
https://archive.org/details/FOXNEWSW_20140804_190000_Shepard_Smith_Reporting#start/1490/end/1525,8/4/2014 19:25:05,FOXNEWS,Shepard Smith Reporting,FOXNEWSW_20140804_190000_Shepard_Smith_Reporting,https://archive.org/download/FOXNEWSW_20140804_190000_Shepard_Smith_Reporting/FOXNEWSW_20140804_190000_Shepard_Smith_Reporting.thumbs/FOXNEWSW_20140804_190000_Shepard_Smith_Reporting_001485.jpg,"erie. he workers add carbon and chlorine to the system, and the latest tests show the water supply is safe to drink. julia has more of this. so many concerns climate change"
https://archive.org/details/FOXNEWSW_20140828_130000_Americas_Newsroom#start/998/end/1033,8/28/2014 13:16:53,FOXNEWS,Americas Newsroom,FOXNEWSW_20140828_130000_Americas_Newsroom,https://archive.org/download/FOXNEWSW_20140828_130000_Americas_Newsroom/FOXNEWSW_20140828_130000_Americas_Newsroom.thumbs/FOXNEWSW_20140828_130000_Americas_Newsroom_000975.jpg,"he we are letting this happen meaning congress. fdr tried to take over the supreme court. them they will take all the line you give they them. in r for climate change is no"
https://archive.org/details/FOXNEWSW_20140828_220000_Special_Report_With_Bret_Baier#start/987/end/1022,8/28/2014 22:16:42,FOXNEWS,Special Report With Bret Baier,FOXNEWSW_20140828_220000_Special_Report_With_Bret_Baier,https://archive.org/download/FOXNEWSW_20140828_220000_Special_Report_With_Bret_Baier/FOXNEWSW_20140828_220000_Special_Report_With_Bret_Baier.thumbs/FOXNEWSW_20140828_220000_Special_Report_With_Bret_Baier_000975.jpg,"issue, a one-two punch that could hand the senate majority to republicans in big numbers. house republicans are already suing the president for exceeding his authority and abusing his executive power. the climate change orders will"
https://archive.org/details/FOXNEWSW_20140828_210000_The_Five#start/1838/end/1873,8/28/2014 21:30:53,FOXNEWS,The Five,FOXNEWSW_20140828_210000_The_Five,https://archive.org/download/FOXNEWSW_20140828_210000_The_Five/FOXNEWSW_20140828_210000_The_Five.thumbs/FOXNEWSW_20140828_210000_The_Five_001815.jpg,"thinks of us? what does he hope to accomplish with this? that's what i don't understand. they're laughing at us. russia's not scared. china's not scared. i can't even name anyone who is. now we're supposed to expect them to toe the climate change"
https://archive.org/details/FOXNEWSW_20140828_050000_Hannity#start/373/end/408,8/28/2014 5:06:28,FOXNEWS,Hannity,FOXNEWSW_20140828_050000_Hannity,https://archive.org/download/FOXNEWSW_20140828_050000_Hannity/FOXNEWSW_20140828_050000_Hannity.thumbs/FOXNEWSW_20140828_050000_Hannity_000375.jpg,"earnest said that includes military mite but also diplomatic initiative. while there's been a lot of hype about the potential for military action, it's not clear from the white house that the president is going to move forward with military action in syria. meanwhile, on the climate change"
https://archive.org/details/FOXNEWSW_20140830_210000_Stossel#start/272/end/307,8/30/2014 21:04:47,FOXNEWS,Stossel,FOXNEWSW_20140830_210000_Stossel,https://archive.org/download/FOXNEWSW_20140830_210000_Stossel/FOXNEWSW_20140830_210000_Stossel.thumbs/FOXNEWSW_20140830_210000_Stossel_000255.jpg,"to affect the global warming we're concerned about. epa's own cost benefit analyses don't show any benefit. they admit would have no effect. correct. if we're serious about dealing with climate change, we need to reduce per capita emission of"
https://archive.org/details/FOXNEWSW_20140827_230000_On_the_Record_With_Greta_Van_Susteren#start/2067/end/2102,8/27/2014 23:34:42,FOXNEWS,On the Record With Greta Van Susteren,FOXNEWSW_20140827_230000_On_the_Record_With_Greta_Van_Susteren,https://archive.org/download/FOXNEWSW_20140827_230000_On_the_Record_With_Greta_Van_Susteren/FOXNEWSW_20140827_230000_On_the_Record_With_Greta_Van_Susteren.thumbs/FOXNEWSW_20140827_230000_On_the_Record_With_Greta_Van_Susteren_002055.jpg,"system. and they want something much more definitive. and on top of that, they're already irked that he has done so little. look, he had a chance in 2009 when the house passed cap and trade legislation. the senate didn't even take it up. the president has staked so much of his legacy on climate change."
https://archive.org/details/FOXNEWSW_20140825_210000_The_Five#start/2167/end/2202,8/25/2014 21:36:22,FOXNEWS,The Five,FOXNEWSW_20140825_210000_The_Five,https://archive.org/download/FOXNEWSW_20140825_210000_The_Five/FOXNEWSW_20140825_210000_The_Five.thumbs/FOXNEWSW_20140825_210000_The_Five_002145.jpg,"what's hotter, global warming or global terror? there is one-degree centigrade over a certain amount of time. it's causing global warming. you're absolutely right."
https://archive.org/details/FOXNEWSW_20140826_080000_The_Five#start/2166/end/2201,8/26/2014 8:36:21,FOXNEWS,The Five,FOXNEWSW_20140826_080000_The_Five,https://archive.org/download/FOXNEWSW_20140826_080000_The_Five/FOXNEWSW_20140826_080000_The_Five.thumbs/FOXNEWSW_20140826_080000_The_Five_002145.jpg,"what's hotter, global warming or global terror? there is one-degree centigrade over a certain amount of time. it's causing global warming. you're absolutely right."
https://archive.org/details/FOXNEWSW_20140831_060000_Red_Eye#start/436/end/471,8/31/2014 6:07:31,FOXNEWS,Red Eye,FOXNEWSW_20140831_060000_Red_Eye,https://archive.org/download/FOXNEWSW_20140831_060000_Red_Eye/FOXNEWSW_20140831_060000_Red_Eye.thumbs/FOXNEWSW_20140831_060000_Red_Eye_000435.jpg,"about. that's the problem. he is putting global warming as a more important issue than global terror which is idiotic. a terror can kill you now and global warming, we have feef00 years before that -- 500 years before that happens."
https://archive.org/details/FOXNEWSW_20140828_070000_Red_Eye#start/437/end/472,8/28/2014 7:07:32,FOXNEWS,Red Eye,FOXNEWSW_20140828_070000_Red_Eye,https://archive.org/download/FOXNEWSW_20140828_070000_Red_Eye/FOXNEWSW_20140828_070000_Red_Eye.thumbs/FOXNEWSW_20140828_070000_Red_Eye_000435.jpg,"about. that's the problem. he is putting global warming as a more important issue than global terror which is idiotic. a terror can kill you now and global warming, we have feef00 years before that -- 500 years before that happens."
https://archive.org/details/FOXNEWSW_20140823_150000_Forbes_on_FOX#start/1473/end/1508,8/23/2014 15:24:48,FOXNEWS,Forbes on FOX,FOXNEWSW_20140823_150000_Forbes_on_FOX,https://archive.org/download/FOXNEWSW_20140823_150000_Forbes_on_FOX/FOXNEWSW_20140823_150000_Forbes_on_FOX.thumbs/FOXNEWSW_20140823_150000_Forbes_on_FOX_001455.jpg,"long period of global cooling. there's a pause. at least a one decade cause. they're not going to take away my burger, are they? no, no way. why chase a problem that doesn't exist. what's funny about this, global"
https://archive.org/details/FOXNEWSW_20140828_130000_Americas_Newsroom#start/644/end/679,8/28/2014 13:10:59,FOXNEWS,Americas Newsroom,FOXNEWSW_20140828_130000_Americas_Newsroom,https://archive.org/download/FOXNEWSW_20140828_130000_Americas_Newsroom/FOXNEWSW_20140828_130000_Americas_Newsroom.thumbs/FOXNEWSW_20140828_130000_Americas_Newsroom_000645.jpg,"nephew from drowning, then he admits he made it all up. how did he actually hurt himself? martha: president obama going around congress again and again. why critics say enough is enough. he's done this with global"
https://archive.org/details/FOXNEWSW_20140823_080000_The_Five#start/385/end/420,8/23/2014 8:06:40,FOXNEWS,The Five,FOXNEWSW_20140823_080000_The_Five,https://archive.org/download/FOXNEWSW_20140823_080000_The_Five/FOXNEWSW_20140823_080000_The_Five.thumbs/FOXNEWSW_20140823_080000_The_Five_000375.jpg,"pure energy independence which is fracking and pipelines and nukes so we don't rely on these psychopaths anymore. the fact is this is realigning priorities. there's no downside to strength. we've mistakenly applied it all in mentality, the global"
https://archive.org/details/FOXNEWSW_20140822_210000_The_Five#start/385/end/420,8/22/2014 21:06:40,FOXNEWS,The Five,FOXNEWSW_20140822_210000_The_Five,https://archive.org/download/FOXNEWSW_20140822_210000_The_Five/FOXNEWSW_20140822_210000_The_Five.thumbs/FOXNEWSW_20140822_210000_The_Five_000375.jpg,"pure energy independence which is fracking and pipelines and nukes so we don't rely on these psychopaths anymore. the fact is this is realigning priorities. there's no downside to strength. we've mistakenly applied it all in mentality, the global"
https://archive.org/details/FOXNEWSW_20140827_230000_On_the_Record_With_Greta_Van_Susteren#start/1682/end/1717,8/27/2014 23:28:17,FOXNEWS,On the Record With Greta Van Susteren,FOXNEWSW_20140827_230000_On_the_Record_With_Greta_Van_Susteren,https://archive.org/download/FOXNEWSW_20140827_230000_On_the_Record_With_Greta_Van_Susteren/FOXNEWSW_20140827_230000_On_the_Record_With_Greta_Van_Susteren.thumbs/FOXNEWSW_20140827_230000_On_the_Record_With_Greta_Van_Susteren_001515.jpg,". . is obama getting ready to bypass congress again? this time it's climate change. the obama administration working on brokering a climate change agreement with other nations,"
https://archive.org/details/FOXNEWSW_20140830_150000_Forbes_on_FOX#start/276/end/311,8/30/2014 15:04:51,FOXNEWS,Forbes on FOX,FOXNEWSW_20140830_150000_Forbes_on_FOX,https://archive.org/download/FOXNEWSW_20140830_150000_Forbes_on_FOX/FOXNEWSW_20140830_150000_Forbes_on_FOX.thumbs/FOXNEWSW_20140830_150000_Forbes_on_FOX_000255.jpg,"reforments. the u.s. has to be named and shamed into doing greenhouse gas emissions, what would be the impact on u.s. jobs and the economy? i think it would cause some"
https://archive.org/details/FOXNEWSW_20140827_180000_The_Real_Story_With_Gretchen_Carlson#start/494/end/529,8/27/2014 18:08:29,FOXNEWS,The Real Story With Gretchen Carlson,FOXNEWSW_20140827_180000_The_Real_Story_With_Gretchen_Carlson,https://archive.org/download/FOXNEWSW_20140827_180000_The_Real_Story_With_Gretchen_Carlson/FOXNEWSW_20140827_180000_The_Real_Story_With_Gretchen_Carlson.thumbs/FOXNEWSW_20140827_180000_The_Real_Story_With_Gretchen_Carlson_000495.jpg,"he's chosen to focus at this moment on climate change it appears. i don't think he's just focusing on climate change. i do think that the president is in a position as every world's leader is, to not be able to"
https://archive.org/details/FOXNEWSW_20140830_160000_Americas_News_Headquarters#start/2979/end/3014,8/30/2014 16:49:54,FOXNEWS,Americas News Headquarters,FOXNEWSW_20140830_160000_Americas_News_Headquarters,https://archive.org/download/FOXNEWSW_20140830_160000_Americas_News_Headquarters/FOXNEWSW_20140830_160000_Americas_News_Headquarters.thumbs/FOXNEWSW_20140830_160000_Americas_News_Headquarters_002955.jpg,"golden state will soon tack on another tax to enforce its landmark greenhouse gas emissions law. here's more. it's terrible. the economy the way it is right now with jobs and everything,"
https://archive.org/details/FOXNEWSW_20140827_130000_Americas_Newsroom#start/5129/end/5164,8/27/2014 14:25:44,FOXNEWS,Americas Newsroom,FOXNEWSW_20140827_130000_Americas_Newsroom,https://archive.org/download/FOXNEWSW_20140827_130000_Americas_Newsroom/FOXNEWSW_20140827_130000_Americas_Newsroom.thumbs/FOXNEWSW_20140827_130000_Americas_Newsroom_005115.jpg,"president obama about to go to it alone on climate change. it says the administration is working on a proposal to forge a sweeping international climate change agreement telling other nations to cut their carbon pollutions all without rational approval. so what does this mean?"
https://archive.org/details/FOXNEWSW_20140827_220000_Special_Report_With_Bret_Baier#start/917/end/952,8/27/2014 22:15:32,FOXNEWS,Special Report With Bret Baier,FOXNEWSW_20140827_220000_Special_Report_With_Bret_Baier,https://archive.org/download/FOXNEWSW_20140827_220000_Special_Report_With_Bret_Baier/FOXNEWSW_20140827_220000_Special_Report_With_Bret_Baier.thumbs/FOXNEWSW_20140827_220000_Special_Report_With_Bret_Baier_000915.jpg,"dysfunction in congress. nothing is going to happen unless you work with the senate and congress to actually implement some real climate change legislation. reporter: president obama has repeatedly identified climate change as a top priority. here's what he said as he unveiled his climate action plan"
https://archive.org/details/FOXNEWSW_20140827_230000_On_the_Record_With_Greta_Van_Susteren#start/1713/end/1748,8/27/2014 23:28:48,FOXNEWS,On the Record With Greta Van Susteren,FOXNEWSW_20140827_230000_On_the_Record_With_Greta_Van_Susteren,https://archive.org/download/FOXNEWSW_20140827_230000_On_the_Record_With_Greta_Van_Susteren/FOXNEWSW_20140827_230000_On_the_Record_With_Greta_Van_Susteren.thumbs/FOXNEWSW_20140827_230000_On_the_Record_With_Greta_Van_Susteren_001695.jpg,"power, i think it almost leads us to a constitutional crisis of sorts. it's one thing after another. you know, he says he has no choice but to act. he says he has a pen and a phone and he is going to act. that doesn't sound like our republic. we have checks and balances. he has done this with global"
https://archive.org/details/FOXNEWSW_20140827_130000_Americas_Newsroom#start/6929/end/6964,8/27/2014 14:55:44,FOXNEWS,Americas Newsroom,FOXNEWSW_20140827_130000_Americas_Newsroom,https://archive.org/download/FOXNEWSW_20140827_130000_Americas_Newsroom/FOXNEWSW_20140827_130000_Americas_Newsroom.thumbs/FOXNEWSW_20140827_130000_Americas_Newsroom_006915.jpg,"greenhouse gas emissions in the state that are emitted mostly through transportation through oil and gas. reporter: california banks a billion dollars by taxing carb carbon. they have promised to use the revenue to clean the air."
https://archive.org/details/FOXNEWSW_20140827_220000_Special_Report_With_Bret_Baier#start/1079/end/1114,8/27/2014 22:18:14,FOXNEWS,Special Report With Bret Baier,FOXNEWSW_20140827_220000_Special_Report_With_Bret_Baier,https://archive.org/download/FOXNEWSW_20140827_220000_Special_Report_With_Bret_Baier/FOXNEWSW_20140827_220000_Special_Report_With_Bret_Baier.thumbs/FOXNEWSW_20140827_220000_Special_Report_With_Bret_Baier_001065.jpg,"probably 40% of the greenhouse gas emissions in the state that are emitted through -- mostly through transportation, through oil and gas use. reporter: california already banks a billion dollars by taxing carbons. officials had promised to use"
https://archive.org/details/FOXNEWSW_20140803_220000_FOX_News_Sunday_With_Chris_Wallace#start/3133/end/3168,8/3/2014 22:52:28,FOXNEWS,FOX News Sunday With Chris Wallace,FOXNEWSW_20140803_220000_FOX_News_Sunday_With_Chris_Wallace,https://archive.org/download/FOXNEWSW_20140803_220000_FOX_News_Sunday_With_Chris_Wallace/FOXNEWSW_20140803_220000_FOX_News_Sunday_With_Chris_Wallace.thumbs/FOXNEWSW_20140803_220000_FOX_News_Sunday_With_Chris_Wallace_003135.jpg,"talking with impeaching president bush. you have a president who is totally out of control. he cannot get a carbon tax through the congress."
https://archive.org/details/FOXNEWSW_20140827_210000_The_Five#start/353/end/388,8/27/2014 21:06:08,FOXNEWS,The Five,FOXNEWSW_20140827_210000_The_Five,https://archive.org/download/FOXNEWSW_20140827_210000_The_Five/FOXNEWSW_20140827_210000_The_Five.thumbs/FOXNEWSW_20140827_210000_The_Five_000345.jpg,"i think they do. where is this confusion coming from? it's the trickle-down theory. it comes from the top. there's a confusion in priorities. right now we have an administration that believes we should go to the u.n. to name and shame countries over climate"
https://archive.org/details/FOXNEWSW_20140828_080000_The_Five#start/353/end/388,8/28/2014 8:06:08,FOXNEWS,The Five,FOXNEWSW_20140828_080000_The_Five,https://archive.org/download/FOXNEWSW_20140828_080000_The_Five/FOXNEWSW_20140828_080000_The_Five.thumbs/FOXNEWSW_20140828_080000_The_Five_000345.jpg,"i think they do. where is this confusion coming from? it's the trickle-down theory. it comes from the top. there's a confusion in priorities. right now we have an administration that believes we should go to the u.n. to name and shame countries over climate"
https://archive.org/details/FOXNEWSW_20140828_020000_Hannity#start/392/end/427,8/28/2014 2:06:47,FOXNEWS,Hannity,FOXNEWSW_20140828_020000_Hannity,https://archive.org/download/FOXNEWSW_20140828_020000_Hannity/FOXNEWSW_20140828_020000_Hannity.thumbs/FOXNEWSW_20140828_020000_Hannity_000375.jpg,"might cut a deal with the united nations, avoid a senate vote on these climate change moves. today, josh earnest tried to downplay that. said, look, if congress is not going to act on climate change, the president is going to have to look at other avenues to move forward on this."
https://archive.org/details/FOXNEWSW_20140828_060000_On_the_Record_With_Greta_Van_Susteren#start/1690/end/1725,8/28/2014 6:28:25,FOXNEWS,On the Record With Greta Van Susteren,FOXNEWSW_20140828_060000_On_the_Record_With_Greta_Van_Susteren,https://archive.org/download/FOXNEWSW_20140828_060000_On_the_Record_With_Greta_Van_Susteren/FOXNEWSW_20140828_060000_On_the_Record_With_Greta_Van_Susteren.thumbs/FOXNEWSW_20140828_060000_On_the_Record_With_Greta_Van_Susteren_001665.jpg,"bypass congress again? this time it's climate change. the obama administration working on brokering a climate change agreement with other nations, but without radification from congress. and that's not the only problem. the president's plan is based on the honor system. and senator rand paul joins us. nice to see you, sir."
https://archive.org/details/FOXNEWSW_20140823_150000_Forbes_on_FOX#start/1425/end/1460,8/23/2014 15:24:00,FOXNEWS,Forbes on FOX,FOXNEWSW_20140823_150000_Forbes_on_FOX,https://archive.org/download/FOXNEWSW_20140823_150000_Forbes_on_FOX/FOXNEWSW_20140823_150000_Forbes_on_FOX.thumbs/FOXNEWSW_20140823_150000_Forbes_on_FOX_001425.jpg,"won't be ignored and then you do a cap on all of that. and the chinese aren't doing anything about global warming. i'm not going to give up my"
https://archive.org/details/FOXNEWSW_20140827_130000_Americas_Newsroom#start/5160/end/5195,8/27/2014 14:26:15,FOXNEWS,Americas Newsroom,FOXNEWSW_20140827_130000_Americas_Newsroom,https://archive.org/download/FOXNEWSW_20140827_130000_Americas_Newsroom/FOXNEWSW_20140827_130000_Americas_Newsroom.thumbs/FOXNEWSW_20140827_130000_Americas_Newsroom_005145.jpg,"will voluntarily under this thesis the united states would voluntarily crack down further on industry here to comply with new, increase global warming standards, and then through a"
https://archive.org/details/FOXNEWSW_20140828_050000_Hannity#start/389/end/424,8/28/2014 5:06:44,FOXNEWS,Hannity,FOXNEWSW_20140828_050000_Hannity,https://archive.org/download/FOXNEWSW_20140828_050000_Hannity/FOXNEWSW_20140828_050000_Hannity.thumbs/FOXNEWSW_20140828_050000_Hannity_000375.jpg,"report you noted the 'new york times' saying the president might cut a deal with the united nations, avoid a senate vote on these climate change moves. today, josh earnest tried to downplay that. said, look, if congress is not going to act on climate change, the president is going to have to look at other avenues to move"
https://archive.org/details/FOXNEWSW_20140830_210000_Stossel#start/194/end/229,8/30/2014 21:03:29,FOXNEWS,Stossel,FOXNEWSW_20140830_210000_Stossel,https://archive.org/download/FOXNEWSW_20140830_210000_Stossel/FOXNEWSW_20140830_210000_Stossel.thumbs/FOXNEWSW_20140830_210000_Stossel_000195.jpg,"we've got a lot of water that needs to be cleaned up. third, we really need to deal with climate change, which is a global problem. but we have to start here at home by reducing the carbon pollution responsible for climate change. but you confused a lot of things there. you talk about pollution and"
https://archive.org/details/FOXNEWSW_20140830_210000_Stossel#start/256/end/291,8/30/2014 21:04:31,FOXNEWS,Stossel,FOXNEWSW_20140830_210000_Stossel,https://archive.org/download/FOXNEWSW_20140830_210000_Stossel/FOXNEWSW_20140830_210000_Stossel.thumbs/FOXNEWSW_20140830_210000_Stossel_000255.jpg,"together. carbon pollution yuck. am i unfair in saying they're just confused? i think it's fair to say a lot of people assume that when we talk about climate change, we're talking about traditional pollution. i think it's also fair to say that nothing that the epa has put on the table for climate change will actually do anything"
https://archive.org/details/FOXNEWSW_20140816_180000_The_Journal_Editorial_Report#start/1338/end/1373,8/16/2014 18:22:33,FOXNEWS,The Journal Editorial Report,FOXNEWSW_20140816_180000_The_Journal_Editorial_Report,https://archive.org/download/FOXNEWSW_20140816_180000_The_Journal_Editorial_Report/FOXNEWSW_20140816_180000_The_Journal_Editorial_Report.thumbs/FOXNEWSW_20140816_180000_The_Journal_Editorial_Report_001335.jpg,"over global warming. and ufd think that christie would sort of make good with some of these cone serve actives by embracing somebody like astorino with the presidential premiers in mind."
https://archive.org/details/FOXNEWSW_20140828_210000_The_Five#start/1761/end/1796,8/28/2014 21:29:36,FOXNEWS,The Five,FOXNEWSW_20140828_210000_The_Five,https://archive.org/download/FOXNEWSW_20140828_210000_The_Five/FOXNEWSW_20140828_210000_The_Five.thumbs/FOXNEWSW_20140828_210000_The_Five_001755.jpg,"second, it's wrong. the journal of science said the 17-year pause in global warming will last another decade, a natural fluctuation in global climate creates 30-year warming and cooling periods."
https://archive.org/details/FOXNEWSW_20140830_160000_Americas_News_Headquarters#start/3029/end/3064,8/30/2014 16:50:44,FOXNEWS,Americas News Headquarters,FOXNEWSW_20140830_160000_Americas_News_Headquarters,https://archive.org/download/FOXNEWSW_20140830_160000_Americas_News_Headquarters/FOXNEWSW_20140830_160000_Americas_News_Headquarters.thumbs/FOXNEWSW_20140830_160000_Americas_News_Headquarters_003015.jpg,"those could rise so we could look at 50 cents even a dollar a gallon. supporters claim it won't cost that much and will help the environment in the long run. we will now tackle probably 40% of the greenhouse gas emissions in the state that are"
https://archive.org/details/FOXNEWSW_20140823_150000_Forbes_on_FOX#start/1160/end/1195,8/23/2014 15:19:35,FOXNEWS,Forbes on FOX,FOXNEWSW_20140823_150000_Forbes_on_FOX,https://archive.org/download/FOXNEWSW_20140823_150000_Forbes_on_FOX/FOXNEWSW_20140823_150000_Forbes_on_FOX.thumbs/FOXNEWSW_20140823_150000_Forbes_on_FOX_001155.jpg,"they feel really out of control for washington. all right. that's got to be it. that cheeseburger you're about to eat for lunch, guess what, it's causing global warming. it could have you paying even"
https://archive.org/details/FOXNEWSW_20140823_150000_Forbes_on_FOX#start/1395/end/1430,8/23/2014 15:23:30,FOXNEWS,Forbes on FOX,FOXNEWSW_20140823_150000_Forbes_on_FOX,https://archive.org/download/FOXNEWSW_20140823_150000_Forbes_on_FOX/FOXNEWSW_20140823_150000_Forbes_on_FOX.thumbs/FOXNEWSW_20140823_150000_Forbes_on_FOX_001395.jpg,"well, meat lovers will have a real beef with this. global warming is attacking the industry. they say we should jack up beef prices even more to force americans from hamburgers to"
https://archive.org/details/FOXNEWSW_20140827_220000_Special_Report_With_Bret_Baier#start/1014/end/1049,8/27/2014 22:17:09,FOXNEWS,Special Report With Bret Baier,FOXNEWSW_20140827_220000_Special_Report_With_Bret_Baier,https://archive.org/download/FOXNEWSW_20140827_220000_Special_Report_With_Bret_Baier/FOXNEWSW_20140827_220000_Special_Report_With_Bret_Baier.thumbs/FOXNEWSW_20140827_220000_Special_Report_With_Bret_Baier_001005.jpg,"facebook.com/bretbaiersr. or on twitter. global warming fears are at the root of a big change coming soon for california drivers. we are told from los angeles, it could hit consumers right in the"
https://archive.org/details/FOXNEWSW_20140830_180000_The_Journal_Editorial_Report#start/2701/end/2736,8/30/2014 18:45:16,FOXNEWS,The Journal Editorial Report,FOXNEWSW_20140830_180000_The_Journal_Editorial_Report,https://archive.org/download/FOXNEWSW_20140830_180000_The_Journal_Editorial_Report/FOXNEWSW_20140830_180000_The_Journal_Editorial_Report.thumbs/FOXNEWSW_20140830_180000_The_Journal_Editorial_Report_002685.jpg,"running essentially as a moderate to conservative democrat, being a tax cutter. she now is basically going after brown on the global warming argument, saying that he's an oil industry guy and she's the"
https://archive.org/details/FOXNEWSW_20140816_100000_FOX_and_Friends_Saturday#start/1100/end/1135,8/16/2014 10:18:35,FOXNEWS,FOX and Friends Saturday,FOXNEWSW_20140816_100000_FOX_and_Friends_Saturday,https://archive.org/download/FOXNEWSW_20140816_100000_FOX_and_Friends_Saturday/FOXNEWSW_20140816_100000_FOX_and_Friends_Saturday.thumbs/FOXNEWSW_20140816_100000_FOX_and_Friends_Saturday_001095.jpg,"environmental zealots like decaprio and callen and barbra streisand, we know they despise the production of fossil fuel. who is grimes going to represent? these hollywood elites who are obsessed with global warming or kentucky voters?"
https://archive.org/details/FOXNEWSW_20140823_100000_FOX_and_Friends_Saturday#start/13363/end/13398,8/23/2014 13:42:58,FOXNEWS,FOX and Friends Saturday,FOXNEWSW_20140823_100000_FOX_and_Friends_Saturday,https://archive.org/download/FOXNEWSW_20140823_100000_FOX_and_Friends_Saturday/FOXNEWSW_20140823_100000_FOX_and_Friends_Saturday.thumbs/FOXNEWSW_20140823_100000_FOX_and_Friends_Saturday_013335.jpg,"border now? and more fallout from ferguson. are those blaming this violence on poverty right or wrong? plus beef prices have never been higher. if global warming alarmists get their way, that burger will look like a bargain."
https://archive.org/details/FOXNEWSW_20140823_080000_The_Five#start/401/end/436,8/23/2014 8:06:56,FOXNEWS,The Five,FOXNEWSW_20140823_080000_The_Five,https://archive.org/download/FOXNEWSW_20140823_080000_The_Five/FOXNEWSW_20140823_080000_The_Five.thumbs/FOXNEWSW_20140823_080000_The_Five_000375.jpg,"warming, but we should be directing that to global terror. or global warming won't matter. pointless. bob, another thing that struck me from the press conference today, admiral pickering said we'll continue with the limited strikes that"
https://archive.org/details/FOXNEWSW_20140822_210000_The_Five#start/401/end/436,8/22/2014 21:06:56,FOXNEWS,The Five,FOXNEWSW_20140822_210000_The_Five,https://archive.org/download/FOXNEWSW_20140822_210000_The_Five/FOXNEWSW_20140822_210000_The_Five.thumbs/FOXNEWSW_20140822_210000_The_Five_000375.jpg,"warming, but we should be directing that to global terror. or global warming won't matter. pointless. bob, another thing that struck me from the press conference today, admiral pickering said we'll continue with the limited strikes that"
https://archive.org/details/FOXNEWSW_20140828_210000_The_Five#start/1776/end/1811,8/28/2014 21:29:51,FOXNEWS,The Five,FOXNEWSW_20140828_210000_The_Five,https://archive.org/download/FOXNEWSW_20140828_210000_The_Five/FOXNEWSW_20140828_210000_The_Five.thumbs/FOXNEWSW_20140828_210000_The_Five_001755.jpg,"this is what president obama is about to punish us for. addressing global warming before global terror makes as much sense as worrying about indigestion while playing in traffic. terror is a nuisance hindering his march into the abyss."
https://archive.org/details/FOXNEWSW_20140804_060000_FOX_News_Sunday_With_Chris_Wallace#start/3141/end/3176,8/4/2014 6:52:36,FOXNEWS,FOX News Sunday With Chris Wallace,FOXNEWSW_20140804_060000_FOX_News_Sunday_With_Chris_Wallace,https://archive.org/download/FOXNEWSW_20140804_060000_FOX_News_Sunday_With_Chris_Wallace/FOXNEWSW_20140804_060000_FOX_News_Sunday_With_Chris_Wallace.thumbs/FOXNEWSW_20140804_060000_FOX_News_Sunday_With_Chris_Wallace_003135.jpg,"restrain them. who is totally out of control -- is that really a phrase you want to -- can't get a carbon tax through the congress, so he decides to post to the epa. obamacare is falling apart."
https://archive.org/details/FOXNEWSW_20140827_220000_Special_Report_With_Bret_Baier#start/3111/end/3146,8/27/2014 22:52:06,FOXNEWS,Special Report With Bret Baier,FOXNEWSW_20140827_220000_Special_Report_With_Bret_Baier,https://archive.org/download/FOXNEWSW_20140827_220000_Special_Report_With_Bret_Baier/FOXNEWSW_20140827_220000_Special_Report_With_Bret_Baier.thumbs/FOXNEWSW_20140827_220000_Special_Report_With_Bret_Baier_003105.jpg,"stan -- this idea of focusing on climate change is placating the left. not really saying how it's"
https://archive.org/details/FOXNEWSW_20140823_150000_Forbes_on_FOX#start/1457/end/1492,8/23/2014 15:24:32,FOXNEWS,Forbes on FOX,FOXNEWSW_20140823_150000_Forbes_on_FOX,https://archive.org/download/FOXNEWSW_20140823_150000_Forbes_on_FOX/FOXNEWSW_20140823_150000_Forbes_on_FOX.thumbs/FOXNEWSW_20140823_150000_Forbes_on_FOX_001455.jpg,"a problem. you know what, you can probably go a long way to solve what you're feeding the cattle. john, by the way, this movie that advocates this and global warming alarmists it comes just as the scientists say we're in a"
https://archive.org/details/FOXNEWSW_20140814_080000_The_Five#start/745/end/780,8/14/2014 8:12:40,FOXNEWS,The Five,FOXNEWSW_20140814_080000_The_Five,https://archive.org/download/FOXNEWSW_20140814_080000_The_Five/FOXNEWSW_20140814_080000_The_Five.thumbs/FOXNEWSW_20140814_080000_The_Five_000735.jpg,"because they want more of a bargaining chip at the table with the united states. they might get it. wouldn't thabt good deal? i don't think a deal with iran, no. blame isis for global warming and you'll get the epa, all the"
https://archive.org/details/FOXNEWSW_20140827_080000_The_Five#start/76/end/111,8/27/2014 8:01:31,FOXNEWS,The Five,FOXNEWSW_20140827_080000_The_Five,https://archive.org/download/FOXNEWSW_20140827_080000_The_Five/FOXNEWSW_20140827_080000_The_Five.thumbs/FOXNEWSW_20140827_080000_The_Five_000075.jpg,"europe, it's bad. obama should get his head out of his golf bag or get out of town. 'the washington post' says global warming is the defining issue of our time. not terror but warming. it's like being on fire and"
https://archive.org/details/FOXNEWSW_20140817_190000_The_Journal_Editorial_Report#start/1337/end/1372,8/17/2014 19:22:32,FOXNEWS,The Journal Editorial Report,FOXNEWSW_20140817_190000_The_Journal_Editorial_Report,https://archive.org/download/FOXNEWSW_20140817_190000_The_Journal_Editorial_Report/FOXNEWSW_20140817_190000_The_Journal_Editorial_Report.thumbs/FOXNEWSW_20140817_190000_The_Journal_Editorial_Report_001335.jpg,"control and the global warming, and you'd think that christie would sort of make good with some the conservatives by embracing someone like astorino and with the primaries in mind, and the presidential primaries in mind, and he has not done it."
https://archive.org/details/FOXNEWSW_20140826_210000_The_Five#start/79/end/114,8/26/2014 21:01:34,FOXNEWS,The Five,FOXNEWSW_20140826_210000_The_Five,https://archive.org/download/FOXNEWSW_20140826_210000_The_Five/FOXNEWSW_20140826_210000_The_Five.thumbs/FOXNEWSW_20140826_210000_The_Five_000075.jpg,"obama should get his head out of his golf bag or get out of town. 'the washington post' says global warming is the defining issue of our time. not terror but warming. it's like being on fire and worrying about your wiegt."
https://archive.org/details/FOXNEWSW_20140829_080000_The_Five#start/1785/end/1820,8/29/2014 8:30:00,FOXNEWS,The Five,FOXNEWSW_20140829_080000_The_Five,https://archive.org/download/FOXNEWSW_20140829_080000_The_Five/FOXNEWSW_20140829_080000_The_Five.thumbs/FOXNEWSW_20140829_080000_The_Five_001785.jpg,"board. to obama, the constitution is like waiting in line for barbecue, it's for other people. second, it's wrong. the journal of science said the 17-year pause in global warming will last another decade, a natural fluctuation in global"
https://archive.org/details/FOXNEWSW_20140829_080000_The_Five#start/1802/end/1837,8/29/2014 8:30:17,FOXNEWS,The Five,FOXNEWSW_20140829_080000_The_Five,https://archive.org/download/FOXNEWSW_20140829_080000_The_Five/FOXNEWSW_20140829_080000_The_Five.thumbs/FOXNEWSW_20140829_080000_The_Five_001785.jpg,"climate creates 30-year warming and cooling periods. this is what president obama is about to punish us for. addressing global warming before global terror makes as much sense as worrying about indigestion while playing in traffic. terror is a nuisance hindering"
https://archive.org/details/FOXNEWSW_20140830_070000_Red_Eye#start/192/end/227,8/30/2014 7:03:27,FOXNEWS,Red Eye,FOXNEWSW_20140830_070000_Red_Eye,https://archive.org/download/FOXNEWSW_20140830_070000_Red_Eye/FOXNEWSW_20140830_070000_Red_Eye.thumbs/FOXNEWSW_20140830_070000_Red_Eye_000165.jpg,"democrats are more afraid of global warming than the threat posed by isis. thankfully the right is focusing on what is important. there is no way i think any of us can excuse what the president did yesterday. you have the whole world"
https://archive.org/details/FOXNEWSW_20140803_210000_MediaBuzz#start/3475/end/3510,8/3/2014 21:58:10,FOXNEWS,MediaBuzz,FOXNEWSW_20140803_210000_MediaBuzz,https://archive.org/download/FOXNEWSW_20140803_210000_MediaBuzz/FOXNEWSW_20140803_210000_MediaBuzz.thumbs/FOXNEWSW_20140803_210000_MediaBuzz_003465.jpg,"climate change, so he tweeted, weather is not climate, you willfully ignorant f. he's calling people deliberately idiotic and cursing."
https://archive.org/details/FOXNEWSW_20140804_080000_MediaBuzz#start/3384/end/3419,8/4/2014 8:56:39,FOXNEWS,MediaBuzz,FOXNEWSW_20140804_080000_MediaBuzz,https://archive.org/download/FOXNEWSW_20140804_080000_MediaBuzz/FOXNEWSW_20140804_080000_MediaBuzz.thumbs/FOXNEWSW_20140804_080000_MediaBuzz_003375.jpg,"climate change, so he tweeted, weather is not climate, you willfully ignorant f. he's calling people deliberately idiotic and cursing."
https://archive.org/details/FOXNEWSW_20140830_160000_Americas_News_Headquarters#start/3005/end/3040,8/30/2014 16:50:20,FOXNEWS,Americas News Headquarters,FOXNEWSW_20140830_160000_Americas_News_Headquarters,https://archive.org/download/FOXNEWSW_20140830_160000_Americas_News_Headquarters/FOXNEWSW_20140830_160000_Americas_News_Headquarters.thumbs/FOXNEWSW_20140830_160000_Americas_News_Headquarters_002985.jpg,"street? new tax on oil refiners as part of its climate change law, cost ultimately paid for by carbon c."
https://archive.org/details/FOXNEWSW_20140814_080000_The_Five#start/131/end/166,8/14/2014 8:02:26,FOXNEWS,The Five,FOXNEWSW_20140814_080000_The_Five,https://archive.org/download/FOXNEWSW_20140814_080000_The_Five/FOXNEWSW_20140814_080000_The_Five.thumbs/FOXNEWSW_20140814_080000_The_Five_000105.jpg,"as chuck hagel was saying from the pentagon, if it's so big, why would we limit our troops in any way when they are there to fight the terrorist? i suppose if we can blame isis for global warming then president obama might take it"
https://archive.org/details/FOXNEWSW_20140828_080000_The_Five#start/370/end/405,8/28/2014 8:06:25,FOXNEWS,The Five,FOXNEWSW_20140828_080000_The_Five,https://archive.org/download/FOXNEWSW_20140828_080000_The_Five/FOXNEWSW_20140828_080000_The_Five.thumbs/FOXNEWSW_20140828_080000_The_Five_000345.jpg,"change. so they believe global warming is more important than global terror which is like worrying about hiccups in front of an oncoming train. i have an idea, though, because we found -- we realize now that we found out we have one american terrorist dead."
https://archive.org/details/FOXNEWSW_20140813_210000_The_Five#start/131/end/166,8/13/2014 21:02:26,FOXNEWS,The Five,FOXNEWSW_20140813_210000_The_Five,https://archive.org/download/FOXNEWSW_20140813_210000_The_Five/FOXNEWSW_20140813_210000_The_Five.thumbs/FOXNEWSW_20140813_210000_The_Five_000105.jpg,"as chuck hagel was saying from the pentagon, if it's so big, why would we limit our troops in any way when they are there to fight the terrorist? i suppose if we can blame isis for global warming then president obama might take it"
https://archive.org/details/FOXNEWSW_20140828_130000_Americas_Newsroom#start/2146/end/2181,8/28/2014 13:36:01,FOXNEWS,Americas Newsroom,FOXNEWSW_20140828_130000_Americas_Newsroom,https://archive.org/download/FOXNEWSW_20140828_130000_Americas_Newsroom/FOXNEWSW_20140828_130000_Americas_Newsroom.thumbs/FOXNEWSW_20140828_130000_Americas_Newsroom_002145.jpg,"administration is working on building that kind of coalition. when you take a look at the tea leaves, what we know the president has done so far, you look at the issue of global warming and immigration which he said i'm going to act"
https://archive.org/details/FOXNEWSW_20140807_180000_The_Real_Story_With_Gretchen_Carlson#start/1223/end/1258,8/7/2014 18:20:38,FOXNEWS,The Real Story With Gretchen Carlson,FOXNEWSW_20140807_180000_The_Real_Story_With_Gretchen_Carlson,https://archive.org/download/FOXNEWSW_20140807_180000_The_Real_Story_With_Gretchen_Carlson/FOXNEWSW_20140807_180000_The_Real_Story_With_Gretchen_Carlson.thumbs/FOXNEWSW_20140807_180000_The_Real_Story_With_Gretchen_Carlson_001215.jpg,"can do some basic things like come up with a path to citizenship for immigrants, be okay with the fact that people of the same sex get married to each other, and do things like not ignore global warming, i think they're going to have a"
https://archive.org/details/FOXNEWSW_20140830_143000_Cavuto_on_Business#start/1828/end/1863,8/30/2014 15:00:43,FOXNEWS,Cavuto on Business,FOXNEWSW_20140830_143000_Cavuto_on_Business,https://archive.org/download/FOXNEWSW_20140830_143000_Cavuto_on_Business/FOXNEWSW_20140830_143000_Cavuto_on_Business.thumbs/FOXNEWSW_20140830_143000_Cavuto_on_Business_001815.jpg,"climate change. now, some here say this latest end run around congress is going to put u.s. jobs on ice. are they right?"
https://archive.org/details/FOXNEWSW_20140830_150000_Forbes_on_FOX#start/28/end/63,8/30/2014 15:00:43,FOXNEWS,Forbes on FOX,FOXNEWSW_20140830_150000_Forbes_on_FOX,https://archive.org/download/FOXNEWSW_20140830_150000_Forbes_on_FOX/FOXNEWSW_20140830_150000_Forbes_on_FOX.thumbs/FOXNEWSW_20140830_150000_Forbes_on_FOX_000045.jpg,"climate change. now, some here say this latest end run around congress is going to put u.s. jobs on ice. are they right?"
https://archive.org/details/FOXNEWSW_20140803_180000_FOX_News_Sunday_With_Chris_Wallace#start/3141/end/3176,8/3/2014 18:52:36,FOXNEWS,FOX News Sunday With Chris Wallace,FOXNEWSW_20140803_180000_FOX_News_Sunday_With_Chris_Wallace,https://archive.org/download/FOXNEWSW_20140803_180000_FOX_News_Sunday_With_Chris_Wallace/FOXNEWSW_20140803_180000_FOX_News_Sunday_With_Chris_Wallace.thumbs/FOXNEWSW_20140803_180000_FOX_News_Sunday_With_Chris_Wallace_003135.jpg,"the trouble with a lawless president, the it's difficult to restrain them. who is totally out of control -- is that really a phrase you want to -- can't get a carbon tax through the congress, so he decides to post to the epa. obamacare is falling apart."
https://archive.org/details/FOXNEWSW_20140827_220000_Special_Report_With_Bret_Baier#start/3200/end/3235,8/27/2014 22:53:35,FOXNEWS,Special Report With Bret Baier,FOXNEWSW_20140827_220000_Special_Report_With_Bret_Baier,https://archive.org/download/FOXNEWSW_20140827_220000_Special_Report_With_Bret_Baier/FOXNEWSW_20140827_220000_Special_Report_With_Bret_Baier.thumbs/FOXNEWSW_20140827_220000_Special_Report_With_Bret_Baier_003195.jpg,"cla climate change today, we haven't talked about the in russia, the pressure has not obviously moved the ball there. the pressures of shaming like"
https://archive.org/details/FOXNEWSW_20140827_210000_The_Five#start/370/end/405,8/27/2014 21:06:25,FOXNEWS,The Five,FOXNEWSW_20140827_210000_The_Five,https://archive.org/download/FOXNEWSW_20140827_210000_The_Five/FOXNEWSW_20140827_210000_The_Five.thumbs/FOXNEWSW_20140827_210000_The_Five_000345.jpg,"change. so they believe global warming is more important than global terror which is like worrying about hiccups in front of an oncoming train. i have an idea, though, because we found -- we realize now that we found out we have one american terrorist dead. it gave me a great idea."
https://archive.org/details/FOXNEWSW_20140813_210000_The_Five#start/745/end/780,8/13/2014 21:12:40,FOXNEWS,The Five,FOXNEWSW_20140813_210000_The_Five,https://archive.org/download/FOXNEWSW_20140813_210000_The_Five/FOXNEWSW_20140813_210000_The_Five.thumbs/FOXNEWSW_20140813_210000_The_Five_000735.jpg,"support abu bakr al-baghdadi because they want more of a bargaining chip at the table with the united states. they might get it. wouldn't thabt good deal? i don't think a deal with iran, no. blame isis for global warming and you'll get the epa, all the"
https://archive.org/details/FOXNEWSW_20140828_060000_On_the_Record_With_Greta_Van_Susteren#start/1722/end/1757,8/28/2014 6:28:57,FOXNEWS,On the Record With Greta Van Susteren,FOXNEWSW_20140828_060000_On_the_Record_With_Greta_Van_Susteren,https://archive.org/download/FOXNEWSW_20140828_060000_On_the_Record_With_Greta_Van_Susteren/FOXNEWSW_20140828_060000_On_the_Record_With_Greta_Van_Susteren.thumbs/FOXNEWSW_20140828_060000_On_the_Record_With_Greta_Van_Susteren_001695.jpg,"that doesn't sound like our republic. we have checks and balances. he has done this with global warming. he has also done this with immigration. he has also done this with the war in libya. he doesn't seem to grasp the checks and balances. if we don't have checks and"
https://archive.org/details/FOXNEWSW_20140825_150000_Happening_Now#start/2341/end/2376,8/25/2014 15:39:16,FOXNEWS,Happening Now,FOXNEWSW_20140825_150000_Happening_Now,https://archive.org/download/FOXNEWSW_20140825_150000_Happening_Now/FOXNEWSW_20140825_150000_Happening_Now.thumbs/FOXNEWSW_20140825_150000_Happening_Now_002325.jpg,"of state on this issue, he was trying to negotiate a piece between israel and the palestinians or fighting the all important threat of global warming. the administration has to get his private off the golf course and on to what it takes to actually contain and roll back"
https://archive.org/details/FOXNEWSW_20140825_150000_Happening_Now#start/2358/end/2393,8/25/2014 15:39:33,FOXNEWS,Happening Now,FOXNEWSW_20140825_150000_Happening_Now,https://archive.org/download/FOXNEWSW_20140825_150000_Happening_Now/FOXNEWSW_20140825_150000_Happening_Now.thumbs/FOXNEWSW_20140825_150000_Happening_Now_002355.jpg,"isis. i don't believe the president should be photographed playing golf at this time nor should he have been perhaps on vacation. this has been a bad move optically for the white house but it's so easy to say they're playing golf and talking about global warming when they have"
https://archive.org/details/FOXNEWSW_20140830_210000_Stossel#start/2532/end/2567,8/30/2014 21:42:27,FOXNEWS,Stossel,FOXNEWSW_20140830_210000_Stossel,https://archive.org/download/FOXNEWSW_20140830_210000_Stossel/FOXNEWSW_20140830_210000_Stossel.thumbs/FOXNEWSW_20140830_210000_Stossel_002535.jpg,"we need to take action to protect families from the mounting impacts of climate change and 3700 cases of bronchitis in children, 150000 asthma attacks, 300000 heart"
https://archive.org/details/FOXNEWSW_20140830_150000_Forbes_on_FOX#start/466/end/501,8/30/2014 15:08:01,FOXNEWS,Forbes on FOX,FOXNEWSW_20140830_150000_Forbes_on_FOX,https://archive.org/download/FOXNEWSW_20140830_150000_Forbes_on_FOX/FOXNEWSW_20140830_150000_Forbes_on_FOX.thumbs/FOXNEWSW_20140830_150000_Forbes_on_FOX_000465.jpg,"what other countries are doing right now, australia is already watering down its climate change laws. i'm not sure this would work. what do you think?"
https://archive.org/details/FOXNEWSW_20140805_180000_The_Real_Story_With_Gretchen_Carlson#start/2917/end/2952,8/5/2014 18:48:52,FOXNEWS,The Real Story With Gretchen Carlson,FOXNEWSW_20140805_180000_The_Real_Story_With_Gretchen_Carlson,https://archive.org/download/FOXNEWSW_20140805_180000_The_Real_Story_With_Gretchen_Carlson/FOXNEWSW_20140805_180000_The_Real_Story_With_Gretchen_Carlson.thumbs/FOXNEWSW_20140805_180000_The_Real_Story_With_Gretchen_Carlson_002895.jpg,"ebola. the ebola virus and the spread is definitely taking a lot of headlines and by the way, yesterday when secretary of state john kerry spoke, most of the focus was on global warming as if that is the biggest threat to africa and you're right today will be about trade and commerce."
https://archive.org/details/FOXNEWSW_20140830_210000_Stossel#start/2519/end/2554,8/30/2014 21:42:14,FOXNEWS,Stossel,FOXNEWSW_20140830_210000_Stossel,https://archive.org/download/FOXNEWSW_20140830_210000_Stossel/FOXNEWSW_20140830_210000_Stossel.thumbs/FOXNEWSW_20140830_210000_Stossel_002505.jpg,"health and all they do is run the economy. john: today people equate the threat of climate change with pollution. here is senator barbara boxer from this number."
https://archive.org/details/FOXNEWSW_20140828_210000_The_Five#start/1447/end/1482,8/28/2014 21:24:22,FOXNEWS,The Five,FOXNEWSW_20140828_210000_The_Five,https://archive.org/download/FOXNEWSW_20140828_210000_The_Five/FOXNEWSW_20140828_210000_The_Five.thumbs/FOXNEWSW_20140828_210000_The_Five_001425.jpg,"why? because andrea said -- yeah. coming up, president obama's got some plans to circumvent congress. this time on climate change. greg's going to tell you next on 'the five.'"
https://archive.org/details/FOXNEWSW_20140829_080000_The_Five#start/1506/end/1541,8/29/2014 8:25:21,FOXNEWS,The Five,FOXNEWSW_20140829_080000_The_Five,https://archive.org/download/FOXNEWSW_20140829_080000_The_Five/FOXNEWSW_20140829_080000_The_Five.thumbs/FOXNEWSW_20140829_080000_The_Five_001485.jpg,"why? because andrea said -- yeah. coming up, president obama's got some plans to circumvent congress. this time on climate change. greg's going to tell you next on 'the five.'"
https://archive.org/details/FOXNEWSW_20140829_080000_The_Five#start/1739/end/1774,8/29/2014 8:29:14,FOXNEWS,The Five,FOXNEWSW_20140829_080000_The_Five,https://archive.org/download/FOXNEWSW_20140829_080000_The_Five/FOXNEWSW_20140829_080000_The_Five.thumbs/FOXNEWSW_20140829_080000_The_Five_001515.jpg,"it can only get even better, right?. the president plans to sign an international climate change accord in 2015 without approval of congress. it's nuttier than elephant poop."
https://archive.org/details/FOXNEWSW_20140828_130000_Americas_Newsroom#start/1048/end/1083,8/28/2014 13:17:43,FOXNEWS,Americas Newsroom,FOXNEWSW_20140828_130000_Americas_Newsroom,https://archive.org/download/FOXNEWSW_20140828_130000_Americas_Newsroom/FOXNEWSW_20140828_130000_Americas_Newsroom.thumbs/FOXNEWSW_20140828_130000_Americas_Newsroom_001035.jpg,"climate change. you would get a small percentage. he's acting on behalf of a small group of ideologues. and the science doesn't support this. you haven't seen a rights in"
https://archive.org/details/FOXNEWSW_20140827_220000_Special_Report_With_Bret_Baier#start/967/end/1002,8/27/2014 22:16:22,FOXNEWS,Special Report With Bret Baier,FOXNEWSW_20140827_220000_Special_Report_With_Bret_Baier,https://archive.org/download/FOXNEWSW_20140827_220000_Special_Report_With_Bret_Baier/FOXNEWSW_20140827_220000_Special_Report_With_Bret_Baier.thumbs/FOXNEWSW_20140827_220000_Special_Report_With_Bret_Baier_000945.jpg,"poverty, the proliferation of weapons of mass destruction. the reality is that climate change ranks right up there with every single one of them. reporter: as thousands are being tortured and murdered by"
https://archive.org/details/FOXNEWSW_20140827_220000_Special_Report_With_Bret_Baier#start/985/end/1020,8/27/2014 22:16:40,FOXNEWS,Special Report With Bret Baier,FOXNEWSW_20140827_220000_Special_Report_With_Bret_Baier,https://archive.org/download/FOXNEWSW_20140827_220000_Special_Report_With_Bret_Baier/FOXNEWSW_20140827_220000_Special_Report_With_Bret_Baier.thumbs/FOXNEWSW_20140827_220000_Special_Report_With_Bret_Baier_000975.jpg,"extremist groups from nigeria to iraq, skeptics are questioning why the administration is so focused on climate change. that includes house democrat nick ray has hall. he says he'll do everything h"
https://archive.org/details/FOXNEWSW_20140830_210000_Stossel#start/208/end/243,8/30/2014 21:03:43,FOXNEWS,Stossel,FOXNEWSW_20140830_210000_Stossel,https://archive.org/download/FOXNEWSW_20140830_210000_Stossel/FOXNEWSW_20140830_210000_Stossel.thumbs/FOXNEWSW_20140830_210000_Stossel_000195.jpg,"climate change. i think they're different. there is confusion about what pollution and carbon pollution really mean. when i think of pollution and carbon, i think of this stuff, coal. soot in the air."
https://archive.org/details/FOXNEWSW_20140827_220000_Special_Report_With_Bret_Baier#start/996/end/1031,8/27/2014 22:16:51,FOXNEWS,Special Report With Bret Baier,FOXNEWSW_20140827_220000_Special_Report_With_Bret_Baier,https://archive.org/download/FOXNEWSW_20140827_220000_Special_Report_With_Bret_Baier/FOXNEWSW_20140827_220000_Special_Report_With_Bret_Baier.thumbs/FOXNEWSW_20140827_220000_Special_Report_With_Bret_Baier_000975.jpg,"can to stop what he's calling, quote, this latest end run around congress. bret? shannon, thank you. what do you think of the president's climate change plan? let me know at"
https://archive.org/details/FOXNEWSW_20140829_080000_The_Five#start/2006/end/2041,8/29/2014 8:33:41,FOXNEWS,The Five,FOXNEWSW_20140829_080000_The_Five,https://archive.org/download/FOXNEWSW_20140829_080000_The_Five/FOXNEWSW_20140829_080000_The_Five.thumbs/FOXNEWSW_20140829_080000_The_Five_001995.jpg,"to the climate change ageneral da, while he's making money off the big polluters overseas. president obama is pounding the world between our tax structure and this. cap and trade is going to come"
https://archive.org/details/FOXNEWSW_20140828_210000_The_Five#start/1966/end/2001,8/28/2014 21:33:01,FOXNEWS,The Five,FOXNEWSW_20140828_210000_The_Five,https://archive.org/download/FOXNEWSW_20140828_210000_The_Five/FOXNEWSW_20140828_210000_The_Five.thumbs/FOXNEWSW_20140828_210000_The_Five_001965.jpg,"i think it's more about the money. you know, tom stiers placed $100 million for people who signed on to the climate change ageneral da, while he's making money off the big polluters overseas."
https://archive.org/details/FOXNEWSW_20140831_060000_Red_Eye#start/348/end/383,8/31/2014 6:06:03,FOXNEWS,Red Eye,FOXNEWSW_20140831_060000_Red_Eye,https://archive.org/download/FOXNEWSW_20140831_060000_Red_Eye/FOXNEWSW_20140831_060000_Red_Eye.thumbs/FOXNEWSW_20140831_060000_Red_Eye_000345.jpg,"ultimately this is liberalism. liberalism is something that has to be done for the good of the rest of us poor slobs. i guess i am a liberal on climate change. we all know what it is."
https://archive.org/details/FOXNEWSW_20140830_210000_Stossel#start/491/end/526,8/30/2014 21:08:26,FOXNEWS,Stossel,FOXNEWSW_20140830_210000_Stossel,https://archive.org/download/FOXNEWSW_20140830_210000_Stossel/FOXNEWSW_20140830_210000_Stossel.thumbs/FOXNEWSW_20140830_210000_Stossel_000465.jpg,"stuff we're doing now to try to address climate change is going to make no difference and cost a fortune. what's the point? first of all, it doesn't cost a fortune. second of all, it will drive innovation."
https://archive.org/details/FOXNEWSW_20140828_050000_Hannity#start/664/end/699,8/28/2014 5:11:19,FOXNEWS,Hannity,FOXNEWSW_20140828_050000_Hannity,https://archive.org/download/FOXNEWSW_20140828_050000_Hannity/FOXNEWSW_20140828_050000_Hannity.thumbs/FOXNEWSW_20140828_050000_Hannity_000645.jpg,"president may dictate and not go to congress. air strikes in syria is one, immigration and possibly even given amnesty to as many as 6 million people and now this climate change issue. how should republicans deal with"
https://archive.org/details/FOXNEWSW_20140803_150000_MediaBuzz#start/3462/end/3497,8/3/2014 15:57:57,FOXNEWS,MediaBuzz,FOXNEWSW_20140803_150000_MediaBuzz,https://archive.org/download/FOXNEWSW_20140803_150000_MediaBuzz/FOXNEWSW_20140803_150000_MediaBuzz.thumbs/FOXNEWSW_20140803_150000_MediaBuzz_003465.jpg,"seriously. in our press picks, this is over the line. cnn anchor bill weir seems like a smart guy but boy did he do something stupid. he didn't like the post about climate change, so he tweeted,"
https://archive.org/details/FOXNEWSW_20140828_070000_Red_Eye#start/349/end/384,8/28/2014 7:06:04,FOXNEWS,Red Eye,FOXNEWSW_20140828_070000_Red_Eye,https://archive.org/download/FOXNEWSW_20140828_070000_Red_Eye/FOXNEWSW_20140828_070000_Red_Eye.thumbs/FOXNEWSW_20140828_070000_Red_Eye_000345.jpg,"ultimately this is liberalism. liberalism is something that has to be done for the good of the rest of us poor slobs. i guess i am a liberal on climate change. we all know what it is."
https://archive.org/details/FOXNEWSW_20140827_220000_Special_Report_With_Bret_Baier#start/857/end/892,8/27/2014 22:14:32,FOXNEWS,Special Report With Bret Baier,FOXNEWSW_20140827_220000_Special_Report_With_Bret_Baier,https://archive.org/download/FOXNEWSW_20140827_220000_Special_Report_With_Bret_Baier/FOXNEWSW_20140827_220000_Special_Report_With_Bret_Baier.thumbs/FOXNEWSW_20140827_220000_Special_Report_With_Bret_Baier_000855.jpg,"president obama for what they claim is executive overreach may soon have another example. this time a really big one. correspondent shannon breen tells us the president may try to sidestep congress again over climate change. reporter: the obama"
https://archive.org/details/FOXNEWSW_20140827_220000_Special_Report_With_Bret_Baier#start/2875/end/2910,8/27/2014 22:48:10,FOXNEWS,Special Report With Bret Baier,FOXNEWSW_20140827_220000_Special_Report_With_Bret_Baier,https://archive.org/download/FOXNEWSW_20140827_220000_Special_Report_With_Bret_Baier/FOXNEWSW_20140827_220000_Special_Report_With_Bret_Baier.thumbs/FOXNEWSW_20140827_220000_Special_Report_With_Bret_Baier_002865.jpg,"do it, whether assad likes it or not. that's what war is about. next up, is the president going around the congress on climate change? [ male voice ] i'm sorry, did you say identity distribution? no. protection."
https://archive.org/details/FOXNEWSW_20140830_160000_Americas_News_Headquarters#start/3295/end/3330,8/30/2014 16:55:10,FOXNEWS,Americas News Headquarters,FOXNEWSW_20140830_160000_Americas_News_Headquarters,https://archive.org/download/FOXNEWSW_20140830_160000_Americas_News_Headquarters/FOXNEWSW_20140830_160000_Americas_News_Headquarters.thumbs/FOXNEWSW_20140830_160000_Americas_News_Headquarters_003285.jpg,"climate change policy. is the president -- is the white house and the president listening to the senators or just going it alone? oh, yes, i think they are. that's why you see the pause, hesitation, mrafr particularly immigration."
https://archive.org/details/FOXNEWSW_20140829_080000_The_Five#start/1879/end/1914,8/29/2014 8:31:34,FOXNEWS,The Five,FOXNEWSW_20140829_080000_The_Five,https://archive.org/download/FOXNEWSW_20140829_080000_The_Five/FOXNEWSW_20140829_080000_The_Five.thumbs/FOXNEWSW_20140829_080000_The_Five_001875.jpg,"them to toe the climate change line? we're scared. yeah, wait until it's over. bob, you asked me in the break do we have any sound on tape of charles krauthammer. i actually went and got one for"
https://archive.org/details/FOXNEWSW_20140828_050000_Hannity#start/282/end/317,8/28/2014 5:04:57,FOXNEWS,Hannity,FOXNEWSW_20140828_050000_Hannity,https://archive.org/download/FOXNEWSW_20140828_050000_Hannity/FOXNEWSW_20140828_050000_Hannity.thumbs/FOXNEWSW_20140828_050000_Hannity_000255.jpg,"pursuing an international climate change deal but without the approval of congress. fox's own ed henry is standing by at the white house tonight. he has the details. ed, this more troubling talk of an imperial presidency here. that, immigration, air strikes,"
https://archive.org/details/FOXNEWSW_20140827_180000_The_Real_Story_With_Gretchen_Carlson#start/538/end/573,8/27/2014 18:09:13,FOXNEWS,The Real Story With Gretchen Carlson,FOXNEWSW_20140827_180000_The_Real_Story_With_Gretchen_Carlson,https://archive.org/download/FOXNEWSW_20140827_180000_The_Real_Story_With_Gretchen_Carlson/FOXNEWSW_20140827_180000_The_Real_Story_With_Gretchen_Carlson.thumbs/FOXNEWSW_20140827_180000_The_Real_Story_With_Gretchen_Carlson_000525.jpg,"to help the poorer countries adapt to climate change going forward. as leslie pointed out, chris, looks like he doesn't have the votes to do this in congress. wouldn't that be an indication that that's where the sentiment lies on this issue?"
https://archive.org/details/FOXNEWSW_20140830_090000_Hannity#start/1190/end/1225,8/30/2014 9:20:05,FOXNEWS,Hannity,FOXNEWSW_20140830_090000_Hannity,https://archive.org/download/FOXNEWSW_20140830_090000_Hannity/FOXNEWSW_20140830_090000_Hannity.thumbs/FOXNEWSW_20140830_090000_Hannity_001185.jpg,"table now where this president may dictate and not go to congress. air strikes in syria is one, immigration and possibly giving amnesty to as many as 6 million people and now this climate change issue. how should republicans deal with"
https://archive.org/details/FOXNEWSW_20140828_020000_Hannity#start/674/end/709,8/28/2014 2:11:29,FOXNEWS,Hannity,FOXNEWSW_20140828_020000_Hannity,https://archive.org/download/FOXNEWSW_20140828_020000_Hannity/FOXNEWSW_20140828_020000_Hannity.thumbs/FOXNEWSW_20140828_020000_Hannity_000675.jpg,"immigration and possibly even given amnesty to as many as 6 million people and now this climate change issue. how should republicans deal with this? well, i don't know how these republicans should deal with this. i've been arguing a long time"
https://archive.org/details/FOXNEWSW_20140830_050000_Hannity#start/1190/end/1225,8/30/2014 5:20:05,FOXNEWS,Hannity,FOXNEWSW_20140830_050000_Hannity,https://archive.org/download/FOXNEWSW_20140830_050000_Hannity/FOXNEWSW_20140830_050000_Hannity.thumbs/FOXNEWSW_20140830_050000_Hannity_001185.jpg,"table now where this president may dictate and not go to congress. air strikes in syria is one, immigration and possibly giving amnesty to as many as 6 million people and now this climate change issue. how should republicans deal with"
https://archive.org/details/FOXNEWSW_20140830_020000_Hannity#start/1196/end/1231,8/30/2014 2:20:11,FOXNEWS,Hannity,FOXNEWSW_20140830_020000_Hannity,https://archive.org/download/FOXNEWSW_20140830_020000_Hannity/FOXNEWSW_20140830_020000_Hannity.thumbs/FOXNEWSW_20140830_020000_Hannity_001185.jpg,"immigration and possibly giving amnesty to as many as 6 million people and now this climate change issue. how should republicans deal with this? well, i don't know how these republicans should deal with this. i've been arguing for a long"
https://archive.org/details/FOXNEWSW_20140830_210000_Stossel#start/148/end/183,8/30/2014 21:02:43,FOXNEWS,Stossel,FOXNEWSW_20140830_210000_Stossel,https://archive.org/download/FOXNEWSW_20140830_210000_Stossel/FOXNEWSW_20140830_210000_Stossel.thumbs/FOXNEWSW_20140830_210000_Stossel_000135.jpg,"strong stance that he has taken on climate change at home. another person who is happy with the new epa rules, in fact, he wants more, is daniel wise of the league of conservation voters. not so happy is environmental"
https://archive.org/details/FOXNEWSW_20140828_020000_Hannity#start/283/end/318,8/28/2014 2:04:58,FOXNEWS,Hannity,FOXNEWSW_20140828_020000_Hannity,https://archive.org/download/FOXNEWSW_20140828_020000_Hannity/FOXNEWSW_20140828_020000_Hannity.thumbs/FOXNEWSW_20140828_020000_Hannity_000255.jpg,"pursuing an international climate change deal but without the approval of congress. fox's own ed henry is standing by at the white house tonight. he has the details. ed, this more troubling talk of an imperial presidency here. that, immigration, air strikes,"
https://archive.org/details/FOXNEWSW_20140827_220000_Special_Report_With_Bret_Baier#start/598/end/633,8/27/2014 22:10:13,FOXNEWS,Special Report With Bret Baier,FOXNEWSW_20140827_220000_Special_Report_With_Bret_Baier,https://archive.org/download/FOXNEWSW_20140827_220000_Special_Report_With_Bret_Baier/FOXNEWSW_20140827_220000_Special_Report_With_Bret_Baier.thumbs/FOXNEWSW_20140827_220000_Special_Report_With_Bret_Baier_000585.jpg,"up next, president obama prepares for another end run around congress. this time, over climate change. first here's what some of our fox affiliates across the country are covering. fox 42 in omaha, nebraska with a double shooting by police"
https://archive.org/details/FOXNEWSW_20140830_160000_Americas_News_Headquarters#start/3076/end/3111,8/30/2014 16:51:31,FOXNEWS,Americas News Headquarters,FOXNEWSW_20140830_160000_Americas_News_Headquarters,https://archive.org/download/FOXNEWSW_20140830_160000_Americas_News_Headquarters/FOXNEWSW_20140830_160000_Americas_News_Headquarters.thumbs/FOXNEWSW_20140830_160000_Americas_News_Headquarters_003075.jpg,"the obama administration continues to make a stand on climate change. working around congress to get in international climate agreement even as a tough recent gallup poll shows green issues rank quite low on america's priority list, rating with only"
https://archive.org/details/FOXNEWSW_20140828_210000_The_Five#start/1715/end/1750,8/28/2014 21:28:50,FOXNEWS,The Five,FOXNEWSW_20140828_210000_The_Five,https://archive.org/download/FOXNEWSW_20140828_210000_The_Five/FOXNEWSW_20140828_210000_The_Five.thumbs/FOXNEWSW_20140828_210000_The_Five_001635.jpg,"well technically, you said it. the president plans to sign an international climate change accord in 2015 without approval of congress. it's nuttier than elephant poop. 'the new york times' said the thing would compel countries including ours to cut carbon,"
https://archive.org/details/FOXNEWSW_20140827_130000_Americas_Newsroom#start/6897/end/6932,8/27/2014 14:55:12,FOXNEWS,Americas Newsroom,FOXNEWSW_20140827_130000_Americas_Newsroom,https://archive.org/download/FOXNEWSW_20140827_130000_Americas_Newsroom/FOXNEWSW_20140827_130000_Americas_Newsroom.thumbs/FOXNEWSW_20140827_130000_Americas_Newsroom_006885.jpg,"reporter: who is to blame, the middle east, wall street? it is the state imposing a tax on oil refiners as part of the climate change law. the cost ultimately paid for by consumers. that equates to 12 to $0.15 per gallon depending on the"
https://archive.org/details/FOXNEWSW_20140828_020000_Hannity#start/2134/end/2169,8/28/2014 2:35:49,FOXNEWS,Hannity,FOXNEWSW_20140828_020000_Hannity,https://archive.org/download/FOXNEWSW_20140828_020000_Hannity/FOXNEWSW_20140828_020000_Hannity.thumbs/FOXNEWSW_20140828_020000_Hannity_002115.jpg,"president may go about air strikes without working with congress? or he might go along with this u.n. climate change without consulting congress and bypassing congress on that? or on immigration. what do you make of the president not respecting co-equal branches of government?"
https://archive.org/details/FOXNEWSW_20140828_220000_Special_Report_With_Bret_Baier#start/972/end/1007,8/28/2014 22:16:27,FOXNEWS,Special Report With Bret Baier,FOXNEWSW_20140828_220000_Special_Report_With_Bret_Baier,https://archive.org/download/FOXNEWSW_20140828_220000_Special_Report_With_Bret_Baier/FOXNEWSW_20140828_220000_Special_Report_With_Bret_Baier.thumbs/FOXNEWSW_20140828_220000_Special_Report_With_Bret_Baier_000945.jpg,"but he won't energize the center or the left. unless he goes bold. reporter: moderate democrats in red states worry unilateral presidential action will backfire on them, cost democratics voters and their jobs. executive order on climate change, a politically lethal job"
https://archive.org/details/FOXNEWSW_20140828_050000_Hannity#start/2132/end/2167,8/28/2014 5:35:47,FOXNEWS,Hannity,FOXNEWSW_20140828_050000_Hannity,https://archive.org/download/FOXNEWSW_20140828_050000_Hannity/FOXNEWSW_20140828_050000_Hannity.thumbs/FOXNEWSW_20140828_050000_Hannity_002115.jpg,"go ahead. what do you make the president may go about air strikes without working with congress? or he might go along with this u.n. climate change without consulting congress and bypassing congress on that? or on immigration. what do you make of the president not respecting"
https://archive.org/details/FOXNEWSW_20140830_210000_Stossel#start/351/end/386,8/30/2014 21:06:06,FOXNEWS,Stossel,FOXNEWSW_20140830_210000_Stossel,https://archive.org/download/FOXNEWSW_20140830_210000_Stossel/FOXNEWSW_20140830_210000_Stossel.thumbs/FOXNEWSW_20140830_210000_Stossel_000345.jpg,"certainly don't know why i could be accused of that. we all care about the environment. i certainly think climate change is a problem. but the reality is the united states, china -- you think it's a problem? i think it's a problem burks not a problem that justifies"
https://archive.org/details/FOXNEWSW_20140828_080000_The_Five#start/754/end/789,8/28/2014 8:12:49,FOXNEWS,The Five,FOXNEWSW_20140828_080000_The_Five,https://archive.org/download/FOXNEWSW_20140828_080000_The_Five/FOXNEWSW_20140828_080000_The_Five.thumbs/FOXNEWSW_20140828_080000_The_Five_000735.jpg,"his priorities to focus on a global threat. once he does that, it's a nuisance to a greater aim, which is to transfer wealth around the world through climate change. that's the story happening now. he finds this stuff to be interfering. he doesn't want to deal with this."
https://archive.org/details/FOXNEWSW_20140830_030000_The_OReilly_Factor#start/601/end/636,8/30/2014 3:10:16,FOXNEWS,The OReilly Factor,FOXNEWSW_20140830_030000_The_OReilly_Factor,https://archive.org/download/FOXNEWSW_20140830_030000_The_OReilly_Factor/FOXNEWSW_20140830_030000_The_OReilly_Factor.thumbs/FOXNEWSW_20140830_030000_The_OReilly_Factor_000585.jpg,"this thing around? it's been time for a long time but this president is not going to do that. that's not his priority. he's too worried about what kids are eating and climate change, talk about far left causes to appeal to his base. he's got one foot out the door"
https://archive.org/details/FOXNEWSW_20140829_210000_The_Five#start/601/end/636,8/29/2014 21:10:16,FOXNEWS,The Five,FOXNEWSW_20140829_210000_The_Five,https://archive.org/download/FOXNEWSW_20140829_210000_The_Five/FOXNEWSW_20140829_210000_The_Five.thumbs/FOXNEWSW_20140829_210000_The_Five_000585.jpg,"this thing around? it's been time for a long time but this president is not going to do that. that's not his priority. he's too worried about what kids are eating and climate change, talk about far left causes to appeal to his base. he's got one foot out the door"
https://archive.org/details/FOXNEWSW_20140830_080000_The_Five#start/601/end/636,8/30/2014 8:10:16,FOXNEWS,The Five,FOXNEWSW_20140830_080000_The_Five,https://archive.org/download/FOXNEWSW_20140830_080000_The_Five/FOXNEWSW_20140830_080000_The_Five.thumbs/FOXNEWSW_20140830_080000_The_Five_000585.jpg,"this thing around? it's been time for a long time but this president is not going to do that. that's not his priority. he's too worried about what kids are eating and climate change, talk about far left causes to appeal to his base. he's got one foot out the door"
https://archive.org/details/FOXNEWSW_20140830_210000_Stossel#start/648/end/683,8/30/2014 21:11:03,FOXNEWS,Stossel,FOXNEWSW_20140830_210000_Stossel,https://archive.org/download/FOXNEWSW_20140830_210000_Stossel/FOXNEWSW_20140830_210000_Stossel.thumbs/FOXNEWSW_20140830_210000_Stossel_000645.jpg,"you i assume want clean air. i'm sure i do. i'm open to the possibility of a climate change is something we may need to address. watching tv, you think even that would be easy. we're told we can change the world for the better just by buying the right car."
https://archive.org/details/FOXNEWSW_20140827_210000_The_Five#start/754/end/789,8/27/2014 21:12:49,FOXNEWS,The Five,FOXNEWSW_20140827_210000_The_Five,https://archive.org/download/FOXNEWSW_20140827_210000_The_Five/FOXNEWSW_20140827_210000_The_Five.thumbs/FOXNEWSW_20140827_210000_The_Five_000735.jpg,"his priorities to focus on a global threat. once he does that, it's a nuisance to a greater aim, which is to transfer wealth around the world through climate change. that's the story happening now. he finds this stuff to be interfering. he doesn't want to deal with this."
https://archive.org/details/FOXNEWSW_20140827_220000_Special_Report_With_Bret_Baier#start/1047/end/1082,8/27/2014 22:17:42,FOXNEWS,Special Report With Bret Baier,FOXNEWSW_20140827_220000_Special_Report_With_Bret_Baier,https://archive.org/download/FOXNEWSW_20140827_220000_Special_Report_With_Bret_Baier/FOXNEWSW_20140827_220000_Special_Report_With_Bret_Baier.thumbs/FOXNEWSW_20140827_220000_Special_Report_With_Bret_Baier_001035.jpg,"reporter: who's to blame, big oil, the middle east, wall street? actually it's the state which is imposing a new tax on oil refiners as part of the climate change law, a cost ultimately paid for by consumers. what that equates to right now today, it's anywhere from 12"
https://archive.org/details/FOXNEWSW_20140828_060000_On_the_Record_With_Greta_Van_Susteren#start/2081/end/2116,8/28/2014 6:34:56,FOXNEWS,On the Record With Greta Van Susteren,FOXNEWSW_20140828_060000_On_the_Record_With_Greta_Van_Susteren,https://archive.org/download/FOXNEWSW_20140828_060000_On_the_Record_With_Greta_Van_Susteren/FOXNEWSW_20140828_060000_On_the_Record_With_Greta_Van_Susteren.thumbs/FOXNEWSW_20140828_060000_On_the_Record_With_Greta_Van_Susteren_002055.jpg,"of his legacy on climate change. when he was running in 2008, he said it was a moral challenge and a national security risk. but he said is that on the va when he ran in '0. he was going to clean up the v.a. you don't think that distresses him?"
https://archive.org/details/FOXNEWSW_20140830_210000_Stossel#start/2551/end/2586,8/30/2014 21:42:46,FOXNEWS,Stossel,FOXNEWSW_20140830_210000_Stossel,https://archive.org/download/FOXNEWSW_20140830_210000_Stossel/FOXNEWSW_20140830_210000_Stossel.thumbs/FOXNEWSW_20140830_210000_Stossel_002535.jpg,"attacks. john: may be climate change is real, but it has nothing to do with heart attacks. he said early on in the show that talking about carbon pollution, they should be talking about carbon dioxide and there's nothing in the atmosphere that allows them to be broken up into carbon and"
https://archive.org/details/FOXNEWSW_20140828_020000_Hannity#start/376/end/411,8/28/2014 2:06:31,FOXNEWS,Hannity,FOXNEWSW_20140828_020000_Hannity,https://archive.org/download/FOXNEWSW_20140828_020000_Hannity/FOXNEWSW_20140828_020000_Hannity.thumbs/FOXNEWSW_20140828_020000_Hannity_000375.jpg,"military mite but also diplomatic initiative. while there's been a lot of hype about the potential for military action, it's not clear from the white house that the president is going to move forward with military action in syria. meanwhile, on the climate change report you noted the 'new york times' saying the president"
https://archive.org/details/FOXNEWSW_20140828_030000_The_OReilly_Factor#start/1974/end/2009,8/28/2014 3:33:09,FOXNEWS,The OReilly Factor,FOXNEWSW_20140828_030000_The_OReilly_Factor,https://archive.org/download/FOXNEWSW_20140828_030000_The_OReilly_Factor/FOXNEWSW_20140828_030000_The_OReilly_Factor.thumbs/FOXNEWSW_20140828_030000_The_OReilly_Factor_001965.jpg,"not going to be a lot of time for them to get stuff done and they have to pass a budget to keep the government open. but the president's orders on climate change are going to antagonize -- there is not much he can say. all right. now we got to go to rosen."
https://archive.org/details/FOXNEWSW_20140830_000000_The_OReilly_Factor#start/605/end/640,8/30/2014 0:10:20,FOXNEWS,The OReilly Factor,FOXNEWSW_20140830_000000_The_OReilly_Factor,https://archive.org/download/FOXNEWSW_20140830_000000_The_OReilly_Factor/FOXNEWSW_20140830_000000_The_OReilly_Factor.thumbs/FOXNEWSW_20140830_000000_The_OReilly_Factor_000585.jpg,"kids are eating and he is talking about climate change and talking about far left causes to appeal to hiss base. he has one foot out the door in terms of this presidency. he is on his way out and thinking about what his legacy is going to be to the far left.nd downgrading our military. the united states should be"
https://archive.org/details/FOXNEWSW_20140828_000000_The_OReilly_Factor#start/1974/end/2009,8/28/2014 0:33:09,FOXNEWS,The OReilly Factor,FOXNEWSW_20140828_000000_The_OReilly_Factor,https://archive.org/download/FOXNEWSW_20140828_000000_The_OReilly_Factor/FOXNEWSW_20140828_000000_The_OReilly_Factor.thumbs/FOXNEWSW_20140828_000000_The_OReilly_Factor_001965.jpg,"took the 5th. when they come back, there is not going to be a lot of time for them to get stuff done and they have to pass a budget to keep the government open. but the president's orders on climate change are going to antagonize -- there is not much he can say. all right. now we got to go to rosen."
