﻿URL,MatchDateTime,Station,Show,IAShowID,IAPreviewThumb,Snippet
https://archive.org/details/FOXNEWS_20100720_220000_Special_Report_With_Bret_Baier#start/427/end/462,7/20/2010 22:07:22,FOXNEWS,Special Report With Bret Baier,FOXNEWS_20100720_220000_Special_Report_With_Bret_Baier,https://archive.org/download/FOXNEWS_20100720_220000_Special_Report_With_Bret_Baier/FOXNEWS_20100720_220000_Special_Report_With_Bret_Baier.thumbs/FOXNEWS_20100720_220000_Special_Report_With_Bret_Baier_000416.jpg,"the u.s. economy. the international energy agency says china is the largest energy consumer, surpassing the u.s. the paris-based group says china's consumption more than doubled since 2000, making it the biggest producer of greenhouse gases."
https://archive.org/details/FOXNEWS_20100721_080000_Special_Report_With_Bret_Baier#start/426/end/461,7/21/2010 8:07:21,FOXNEWS,Special Report With Bret Baier,FOXNEWS_20100721_080000_Special_Report_With_Bret_Baier,https://archive.org/download/FOXNEWS_20100721_080000_Special_Report_With_Bret_Baier/FOXNEWS_20100721_080000_Special_Report_With_Bret_Baier.thumbs/FOXNEWS_20100721_080000_Special_Report_With_Bret_Baier_000416.jpg,"the u.s. economy. the international energy agency says china is the largest energy consumer, surpassing the u.s. the paris-based group says china's consumption more than doubled since 2000, making it the biggest producer of greenhouse gases."
https://archive.org/details/FOXNEWS_20100703_030000_The_OReilly_Factor#start/246/end/281,7/3/2010 3:04:21,FOXNEWS,The OReilly Factor,FOXNEWS_20100703_030000_The_OReilly_Factor,https://archive.org/download/FOXNEWS_20100703_030000_The_OReilly_Factor/FOXNEWS_20100703_030000_The_OReilly_Factor.thumbs/FOXNEWS_20100703_030000_The_OReilly_Factor_000236.jpg,"america, a battle plan,' mr. dick morris. ok, so are you agreeing with me there's global warming that teed these people off or more to it? it's global warming but it's"
https://archive.org/details/FOXNEWS_20100703_100000_The_OReilly_Factor#start/252/end/287,7/3/2010 10:04:27,FOXNEWS,The OReilly Factor,FOXNEWS_20100703_100000_The_OReilly_Factor,https://archive.org/download/FOXNEWS_20100703_100000_The_OReilly_Factor/FOXNEWS_20100703_100000_The_OReilly_Factor.thumbs/FOXNEWS_20100703_100000_The_OReilly_Factor_000236.jpg,"bestseller '2010, take back america, a battle plan,' mr. dick morris. ok, so are you agreeing with me there's global warming that teed these people off or more to it? it's global warming but it's"
https://archive.org/details/FOXNEWS_20100727_200000_Your_World_With_Neil_Cavuto#start/2124/end/2159,7/27/2010 20:35:39,FOXNEWS,Your World With Neil Cavuto,FOXNEWS_20100727_200000_Your_World_With_Neil_Cavuto,https://archive.org/download/FOXNEWS_20100727_200000_Your_World_With_Neil_Cavuto/FOXNEWS_20100727_200000_Your_World_With_Neil_Cavuto.thumbs/FOXNEWS_20100727_200000_Your_World_With_Neil_Cavuto_002100.jpg,"academy of scientists warned that productivity, agricultural productivity would decline and lead to mass immigration. now it's going to decline during global warming."
https://archive.org/details/FOXNEWS_20100705_220000_Special_Report_With_Bret_Baier#start/1957/end/1992,7/5/2010 22:32:52,FOXNEWS,Special Report With Bret Baier,FOXNEWS_20100705_220000_Special_Report_With_Bret_Baier,https://archive.org/download/FOXNEWS_20100705_220000_Special_Report_With_Bret_Baier/FOXNEWS_20100705_220000_Special_Report_With_Bret_Baier.thumbs/FOXNEWS_20100705_220000_Special_Report_With_Bret_Baier_001944.jpg,"previously noted. despite the newly discovered flaws the netherlands environmental assessment agency maintains the fundamental conclusion of the report is correct, that manmade global warming is happening."
https://archive.org/details/FOXNEWS_20100731_010000_Hannity#start/1772/end/1807,7/31/2010 1:29:47,FOXNEWS,Hannity,FOXNEWS_20100731_010000_Hannity,https://archive.org/download/FOXNEWS_20100731_010000_Hannity/FOXNEWS_20100731_010000_Hannity.thumbs/FOXNEWS_20100731_010000_Hannity_001764.jpg,"stop. sheer demagoguery. sean: almost on a daily basis if it doesn't happen i guess we are doing something wrong. very interesting, abc ambushes senator inhofe because of his position on global warming he"
https://archive.org/details/FOXNEWS_20100727_220000_Special_Report_With_Bret_Baier#start/3187/end/3222,7/27/2010 22:53:22,FOXNEWS,Special Report With Bret Baier,FOXNEWS_20100727_220000_Special_Report_With_Bret_Baier,https://archive.org/download/FOXNEWS_20100727_220000_Special_Report_With_Bret_Baier/FOXNEWS_20100727_220000_Special_Report_With_Bret_Baier.thumbs/FOXNEWS_20100727_220000_Special_Report_With_Bret_Baier_003173.jpg,"so this is tough wars for the president. that is why he had the meeting, the bipartisan meeting, and it looks like he is not getting support and you cannot expect more so we are day 98 headed to the election. comprehensive climate change"
https://archive.org/details/FOXNEWS_20100716_100000_FOX_and_Friends#start/9297/end/9332,7/16/2010 12:35:12,FOXNEWS,FOX and Friends,FOXNEWS_20100716_100000_FOX_and_Friends,https://archive.org/download/FOXNEWS_20100716_100000_FOX_and_Friends/FOXNEWS_20100716_100000_FOX_and_Friends.thumbs/FOXNEWS_20100716_100000_FOX_and_Friends_009287.jpg,"white house, of course it is possible. but i think it goes beyond that. i thk there is a feeling that this president has not provided a lot of political cover for them. they also feel that the president has put a lot of issues to the house, not only health care and financial reform, but also climate change."
https://archive.org/details/FOXNEWS_20100702_200000_Your_World_With_Neil_Cavuto#start/2950/end/2985,7/2/2010 20:49:25,FOXNEWS,Your World With Neil Cavuto,FOXNEWS_20100702_200000_Your_World_With_Neil_Cavuto,https://archive.org/download/FOXNEWS_20100702_200000_Your_World_With_Neil_Cavuto/FOXNEWS_20100702_200000_Your_World_With_Neil_Cavuto.thumbs/FOXNEWS_20100702_200000_Your_World_With_Neil_Cavuto_002933.jpg,"of the climate bill, won't use the phrase global warming. it's toxic to promote global warming however there's so muchs with the ads you just showed."
https://archive.org/details/FOXNEWS_20100703_000000_The_OReilly_Factor#start/247/end/282,7/3/2010 0:04:22,FOXNEWS,The OReilly Factor,FOXNEWS_20100703_000000_The_OReilly_Factor,https://archive.org/download/FOXNEWS_20100703_000000_The_OReilly_Factor/FOXNEWS_20100703_000000_The_OReilly_Factor.thumbs/FOXNEWS_20100703_000000_The_OReilly_Factor_000236.jpg,"dick morris. ok, so are you agreeing with me there's global warming that teed these people off or more to it? it's global warming but it's also a sense that he's let them"
https://archive.org/details/FOXNEWS_20100703_100000_The_OReilly_Factor#start/176/end/211,7/3/2010 10:03:11,FOXNEWS,The OReilly Factor,FOXNEWS_20100703_100000_The_OReilly_Factor,https://archive.org/download/FOXNEWS_20100703_100000_The_OReilly_Factor/FOXNEWS_20100703_100000_The_OReilly_Factor.thumbs/FOXNEWS_20100703_100000_The_OReilly_Factor_000176.jpg,"and they're also hopping mad that cap and trade legislation stalled. they expected their guy, barack obama to be a global warming warrior. and he has not been. so the oil disaster in the gulf has ignited global warming resentments towards mr. obama."
https://archive.org/details/FOXNEWS_20100703_030000_The_OReilly_Factor#start/171/end/206,7/3/2010 3:03:06,FOXNEWS,The OReilly Factor,FOXNEWS_20100703_030000_The_OReilly_Factor,https://archive.org/download/FOXNEWS_20100703_030000_The_OReilly_Factor/FOXNEWS_20100703_030000_The_OReilly_Factor.thumbs/FOXNEWS_20100703_030000_The_OReilly_Factor_000146.jpg,"that cap and trade legislation stalled. they expected their guy, barack obama to be a global warming warrior. and he has not been. so the oil disaster in the gulf has ignited global warming resentments towards mr. obama. many americans said we don't"
https://archive.org/details/FOXNEWS_20100703_000000_The_OReilly_Factor#start/170/end/205,7/3/2010 0:03:05,FOXNEWS,The OReilly Factor,FOXNEWS_20100703_000000_The_OReilly_Factor,https://archive.org/download/FOXNEWS_20100703_000000_The_OReilly_Factor/FOXNEWS_20100703_000000_The_OReilly_Factor.thumbs/FOXNEWS_20100703_000000_The_OReilly_Factor_000146.jpg,"stalled. they expected their guy, barack obama to be a global warming warrior. and he has not been. so the oil disaster in the gulf has ignited global warming resentments towards mr. obama. many americans said we don't understand how deeply the far"
https://archive.org/details/FOXNEWS_20100723_080000_Special_Report_With_Bret_Baier#start/2806/end/2841,7/23/2010 8:47:01,FOXNEWS,Special Report With Bret Baier,FOXNEWS_20100723_080000_Special_Report_With_Bret_Baier,https://archive.org/download/FOXNEWS_20100723_080000_Special_Report_With_Bret_Baier/FOXNEWS_20100723_080000_Special_Report_With_Bret_Baier.thumbs/FOXNEWS_20100723_080000_Special_Report_With_Bret_Baier_002783.jpg,"which is what they will do and call it a climate change. bret: for democrats hoping for trifecta of healthcare, financial regulation reform and climate change -- two out of three. that is a lot. climate change is off the table. bret: log on to the home page at"
https://archive.org/details/FOXNEWS_20100723_080000_Special_Report_With_Bret_Baier#start/1554/end/1589,7/23/2010 8:26:09,FOXNEWS,Special Report With Bret Baier,FOXNEWS_20100723_080000_Special_Report_With_Bret_Baier,https://archive.org/download/FOXNEWS_20100723_080000_Special_Report_With_Bret_Baier/FOXNEWS_20100723_080000_Special_Report_With_Bret_Baier.thumbs/FOXNEWS_20100723_080000_Special_Report_With_Bret_Baier_001554.jpg,"climate change. delay announced -- they announced they will nod push climate change bill as senator reid said. painfully honest saying they don't have the votes for cap-and-trade bill. they blamed it on republicans"
https://archive.org/details/FOXNEWS_20100723_080000_Special_Report_With_Bret_Baier#start/2667/end/2702,7/23/2010 8:44:42,FOXNEWS,Special Report With Bret Baier,FOXNEWS_20100723_080000_Special_Report_With_Bret_Baier,https://archive.org/download/FOXNEWS_20100723_080000_Special_Report_With_Bret_Baier/FOXNEWS_20100723_080000_Special_Report_With_Bret_Baier.thumbs/FOXNEWS_20100723_080000_Special_Report_With_Bret_Baier_002663.jpg,"people filing for jobless benefits. we have had seen a decline that week by week. another development politically. climate change legislation, comprehensive climate change legislation is essentially dead. they came out and said we are"
https://archive.org/details/FOXNEWS_20100722_220000_Special_Report_With_Bret_Baier#start/2672/end/2707,7/22/2010 22:44:47,FOXNEWS,Special Report With Bret Baier,FOXNEWS_20100722_220000_Special_Report_With_Bret_Baier,https://archive.org/download/FOXNEWS_20100722_220000_Special_Report_With_Bret_Baier/FOXNEWS_20100722_220000_Special_Report_With_Bret_Baier.thumbs/FOXNEWS_20100722_220000_Special_Report_With_Bret_Baier_002664.jpg,"that week by week. another development politically. climate change legislation, comprehensive climate change legislation is essentially dead. they came out and said we are not going forward with the cap and trade bill. this is a big development."
https://archive.org/details/FOXNEWS_20100722_220000_Special_Report_With_Bret_Baier#start/2687/end/2722,7/22/2010 22:45:02,FOXNEWS,Special Report With Bret Baier,FOXNEWS_20100722_220000_Special_Report_With_Bret_Baier,https://archive.org/download/FOXNEWS_20100722_220000_Special_Report_With_Bret_Baier/FOXNEWS_20100722_220000_Special_Report_With_Bret_Baier.thumbs/FOXNEWS_20100722_220000_Special_Report_With_Bret_Baier_002664.jpg,"climate change legislation, key part of a tax increase. more burden on private sector. the death of that is some of it was called in question on climate change and mostly due to a tact in slow economy"
https://archive.org/details/FOXNEWS_20100722_220000_Special_Report_With_Bret_Baier#start/1550/end/1585,7/22/2010 22:26:05,FOXNEWS,Special Report With Bret Baier,FOXNEWS_20100722_220000_Special_Report_With_Bret_Baier,https://archive.org/download/FOXNEWS_20100722_220000_Special_Report_With_Bret_Baier/FOXNEWS_20100722_220000_Special_Report_With_Bret_Baier.thumbs/FOXNEWS_20100722_220000_Special_Report_With_Bret_Baier_001525.jpg,"today, big announcement on climate change. delay announced -- they announced they will nod push climate change bill as senator reid said. painfully honest saying they don't have the votes for cap-and-trade bill."
https://archive.org/details/FOXNEWS_20100722_220000_Special_Report_With_Bret_Baier#start/2797/end/2832,7/22/2010 22:46:52,FOXNEWS,Special Report With Bret Baier,FOXNEWS_20100722_220000_Special_Report_With_Bret_Baier,https://archive.org/download/FOXNEWS_20100722_220000_Special_Report_With_Bret_Baier/FOXNEWS_20100722_220000_Special_Report_With_Bret_Baier.thumbs/FOXNEWS_20100722_220000_Special_Report_With_Bret_Baier_002784.jpg,"comprehensive on climate change. no chance of getting restrictions on carbon emissions. you might get a bill that means nothing, attacking b.p. which is what they will do and call it a climate change. bret: for democrats hoping for trifecta of healthcare,"
https://archive.org/details/FOXNEWS_20100722_220000_Special_Report_With_Bret_Baier#start/2812/end/2847,7/22/2010 22:47:07,FOXNEWS,Special Report With Bret Baier,FOXNEWS_20100722_220000_Special_Report_With_Bret_Baier,https://archive.org/download/FOXNEWS_20100722_220000_Special_Report_With_Bret_Baier/FOXNEWS_20100722_220000_Special_Report_With_Bret_Baier.thumbs/FOXNEWS_20100722_220000_Special_Report_With_Bret_Baier_002814.jpg,"financial regulation reform and climate change -- two out of three. that is a lot. climate change is off the table. bret: log on to the home page at foxnews.com/specialreport to see the online exclusive report from jamie colby about the hiring surge on wall"
https://archive.org/details/FOXNEWS_20100706_080000_Special_Report_With_Bret_Baier#start/1947/end/1982,7/6/2010 8:32:42,FOXNEWS,Special Report With Bret Baier,FOXNEWS_20100706_080000_Special_Report_With_Bret_Baier,https://archive.org/download/FOXNEWS_20100706_080000_Special_Report_With_Bret_Baier/FOXNEWS_20100706_080000_Special_Report_With_Bret_Baier.thumbs/FOXNEWS_20100706_080000_Special_Report_With_Bret_Baier_001944.jpg,"events and said the comment was taken out of context. a leading dutch environmental agency says the united states report on climate change -- united nations report on climate change is too generalized and has more errors than previously noted. despite the newly discovered flaws the netherlands"
https://archive.org/details/FOXNEWS_20100705_220000_Special_Report_With_Bret_Baier#start/1944/end/1979,7/5/2010 22:32:39,FOXNEWS,Special Report With Bret Baier,FOXNEWS_20100705_220000_Special_Report_With_Bret_Baier,https://archive.org/download/FOXNEWS_20100705_220000_Special_Report_With_Bret_Baier/FOXNEWS_20100705_220000_Special_Report_With_Bret_Baier.thumbs/FOXNEWS_20100705_220000_Special_Report_With_Bret_Baier_001944.jpg,"referred to number of extreme opponents who disrupt the events and said the comment was taken out of context. a leading dutch environmental agency says the united states report on climate change -- united nations report on climate change is too generalized and has more errors than"
https://archive.org/details/FOXNEWS_20100702_130000_Americas_Newsroom#start/2237/end/2272,7/2/2010 13:37:32,FOXNEWS,Americas Newsroom,FOXNEWS_20100702_130000_Americas_Newsroom,https://archive.org/download/FOXNEWS_20100702_130000_Americas_Newsroom/FOXNEWS_20100702_130000_Americas_Newsroom.thumbs/FOXNEWS_20100702_130000_Americas_Newsroom_002214.jpg,"berkenstock tribe and if she made him look bad it might hurt the global warming issue. you don't agree with that."
https://archive.org/details/FOXNEWS_20100731_010000_Hannity#start/1245/end/1280,7/31/2010 1:21:00,FOXNEWS,Hannity,FOXNEWS_20100731_010000_Hannity,https://archive.org/download/FOXNEWS_20100731_010000_Hannity/FOXNEWS_20100731_010000_Hannity.thumbs/FOXNEWS_20100731_010000_Hannity_001195.jpg,"that global warming exists. wait until you see what happened. that and more coming up. let's go. come on. hurry up. [ laughter ] [ slamming ] [ engines revving ]  _               _"
https://archive.org/details/FOXNEWS_20100721_080000_Special_Report_With_Bret_Baier#start/411/end/446,7/21/2010 8:07:06,FOXNEWS,Special Report With Bret Baier,FOXNEWS_20100721_080000_Special_Report_With_Bret_Baier,https://archive.org/download/FOXNEWS_20100721_080000_Special_Report_With_Bret_Baier/FOXNEWS_20100721_080000_Special_Report_With_Bret_Baier.thumbs/FOXNEWS_20100721_080000_Special_Report_With_Bret_Baier_000386.jpg,"business travel and commuting by car in an evideffort to redue greenhouse gas emissions. they said they will slash emission by employee driving by 13% in ten years. the federal government is the largest energy consumer in"
https://archive.org/details/FOXNEWS_20100720_220000_Special_Report_With_Bret_Baier#start/411/end/446,7/20/2010 22:07:06,FOXNEWS,Special Report With Bret Baier,FOXNEWS_20100720_220000_Special_Report_With_Bret_Baier,https://archive.org/download/FOXNEWS_20100720_220000_Special_Report_With_Bret_Baier/FOXNEWS_20100720_220000_Special_Report_With_Bret_Baier.thumbs/FOXNEWS_20100720_220000_Special_Report_With_Bret_Baier_000386.jpg,"workers to cut down on business travel and commuting by car in an evideffort to redue greenhouse gas emissions. they said they will slash emission by employee driving by 13% in ten years. the federal government is the largest energy consumer in"
https://archive.org/details/FOXNEWS_20100702_200000_Your_World_With_Neil_Cavuto#start/2934/end/2969,7/2/2010 20:49:09,FOXNEWS,Your World With Neil Cavuto,FOXNEWS_20100702_200000_Your_World_With_Neil_Cavuto,https://archive.org/download/FOXNEWS_20100702_200000_Your_World_With_Neil_Cavuto/FOXNEWS_20100702_200000_Your_World_With_Neil_Cavuto.thumbs/FOXNEWS_20100702_200000_Your_World_With_Neil_Cavuto_002933.jpg,"believes, they're not -- with this, the government is overreaching. the british public is growing skeptical. more americans believe in haunted houses than global warming. in america, john kerry, author"
https://archive.org/details/FOXNEWS_20100705_170000_America_Live#start/5394/end/5429,7/5/2010 18:30:09,FOXNEWS,America Live,FOXNEWS_20100705_170000_America_Live,https://archive.org/download/FOXNEWS_20100705_170000_America_Live/FOXNEWS_20100705_170000_America_Live.thumbs/FOXNEWS_20100705_170000_America_Live_005391.jpg,"cause global warming they say remains valid. takeru kobayashi was arrested during a 4th of july hot dog eating competition. he stormed the stage. he was set free today."
https://archive.org/details/FOXNEWS_20100727_200000_Your_World_With_Neil_Cavuto#start/2140/end/2175,7/27/2010 20:35:55,FOXNEWS,Your World With Neil Cavuto,FOXNEWS_20100727_200000_Your_World_With_Neil_Cavuto,https://archive.org/download/FOXNEWS_20100727_200000_Your_World_With_Neil_Cavuto/FOXNEWS_20100727_200000_Your_World_With_Neil_Cavuto.thumbs/FOXNEWS_20100727_200000_Your_World_With_Neil_Cavuto_002130.jpg,"it's the last hope of the alarmists. they're losing credibility with american public. more people believe in ghosts than global warming so they're trying to use other fears like immigration."
https://archive.org/details/FOXNEWS_20100706_080000_Special_Report_With_Bret_Baier#start/1963/end/1998,7/6/2010 8:32:58,FOXNEWS,Special Report With Bret Baier,FOXNEWS_20100706_080000_Special_Report_With_Bret_Baier,https://archive.org/download/FOXNEWS_20100706_080000_Special_Report_With_Bret_Baier/FOXNEWS_20100706_080000_Special_Report_With_Bret_Baier.thumbs/FOXNEWS_20100706_080000_Special_Report_With_Bret_Baier_001944.jpg,"environmental assessment agency maintains the fundamental conclusion of the report is correct, that manmade global warming is happening. the agency acknowledged it's responsible for incorrect statement that 55% of the"
https://archive.org/details/FOXNEWS_20100701_000000_The_OReilly_Factor#start/254/end/289,7/1/2010 0:04:29,FOXNEWS,The OReilly Factor,FOXNEWS_20100701_000000_The_OReilly_Factor,https://archive.org/download/FOXNEWS_20100701_000000_The_OReilly_Factor/FOXNEWS_20100701_000000_The_OReilly_Factor.thumbs/FOXNEWS_20100701_000000_The_OReilly_Factor_000236.jpg,"if you look at wisconsin, where the export/import bank last week had killed a loan guarantee for the sale of equipment to an indian company and basically global warming grounds. coal company."
https://archive.org/details/FOXNEWS_20100706_100000_FOX_and_Friends#start/2424/end/2459,7/6/2010 10:40:39,FOXNEWS,FOX and Friends,FOXNEWS_20100706_100000_FOX_and_Friends,https://archive.org/download/FOXNEWS_20100706_100000_FOX_and_Friends/FOXNEWS_20100706_100000_FOX_and_Friends.thumbs/FOXNEWS_20100706_100000_FOX_and_Friends_002424.jpg,"global warming. please keep sending these in to friends -- is it friends at foxnews.com? there it is on the screen for me. and from hotness to iceland. a mystery involving the late"
https://archive.org/details/FOXNEWS_20100727_200000_Your_World_With_Neil_Cavuto#start/2091/end/2126,7/27/2010 20:35:06,FOXNEWS,Your World With Neil Cavuto,FOXNEWS_20100727_200000_Your_World_With_Neil_Cavuto,https://archive.org/download/FOXNEWS_20100727_200000_Your_World_With_Neil_Cavuto/FOXNEWS_20100727_200000_Your_World_With_Neil_Cavuto.thumbs/FOXNEWS_20100727_200000_Your_World_With_Neil_Cavuto_002070.jpg,"neil: floods, heat waves,ing wild fires, a loss from global warming will cause up to 7 million mexicans to flood the u.s. a filmmaker says global warmists are grasping at straws."
https://archive.org/details/FOXNEWS_20100717_110000_FOX_and_Friends_Saturday#start/2930/end/2965,7/17/2010 11:49:05,FOXNEWS,FOX and Friends Saturday,FOXNEWS_20100717_110000_FOX_and_Friends_Saturday,https://archive.org/download/FOXNEWS_20100717_110000_FOX_and_Friends_Saturday/FOXNEWS_20100717_110000_FOX_and_Friends_Saturday.thumbs/FOXNEWS_20100717_110000_FOX_and_Friends_Saturday_002910.jpg,"we wanted to bring levitty and light innocence. since global warming, all of our kids are hearing doom and gloom. we have our characters ask questions and put them inuations where they are"
https://archive.org/details/FOXNEWS_20100723_200000_Your_World_With_Neil_Cavuto#start/972/end/1007,7/23/2010 20:16:27,FOXNEWS,Your World With Neil Cavuto,FOXNEWS_20100723_200000_Your_World_With_Neil_Cavuto,https://archive.org/download/FOXNEWS_20100723_200000_Your_World_With_Neil_Cavuto/FOXNEWS_20100723_200000_Your_World_With_Neil_Cavuto.thumbs/FOXNEWS_20100723_200000_Your_World_With_Neil_Cavuto_000955.jpg,"environmental thing with global warming and whether they rigged the data. this is near and dear to you because if the justification for the shutdown on drilling was that the data supported it, we"
https://archive.org/details/FOXNEWS_20100702_200000_Your_World_With_Neil_Cavuto#start/2786/end/2821,7/2/2010 20:46:41,FOXNEWS,Your World With Neil Cavuto,FOXNEWS_20100702_200000_Your_World_With_Neil_Cavuto,https://archive.org/download/FOXNEWS_20100702_200000_Your_World_With_Neil_Cavuto/FOXNEWS_20100702_200000_Your_World_With_Neil_Cavuto.thumbs/FOXNEWS_20100702_200000_Your_World_With_Neil_Cavuto_002783.jpg,"global warming. this at a time when science dis credit it and revealed it as subprime science. jerry brown, governor of california, stopped building of highways on the theory it's a social engineering they're are"
https://archive.org/details/FOXNEWS_20100731_040000_Hannity#start/1241/end/1276,7/31/2010 4:20:56,FOXNEWS,Hannity,FOXNEWS_20100731_040000_Hannity,https://archive.org/download/FOXNEWS_20100731_040000_Hannity/FOXNEWS_20100731_040000_Hannity.thumbs/FOXNEWS_20100731_040000_Hannity_001195.jpg,"obama -- abc news ambushes one republican senator on a hot july day and tries to prove that global warming exists. host: could switching to geico really save you fifteen percent or more on car insurance?"
https://archive.org/details/FOXNEWS_20100703_190000_Glenn_Beck#start/666/end/701,7/3/2010 19:11:21,FOXNEWS,Glenn Beck,FOXNEWS_20100703_190000_Glenn_Beck,https://archive.org/download/FOXNEWS_20100703_190000_Glenn_Beck/FOXNEWS_20100703_190000_Glenn_Beck.thumbs/FOXNEWS_20100703_190000_Glenn_Beck_000655.jpg,"except for a few smart people -- like the center for the american progress. the people behind the global warming scam. by the way, center for american progress, that is the pet progress for progressive george"
https://archive.org/details/FOXNEWS_20100727_200000_Your_World_With_Neil_Cavuto#start/2205/end/2240,7/27/2010 20:37:00,FOXNEWS,Your World With Neil Cavuto,FOXNEWS_20100727_200000_Your_World_With_Neil_Cavuto,https://archive.org/download/FOXNEWS_20100727_200000_Your_World_With_Neil_Cavuto/FOXNEWS_20100727_200000_Your_World_With_Neil_Cavuto.thumbs/FOXNEWS_20100727_200000_Your_World_With_Neil_Cavuto_002190.jpg,"ashamed of himself. it's a disgrace to play on the fears of the american people and by the way, they're smarter than that. they recognize when the -- when they tried to sell them global warming alarmism and they're"
https://archive.org/details/FOXNEWS_20100703_100000_The_OReilly_Factor#start/159/end/194,7/3/2010 10:02:54,FOXNEWS,The OReilly Factor,FOXNEWS_20100703_100000_The_OReilly_Factor,https://archive.org/download/FOXNEWS_20100703_100000_The_OReilly_Factor/FOXNEWS_20100703_100000_The_OReilly_Factor.thumbs/FOXNEWS_20100703_100000_The_OReilly_Factor_000146.jpg,"wa it's not really about the oil spill. it's about fossil fuels and global warming. that's what's driving the far left angst. many committed liberals are furious the president ok'd more oil drilling earlier this year"
https://archive.org/details/FOXNEWS_20100706_010000_Hannity#start/2245/end/2280,7/6/2010 1:37:40,FOXNEWS,Hannity,FOXNEWS_20100706_010000_Hannity,https://archive.org/download/FOXNEWS_20100706_010000_Hannity/FOXNEWS_20100706_010000_Hannity.thumbs/FOXNEWS_20100706_010000_Hannity_002244.jpg,"they are mocked as being stupid, they really get it. sean: anybody that is not a liberal. you know what they get? this is a real crisis. not a manufactured crisis like global warming or the health"
https://archive.org/details/FOXNEWS_20100706_040000_Hannity#start/2246/end/2281,7/6/2010 4:37:41,FOXNEWS,Hannity,FOXNEWS_20100706_040000_Hannity,https://archive.org/download/FOXNEWS_20100706_040000_Hannity/FOXNEWS_20100706_040000_Hannity.thumbs/FOXNEWS_20100706_040000_Hannity_002244.jpg,"stupid, they really get it. sean: anybody that is not a liberal. you know what they get? this is a real crisis. not a manufactured crisis like global warming or the health care crisis. this is an existential crisis."
https://archive.org/details/FOXNEWS_20100727_200000_Your_World_With_Neil_Cavuto#start/999/end/1034,7/27/2010 20:16:54,FOXNEWS,Your World With Neil Cavuto,FOXNEWS_20100727_200000_Your_World_With_Neil_Cavuto,https://archive.org/download/FOXNEWS_20100727_200000_Your_World_With_Neil_Cavuto/FOXNEWS_20100727_200000_Your_World_With_Neil_Cavuto.thumbs/FOXNEWS_20100727_200000_Your_World_With_Neil_Cavuto_000990.jpg,"legislative district support this. judy berries, sean coner and myself. we'll watch it closely. thank you very much. thank you. neil. arizona trying to keep illegals out. global warming alarmists saying the heat will bring millions of"
https://archive.org/details/FOXNEWS_20100728_210000_Glenn_Beck#start/1048/end/1083,7/28/2010 21:17:43,FOXNEWS,Glenn Beck,FOXNEWS_20100728_210000_Glenn_Beck,https://archive.org/download/FOXNEWS_20100728_210000_Glenn_Beck/FOXNEWS_20100728_210000_Glenn_Beck.thumbs/FOXNEWS_20100728_210000_Glenn_Beck_001046.jpg,"concern for human beings. terrorists kill people. weapons of mass destruction have the potential to kill enormous numbers. global warming has the potential to kill everyone. america is not clearly going to be the dominant economic"
https://archive.org/details/FOXNEWS_20100729_060000_Glenn_Beck#start/1051/end/1086,7/29/2010 6:17:46,FOXNEWS,Glenn Beck,FOXNEWS_20100729_060000_Glenn_Beck,https://archive.org/download/FOXNEWS_20100729_060000_Glenn_Beck/FOXNEWS_20100729_060000_Glenn_Beck.thumbs/FOXNEWS_20100729_060000_Glenn_Beck_001045.jpg,"weapons of mass destruction have the potential to kill enormous numbers. global warming has the potential to kill everyone. america is not clearly going to be the dominant economic superpower in the long run. the radicals of the weather"
https://archive.org/details/FOXNEWS_20100701_170000_America_Live#start/2/end/37,7/1/2010 17:00:17,FOXNEWS,America Live,FOXNEWS_20100701_170000_America_Live,https://archive.org/download/FOXNEWS_20100701_170000_America_Live/FOXNEWS_20100701_170000_America_Live.thumbs/FOXNEWS_20100701_170000_America_Live_000026.jpg,"live' starts right now. megyn: thanks, guys. hi, everybody i'm megyn kelly. this is 'america live.' former president al gore feeling the heat and it's not global warming. a bombshell decision made to reopen his alleged sexual assault case."
https://archive.org/details/FOXNEWS_20100702_200000_Your_World_With_Neil_Cavuto#start/2836/end/2871,7/2/2010 20:47:31,FOXNEWS,Your World With Neil Cavuto,FOXNEWS_20100702_200000_Your_World_With_Neil_Cavuto,https://archive.org/download/FOXNEWS_20100702_200000_Your_World_With_Neil_Cavuto/FOXNEWS_20100702_200000_Your_World_With_Neil_Cavuto.thumbs/FOXNEWS_20100702_200000_Your_World_With_Neil_Cavuto_002813.jpg,"controlling the thermostats in your home as an emergency control by government. the japanese government is telling assists they have to go to bed an hour early to prevent global warming. when you deal with aviation,"
https://archive.org/details/FOXNEWS_20100701_090000_The_OReilly_Factor#start/259/end/294,7/1/2010 9:04:34,FOXNEWS,The OReilly Factor,FOXNEWS_20100701_090000_The_OReilly_Factor,https://archive.org/download/FOXNEWS_20100701_090000_The_OReilly_Factor/FOXNEWS_20100701_090000_The_OReilly_Factor.thumbs/FOXNEWS_20100701_090000_The_OReilly_Factor_000236.jpg,"had killed a loan guarantee for the sale of equipment to an indian company and basically global warming grounds. coal company. this is a coal manufacturing company, that manufactures equipment to mine coal. they had a very large contract"
https://archive.org/details/FOXNEWS_20100731_040000_Hannity#start/1777/end/1812,7/31/2010 4:29:52,FOXNEWS,Hannity,FOXNEWS_20100731_040000_Hannity,https://archive.org/download/FOXNEWS_20100731_040000_Hannity/FOXNEWS_20100731_040000_Hannity.thumbs/FOXNEWS_20100731_040000_Hannity_001765.jpg,"guess we are doing something wrong. very interesting, abc ambushes senator inhofe because of his position on global warming he doesn't buy into the hype and hysteria. but it kind of backfires. we are in the middle of a"
https://archive.org/details/FOXNEWS_20100711_033000_FOX_News_Watch#start/1224/end/1259,7/11/2010 3:50:39,FOXNEWS,FOX News Watch,FOXNEWS_20100711_033000_FOX_News_Watch,https://archive.org/download/FOXNEWS_20100711_033000_FOX_News_Watch/FOXNEWS_20100711_033000_FOX_News_Watch.thumbs/FOXNEWS_20100711_033000_FOX_News_Watch_001045.jpg,"now with up to $2500 total customer savings here is a political cartoon from william warren, it reads, nasa's foremost mission is to improve relations with the muslim world and stop global warming and bring balance to the force."
https://archive.org/details/FOXNEWS_20100701_030000_The_OReilly_Factor#start/259/end/294,7/1/2010 3:04:34,FOXNEWS,The OReilly Factor,FOXNEWS_20100701_030000_The_OReilly_Factor,https://archive.org/download/FOXNEWS_20100701_030000_The_OReilly_Factor/FOXNEWS_20100701_030000_The_OReilly_Factor.thumbs/FOXNEWS_20100701_030000_The_OReilly_Factor_000236.jpg,"had killed a loan guarantee for the sale of equipment to an indian company and basically global warming grounds. coal company. this is a coal manufacturing company, that manufactures equipment to mine coal. they had a very large contract"
https://archive.org/details/FOXNEWS_20100711_100000_The_OReilly_Factor#start/3027/end/3062,7/11/2010 10:50:42,FOXNEWS,The OReilly Factor,FOXNEWS_20100711_100000_The_OReilly_Factor,https://archive.org/download/FOXNEWS_20100711_100000_The_OReilly_Factor/FOXNEWS_20100711_100000_The_OReilly_Factor.thumbs/FOXNEWS_20100711_100000_The_OReilly_Factor_002903.jpg,"here is a political cartoon from william warren, it reads, nasa's foremost mission is to improve relations with the muslim world and stop global warming and bring balance to the force. earth to nasa, earth to, oh, never mind."
https://archive.org/details/FOXNEWS_20100710_183000_FOX_News_Watch#start/1228/end/1263,7/10/2010 18:50:43,FOXNEWS,FOX News Watch,FOXNEWS_20100710_183000_FOX_News_Watch,https://archive.org/download/FOXNEWS_20100710_183000_FOX_News_Watch/FOXNEWS_20100710_183000_FOX_News_Watch.thumbs/FOXNEWS_20100710_183000_FOX_News_Watch_001105.jpg,"here is a political cartoon from william warren, it reads, nasa's foremost mission is to improve relations with the muslim world and stop global warming and bring balance to the force. earth to nasa, earth to, oh, never mind."
https://archive.org/details/FOXNEWS_20100703_030000_The_OReilly_Factor#start/841/end/876,7/3/2010 3:14:16,FOXNEWS,The OReilly Factor,FOXNEWS_20100703_030000_The_OReilly_Factor,https://archive.org/download/FOXNEWS_20100703_030000_The_OReilly_Factor/FOXNEWS_20100703_030000_The_OReilly_Factor.thumbs/FOXNEWS_20100703_030000_The_OReilly_Factor_000835.jpg,"weren't millions of people being affected. doctor, how do you see this? my thesis is that global warming is behind the anger and it's just bubbling to the surface, pardon the pun because of the oil spill now. well, i'm not sure -- i       _"
https://archive.org/details/FOXNEWS_20100705_190000_Studio_B_With_Shepard_Smith#start/3160/end/3195,7/5/2010 19:52:55,FOXNEWS,Studio B With Shepard Smith,FOXNEWS_20100705_190000_Studio_B_With_Shepard_Smith,https://archive.org/download/FOXNEWS_20100705_190000_Studio_B_With_Shepard_Smith/FOXNEWS_20100705_190000_Studio_B_With_Shepard_Smith.thumbs/FOXNEWS_20100705_190000_Studio_B_With_Shepard_Smith_003090.jpg,"gregg: a dutch environmental agency making dramatic new claims about what it calls errors in a famous major 2007 report on global warming. the group says it has found even more mistakes than were previously uncovered. you may recall that errors in"
https://archive.org/details/FOXNEWS_20100702_070000_Red_Eye#start/1272/end/1307,7/2/2010 7:21:27,FOXNEWS,Red Eye,FOXNEWS_20100702_070000_Red_Eye,https://archive.org/download/FOXNEWS_20100702_070000_Red_Eye/FOXNEWS_20100702_070000_Red_Eye.thumbs/FOXNEWS_20100702_070000_Red_Eye_001255.jpg,"the grammy-winning gas bag tries to pin her down on a bed and touched her back, butt and breast as she packed up to leave. on thursday, a day that causes global warming a gore spokes lady said this -- 'further       _"
https://archive.org/details/FOXNEWS_20100702_040000_Hannity#start/3525/end/3560,7/2/2010 4:59:00,FOXNEWS,Hannity,FOXNEWS_20100702_040000_Hannity,https://archive.org/download/FOXNEWS_20100702_040000_Hannity/FOXNEWS_20100702_040000_Hannity.thumbs/FOXNEWS_20100702_040000_Hannity_003503.jpg,"going to harm global warming. she felt bad. i think the timing of the marriage dissolving was interesting. maybe she thought now i can do this because i'm not going to ruin a family by coming out. sean: she is saying maybe"
https://archive.org/details/FOXNEWS_20100702_010000_Hannity#start/3525/end/3560,7/2/2010 1:59:00,FOXNEWS,Hannity,FOXNEWS_20100702_010000_Hannity,https://archive.org/download/FOXNEWS_20100702_010000_Hannity/FOXNEWS_20100702_010000_Hannity.thumbs/FOXNEWS_20100702_010000_Hannity_003503.jpg,"going to harm global warming. she felt bad. i think the timing of the marriage dissolving was interesting. maybe she thought now i can do this because i'm not going to ruin a family by coming out. sean: she is saying maybe"
https://archive.org/details/FOXNEWS_20100703_030000_The_OReilly_Factor#start/155/end/190,7/3/2010 3:02:50,FOXNEWS,The OReilly Factor,FOXNEWS_20100703_030000_The_OReilly_Factor,https://archive.org/download/FOXNEWS_20100703_030000_The_OReilly_Factor/FOXNEWS_20100703_030000_The_OReilly_Factor.thumbs/FOXNEWS_20100703_030000_The_OReilly_Factor_000146.jpg,"it's not really about the oil spill. it's about fossil fuels and global warming. that's what's driving the far left angst. many committed liberals are furious the president ok'd more oil drilling earlier this year and they're also hopping mad"
https://archive.org/details/FOXNEWS_20100703_030000_The_OReilly_Factor#start/746/end/781,7/3/2010 3:12:41,FOXNEWS,The OReilly Factor,FOXNEWS_20100703_030000_The_OReilly_Factor,https://archive.org/download/FOXNEWS_20100703_030000_The_OReilly_Factor/FOXNEWS_20100703_030000_The_OReilly_Factor.thumbs/FOXNEWS_20100703_030000_The_OReilly_Factor_000655.jpg,"and at holiday inn, you always can. holiday inn. stay you. and stay rewarded with the hit it big promotion-- earn up to five hundred dollars at over three hundred retailers. am i wrong by saying that global warming is generating the"
https://archive.org/details/FOXNEWS_20100705_170000_America_Live#start/5376/end/5411,7/5/2010 18:29:51,FOXNEWS,America Live,FOXNEWS_20100705_170000_America_Live,https://archive.org/download/FOXNEWS_20100705_170000_America_Live/FOXNEWS_20100705_170000_America_Live.thumbs/FOXNEWS_20100705_170000_America_Live_005361.jpg,"a leading dutch environmental agency taking the blame for a glaring error in the u.n. report on climate change. the report which said humans"
https://archive.org/details/FOXNEWS_20100730_220000_Special_Report_With_Bret_Baier#start/3092/end/3127,7/30/2010 22:51:47,FOXNEWS,Special Report With Bret Baier,FOXNEWS_20100730_220000_Special_Report_With_Bret_Baier,https://archive.org/download/FOXNEWS_20100730_220000_Special_Report_With_Bret_Baier/FOXNEWS_20100730_220000_Special_Report_With_Bret_Baier.thumbs/FOXNEWS_20100730_220000_Special_Report_With_Bret_Baier_003083.jpg,"trade or carbon tax and having the epa do it by itself. that's not the way the constitution says our government runs. the laws are done by congress. the administration is supposed to administer. next subject, charlie rangel."
https://archive.org/details/FOXNEWS_20100731_080000_Special_Report_With_Bret_Baier#start/3091/end/3126,7/31/2010 8:51:46,FOXNEWS,Special Report With Bret Baier,FOXNEWS_20100731_080000_Special_Report_With_Bret_Baier,https://archive.org/download/FOXNEWS_20100731_080000_Special_Report_With_Bret_Baier/FOXNEWS_20100731_080000_Special_Report_With_Bret_Baier.thumbs/FOXNEWS_20100731_080000_Special_Report_With_Bret_Baier_003083.jpg,"trade or carbon tax and having the epa do it by itself. that's not the way the constitution says our government runs. the laws are done by congress. the administration is supposed to administer. next subject, charlie rangel."
https://archive.org/details/FOXNEWS_20100702_070000_Red_Eye#start/1400/end/1435,7/2/2010 7:23:35,FOXNEWS,Red Eye,FOXNEWS_20100702_070000_Red_Eye,https://archive.org/download/FOXNEWS_20100702_070000_Red_Eye/FOXNEWS_20100702_070000_Red_Eye.thumbs/FOXNEWS_20100702_070000_Red_Eye_001375.jpg,"press charges because her friends said if she did, global warming would kill us all. does she have weird friends? it all seems weird to me on a lot of levels. i don't want to convict him at this point. one article said she told"
https://archive.org/details/FOXNEWS_20100706_090000_The_OReilly_Factor#start/1900/end/1935,7/6/2010 9:31:55,FOXNEWS,The OReilly Factor,FOXNEWS_20100706_090000_The_OReilly_Factor,https://archive.org/download/FOXNEWS_20100706_090000_The_OReilly_Factor/FOXNEWS_20100706_090000_The_OReilly_Factor.thumbs/FOXNEWS_20100706_090000_The_OReilly_Factor_001885.jpg,"manhattan. bill: it's right next to the ocean. d. bill: d? yeah. bill: you both got it wrong. think about this for a minute. gore on the ocean telling everybody else you are going to get the global warming, you are out of here."
https://archive.org/details/FOXNEWS_20100706_030000_The_OReilly_Factor#start/1900/end/1935,7/6/2010 3:31:55,FOXNEWS,The OReilly Factor,FOXNEWS_20100706_030000_The_OReilly_Factor,https://archive.org/download/FOXNEWS_20100706_030000_The_OReilly_Factor/FOXNEWS_20100706_030000_The_OReilly_Factor.thumbs/FOXNEWS_20100706_030000_The_OReilly_Factor_001884.jpg,"manhattan. bill: it's right next to the ocean. d. bill: d? yeah. bill: you both got it wrong. think about this for a minute. gore on the ocean telling everybody else you are going to get the global warming, you are out of here."
https://archive.org/details/FOXNEWS_20100708_130000_Americas_Newsroom#start/564/end/599,7/8/2010 13:09:39,FOXNEWS,Americas Newsroom,FOXNEWS_20100708_130000_Americas_Newsroom,https://archive.org/download/FOXNEWS_20100708_130000_Americas_Newsroom/FOXNEWS_20100708_130000_Americas_Newsroom.thumbs/FOXNEWS_20100708_130000_Americas_Newsroom_000536.jpg,"a rise in man-made global warming. the case surfaced after more than a thousand e-mails were released to the public. a separate investigation found there was, quote, no substance to the allegations that one researcher violated those research standards. gregg: a spy for a spy?"
https://archive.org/details/FOXNEWS_20100706_000000_The_OReilly_Factor#start/1901/end/1936,7/6/2010 0:31:56,FOXNEWS,The OReilly Factor,FOXNEWS_20100706_000000_The_OReilly_Factor,https://archive.org/download/FOXNEWS_20100706_000000_The_OReilly_Factor/FOXNEWS_20100706_000000_The_OReilly_Factor.thumbs/FOXNEWS_20100706_000000_The_OReilly_Factor_001885.jpg,"manhattan. bill: it's right next to the ocean. d. bill: d? yeah. bill: you both got it wrong. think about this for a minute. gore on the ocean telling everybody else you are going to get the global warming, you are out of here."
https://archive.org/details/FOXNEWS_20100703_000000_The_OReilly_Factor#start/154/end/189,7/3/2010 0:02:49,FOXNEWS,The OReilly Factor,FOXNEWS_20100703_000000_The_OReilly_Factor,https://archive.org/download/FOXNEWS_20100703_000000_The_OReilly_Factor/FOXNEWS_20100703_000000_The_OReilly_Factor.thumbs/FOXNEWS_20100703_000000_The_OReilly_Factor_000146.jpg,"it's not really about the oil spill. it's about fossil fuels and global warming. that's what's driving the far left angst. many committed liberals are furious the president ok'd more oil drilling earlier this year and they're also hopping mad that cap and trade legislation"
https://archive.org/details/FOXNEWS_20100703_000000_The_OReilly_Factor#start/766/end/801,7/3/2010 0:13:01,FOXNEWS,The OReilly Factor,FOXNEWS_20100703_000000_The_OReilly_Factor,https://archive.org/download/FOXNEWS_20100703_000000_The_OReilly_Factor/FOXNEWS_20100703_000000_The_OReilly_Factor.thumbs/FOXNEWS_20100703_000000_The_OReilly_Factor_000746.jpg,"know if that's scarier for you than for me. for me, much, much scarier. go ahead. ok. well, i'm not a loon, bill but this is not a political issue, this is an environmental issue. it's not just global warming and these liberals as you say and"
https://archive.org/details/FOXNEWS_20100703_100000_The_OReilly_Factor#start/780/end/815,7/3/2010 10:13:15,FOXNEWS,The OReilly Factor,FOXNEWS_20100703_100000_The_OReilly_Factor,https://archive.org/download/FOXNEWS_20100703_100000_The_OReilly_Factor/FOXNEWS_20100703_100000_The_OReilly_Factor.thumbs/FOXNEWS_20100703_100000_The_OReilly_Factor_000776.jpg,"ok. well, i'm not a loon, bill but this is not a political issue, this is an environmental issue. it's not just global warming and these liberals as you say and i'm a liberal on the left going against the president are not a majority of the liberal people."
https://archive.org/details/FOXNEWS_20100703_100000_The_OReilly_Factor#start/841/end/876,7/3/2010 10:14:16,FOXNEWS,The OReilly Factor,FOXNEWS_20100703_100000_The_OReilly_Factor,https://archive.org/download/FOXNEWS_20100703_100000_The_OReilly_Factor/FOXNEWS_20100703_100000_The_OReilly_Factor.thumbs/FOXNEWS_20100703_100000_The_OReilly_Factor_000836.jpg,"frustration. during the exxon valdez, the economy was better. we weren't in wars in afghanistan and iraq. isolated up there and there weren't millions of people being affected. doctor, how do you see this? my thesis is that global warming is behind the anger and it's just bubbling to the surface,"
https://archive.org/details/FOXNEWS_20100728_080000_Special_Report_With_Bret_Baier#start/3094/end/3129,7/28/2010 8:51:49,FOXNEWS,Special Report With Bret Baier,FOXNEWS_20100728_080000_Special_Report_With_Bret_Baier,https://archive.org/download/FOXNEWS_20100728_080000_Special_Report_With_Bret_Baier/FOXNEWS_20100728_080000_Special_Report_With_Bret_Baier.thumbs/FOXNEWS_20100728_080000_Special_Report_With_Bret_Baier_003084.jpg,"legislate of agenda going forward pushing climate change legislation. yesterday, he pushed for the campaign finance disclosure act considered in the senate. it failed today 41-57. what about the president's"
https://archive.org/details/FOXNEWS_20100701_100000_FOX_and_Friends#start/7918/end/7953,7/1/2010 12:12:13,FOXNEWS,FOX and Friends,FOXNEWS_20100701_100000_FOX_and_Friends,https://archive.org/download/FOXNEWS_20100701_100000_FOX_and_Friends/FOXNEWS_20100701_100000_FOX_and_Friends.thumbs/FOXNEWS_20100701_100000_FOX_and_Friends_007908.jpg,"california, especially on the global warming issue. we all know about her ridiculous proposals to have everybody just use one sheet of toilet paper which after the fact, after the criticism, she said was just merely a joke. i think she's a joke. and i think the tea party people have nothing to worry about"
https://archive.org/details/FOXNEWS_20100703_000000_The_OReilly_Factor#start/751/end/786,7/3/2010 0:12:46,FOXNEWS,The OReilly Factor,FOXNEWS_20100703_000000_The_OReilly_Factor,https://archive.org/download/FOXNEWS_20100703_000000_The_OReilly_Factor/FOXNEWS_20100703_000000_The_OReilly_Factor.thumbs/FOXNEWS_20100703_000000_The_OReilly_Factor_000716.jpg,"earn up to five hundred dollars at over three hundred retailers. am i wrong by saying that global warming is generating the angst on the far left? am i wrong? i don't know if it's because i'm on the show so much, bill but we're beginning to think more and more alike many i don't"
https://archive.org/details/FOXNEWS_20100703_000000_The_OReilly_Factor#start/830/end/865,7/3/2010 0:14:05,FOXNEWS,The OReilly Factor,FOXNEWS_20100703_000000_The_OReilly_Factor,https://archive.org/download/FOXNEWS_20100703_000000_The_OReilly_Factor/FOXNEWS_20100703_000000_The_OReilly_Factor.thumbs/FOXNEWS_20100703_000000_The_OReilly_Factor_000806.jpg,"answers. right now, this is an example of frustration. during the exxon valdez, the economy was better. we weren't in wars in afghanistan and iraq. isolated up there and there weren't millions of people being affected. doctor, how do you see this? my thesis is that global warming is behind the anger and it's"
https://archive.org/details/FOXNEWS_20100715_220000_Special_Report_With_Bret_Baier#start/1137/end/1172,7/15/2010 22:19:12,FOXNEWS,Special Report With Bret Baier,FOXNEWS_20100715_220000_Special_Report_With_Bret_Baier,https://archive.org/download/FOXNEWS_20100715_220000_Special_Report_With_Bret_Baier/FOXNEWS_20100715_220000_Special_Report_With_Bret_Baier.thumbs/FOXNEWS_20100715_220000_Special_Report_With_Bret_Baier_001135.jpg,"energy. all sorts of jobs, many of them will be created. they will do it better than the government frankly. blinder says now is no time for a carbon tax. first, we must recover from the recession, but he says businesses should know it is"
https://archive.org/details/FOXNEWS_20100723_080000_Special_Report_With_Bret_Baier#start/2682/end/2717,7/23/2010 8:44:57,FOXNEWS,Special Report With Bret Baier,FOXNEWS_20100723_080000_Special_Report_With_Bret_Baier,https://archive.org/download/FOXNEWS_20100723_080000_Special_Report_With_Bret_Baier/FOXNEWS_20100723_080000_Special_Report_With_Bret_Baier.thumbs/FOXNEWS_20100723_080000_Special_Report_With_Bret_Baier_002663.jpg,"not going forward with the cap and trade bill. this is a big development. climate change legislation, key part of a tax increase. more burden on private sector. the death of that is some of"
https://archive.org/details/FOXNEWS_20100723_080000_Special_Report_With_Bret_Baier#start/2697/end/2732,7/23/2010 8:45:12,FOXNEWS,Special Report With Bret Baier,FOXNEWS_20100723_080000_Special_Report_With_Bret_Baier,https://archive.org/download/FOXNEWS_20100723_080000_Special_Report_With_Bret_Baier/FOXNEWS_20100723_080000_Special_Report_With_Bret_Baier.thumbs/FOXNEWS_20100723_080000_Special_Report_With_Bret_Baier_002693.jpg,"it was called in question on climate change and mostly due to a tact in slow economy it's hard to raise the inventory burden. i think the politics on tax increase changed so much"
https://archive.org/details/FOXNEWS_20100713_080000_Special_Report_With_Bret_Baier#start/2351/end/2386,7/13/2010 8:39:26,FOXNEWS,Special Report With Bret Baier,FOXNEWS_20100713_080000_Special_Report_With_Bret_Baier,https://archive.org/download/FOXNEWS_20100713_080000_Special_Report_With_Bret_Baier/FOXNEWS_20100713_080000_Special_Report_With_Bret_Baier.thumbs/FOXNEWS_20100713_080000_Special_Report_With_Bret_Baier_002184.jpg,"what we're talking about is a cascade of new regulations that are resulting from the financial reform bill, the healthcare bill, pending energy climate change bill. it's going to take years and that's where you get in to"
https://archive.org/details/FOXNEWS_20100722_220000_Special_Report_With_Bret_Baier#start/2748/end/2783,7/22/2010 22:46:03,FOXNEWS,Special Report With Bret Baier,FOXNEWS_20100722_220000_Special_Report_With_Bret_Baier,https://archive.org/download/FOXNEWS_20100722_220000_Special_Report_With_Bret_Baier/FOXNEWS_20100722_220000_Special_Report_With_Bret_Baier.thumbs/FOXNEWS_20100722_220000_Special_Report_With_Bret_Baier_002724.jpg,"only talked about i'm voting against climate change. there was the 60th vote for senator reid. they have the numbers. it's a math game and they hoped even the oil spill would build momentum for a comprehensive approach, what"
https://archive.org/details/FOXNEWS_20100703_090000_The_OReilly_Factor#start/1987/end/2022,7/3/2010 9:33:22,FOXNEWS,The OReilly Factor,FOXNEWS_20100703_090000_The_OReilly_Factor,https://archive.org/download/FOXNEWS_20100703_090000_The_OReilly_Factor/FOXNEWS_20100703_090000_The_OReilly_Factor.thumbs/FOXNEWS_20100703_090000_The_OReilly_Factor_001974.jpg,"first politically. it doesn't matter what issue dalai lama, environment, cyber security, industrial espionage, climate change. anything you look at the u.s.-china relationship today is worse than it was two years ago that will continue."
https://archive.org/details/FOXNEWS_20100727_220000_Special_Report_With_Bret_Baier#start/3088/end/3123,7/27/2010 22:51:43,FOXNEWS,Special Report With Bret Baier,FOXNEWS_20100727_220000_Special_Report_With_Bret_Baier,https://archive.org/download/FOXNEWS_20100727_220000_Special_Report_With_Bret_Baier/FOXNEWS_20100727_220000_Special_Report_With_Bret_Baier.thumbs/FOXNEWS_20100727_220000_Special_Report_With_Bret_Baier_003083.jpg,"interests, not our own. they sent us here to lead. president obama in the rose garden talking about the legislate of agenda going forward pushing climate change legislation. yesterday, he pushed for the campaign finance disclosure act"
https://archive.org/details/FOXNEWS_20100703_030000_The_OReilly_Factor#start/778/end/813,7/3/2010 3:13:13,FOXNEWS,The OReilly Factor,FOXNEWS_20100703_030000_The_OReilly_Factor,https://archive.org/download/FOXNEWS_20100703_030000_The_OReilly_Factor/FOXNEWS_20100703_030000_The_OReilly_Factor.thumbs/FOXNEWS_20100703_030000_The_OReilly_Factor_000775.jpg,"this is not a political issue, this is an environmental issue. it's not just global warming and these liberals as you say and i'm a liberal on the left going against the president are not a majority of the liberal people. you have to remember that a, they want the president to do this separate from b.p."
https://archive.org/details/FOXNEWS_20100703_100000_The_OReilly_Factor#start/765/end/800,7/3/2010 10:13:00,FOXNEWS,The OReilly Factor,FOXNEWS_20100703_100000_The_OReilly_Factor,https://archive.org/download/FOXNEWS_20100703_100000_The_OReilly_Factor/FOXNEWS_20100703_100000_The_OReilly_Factor.thumbs/FOXNEWS_20100703_100000_The_OReilly_Factor_000716.jpg,"am i wrong by saying that global warming is generating the angst on the far left? am i wrong? i don't know if it's because i'm on the show so much, bill but we're beginning to think more and more alike many i don't know if that's scarier for you than for me. for me, much, much scarier. go ahead."
https://archive.org/details/FOXNEWS_20100723_080000_Special_Report_With_Bret_Baier#start/2745/end/2780,7/23/2010 8:46:00,FOXNEWS,Special Report With Bret Baier,FOXNEWS_20100723_080000_Special_Report_With_Bret_Baier,https://archive.org/download/FOXNEWS_20100723_080000_Special_Report_With_Bret_Baier/FOXNEWS_20100723_080000_Special_Report_With_Bret_Baier.thumbs/FOXNEWS_20100723_080000_Special_Report_With_Bret_Baier_002723.jpg,"robert byrd, carte goodwin, he talked about policy and only talked about i'm voting against climate change. there was the 60th vote for senator reid. they have the numbers. it's a math game and they hoped even the oil spill"
https://archive.org/details/FOXNEWS_20100723_080000_Special_Report_With_Bret_Baier#start/2790/end/2825,7/23/2010 8:46:45,FOXNEWS,Special Report With Bret Baier,FOXNEWS_20100723_080000_Special_Report_With_Bret_Baier,https://archive.org/download/FOXNEWS_20100723_080000_Special_Report_With_Bret_Baier/FOXNEWS_20100723_080000_Special_Report_With_Bret_Baier.thumbs/FOXNEWS_20100723_080000_Special_Report_With_Bret_Baier_002783.jpg,"regulation and stimulus. it's spent. nothing in the bank. that is why there was no chance of getting anything comprehensive on climate change. no chance of getting restrictions on carbon emissions. you might get a bill that means nothing, attacking b.p."
https://archive.org/details/FOXNEWS_20100726_100000_FOX_and_Friends#start/1904/end/1939,7/26/2010 10:31:59,FOXNEWS,FOX and Friends,FOXNEWS_20100726_100000_FOX_and_Friends,https://archive.org/download/FOXNEWS_20100726_100000_FOX_and_Friends/FOXNEWS_20100726_100000_FOX_and_Friends.thumbs/FOXNEWS_20100726_100000_FOX_and_Friends_001885.jpg,"for companies that convert trucks to natural gas. reid says he's going to consider a bigger climate change bill this fall if and if is the big question, if he can find the money. a new secret memo shows the"
https://archive.org/details/FOXNEWS_20100712_220000_Special_Report_With_Bret_Baier#start/2352/end/2387,7/12/2010 22:39:27,FOXNEWS,Special Report With Bret Baier,FOXNEWS_20100712_220000_Special_Report_With_Bret_Baier,https://archive.org/download/FOXNEWS_20100712_220000_Special_Report_With_Bret_Baier/FOXNEWS_20100712_220000_Special_Report_With_Bret_Baier.thumbs/FOXNEWS_20100712_220000_Special_Report_With_Bret_Baier_002334.jpg,"what we're talking about is a cascade of new regulations that are resulting from the financial reform bill, the healthcare bill, pending energy climate change bill. it's going to take years and that's where you get in to the complete uncertainty"
https://archive.org/details/FOXNEWS_20100703_010000_Hannity#start/1986/end/2021,7/3/2010 1:33:21,FOXNEWS,Hannity,FOXNEWS_20100703_010000_Hannity,https://archive.org/download/FOXNEWS_20100703_010000_Hannity/FOXNEWS_20100703_010000_Hannity.thumbs/FOXNEWS_20100703_010000_Hannity_001974.jpg,"security, industrial espionage, climate change. anything you look at the u.s.-china relationship today is worse than it was two years ago that will continue. sean: i agree it will continue. it is like they meet with the obama administration, we're"
https://archive.org/details/FOXNEWS_20100703_040000_Hannity#start/1984/end/2019,7/3/2010 4:33:19,FOXNEWS,Hannity,FOXNEWS_20100703_040000_Hannity,https://archive.org/download/FOXNEWS_20100703_040000_Hannity/FOXNEWS_20100703_040000_Hannity.thumbs/FOXNEWS_20100703_040000_Hannity_001975.jpg,"first politically. it doesn't matter what issue dalai lama, environment, cyber security, industrial espionage, climate change. anything you look at the u.s.-china relationship today is worse than it was two years ago that will continue. sean: i agree it will"
https://archive.org/details/FOXNEWS_20100727_200000_Your_World_With_Neil_Cavuto#start/1863/end/1898,7/27/2010 20:31:18,FOXNEWS,Your World With Neil Cavuto,FOXNEWS_20100727_200000_Your_World_With_Neil_Cavuto,https://archive.org/download/FOXNEWS_20100727_200000_Your_World_With_Neil_Cavuto/FOXNEWS_20100727_200000_Your_World_With_Neil_Cavuto.thumbs/FOXNEWS_20100727_200000_Your_World_With_Neil_Cavuto_001860.jpg,"mother nature brings them back. in claims from the climate change believers. [ man ] i never knew what my big old fashioned broker did with my money. so i switched to e-trade. it's high-tech, low cost, easy to use."
https://archive.org/details/FOXNEWS_20100716_150000_Happening_Now#start/3757/end/3792,7/16/2010 16:02:52,FOXNEWS,Happening Now,FOXNEWS_20100716_150000_Happening_Now,https://archive.org/download/FOXNEWS_20100716_150000_Happening_Now/FOXNEWS_20100716_150000_Happening_Now.thumbs/FOXNEWS_20100716_150000_Happening_Now_003743.jpg,"vacation. but there is still the economy, you have immigration issues, climate change to tackle when the family gets back. bret baier with more from our d.c. bureau on really looking back at this week where it seems like there were very big"
https://archive.org/details/FOXNEWS_20100728_080000_Special_Report_With_Bret_Baier#start/3188/end/3223,7/28/2010 8:53:23,FOXNEWS,Special Report With Bret Baier,FOXNEWS_20100728_080000_Special_Report_With_Bret_Baier,https://archive.org/download/FOXNEWS_20100728_080000_Special_Report_With_Bret_Baier/FOXNEWS_20100728_080000_Special_Report_With_Bret_Baier.thumbs/FOXNEWS_20100728_080000_Special_Report_With_Bret_Baier_003174.jpg,"president. that is why he had the meeting, the bipartisan meeting, and it looks like he is not getting support and you cannot expect more so we are day 98 headed to the election. comprehensive climate change legislation taken off the table by senate democrats, they don't"
https://archive.org/details/FOXNEWS_20100711_200000_Americas_News_HQ#start/4194/end/4229,7/11/2010 21:10:09,FOXNEWS,Americas News HQ,FOXNEWS_20100711_200000_Americas_News_HQ,https://archive.org/download/FOXNEWS_20100711_200000_Americas_News_HQ/FOXNEWS_20100711_200000_Americas_News_HQ.thumbs/FOXNEWS_20100711_200000_Americas_News_HQ_004192.jpg,"and climate change reform, none of which will happen before the election, and, even once we get back from the autumn recess it will be a very short calendar and nobody, given that the election has the chance to be so significant, a lot of people"
https://archive.org/details/FOXNEWS_20100701_130000_Americas_Newsroom#start/3627/end/3662,7/1/2010 14:00:42,FOXNEWS,Americas Newsroom,FOXNEWS_20100701_130000_Americas_Newsroom,https://archive.org/download/FOXNEWS_20100701_130000_Americas_Newsroom/FOXNEWS_20100701_130000_Americas_Newsroom.thumbs/FOXNEWS_20100701_130000_Americas_Newsroom_003623.jpg,"bill: i'm bill hemmer, good morning, word of the new probe the last thing he would want in his distinguished career and would rather be known as a nobel peace prize winner and the inspiration for an oscar winning documentary, climate change tour de force, anything other than"
https://archive.org/details/FOXNEWS_20100724_110000_FOX_and_Friends_Saturday#start/8289/end/8324,7/24/2010 13:18:24,FOXNEWS,FOX and Friends Saturday,FOXNEWS_20100724_110000_FOX_and_Friends_Saturday,https://archive.org/download/FOXNEWS_20100724_110000_FOX_and_Friends_Saturday/FOXNEWS_20100724_110000_FOX_and_Friends_Saturday.thumbs/FOXNEWS_20100724_110000_FOX_and_Friends_Saturday_008280.jpg,"november election, but before the new congress is sworn in in january, that those that have been defeated will come back to washington and pass a bunch of legislation like card check and climate change that they can't pass now. however, i, while that's a risk, i'm not sure how real a"
