﻿URL,MatchDateTime,Station,Show,IAShowID,IAPreviewThumb,Snippet
https://archive.org/details/FOXNEWSW_20150421_030000_The_OReilly_Factor#start/3123/end/3158,4/21/2015 3:52:18,FOXNEWS,The OReilly Factor,FOXNEWSW_20150421_030000_The_OReilly_Factor,https://archive.org/download/FOXNEWSW_20150421_030000_The_OReilly_Factor/FOXNEWSW_20150421_030000_The_OReilly_Factor.thumbs/FOXNEWSW_20150421_030000_The_OReilly_Factor_003105.jpg,"terrorism. yeah. but i'm not a people person. do you think we're overpopulated? yes. do you think we should all kill ourselves? not on earth day. when did global warming"
https://archive.org/details/FOXNEWSW_20150426_100000_FOX_and_Friends_Sunday#start/2877/end/2912,4/26/2015 10:48:12,FOXNEWS,FOX and Friends Sunday,FOXNEWSW_20150426_100000_FOX_and_Friends_Sunday,https://archive.org/download/FOXNEWSW_20150426_100000_FOX_and_Friends_Sunday/FOXNEWSW_20150426_100000_FOX_and_Friends_Sunday.thumbs/FOXNEWSW_20150426_100000_FOX_and_Friends_Sunday_002865.jpg,"yard because bill maher is one of the biggest supporters of democrat politicians. if you are a gun control advocate your body guards can't have guns. if you are a global warming"
https://archive.org/details/FOXNEWSW_20150421_030000_The_OReilly_Factor#start/32/end/67,4/21/2015 3:00:47,FOXNEWS,The OReilly Factor,FOXNEWSW_20150421_030000_The_OReilly_Factor,https://archive.org/download/FOXNEWSW_20150421_030000_The_OReilly_Factor/FOXNEWSW_20150421_030000_The_OReilly_Factor.thumbs/FOXNEWSW_20150421_030000_The_OReilly_Factor_000045.jpg,"is criticizing. we have a factor investigation. tens of thousands of refugees trying to get to europe. many of them are dying. the pope calling for compassion. why is this happening? we will tell you. when did global warming"
https://archive.org/details/FOXNEWSW_20150421_020000_Hannity#start/3632/end/3667,4/21/2015 3:00:47,FOXNEWS,Hannity,FOXNEWSW_20150421_020000_Hannity,https://archive.org/download/FOXNEWSW_20150421_020000_Hannity/FOXNEWSW_20150421_020000_Hannity.thumbs/FOXNEWSW_20150421_020000_Hannity_003615.jpg,"is criticizing. we have a factor investigation. tens of thousands of refugees trying to get to europe. many of them are dying. the pope calling for compassion. why is this happening? we will tell you. when did global warming"
https://archive.org/details/FOXNEWSW_20150420_230000_On_the_Record_With_Greta_Van_Susteren#start/3632/end/3667,4/21/2015 0:00:47,FOXNEWS,On the Record With Greta Van Susteren,FOXNEWSW_20150420_230000_On_the_Record_With_Greta_Van_Susteren,https://archive.org/download/FOXNEWSW_20150420_230000_On_the_Record_With_Greta_Van_Susteren/FOXNEWSW_20150420_230000_On_the_Record_With_Greta_Van_Susteren.thumbs/FOXNEWSW_20150420_230000_On_the_Record_With_Greta_Van_Susteren_003615.jpg,"is criticizing. we have a factor investigation. tens of thousands of refugees trying to get to europe. many of them are dying. the pope calling for compassion. why is this happening? we will tell you. when did global warming"
https://archive.org/details/FOXNEWSW_20150411_180000_The_Journal_Editorial_Report#start/418/end/453,4/11/2015 18:07:13,FOXNEWS,The Journal Editorial Report,FOXNEWSW_20150411_180000_The_Journal_Editorial_Report,https://archive.org/download/FOXNEWSW_20150411_180000_The_Journal_Editorial_Report/FOXNEWSW_20150411_180000_The_Journal_Editorial_Report.thumbs/FOXNEWSW_20150411_180000_The_Journal_Editorial_Report_000405.jpg,"find a way to separate herself somehow from obama? she's getting behind the iran deal, for example. she's going to embrace his global warming agenda, no question about it climate"
https://archive.org/details/FOXNEWSW_20150406_150000_Happening_Now#start/3020/end/3055,4/6/2015 15:50:35,FOXNEWS,Happening Now,FOXNEWSW_20150406_150000_Happening_Now,https://archive.org/download/FOXNEWSW_20150406_150000_Happening_Now/FOXNEWSW_20150406_150000_Happening_Now.thumbs/FOXNEWSW_20150406_150000_Happening_Now_003015.jpg,"lower. businesses in the u.s., it's cost associated with this. there are those who say it's just the weather. it's climate change."
https://archive.org/details/FOXNEWSW_20150422_210000_The_Five#start/271/end/306,4/22/2015 21:04:46,FOXNEWS,The Five,FOXNEWSW_20150422_210000_The_Five,https://archive.org/download/FOXNEWSW_20150422_210000_The_Five/FOXNEWSW_20150422_210000_The_Five.thumbs/FOXNEWSW_20150422_210000_The_Five_000255.jpg,"your skeptical mind when you hear we don't have time? of course. i think you have to understand it's a political message being presented by president obama. he wants people to get energized and excited. only half of americans agree there's a critical issue with global warming."
https://archive.org/details/FOXNEWSW_20150402_030000_The_OReilly_Factor#start/2149/end/2184,4/2/2015 3:36:04,FOXNEWS,The OReilly Factor,FOXNEWSW_20150402_030000_The_OReilly_Factor,https://archive.org/download/FOXNEWSW_20150402_030000_The_OReilly_Factor/FOXNEWSW_20150402_030000_The_OReilly_Factor.thumbs/FOXNEWSW_20150402_030000_The_OReilly_Factor_002145.jpg,"senate goes up and lies on the floor, that matters. okay. good debate ladies. nice to see you. thank you. when we come right back it will be miller time. insane story. congresswoman says women may be forced into prosecution because of global warming."
https://archive.org/details/FOXNEWSW_20150421_090000_FOX_and_Friends_First#start/1521/end/1556,4/21/2015 9:25:36,FOXNEWS,FOX and Friends First,FOXNEWSW_20150421_090000_FOX_and_Friends_First,https://archive.org/download/FOXNEWSW_20150421_090000_FOX_and_Friends_First/FOXNEWSW_20150421_090000_FOX_and_Friends_First.thumbs/FOXNEWSW_20150421_090000_FOX_and_Friends_First_001515.jpg,"solar power for example. solar powered ash planes? that would work. maybe you should fly before me. what do you think the bigger threat is, climate change or"
https://archive.org/details/FOXNEWSW_20150428_090000_FOX_and_Friends_First#start/2575/end/2610,4/28/2015 9:43:10,FOXNEWS,FOX and Friends First,FOXNEWSW_20150428_090000_FOX_and_Friends_First,https://archive.org/download/FOXNEWSW_20150428_090000_FOX_and_Friends_First/FOXNEWSW_20150428_090000_FOX_and_Friends_First.thumbs/FOXNEWSW_20150428_090000_FOX_and_Friends_First_002565.jpg,"spending tax payer dollars to study how fast pastors can change the environmental ab behaviors of the congregations. they hope to reach millions of people on the subject of climate change."
https://archive.org/details/FOXNEWSW_20150428_160000_Outnumbered#start/1327/end/1362,4/28/2015 16:22:22,FOXNEWS,Outnumbered,FOXNEWSW_20150428_160000_Outnumbered,https://archive.org/download/FOXNEWSW_20150428_160000_Outnumbered/FOXNEWSW_20150428_160000_Outnumbered.thumbs/FOXNEWSW_20150428_160000_Outnumbered_001305.jpg,"together for the early talks. with regard to the situation in east asia nuclear missiles and the situation in the ukraine, and the threat of terrorism. further more climate change"
https://archive.org/details/FOXNEWSW_20150425_153000_Cashin_In#start/265/end/300,4/25/2015 15:34:40,FOXNEWS,Cashin In,FOXNEWSW_20150425_153000_Cashin_In,https://archive.org/download/FOXNEWSW_20150425_153000_Cashin_In/FOXNEWSW_20150425_153000_Cashin_In.thumbs/FOXNEWSW_20150425_153000_Cashin_In_000255.jpg,"president. we're going to #actonclimate. michelle wow. he wasn't kidding. he actually did that. they're all hypocrites. this is why the american people aren't on board with all this climate change talk."
https://archive.org/details/FOXNEWSW_20150421_160000_Outnumbered#start/2466/end/2501,4/21/2015 16:41:21,FOXNEWS,Outnumbered,FOXNEWSW_20150421_160000_Outnumbered,https://archive.org/download/FOXNEWSW_20150421_160000_Outnumbered/FOXNEWSW_20150421_160000_Outnumbered.thumbs/FOXNEWSW_20150421_160000_Outnumbered_002205.jpg,"hollywood celebrities not practicing what they preach?. here is my thought to get leo dicaprio to call us on the catch. earth day is tomorrow and one of the biggest climate change"
https://archive.org/details/FOXNEWSW_20150402_220000_Special_Report_With_Bret_Baier#start/969/end/1004,4/2/2015 22:16:24,FOXNEWS,Special Report With Bret Baier,FOXNEWSW_20150402_220000_Special_Report_With_Bret_Baier,https://archive.org/download/FOXNEWSW_20150402_220000_Special_Report_With_Bret_Baier/FOXNEWSW_20150402_220000_Special_Report_With_Bret_Baier.thumbs/FOXNEWSW_20150402_220000_Special_Report_With_Bret_Baier_000945.jpg,"pence but pollsters say depending on how the issue is phrased, it may not be a factor for 2016 voters. if you make a list of all the important problems facing the country, gay rights competes with climate change and campaign"
https://archive.org/details/FOXNEWSW_20150422_200000_Your_World_With_Neil_Cavuto#start/2167/end/2202,4/22/2015 20:36:22,FOXNEWS,Your World With Neil Cavuto,FOXNEWSW_20150422_200000_Your_World_With_Neil_Cavuto,https://archive.org/download/FOXNEWSW_20150422_200000_Your_World_With_Neil_Cavuto/FOXNEWSW_20150422_200000_Your_World_With_Neil_Cavuto.thumbs/FOXNEWSW_20150422_200000_Your_World_With_Neil_Cavuto_002145.jpg,"cullen we really don't have the green to pay for him. so you're listening and hearing the president right now and saying what? well i can't believe that he is saying that the biggest threat facing america and our world is climate change."
https://archive.org/details/FOXNEWSW_20150411_220000_Americas_News_Headquarters#start/1821/end/1856,4/11/2015 22:30:36,FOXNEWS,Americas News Headquarters,FOXNEWSW_20150411_220000_Americas_News_Headquarters,https://archive.org/download/FOXNEWSW_20150411_220000_Americas_News_Headquarters/FOXNEWSW_20150411_220000_Americas_News_Headquarters.thumbs/FOXNEWSW_20150411_220000_Americas_News_Headquarters_001815.jpg,"the entire region access the training and the resources and connections they need to start new ventures including the small businesses that create so many jobs in the region. finally, we took new steps to invest in clean energy and combat climate change."
https://archive.org/details/FOXNEWSW_20150420_060000_FOX_News_Sunday_With_Chris_Wallace#start/397/end/432,4/20/2015 6:06:52,FOXNEWS,FOX News Sunday With Chris Wallace,FOXNEWSW_20150420_060000_FOX_News_Sunday_With_Chris_Wallace,https://archive.org/download/FOXNEWSW_20150420_060000_FOX_News_Sunday_With_Chris_Wallace/FOXNEWSW_20150420_060000_FOX_News_Sunday_With_Chris_Wallace.thumbs/FOXNEWSW_20150420_060000_FOX_News_Sunday_With_Chris_Wallace_000375.jpg,"home state say they would not consider voting for you for president. are you too moderate? are you too far in the center on nondefense issues to win the republican nomination? not at all. i believe climate change is real"
https://archive.org/details/FOXNEWSW_20150421_160000_Outnumbered#start/2187/end/2222,4/21/2015 16:36:42,FOXNEWS,Outnumbered,FOXNEWSW_20150421_160000_Outnumbered,https://archive.org/download/FOXNEWSW_20150421_160000_Outnumbered/FOXNEWSW_20150421_160000_Outnumbered.thumbs/FOXNEWSW_20150421_160000_Outnumbered_002175.jpg,"you could do it in a car. we wouldn't judge. he was the first republican to officially explore a 2016 presidential run but jeb bush has not actually jumped into the race so why is this? plus he's one of the biggest celebrity climate change"
https://archive.org/details/FOXNEWSW_20150404_070000_Red_Eye#start/2380/end/2415,4/4/2015 7:39:55,FOXNEWS,Red Eye,FOXNEWSW_20150404_070000_Red_Eye,https://archive.org/download/FOXNEWSW_20150404_070000_Red_Eye/FOXNEWSW_20150404_070000_Red_Eye.thumbs/FOXNEWSW_20150404_070000_Red_Eye_002355.jpg,"when celebrities tweet things about the world and about politics you look and think that is an extremely not bright thing there. i am in shock. i remember thinking that when i was 18. it is time to take a break. a climate change skeptic gets"
https://archive.org/details/FOXNEWSW_20150423_080000_The_OReilly_Factor#start/1934/end/1969,4/23/2015 8:32:29,FOXNEWS,The OReilly Factor,FOXNEWSW_20150423_080000_The_OReilly_Factor,https://archive.org/download/FOXNEWSW_20150423_080000_The_OReilly_Factor/FOXNEWSW_20150423_080000_The_OReilly_Factor.thumbs/FOXNEWSW_20150423_080000_The_OReilly_Factor_001935.jpg,"others say they are spending enough to keep them safe. i've seen what their obligations are. remember at the end of the day, if they're not delivering power they're not making money. ultimately that drives them. for the white house a continued focus on climate change."
https://archive.org/details/FOXNEWSW_20150423_070000_Red_Eye#start/510/end/545,4/23/2015 7:08:45,FOXNEWS,Red Eye,FOXNEWSW_20150423_070000_Red_Eye,https://archive.org/download/FOXNEWSW_20150423_070000_Red_Eye/FOXNEWSW_20150423_070000_Red_Eye.thumbs/FOXNEWSW_20150423_070000_Red_Eye_000495.jpg,"recycling is not a bad thing. what's wrong with recycling? i think taking care of the earth is a good thing for the sake of taking care of the earth. it is not for anything else or any future dire predictions. exactly what i'm saying. if you don't believe in climate change that shouldn't"
https://archive.org/details/FOXNEWSW_20150421_090000_FOX_and_Friends_First#start/1535/end/1570,4/21/2015 9:25:50,FOXNEWS,FOX and Friends First,FOXNEWSW_20150421_090000_FOX_and_Friends_First,https://archive.org/download/FOXNEWSW_20150421_090000_FOX_and_Friends_First/FOXNEWSW_20150421_090000_FOX_and_Friends_First.thumbs/FOXNEWSW_20150421_090000_FOX_and_Friends_First_001515.jpg,"terrorism. climate change. climate change at the moment. i would go with climate change. i am not a people person. seriously?"
https://archive.org/details/FOXNEWSW_20150421_030000_The_OReilly_Factor#start/3107/end/3142,4/21/2015 3:52:02,FOXNEWS,The OReilly Factor,FOXNEWSW_20150421_030000_The_OReilly_Factor,https://archive.org/download/FOXNEWSW_20150421_030000_The_OReilly_Factor/FOXNEWSW_20150421_030000_The_OReilly_Factor.thumbs/FOXNEWSW_20150421_030000_The_OReilly_Factor_003105.jpg,"never. sure. what is the biggest threat climate change or terrorism. climate change. chiemtlimate change. i would go with climate change. a lot more people die from"
https://archive.org/details/FOXNEWSW_20150421_000000_The_OReilly_Factor#start/3111/end/3146,4/21/2015 0:52:06,FOXNEWS,The OReilly Factor,FOXNEWSW_20150421_000000_The_OReilly_Factor,https://archive.org/download/FOXNEWSW_20150421_000000_The_OReilly_Factor/FOXNEWSW_20150421_000000_The_OReilly_Factor.thumbs/FOXNEWSW_20150421_000000_The_OReilly_Factor_003105.jpg,"climate change or terrorism. climate change. chiemtlimate change. i would go with climate change. a lot more people die from terrorism. yeah. but i'm not a people person."
https://archive.org/details/FOXNEWSW_20150418_143000_Cavuto_on_Business#start/930/end/965,4/18/2015 14:45:45,FOXNEWS,Cavuto on Business,FOXNEWSW_20150418_143000_Cavuto_on_Business,https://archive.org/download/FOXNEWSW_20150418_143000_Cavuto_on_Business/FOXNEWSW_20150418_143000_Cavuto_on_Business.thumbs/FOXNEWSW_20150418_143000_Cavuto_on_Business_000915.jpg,"support his right to fight. ben stein? with all due respect and i'm sure i'll get a lot of hate mail about this, global warming is one of the great hoaxes of all-time. there is some global warming, a very small amount and i don't"
https://archive.org/details/FOXNEWSW_20150422_210000_The_Five#start/110/end/145,4/22/2015 21:02:05,FOXNEWS,The Five,FOXNEWSW_20150422_210000_The_Five,https://archive.org/download/FOXNEWSW_20150422_210000_The_Five/FOXNEWSW_20150422_210000_The_Five.thumbs/FOXNEWSW_20150422_210000_The_Five_000105.jpg,"threat to our planet than climate change. the pentagon says climate change poses immediate risk to our national security. climate change can no longer be denied or ignored. i call this the straw apocalypse a mix of straw man"
https://archive.org/details/FOXNEWSW_20150429_160000_Outnumbered#start/2972/end/3007,4/29/2015 16:49:47,FOXNEWS,Outnumbered,FOXNEWSW_20150429_160000_Outnumbered,https://archive.org/download/FOXNEWSW_20150429_160000_Outnumbered/FOXNEWSW_20150429_160000_Outnumbered.thumbs/FOXNEWSW_20150429_160000_Outnumbered_002955.jpg,"loretta lynch. that is expected in a few minutes. she is supposed to discuss the situation in baltimore. we'll take that live. california governor issuing an executive order further cutting greenhouse gases in the golden state. under his plan emissions would have to be reduced by 40% over"
https://archive.org/details/FOXNEWSW_20150402_020000_Hannity#start/3642/end/3677,4/2/2015 3:00:57,FOXNEWS,Hannity,FOXNEWSW_20150402_020000_Hannity,https://archive.org/download/FOXNEWSW_20150402_020000_Hannity/FOXNEWSW_20150402_020000_Hannity.thumbs/FOXNEWSW_20150402_020000_Hannity_003645.jpg,"being a corrupt politician lying from the senate floor and he is unapologetic. 'special report' ahead. also women may have to become prostitutes because of global warming. that's what congressman"
https://archive.org/details/FOXNEWSW_20150402_030000_The_OReilly_Factor#start/2449/end/2484,4/2/2015 3:41:04,FOXNEWS,The OReilly Factor,FOXNEWSW_20150402_030000_The_OReilly_Factor,https://archive.org/download/FOXNEWSW_20150402_030000_The_OReilly_Factor/FOXNEWSW_20150402_030000_The_OReilly_Factor.thumbs/FOXNEWSW_20150402_030000_The_OReilly_Factor_002445.jpg,"well, of course billy. sure. look what it did to al gore? he turned into a prostitute for it. some people sell their bodies. some people sell their souls. but i'm telling you that moron is not going to get happy until we have a carbon"
https://archive.org/details/FOXNEWSW_20150402_030000_The_OReilly_Factor#start/1078/end/1113,4/2/2015 3:18:13,FOXNEWS,The OReilly Factor,FOXNEWSW_20150402_030000_The_OReilly_Factor,https://archive.org/download/FOXNEWSW_20150402_030000_The_OReilly_Factor/FOXNEWSW_20150402_030000_The_OReilly_Factor.thumbs/FOXNEWSW_20150402_030000_The_OReilly_Factor_001065.jpg,"congresswoman who says global warming may drive women to prostitution. not kidding. up ahead."
https://archive.org/details/FOXNEWSW_20150422_220000_Special_Report_With_Bret_Baier#start/1872/end/1907,4/22/2015 22:31:27,FOXNEWS,Special Report With Bret Baier,FOXNEWSW_20150422_220000_Special_Report_With_Bret_Baier,https://archive.org/download/FOXNEWSW_20150422_220000_Special_Report_With_Bret_Baier/FOXNEWSW_20150422_220000_Special_Report_With_Bret_Baier.thumbs/FOXNEWSW_20150422_220000_Special_Report_With_Bret_Baier_001845.jpg,"climate change doesn't mean the climate change isn't happening. we know that in our own lives. you got a storm, you don't stick your head in the sand."
https://archive.org/details/FOXNEWSW_20150423_080000_The_OReilly_Factor#start/1872/end/1907,4/23/2015 8:31:27,FOXNEWS,The OReilly Factor,FOXNEWSW_20150423_080000_The_OReilly_Factor,https://archive.org/download/FOXNEWSW_20150423_080000_The_OReilly_Factor/FOXNEWSW_20150423_080000_The_OReilly_Factor.thumbs/FOXNEWSW_20150423_080000_The_OReilly_Factor_001845.jpg,"climate change doesn't mean the climate change isn't happening. we know that in our own lives. you got a storm, you don't stick your head in the sand."
https://archive.org/details/FOXNEWSW_20150419_220000_FOX_News_Sunday_With_Chris_Wallace#start/395/end/430,4/19/2015 22:06:50,FOXNEWS,FOX News Sunday With Chris Wallace,FOXNEWSW_20150419_220000_FOX_News_Sunday_With_Chris_Wallace,https://archive.org/download/FOXNEWSW_20150419_220000_FOX_News_Sunday_With_Chris_Wallace/FOXNEWSW_20150419_220000_FOX_News_Sunday_With_Chris_Wallace.thumbs/FOXNEWSW_20150419_220000_FOX_News_Sunday_With_Chris_Wallace_000375.jpg,"-- 55 percent they they would not consider voting for you. are you too far moderate and too far on nondefense issues to win the republican nomination? not at all, i believe climate"
https://archive.org/details/FOXNEWSW_20150422_100000_FOX_and_Friends#start/5951/end/5986,4/22/2015 11:39:26,FOXNEWS,FOX and Friends,FOXNEWSW_20150422_100000_FOX_and_Friends,https://archive.org/download/FOXNEWSW_20150422_100000_FOX_and_Friends/FOXNEWSW_20150422_100000_FOX_and_Friends.thumbs/FOXNEWSW_20150422_100000_FOX_and_Friends_005925.jpg,"everglades talking about climate change. people think earth day is planting a tree. climate change is about the impact on the health of american citizens and a huge impact on economies. you look at florida, it's an"
https://archive.org/details/FOXNEWSW_20150423_070000_Red_Eye#start/237/end/272,4/23/2015 7:04:12,FOXNEWS,Red Eye,FOXNEWSW_20150423_070000_Red_Eye,https://archive.org/download/FOXNEWSW_20150423_070000_Red_Eye/FOXNEWSW_20150423_070000_Red_Eye.thumbs/FOXNEWSW_20150423_070000_Red_Eye_000225.jpg,"threat of global warming and they left the place a total mess. look who was forced to clean out the garbage."
https://archive.org/details/FOXNEWSW_20150417_100000_FOX_and_Friends#start/1448/end/1483,4/17/2015 10:24:23,FOXNEWS,FOX and Friends,FOXNEWSW_20150417_100000_FOX_and_Friends,https://archive.org/download/FOXNEWSW_20150417_100000_FOX_and_Friends/FOXNEWSW_20150417_100000_FOX_and_Friends.thumbs/FOXNEWSW_20150417_100000_FOX_and_Friends_001425.jpg,"winter wonderland than a global warming protest. they had their rally interrupted by a winter snow storm and this came after another protest was"
https://archive.org/details/FOXNEWSW_20150402_030000_The_OReilly_Factor#start/2435/end/2470,4/2/2015 3:40:50,FOXNEWS,The OReilly Factor,FOXNEWSW_20150402_030000_The_OReilly_Factor,https://archive.org/download/FOXNEWSW_20150402_030000_The_OReilly_Factor/FOXNEWSW_20150402_030000_The_OReilly_Factor.thumbs/FOXNEWSW_20150402_030000_The_OReilly_Factor_002415.jpg,"the sage of southern california, dennis miller. so we are linking global warming to the prostitution industry. did you ever think you would see it?"
https://archive.org/details/FOXNEWSW_20150421_000000_The_OReilly_Factor#start/3128/end/3163,4/21/2015 0:52:23,FOXNEWS,The OReilly Factor,FOXNEWSW_20150421_000000_The_OReilly_Factor,https://archive.org/download/FOXNEWSW_20150421_000000_The_OReilly_Factor/FOXNEWSW_20150421_000000_The_OReilly_Factor.thumbs/FOXNEWSW_20150421_000000_The_OReilly_Factor_003105.jpg,"do you think we're overpopulated? yes. do you think we should all kill ourselves? not on earth day. when did global warming start? it started destroying the"
https://archive.org/details/FOXNEWSW_20150422_200000_Your_World_With_Neil_Cavuto#start/2150/end/2185,4/22/2015 20:36:05,FOXNEWS,Your World With Neil Cavuto,FOXNEWSW_20150422_200000_Your_World_With_Neil_Cavuto,https://archive.org/download/FOXNEWSW_20150422_200000_Your_World_With_Neil_Cavuto/FOXNEWSW_20150422_200000_Your_World_With_Neil_Cavuto.thumbs/FOXNEWSW_20150422_200000_Your_World_With_Neil_Cavuto_002085.jpg,"heat on climate change. is he asking for more of your change to fight it? we're back in 60 seconds. it is earth day. looking live at the president of the united states talking about climate change in florida. he is pushing for more green plans. but pat michaels adriana"
https://archive.org/details/FOXNEWSW_20150402_030000_The_OReilly_Factor#start/2464/end/2499,4/2/2015 3:41:19,FOXNEWS,The OReilly Factor,FOXNEWSW_20150402_030000_The_OReilly_Factor,https://archive.org/download/FOXNEWSW_20150402_030000_The_OReilly_Factor/FOXNEWSW_20150402_030000_The_OReilly_Factor.thumbs/FOXNEWSW_20150402_030000_The_OReilly_Factor_002445.jpg,"tax at that point sticking with the prosecution thing screwed the moment they get the carbon tax. that is a big deal because the left want to eliminate fossil fuels and i"
https://archive.org/details/FOXNEWSW_20150404_070000_Red_Eye#start/2616/end/2651,4/4/2015 7:43:51,FOXNEWS,Red Eye,FOXNEWSW_20150404_070000_Red_Eye,https://archive.org/download/FOXNEWSW_20150404_070000_Red_Eye/FOXNEWSW_20150404_070000_Red_Eye.thumbs/FOXNEWSW_20150404_070000_Red_Eye_002385.jpg,"kicked off twitter. twitter is no place for quarreling. for the second time in two weeks twitter success spended the account of a global warming skeptic. tom nelson who runs a website"
https://archive.org/details/FOXNEWSW_20150404_070000_Red_Eye#start/2812/end/2847,4/4/2015 7:47:07,FOXNEWS,Red Eye,FOXNEWSW_20150404_070000_Red_Eye,https://archive.org/download/FOXNEWSW_20150404_070000_Red_Eye/FOXNEWSW_20150404_070000_Red_Eye.thumbs/FOXNEWSW_20150404_070000_Red_Eye_002805.jpg,"gathering although i am married. let's motor through here. what about you, remi? would you say that you would think that global warming is something that we should be censoring people about?"
https://archive.org/details/FOXNEWSW_20150402_030000_The_OReilly_Factor#start/1543/end/1578,4/2/2015 3:25:58,FOXNEWS,The OReilly Factor,FOXNEWSW_20150402_030000_The_OReilly_Factor,https://archive.org/download/FOXNEWSW_20150402_030000_The_OReilly_Factor/FOXNEWSW_20150402_030000_The_OReilly_Factor.thumbs/FOXNEWSW_20150402_030000_The_OReilly_Factor_001515.jpg,"evening. barbara lee warning everybody women may be morse forced into prostitution by global warming. miller on that. and then a radical group putting restaurants in very bad places. hope you stay tuned for"
https://archive.org/details/FOXNEWSW_20150405_220000_FOX_News_Sunday_With_Chris_Wallace#start/2237/end/2272,4/5/2015 22:37:32,FOXNEWS,FOX News Sunday With Chris Wallace,FOXNEWSW_20150405_220000_FOX_News_Sunday_With_Chris_Wallace,https://archive.org/download/FOXNEWSW_20150405_220000_FOX_News_Sunday_With_Chris_Wallace/FOXNEWSW_20150405_220000_FOX_News_Sunday_With_Chris_Wallace.thumbs/FOXNEWSW_20150405_220000_FOX_News_Sunday_With_Chris_Wallace_002235.jpg,"zero. flat. zero. for the second year in a row they blamed poor growth on insufficient global warming, on winter on unusually cold winter and going back to november last year, job creation of 321000"
https://archive.org/details/FOXNEWSW_20150418_070000_Red_Eye#start/1391/end/1426,4/18/2015 7:23:26,FOXNEWS,Red Eye,FOXNEWSW_20150418_070000_Red_Eye,https://archive.org/download/FOXNEWSW_20150418_070000_Red_Eye/FOXNEWSW_20150418_070000_Red_Eye.thumbs/FOXNEWSW_20150418_070000_Red_Eye_001365.jpg,"mote. why? because of global warming. what? that was a great point. you can have bio energy or whatever they do in the water. you can put a paddle in there. they couldn't have a moat"
https://archive.org/details/FOXNEWSW_20150421_000000_The_OReilly_Factor#start/3175/end/3210,4/21/2015 0:53:10,FOXNEWS,The OReilly Factor,FOXNEWSW_20150421_000000_The_OReilly_Factor,https://archive.org/download/FOXNEWSW_20150421_000000_The_OReilly_Factor/FOXNEWSW_20150421_000000_The_OReilly_Factor.thumbs/FOXNEWSW_20150421_000000_The_OReilly_Factor_003165.jpg,"celebration? a young crowd. it was a concert. a free concert. nobody cares about global warming. the fighting was the performers there on stage. they flew in with private jets and took suvs to the concerts."
https://archive.org/details/FOXNEWSW_20150421_030000_The_OReilly_Factor#start/3172/end/3207,4/21/2015 3:53:07,FOXNEWS,The OReilly Factor,FOXNEWSW_20150421_030000_The_OReilly_Factor,https://archive.org/download/FOXNEWSW_20150421_030000_The_OReilly_Factor/FOXNEWSW_20150421_030000_The_OReilly_Factor.thumbs/FOXNEWSW_20150421_030000_The_OReilly_Factor_003165.jpg,"good bit. average age at the earth day celebration? a young crowd. it was a concert. a free concert. nobody cares about global warming. the fighting was the performers there on stage. they flew in with private jets"
https://archive.org/details/FOXNEWSW_20150419_060000_Red_Eye#start/2472/end/2507,4/19/2015 6:41:27,FOXNEWS,Red Eye,FOXNEWSW_20150419_060000_Red_Eye,https://archive.org/download/FOXNEWSW_20150419_060000_Red_Eye/FOXNEWSW_20150419_060000_Red_Eye.thumbs/FOXNEWSW_20150419_060000_Red_Eye_002475.jpg,"kansas. it is odd he chose this ring tone. he secured $15 million for global warming. whose side is he on? let that settle. time to take a break. mor tall combat goes gay when we come back."
https://archive.org/details/FOXNEWSW_20150422_210000_The_Five#start/661/end/696,4/22/2015 21:11:16,FOXNEWS,The Five,FOXNEWSW_20150422_210000_The_Five,https://archive.org/download/FOXNEWSW_20150422_210000_The_Five/FOXNEWSW_20150422_210000_The_Five.thumbs/FOXNEWSW_20150422_210000_The_Five_000645.jpg,"anything? no. it's opposite day. remember? that's what we said. it's opposite day. the pentagon says it. says what? that in fact global warming is a threat to our national security our health food supply to cities, to --  _"
https://archive.org/details/FOXNEWSW_20150402_030000_The_OReilly_Factor#start/46/end/81,4/2/2015 3:01:01,FOXNEWS,The OReilly Factor,FOXNEWSW_20150402_030000_The_OReilly_Factor,https://archive.org/download/FOXNEWSW_20150402_030000_The_OReilly_Factor/FOXNEWSW_20150402_030000_The_OReilly_Factor.thumbs/FOXNEWSW_20150402_030000_The_OReilly_Factor_000045.jpg,"being a corrupt politician lying from the senate floor and he is unapologetic. 'special report' ahead. also women may have to become prostitutes because of global warming. that's what congressman woman barbara recess. dennis miller has some"
https://archive.org/details/FOXNEWSW_20150402_030000_The_OReilly_Factor#start/2543/end/2578,4/2/2015 3:42:38,FOXNEWS,The OReilly Factor,FOXNEWSW_20150402_030000_The_OReilly_Factor,https://archive.org/download/FOXNEWSW_20150402_030000_The_OReilly_Factor/FOXNEWSW_20150402_030000_The_OReilly_Factor.thumbs/FOXNEWSW_20150402_030000_The_OReilly_Factor_002535.jpg,"bergs with hydro cars. bunny ranch in nevada is now just candlelight because of global warming. they are not using it anymore. well, you have got to watch it in the dark when you are around bunnies and hamsters."
https://archive.org/details/FOXNEWSW_20150406_060000_FOX_News_Sunday_With_Chris_Wallace#start/2234/end/2269,4/6/2015 6:37:29,FOXNEWS,FOX News Sunday With Chris Wallace,FOXNEWSW_20150406_060000_FOX_News_Sunday_With_Chris_Wallace,https://archive.org/download/FOXNEWSW_20150406_060000_FOX_News_Sunday_With_Chris_Wallace/FOXNEWSW_20150406_060000_FOX_News_Sunday_With_Chris_Wallace.thumbs/FOXNEWSW_20150406_060000_FOX_News_Sunday_With_Chris_Wallace_002235.jpg,"growth at zero, 0%, flat. george, what's going on here? well, for the second year in a row they've blamed poor quarterly growth on insufficient global warming, that is on winter, on an unusually cold winter. let your mind go back to"
https://archive.org/details/FOXNEWSW_20150425_153000_Cashin_In#start/249/end/284,4/25/2015 15:34:24,FOXNEWS,Cashin In,FOXNEWSW_20150425_153000_Cashin_In,https://archive.org/download/FOXNEWSW_20150425_153000_Cashin_In/FOXNEWSW_20150425_153000_Cashin_In.thumbs/FOXNEWSW_20150425_153000_Cashin_In_000225.jpg,"total total hypocrisy. albert brooks states i can't take global warming advice from celebrities who fly private. bill nye. i thought he was being sarcastic. heading down to d.c. to catch earth day flight on air force one tomorrow with the"
https://archive.org/details/FOXNEWSW_20150417_070000_Red_Eye#start/2472/end/2507,4/17/2015 7:41:27,FOXNEWS,Red Eye,FOXNEWSW_20150417_070000_Red_Eye,https://archive.org/download/FOXNEWSW_20150417_070000_Red_Eye/FOXNEWSW_20150417_070000_Red_Eye.thumbs/FOXNEWSW_20150417_070000_Red_Eye_002445.jpg,"don't drive through kansas. it is odd he chose this ring tone. he secured $15 million for global warming. whose side is he on? let that settle. time to take a break. mor tall combat goes gay when we come back."
https://archive.org/details/FOXNEWSW_20150405_180000_FOX_News_Sunday_With_Chris_Wallace#start/2234/end/2269,4/5/2015 18:37:29,FOXNEWS,FOX News Sunday With Chris Wallace,FOXNEWSW_20150405_180000_FOX_News_Sunday_With_Chris_Wallace,https://archive.org/download/FOXNEWSW_20150405_180000_FOX_News_Sunday_With_Chris_Wallace/FOXNEWSW_20150405_180000_FOX_News_Sunday_With_Chris_Wallace.thumbs/FOXNEWSW_20150405_180000_FOX_News_Sunday_With_Chris_Wallace_002235.jpg,"growth at zero, 0%, flat. george, what's going on here? well, for the second year in a row they've blamed poor quarterly growth on insufficient global warming, that is on winter, on an unusually cold winter. let your mind go back to"
https://archive.org/details/FOXNEWSW_20150421_000000_The_OReilly_Factor#start/48/end/83,4/21/2015 0:01:03,FOXNEWS,The OReilly Factor,FOXNEWSW_20150421_000000_The_OReilly_Factor,https://archive.org/download/FOXNEWSW_20150421_000000_The_OReilly_Factor/FOXNEWSW_20150421_000000_The_OReilly_Factor.thumbs/FOXNEWSW_20150421_000000_The_OReilly_Factor_000045.jpg,"when did global warming start? i have no idea. i literally came here to listen to music. [ laughter ] also tonight the world is supposed to celebrate earth day this week. but what is that really? there no littering on earth day."
https://archive.org/details/FOXNEWSW_20150419_030000_Red_Eye#start/2472/end/2507,4/19/2015 3:41:27,FOXNEWS,Red Eye,FOXNEWSW_20150419_030000_Red_Eye,https://archive.org/download/FOXNEWSW_20150419_030000_Red_Eye/FOXNEWSW_20150419_030000_Red_Eye.thumbs/FOXNEWSW_20150419_030000_Red_Eye_002445.jpg,"don't drive through kansas. it is odd he chose this ring tone. he secured $15 million for global warming. whose side is he on? let that settle. time to take a break. mor tall combat goes gay when we come back."
https://archive.org/details/FOXNEWSW_20150430_010000_The_Kelly_File#start/2571/end/2606,4/30/2015 1:43:06,FOXNEWS,The Kelly File,FOXNEWSW_20150430_010000_The_Kelly_File,https://archive.org/download/FOXNEWSW_20150430_010000_The_Kelly_File/FOXNEWSW_20150430_010000_The_Kelly_File.thumbs/FOXNEWSW_20150430_010000_The_Kelly_File_002565.jpg,"the police. and all the media coverage now for weeks, i'm surprised that the police haven't blamed everything on the planet including global warming on the police. the police are people who can only do wrong and not right in this situation."
https://archive.org/details/FOXNEWSW_20150417_100000_FOX_and_Friends#start/1433/end/1468,4/17/2015 10:24:08,FOXNEWS,FOX and Friends,FOXNEWSW_20150417_100000_FOX_and_Friends,https://archive.org/download/FOXNEWSW_20150417_100000_FOX_and_Friends/FOXNEWSW_20150417_100000_FOX_and_Friends.thumbs/FOXNEWSW_20150417_100000_FOX_and_Friends_001425.jpg,"president obama's historic climate change program could risk 300000 jobs. and whoops, it looks more like a"
https://archive.org/details/FOXNEWSW_20150422_210000_The_Five#start/551/end/586,4/22/2015 21:09:26,FOXNEWS,The Five,FOXNEWSW_20150422_210000_The_Five,https://archive.org/download/FOXNEWSW_20150422_210000_The_Five/FOXNEWSW_20150422_210000_The_Five.thumbs/FOXNEWSW_20150422_210000_The_Five_000525.jpg,"weather channel who doesn't believe that global warming is not an argument in the first place. but we're not allowed to have a discussion in this debate. president obama is not allowing them to stand with them in the everglades. they are inviting bill nchlye who"
https://archive.org/details/FOXNEWSW_20150426_040000_Justice_With_Judge_Jeanine#start/5424/end/5459,4/26/2015 5:30:39,FOXNEWS,Justice With Judge Jeanine,FOXNEWSW_20150426_040000_Justice_With_Judge_Jeanine,https://archive.org/download/FOXNEWSW_20150426_040000_Justice_With_Judge_Jeanine/FOXNEWSW_20150426_040000_Justice_With_Judge_Jeanine.thumbs/FOXNEWSW_20150426_040000_Justice_With_Judge_Jeanine_005415.jpg,"ted cruz said that denying the existence of climate change may -- made him like galileo. now, that's not really an apt"
https://archive.org/details/FOXNEWSW_20150422_210000_The_Five#start/142/end/177,4/22/2015 21:02:37,FOXNEWS,The Five,FOXNEWSW_20150422_210000_The_Five,https://archive.org/download/FOXNEWSW_20150422_210000_The_Five/FOXNEWSW_20150422_210000_The_Five.thumbs/FOXNEWSW_20150422_210000_The_Five_000135.jpg,"you need to be dissuasive even when they mock you. for most climate change activists, it's less about carbons and more about"
https://archive.org/details/FOXNEWSW_20150426_010000_Justice_With_Judge_Jeanine#start/5427/end/5462,4/26/2015 2:30:42,FOXNEWS,Justice With Judge Jeanine,FOXNEWSW_20150426_010000_Justice_With_Judge_Jeanine,https://archive.org/download/FOXNEWSW_20150426_010000_Justice_With_Judge_Jeanine/FOXNEWSW_20150426_010000_Justice_With_Judge_Jeanine.thumbs/FOXNEWSW_20150426_010000_Justice_With_Judge_Jeanine_005415.jpg,"ted cruz said that denying the existence of climate change may -- made him like galileo. now, that's not really an apt comparison."
https://archive.org/details/FOXNEWSW_20150427_020000_FOX_News_Reporting_The_Tangled_Clinton_Web#start/792/end/827,4/27/2015 2:13:27,FOXNEWS,FOX News Reporting The Tangled Clinton Web,FOXNEWSW_20150427_020000_FOX_News_Reporting_The_Tangled_Clinton_Web,https://archive.org/download/FOXNEWSW_20150427_020000_FOX_News_Reporting_The_Tangled_Clinton_Web/FOXNEWSW_20150427_020000_FOX_News_Reporting_The_Tangled_Clinton_Web.thumbs/FOXNEWSW_20150427_020000_FOX_News_Reporting_The_Tangled_Clinton_Web_000795.jpg,"foundation with the state admission of marshalling government and private resources with poverty, climate change and de disease. basically solving the world's"
https://archive.org/details/FOXNEWSW_20150422_200000_Your_World_With_Neil_Cavuto#start/2226/end/2261,4/22/2015 20:37:21,FOXNEWS,Your World With Neil Cavuto,FOXNEWSW_20150422_200000_Your_World_With_Neil_Cavuto,https://archive.org/download/FOXNEWSW_20150422_200000_Your_World_With_Neil_Cavuto/FOXNEWSW_20150422_200000_Your_World_With_Neil_Cavuto.thumbs/FOXNEWSW_20150422_200000_Your_World_With_Neil_Cavuto_002205.jpg,"addressing global warming and climate challenges. this is significantly from the monies already committed. i think it would be a whole different game. pat, what do you think of that? i'll tell you this, the richer a country, the more it protects its environment. countries with vibrant economies"
https://archive.org/details/FOXNEWSW_20150404_070000_Red_Eye#start/2830/end/2865,4/4/2015 7:47:25,FOXNEWS,Red Eye,FOXNEWSW_20150404_070000_Red_Eye,https://archive.org/download/FOXNEWSW_20150404_070000_Red_Eye/FOXNEWSW_20150404_070000_Red_Eye.thumbs/FOXNEWSW_20150404_070000_Red_Eye_002805.jpg,"let's say global warming is an issue that everybody gets to talk about if they are a scientist with advanced degrees they have some real knowledge about. it is one of the topics that the vast majority of people who comment on it don't know what they are talking about."
https://archive.org/details/FOXNEWSW_20150422_190000_Shepard_Smith_Reporting#start/1458/end/1493,4/22/2015 19:24:33,FOXNEWS,Shepard Smith Reporting,FOXNEWSW_20150422_190000_Shepard_Smith_Reporting,https://archive.org/download/FOXNEWSW_20150422_190000_Shepard_Smith_Reporting/FOXNEWSW_20150422_190000_Shepard_Smith_Reporting.thumbs/FOXNEWSW_20150422_190000_Shepard_Smith_Reporting_001455.jpg,"many different environmental threats. which they have been for many years. they include rising sea levels as well as invasive species taking over such as pythons, that's our fault. you may not believe in global warming, but the dropping of the pythons in the everglades that is human."
https://archive.org/details/FOXNEWSW_20150422_220000_Special_Report_With_Bret_Baier#start/1842/end/1877,4/22/2015 22:30:57,FOXNEWS,Special Report With Bret Baier,FOXNEWSW_20150422_220000_Special_Report_With_Bret_Baier,https://archive.org/download/FOXNEWSW_20150422_220000_Special_Report_With_Bret_Baier/FOXNEWSW_20150422_220000_Special_Report_With_Bret_Baier.thumbs/FOXNEWSW_20150422_220000_Special_Report_With_Bret_Baier_001695.jpg,"by visiting myrbetriq.com. on this earth day, president obama touted his climate change message. with one of the nation's most idyllic backdrops. the correspondent rich edson"
https://archive.org/details/FOXNEWSW_20150417_060000_On_the_Record_With_Greta_Van_Susteren#start/1258/end/1293,4/17/2015 6:21:13,FOXNEWS,On the Record With Greta Van Susteren,FOXNEWSW_20150417_060000_On_the_Record_With_Greta_Van_Susteren,https://archive.org/download/FOXNEWSW_20150417_060000_On_the_Record_With_Greta_Van_Susteren/FOXNEWSW_20150417_060000_On_the_Record_With_Greta_Van_Susteren.thumbs/FOXNEWSW_20150417_060000_On_the_Record_With_Greta_Van_Susteren_001245.jpg,"poverty alleviation and environment. climate change, as well as their healthcare programs. they want to keep them going while she runs for president and possibly becomes president."
https://archive.org/details/FOXNEWSW_20150404_070000_Red_Eye#start/2783/end/2818,4/4/2015 7:46:38,FOXNEWS,Red Eye,FOXNEWSW_20150404_070000_Red_Eye,https://archive.org/download/FOXNEWSW_20150404_070000_Red_Eye/FOXNEWSW_20150404_070000_Red_Eye.thumbs/FOXNEWSW_20150404_070000_Red_Eye_002775.jpg,"climate change because wafer happens can be attributed to it. we will tell you they are all citizens of the earth. what will happen is they will"
https://archive.org/details/FOXNEWSW_20150423_080000_The_OReilly_Factor#start/1841/end/1876,4/23/2015 8:30:56,FOXNEWS,The OReilly Factor,FOXNEWSW_20150423_080000_The_OReilly_Factor,https://archive.org/download/FOXNEWSW_20150423_080000_The_OReilly_Factor/FOXNEWSW_20150423_080000_The_OReilly_Factor.thumbs/FOXNEWSW_20150423_080000_The_OReilly_Factor_001605.jpg,"president is asking for more freedom. on this earth day, president obama touted his climate change message. with one of the nation's most idyllic backdrops. the correspondent rich edson"
https://archive.org/details/FOXNEWSW_20150427_170000_Happening_Now#start/575/end/610,4/27/2015 17:09:50,FOXNEWS,Happening Now,FOXNEWSW_20150427_170000_Happening_Now,https://archive.org/download/FOXNEWSW_20150427_170000_Happening_Now/FOXNEWSW_20150427_170000_Happening_Now.thumbs/FOXNEWSW_20150427_170000_Happening_Now_000555.jpg,"can do to get better it would be. and republicans are pushing back against global agreement on climate change and could take a playbook they used on the"
https://archive.org/details/FOXNEWSW_20150422_220000_Special_Report_With_Bret_Baier#start/1888/end/1923,4/22/2015 22:31:43,FOXNEWS,Special Report With Bret Baier,FOXNEWSW_20150422_220000_Special_Report_With_Bret_Baier,https://archive.org/download/FOXNEWSW_20150422_220000_Special_Report_With_Bret_Baier/FOXNEWSW_20150422_220000_Special_Report_With_Bret_Baier.thumbs/FOXNEWSW_20150422_220000_Special_Report_With_Bret_Baier_001875.jpg,"this as air force one uses 9200 pounds of fuel. ninety-six to the environmental effects, the obama administration has released a report saying climate change is weakening inu.s. power"
https://archive.org/details/FOXNEWSW_20150423_080000_The_OReilly_Factor#start/1887/end/1922,4/23/2015 8:31:42,FOXNEWS,The OReilly Factor,FOXNEWSW_20150423_080000_The_OReilly_Factor,https://archive.org/download/FOXNEWSW_20150423_080000_The_OReilly_Factor/FOXNEWSW_20150423_080000_The_OReilly_Factor.thumbs/FOXNEWSW_20150423_080000_The_OReilly_Factor_001875.jpg,"this as air force one uses 9200 pounds of fuel. ninety-six to the environmental effects, the obama administration has released a report saying climate change is weakening inu.s. power"
https://archive.org/details/FOXNEWSW_20150426_010000_Justice_With_Judge_Jeanine#start/7067/end/7102,4/26/2015 2:58:02,FOXNEWS,Justice With Judge Jeanine,FOXNEWSW_20150426_010000_Justice_With_Judge_Jeanine,https://archive.org/download/FOXNEWSW_20150426_010000_Justice_With_Judge_Jeanine/FOXNEWSW_20150426_010000_Justice_With_Judge_Jeanine.thumbs/FOXNEWSW_20150426_010000_Justice_With_Judge_Jeanine_007065.jpg,"one of my favorite things that happened in congress this year is when senator inhofe brought in a snowball to prove that climate change wasn't real. that blew my mind."
https://archive.org/details/FOXNEWSW_20150416_130000_Americas_Newsroom#start/2048/end/2083,4/16/2015 13:34:23,FOXNEWS,Americas Newsroom,FOXNEWSW_20150416_130000_Americas_Newsroom,https://archive.org/download/FOXNEWSW_20150416_130000_Americas_Newsroom/FOXNEWSW_20150416_130000_Americas_Newsroom.thumbs/FOXNEWSW_20150416_130000_Americas_Newsroom_002025.jpg,"foundation anymore. secondly it's all charitable work. climate change, responding to earthquake disaster relief in haiti. i think the other two major points are these donations are reported quarterly every three"
https://archive.org/details/FOXNEWSW_20150428_090000_FOX_and_Friends_First#start/2559/end/2594,4/28/2015 9:42:54,FOXNEWS,FOX and Friends First,FOXNEWSW_20150428_090000_FOX_and_Friends_First,https://archive.org/download/FOXNEWSW_20150428_090000_FOX_and_Friends_First/FOXNEWSW_20150428_090000_FOX_and_Friends_First.thumbs/FOXNEWSW_20150428_090000_FOX_and_Friends_First_002505.jpg,"and i love helping first graders put their best foot forward. ask your doctor about lyrica. welcome back to 'fox & friends first'. the climate change and the pulpit on the dime."
https://archive.org/details/FOXNEWSW_20150426_040000_Justice_With_Judge_Jeanine#start/7067/end/7102,4/26/2015 5:58:02,FOXNEWS,Justice With Judge Jeanine,FOXNEWSW_20150426_040000_Justice_With_Judge_Jeanine,https://archive.org/download/FOXNEWSW_20150426_040000_Justice_With_Judge_Jeanine/FOXNEWSW_20150426_040000_Justice_With_Judge_Jeanine.thumbs/FOXNEWSW_20150426_040000_Justice_With_Judge_Jeanine_007065.jpg,"one of my favorite things that happened in congress this year is when senator inhofe brought in a snowball to prove that climate change wasn't real. that blew my mind."
https://archive.org/details/FOXNEWSW_20150428_080000_The_OReilly_Factor#start/3158/end/3193,4/28/2015 8:52:53,FOXNEWS,The OReilly Factor,FOXNEWSW_20150428_080000_The_OReilly_Factor,https://archive.org/download/FOXNEWSW_20150428_080000_The_OReilly_Factor/FOXNEWSW_20150428_080000_The_OReilly_Factor.thumbs/FOXNEWSW_20150428_080000_The_OReilly_Factor_003135.jpg,"released from gitmo. preaching climate change from the pulpit on your dime. the federal government now spending $84000 taxpayer dollars to study how pastors and other religious leaders can change the environmental"
https://archive.org/details/FOXNEWSW_20150417_160000_Outnumbered#start/605/end/640,4/17/2015 16:10:20,FOXNEWS,Outnumbered,FOXNEWSW_20150417_160000_Outnumbered,https://archive.org/download/FOXNEWSW_20150417_160000_Outnumbered/FOXNEWSW_20150417_160000_Outnumbered.thumbs/FOXNEWSW_20150417_160000_Outnumbered_000585.jpg,"greece to growth. we will be discussing the im importance of all major economies taking ambition on climate change. italy showed really leadership as europe committed to new targets for reducing emissions."
https://archive.org/details/FOXNEWSW_20150421_160000_Outnumbered#start/2481/end/2516,4/21/2015 16:41:36,FOXNEWS,Outnumbered,FOXNEWSW_20150421_160000_Outnumbered,https://archive.org/download/FOXNEWSW_20150421_160000_Outnumbered/FOXNEWSW_20150421_160000_Outnumbered.thumbs/FOXNEWSW_20150421_160000_Outnumbered_002385.jpg,"champions, leo and he's being branded a hypocrite. while he preaches about being an eco warrior, and even leads climate change summits at the united nations, he's also reportedly a frequent flier of"
https://archive.org/details/FOXNEWSW_20150430_100000_FOX_and_Friends#start/5901/end/5936,4/30/2015 11:38:36,FOXNEWS,FOX and Friends,FOXNEWSW_20150430_100000_FOX_and_Friends,https://archive.org/download/FOXNEWSW_20150430_100000_FOX_and_Friends/FOXNEWSW_20150430_100000_FOX_and_Friends.thumbs/FOXNEWSW_20150430_100000_FOX_and_Friends_005895.jpg,"tell you about today. vermont senator said he's running for president as a democrat. he said he'll vow to fight income inquality, deal with climate change. he's set to outline the plans"
https://archive.org/details/FOXNEWSW_20150411_220000_Americas_News_Headquarters#start/2469/end/2504,4/11/2015 22:41:24,FOXNEWS,Americas News Headquarters,FOXNEWSW_20150411_220000_Americas_News_Headquarters,https://archive.org/download/FOXNEWSW_20150411_220000_Americas_News_Headquarters/FOXNEWSW_20150411_220000_Americas_News_Headquarters.thumbs/FOXNEWSW_20150411_220000_Americas_News_Headquarters_002445.jpg,"to tell the world don't have confidence in the u.s. government's abilities to fulfill any climate change pledge that we might make. and now we have a senator suggesting that our secretary of"
https://archive.org/details/FOXNEWSW_20150420_210000_The_Five#start/1217/end/1252,4/20/2015 21:20:32,FOXNEWS,The Five,FOXNEWSW_20150420_210000_The_Five,https://archive.org/download/FOXNEWSW_20150420_210000_The_Five/FOXNEWSW_20150420_210000_The_Five.thumbs/FOXNEWSW_20150420_210000_The_Five_001215.jpg,"so as we catch more terrorists in america, we realize 2016 isn't about politics but priorities. the dems offer a teetering joke that at its top is climate change which is really retribution."
https://archive.org/details/FOXNEWSW_20150425_153000_Cashin_In#start/295/end/330,4/25/2015 15:35:10,FOXNEWS,Cashin In,FOXNEWSW_20150425_153000_Cashin_In,https://archive.org/download/FOXNEWSW_20150425_153000_Cashin_In/FOXNEWSW_20150425_153000_Cashin_In.thumbs/FOXNEWSW_20150425_153000_Cashin_In_000285.jpg,"trust the people saying we have climate change. once again, here's president obama animal farm. all the animals are equal except some like i guess bill nye the science guy and obama himself."
https://archive.org/details/FOXNEWSW_20150422_210000_The_Five#start/95/end/130,4/22/2015 21:01:50,FOXNEWS,The Five,FOXNEWSW_20150422_210000_The_Five,https://archive.org/download/FOXNEWSW_20150422_210000_The_Five/FOXNEWSW_20150422_210000_The_Five.thumbs/FOXNEWSW_20150422_210000_The_Five_000075.jpg,"that. oh science, i oppose if they were polar bears, he'd feel differently. climate change poses a greater threat than terror. it's fine for the loonies but for the president, yikes. today there's no greater"
https://archive.org/details/FOXNEWSW_20150416_220000_Special_Report_With_Bret_Baier#start/580/end/615,4/16/2015 22:09:55,FOXNEWS,Special Report With Bret Baier,FOXNEWSW_20150416_220000_Special_Report_With_Bret_Baier,https://archive.org/download/FOXNEWSW_20150416_220000_Special_Report_With_Bret_Baier/FOXNEWSW_20150416_220000_Special_Report_With_Bret_Baier.thumbs/FOXNEWSW_20150416_220000_Special_Report_With_Bret_Baier_000555.jpg,"fighting aids in africa, climate change, responding to earthquake disaster relief. reporter: clinton has not yet mentioned the foundation on the campaign trail though she did recently note a subsidiary the clinton global initiative had"
https://archive.org/details/FOXNEWSW_20150421_160000_Outnumbered#start/1206/end/1241,4/21/2015 16:20:21,FOXNEWS,Outnumbered,FOXNEWSW_20150421_160000_Outnumbered,https://archive.org/download/FOXNEWSW_20150421_160000_Outnumbered/FOXNEWSW_20150421_160000_Outnumbered.thumbs/FOXNEWSW_20150421_160000_Outnumbered_001185.jpg,"that when he comes in september rather than climate change which is what i understand he wants to talk about. is the own -- onus on us as americans? it's the same thing when my"
https://archive.org/details/FOXNEWSW_20150411_220000_Americas_News_Headquarters#start/3080/end/3115,4/11/2015 22:51:35,FOXNEWS,Americas News Headquarters,FOXNEWSW_20150411_220000_Americas_News_Headquarters,https://archive.org/download/FOXNEWSW_20150411_220000_Americas_News_Headquarters/FOXNEWSW_20150411_220000_Americas_News_Headquarters.thumbs/FOXNEWSW_20150411_220000_Americas_News_Headquarters_003075.jpg,"and the impact on our allies. i could go down the list, climate change, so i think our approach has to be one of working with the region and other countries, and be very"
https://archive.org/details/FOXNEWSW_20150425_050000_FOX_News_Reporting_The_Tangled_Clinton_Web#start/794/end/829,4/25/2015 5:13:29,FOXNEWS,FOX News Reporting The Tangled Clinton Web,FOXNEWSW_20150425_050000_FOX_News_Reporting_The_Tangled_Clinton_Web,https://archive.org/download/FOXNEWSW_20150425_050000_FOX_News_Reporting_The_Tangled_Clinton_Web/FOXNEWSW_20150425_050000_FOX_News_Reporting_The_Tangled_Clinton_Web.thumbs/FOXNEWSW_20150425_050000_FOX_News_Reporting_The_Tangled_Clinton_Web_000795.jpg,"william j. clinton presidential foundation are marshalling government and private se sources to attack global hunger poverty, climate change and disease. in other words, basically solving the world's problems. together we can be there for"
https://archive.org/details/FOXNEWSW_20150418_100000_FOX_and_Friends_Saturday#start/5107/end/5142,4/18/2015 11:25:22,FOXNEWS,FOX and Friends Saturday,FOXNEWSW_20150418_100000_FOX_and_Friends_Saturday,https://archive.org/download/FOXNEWSW_20150418_100000_FOX_and_Friends_Saturday/FOXNEWSW_20150418_100000_FOX_and_Friends_Saturday.thumbs/FOXNEWSW_20150418_100000_FOX_and_Friends_Saturday_005085.jpg,"pictures reveal that's how many round trip flights from new york to los angeles actor leonardo decaprio took last year even though is he a climate change activist. that sounds like a lot of carbon emissions."
https://archive.org/details/FOXNEWSW_20150418_143000_Cavuto_on_Business#start/1084/end/1119,4/18/2015 14:48:19,FOXNEWS,Cavuto on Business,FOXNEWSW_20150418_143000_Cavuto_on_Business,https://archive.org/download/FOXNEWSW_20150418_143000_Cavuto_on_Business/FOXNEWSW_20150418_143000_Cavuto_on_Business.thumbs/FOXNEWSW_20150418_143000_Cavuto_on_Business_001065.jpg,"every aspect of american's life claiming apocalyptic climate change. you were just a little boy at the time, you didn't listen. sorry i should have listened. this economy is so dynamic. oh here we go. seriously, if electricity"
https://archive.org/details/FOXNEWSW_20150423_070000_Red_Eye#start/419/end/454,4/23/2015 7:07:14,FOXNEWS,Red Eye,FOXNEWSW_20150423_070000_Red_Eye,https://archive.org/download/FOXNEWSW_20150423_070000_Red_Eye/FOXNEWSW_20150423_070000_Red_Eye.thumbs/FOXNEWSW_20150423_070000_Red_Eye_000405.jpg,"like # climate change is real. it is so real. it is not like the end of 'dallas' when bobbie was shot. this is the real deal. i agree. he is polluting the atmosphere by flying around"
https://archive.org/details/FOXNEWSW_20150426_040000_Justice_With_Judge_Jeanine#start/5840/end/5875,4/26/2015 5:37:35,FOXNEWS,Justice With Judge Jeanine,FOXNEWSW_20150426_040000_Justice_With_Judge_Jeanine,https://archive.org/download/FOXNEWSW_20150426_040000_Justice_With_Judge_Jeanine/FOXNEWSW_20150426_040000_Justice_With_Judge_Jeanine.thumbs/FOXNEWSW_20150426_040000_Justice_With_Judge_Jeanine_005835.jpg,"we're not. though. who the hell said that. but we do need to stay focused on big challenges like climate change. if you haven't noticed california is bone dry. it looked like a trailer for the"
https://archive.org/details/FOXNEWSW_20150419_180000_FOX_News_Sunday_With_Chris_Wallace#start/400/end/435,4/19/2015 18:06:55,FOXNEWS,FOX News Sunday With Chris Wallace,FOXNEWSW_20150419_180000_FOX_News_Sunday_With_Chris_Wallace,https://archive.org/download/FOXNEWSW_20150419_180000_FOX_News_Sunday_With_Chris_Wallace/FOXNEWSW_20150419_180000_FOX_News_Sunday_With_Chris_Wallace.thumbs/FOXNEWSW_20150419_180000_FOX_News_Sunday_With_Chris_Wallace_000375.jpg,"president. are you too moderate? are you too far in the center on nondefense issues to win the republican nomination? not at all. i believe climate change is real but i reject the cap and trade"
https://archive.org/details/FOXNEWSW_20150422_200000_Your_World_With_Neil_Cavuto#start/2259/end/2294,4/22/2015 20:37:54,FOXNEWS,Your World With Neil Cavuto,FOXNEWSW_20150422_200000_Your_World_With_Neil_Cavuto,https://archive.org/download/FOXNEWSW_20150422_200000_Your_World_With_Neil_Cavuto/FOXNEWSW_20150422_200000_Your_World_With_Neil_Cavuto.thumbs/FOXNEWSW_20150422_200000_Your_World_With_Neil_Cavuto_002235.jpg,"adriana? and just don't pollute right? even author those who are firmly in the climate change camp and all that and you want to do something, address it 45 years into this, the earth become a cleaner, better place,"
https://archive.org/details/FOXNEWSW_20150402_030000_The_OReilly_Factor#start/2403/end/2438,4/2/2015 3:40:18,FOXNEWS,The OReilly Factor,FOXNEWSW_20150402_030000_The_OReilly_Factor,https://archive.org/download/FOXNEWSW_20150402_030000_The_OReilly_Factor/FOXNEWSW_20150402_030000_The_OReilly_Factor.thumbs/FOXNEWSW_20150402_030000_The_OReilly_Factor_002385.jpg,"congresswoman barbara lee. she says, quote, women will disproportionately face harmful impacts from climate change particularly in poor and developing nations where women regularly assume increased responsibility for growing the family's food and collecting water fuel"
https://archive.org/details/FOXNEWSW_20150404_070000_Red_Eye#start/2734/end/2769,4/4/2015 7:45:49,FOXNEWS,Red Eye,FOXNEWSW_20150404_070000_Red_Eye,https://archive.org/download/FOXNEWSW_20150404_070000_Red_Eye/FOXNEWSW_20150404_070000_Red_Eye.thumbs/FOXNEWSW_20150404_070000_Red_Eye_002715.jpg,"adapt to climate change it wouldn't have been created. the earth has rhythms and cycles. to think we can change it by an act of will or appetite on the part of the government to take something"
https://archive.org/details/FOXNEWSW_20150425_020000_FOX_News_Reporting_The_Tangled_Clinton_Web#start/792/end/827,4/25/2015 2:13:27,FOXNEWS,FOX News Reporting The Tangled Clinton Web,FOXNEWSW_20150425_020000_FOX_News_Reporting_The_Tangled_Clinton_Web,https://archive.org/download/FOXNEWSW_20150425_020000_FOX_News_Reporting_The_Tangled_Clinton_Web/FOXNEWSW_20150425_020000_FOX_News_Reporting_The_Tangled_Clinton_Web.thumbs/FOXNEWSW_20150425_020000_FOX_News_Reporting_The_Tangled_Clinton_Web_000765.jpg,"was founded in 2001 as the william j. clinton presidential foundation with the state admission partially government and private resources to attack hunger poverty, climate change and disease. in other words, basically solving the world's problems."
https://archive.org/details/FOXNEWSW_20150416_230000_On_the_Record_With_Greta_Van_Susteren#start/1250/end/1285,4/16/2015 23:21:05,FOXNEWS,On the Record With Greta Van Susteren,FOXNEWSW_20150416_230000_On_the_Record_With_Greta_Van_Susteren,https://archive.org/download/FOXNEWSW_20150416_230000_On_the_Record_With_Greta_Van_Susteren/FOXNEWSW_20150416_230000_On_the_Record_With_Greta_Van_Susteren.thumbs/FOXNEWSW_20150416_230000_On_the_Record_With_Greta_Van_Susteren_001245.jpg,"accept these donations from foreign governments? well, they need the money to keep running these programs that they started poverty alleviation and environment. climate change, as well as their healthcare programs. they want to keep them going"
https://archive.org/details/FOXNEWSW_20150411_180000_The_Journal_Editorial_Report#start/1746/end/1781,4/11/2015 18:29:21,FOXNEWS,The Journal Editorial Report,FOXNEWSW_20150411_180000_The_Journal_Editorial_Report,https://archive.org/download/FOXNEWSW_20150411_180000_The_Journal_Editorial_Report/FOXNEWSW_20150411_180000_The_Journal_Editorial_Report.thumbs/FOXNEWSW_20150411_180000_The_Journal_Editorial_Report_001725.jpg,"that people who raise questions about climate change should be punished? [ laughter ] all right. james? this is a hit paul, to major league baseball. you know, a lot of people have been predicting the demise of"
https://archive.org/details/FOXNEWSW_20150426_090000_FOX_News_Reporting_The_Tangled_Clinton_Web#start/793/end/828,4/26/2015 9:13:28,FOXNEWS,FOX News Reporting The Tangled Clinton Web,FOXNEWSW_20150426_090000_FOX_News_Reporting_The_Tangled_Clinton_Web,https://archive.org/download/FOXNEWSW_20150426_090000_FOX_News_Reporting_The_Tangled_Clinton_Web/FOXNEWSW_20150426_090000_FOX_News_Reporting_The_Tangled_Clinton_Web.thumbs/FOXNEWSW_20150426_090000_FOX_News_Reporting_The_Tangled_Clinton_Web_000795.jpg,"was founded in 2001 as the william j. clinton presidential foundation with the state admission partially government and private resources to attack hunger poverty, climate change and disease. in other words, basically solving the world's problems."
https://archive.org/details/FOXNEWSW_20150422_150000_Happening_Now#start/1043/end/1078,4/22/2015 15:17:38,FOXNEWS,Happening Now,FOXNEWSW_20150422_150000_Happening_Now,https://archive.org/download/FOXNEWSW_20150422_150000_Happening_Now/FOXNEWSW_20150422_150000_Happening_Now.thumbs/FOXNEWSW_20150422_150000_Happening_Now_001035.jpg,"abate the role of solar, wind and cleaner fuel as the effects of climate change friend the infrastructure but some republicans have pointed out the report says the u.s. moves away from coal energy affecting transmission needs making the"
https://archive.org/details/FOXNEWSW_20150425_090000_FOX_News_Reporting_The_Tangled_Clinton_Web#start/800/end/835,4/25/2015 9:13:35,FOXNEWS,FOX News Reporting The Tangled Clinton Web,FOXNEWSW_20150425_090000_FOX_News_Reporting_The_Tangled_Clinton_Web,https://archive.org/download/FOXNEWSW_20150425_090000_FOX_News_Reporting_The_Tangled_Clinton_Web/FOXNEWSW_20150425_090000_FOX_News_Reporting_The_Tangled_Clinton_Web.thumbs/FOXNEWSW_20150425_090000_FOX_News_Reporting_The_Tangled_Clinton_Web_000795.jpg,"and private resources to attack hunger poverty, climate change and disease. in other words, basically solving the world's problems. together we can be there for all of our neighbors around the block, around the country and"
https://archive.org/details/FOXNEWSW_20150428_160000_Outnumbered#start/990/end/1025,4/28/2015 16:16:45,FOXNEWS,Outnumbered,FOXNEWSW_20150428_160000_Outnumbered,https://archive.org/download/FOXNEWSW_20150428_160000_Outnumbered/FOXNEWSW_20150428_160000_Outnumbered.thumbs/FOXNEWSW_20150428_160000_Outnumbered_000975.jpg,"discussed how the united states and japan will work together to lead our ttp partners to swift and successful conclusions of the negotiations. we agreed to continue the coordination on climate change. the two countries making the"
https://archive.org/details/FOXNEWSW_20150416_200000_Your_World_With_Neil_Cavuto#start/453/end/488,4/16/2015 20:07:48,FOXNEWS,Your World With Neil Cavuto,FOXNEWSW_20150416_200000_Your_World_With_Neil_Cavuto,https://archive.org/download/FOXNEWSW_20150416_200000_Your_World_With_Neil_Cavuto/FOXNEWSW_20150416_200000_Your_World_With_Neil_Cavuto.thumbs/FOXNEWSW_20150416_200000_Your_World_With_Neil_Cavuto_000435.jpg,"a bad deal is worse than no deal. senator, thank you very much. thank you. now to another war on coal. major challenge to the president's climate change plan. it's plan that murray energy's ceo says is going to cost all of"
https://archive.org/details/FOXNEWSW_20150426_010000_Justice_With_Judge_Jeanine#start/5842/end/5877,4/26/2015 2:37:37,FOXNEWS,Justice With Judge Jeanine,FOXNEWSW_20150426_010000_Justice_With_Judge_Jeanine,https://archive.org/download/FOXNEWSW_20150426_010000_Justice_With_Judge_Jeanine/FOXNEWSW_20150426_010000_Justice_With_Judge_Jeanine.thumbs/FOXNEWSW_20150426_010000_Justice_With_Judge_Jeanine_005835.jpg,"we're not. though. who the hell said that. but we do need to stay focused on big challenges like climate change. if you haven't noticed california is bone dry. it looked like a trailer for the new 'mad max' movie up in there."
https://archive.org/details/FOXNEWSW_20150422_200000_Your_World_With_Neil_Cavuto#start/2338/end/2373,4/22/2015 20:39:13,FOXNEWS,Your World With Neil Cavuto,FOXNEWSW_20150422_200000_Your_World_With_Neil_Cavuto,https://archive.org/download/FOXNEWSW_20150422_200000_Your_World_With_Neil_Cavuto/FOXNEWSW_20150422_200000_Your_World_With_Neil_Cavuto.thumbs/FOXNEWSW_20150422_200000_Your_World_With_Neil_Cavuto_002325.jpg,"part i mean that's -- china and india are going to outcompete us if we keep this let's not deal with climate change. china is investing renewable injury. india is investing in renewable injury. the oil and gas industry in the"
https://archive.org/details/FOXNEWSW_20150417_090000_FOX_and_Friends_First#start/2752/end/2787,4/17/2015 9:46:07,FOXNEWS,FOX and Friends First,FOXNEWSW_20150417_090000_FOX_and_Friends_First,https://archive.org/download/FOXNEWSW_20150417_090000_FOX_and_Friends_First/FOXNEWSW_20150417_090000_FOX_and_Friends_First.thumbs/FOXNEWSW_20150417_090000_FOX_and_Friends_First_002745.jpg,"aspects. the climate change in the u.s. has three judges. the power plants could directly lead to the boss of 300000 jobs. that is according to the american action forum. they say researching carbon emissions will have 90 coal fire"
https://archive.org/details/FOXNEWSW_20150417_020000_Hannity#start/1092/end/1127,4/17/2015 2:18:27,FOXNEWS,Hannity,FOXNEWSW_20150417_020000_Hannity,https://archive.org/download/FOXNEWSW_20150417_020000_Hannity/FOXNEWSW_20150417_020000_Hannity.thumbs/FOXNEWSW_20150417_020000_Hannity_001065.jpg,"if you're charged of adultery you're stoned to death. secondly, it's all charitable work. fighting aids in africa, climate change, responding to earthquake disaster relief in haiti. now, despite that good work it's interesting that at least so far, hillary clinton has not"
https://archive.org/details/FOXNEWSW_20150422_210000_The_Five#start/487/end/522,4/22/2015 21:08:22,FOXNEWS,The Five,FOXNEWSW_20150422_210000_The_Five,https://archive.org/download/FOXNEWSW_20150422_210000_The_Five/FOXNEWSW_20150422_210000_The_Five.thumbs/FOXNEWSW_20150422_210000_The_Five_000465.jpg,"what could happen? right. no one has talked about when president obama said that his children his child got asthma and he blames it on climate change. that's not science. that's what you would call a distortion. how can you have a reasonable"
https://archive.org/details/FOXNEWSW_20150417_210000_The_Five#start/1219/end/1254,4/17/2015 21:20:34,FOXNEWS,The Five,FOXNEWSW_20150417_210000_The_Five,https://archive.org/download/FOXNEWSW_20150417_210000_The_Five/FOXNEWSW_20150417_210000_The_Five.thumbs/FOXNEWSW_20150417_210000_The_Five_001215.jpg,"hurricane katrina was a spring shower. whenever president obama and his administration hears about isis, they lose the oxygen which matters to them most, which is climate change. when he was talking in italy he was -- he spent a lot of time on"
https://archive.org/details/FOXNEWSW_20150417_210000_The_Five#start/1235/end/1270,4/17/2015 21:20:50,FOXNEWS,The Five,FOXNEWSW_20150417_210000_The_Five,https://archive.org/download/FOXNEWSW_20150417_210000_The_Five/FOXNEWSW_20150417_210000_The_Five.thumbs/FOXNEWSW_20150417_210000_The_Five_001215.jpg,"climate change. if we could hypnotize president obama and say that isis is a gas-guzzling suv this war would be over. but this is what happens when the most powerful nation takes their eyes off the road. it's like the dad more"
https://archive.org/details/FOXNEWSW_20150423_150000_Happening_Now#start/1110/end/1145,4/23/2015 15:18:45,FOXNEWS,Happening Now,FOXNEWSW_20150423_150000_Happening_Now,https://archive.org/download/FOXNEWSW_20150423_150000_Happening_Now/FOXNEWSW_20150423_150000_Happening_Now.thumbs/FOXNEWSW_20150423_150000_Happening_Now_001095.jpg,"fund aids, malaria and climate change research, that would be a scam if we were actually trying to do that. that's what's happening here. [laughter] let's unpack a few things there. everyone would agree hillary clinton's numbers on honesty and"
https://archive.org/details/FOXNEWSW_20150404_070000_Red_Eye#start/2767/end/2802,4/4/2015 7:46:22,FOXNEWS,Red Eye,FOXNEWSW_20150404_070000_Red_Eye,https://archive.org/download/FOXNEWSW_20150404_070000_Red_Eye/FOXNEWSW_20150404_070000_Red_Eye.thumbs/FOXNEWSW_20150404_070000_Red_Eye_002745.jpg,"natural resources are not what they are talking about. this is about climate change. it started off as a young person scared to death we were going to have a global ice age. eventually they smartened up and they eventually do call it"
https://archive.org/details/FOXNEWSW_20150411_220000_Americas_News_Headquarters#start/1866/end/1901,4/11/2015 22:31:21,FOXNEWS,Americas News Headquarters,FOXNEWSW_20150411_220000_Americas_News_Headquarters,https://archive.org/download/FOXNEWSW_20150411_220000_Americas_News_Headquarters/FOXNEWSW_20150411_220000_Americas_News_Headquarters.thumbs/FOXNEWSW_20150411_220000_Americas_News_Headquarters_001845.jpg,"nations deal with the impacts of climate change. i reiterated our commitment to ensure that all countries in the hemisphere have open access to climate data as we meet this challenge together. so continued progress on cuba, new commitments to help lift up"
https://archive.org/details/FOXNEWSW_20150413_210000_The_Five#start/818/end/853,4/13/2015 21:13:53,FOXNEWS,The Five,FOXNEWSW_20150413_210000_The_Five,https://archive.org/download/FOXNEWSW_20150413_210000_The_Five/FOXNEWSW_20150413_210000_The_Five.thumbs/FOXNEWSW_20150413_210000_The_Five_000795.jpg,"up to elizabeth warren? she might not. a tweet was put out talking about specific issues economic opportunity, climate change. you are never going to expect somebody to stand up and suddenly talk about substance in their announcement. marco rubio won't do that"
https://archive.org/details/FOXNEWSW_20150420_210000_The_Five#start/1397/end/1432,4/20/2015 21:23:32,FOXNEWS,The Five,FOXNEWSW_20150420_210000_The_Five,https://archive.org/download/FOXNEWSW_20150420_210000_The_Five/FOXNEWSW_20150420_210000_The_Five.thumbs/FOXNEWSW_20150420_210000_The_Five_001395.jpg,"terrorism. you may not say it's partisan or political but that is how president obama feels. climate change is way more important than terrorism. how can you say that? he said it. he has not said that. he walked into the office and"
https://archive.org/details/FOXNEWSW_20150427_050000_FOX_News_Reporting_The_Tangled_Clinton_Web#start/800/end/835,4/27/2015 5:13:35,FOXNEWS,FOX News Reporting The Tangled Clinton Web,FOXNEWSW_20150427_050000_FOX_News_Reporting_The_Tangled_Clinton_Web,https://archive.org/download/FOXNEWSW_20150427_050000_FOX_News_Reporting_The_Tangled_Clinton_Web/FOXNEWSW_20150427_050000_FOX_News_Reporting_The_Tangled_Clinton_Web.thumbs/FOXNEWSW_20150427_050000_FOX_News_Reporting_The_Tangled_Clinton_Web_000795.jpg,"marshalling government in private resources to attack global hunger poverty, climate change and disease. in other words, basically solving the world's problems. together we can be there for all of our neighbors around the block, around the country, and around the world."
https://archive.org/details/FOXNEWSW_20150419_220000_FOX_News_Sunday_With_Chris_Wallace#start/367/end/402,4/19/2015 22:06:22,FOXNEWS,FOX News Sunday With Chris Wallace,FOXNEWSW_20150419_220000_FOX_News_Sunday_With_Chris_Wallace,https://archive.org/download/FOXNEWSW_20150419_220000_FOX_News_Sunday_With_Chris_Wallace/FOXNEWSW_20150419_220000_FOX_News_Sunday_With_Chris_Wallace.thumbs/FOXNEWSW_20150419_220000_FOX_News_Sunday_With_Chris_Wallace_000345.jpg,"in may if i can raise the money i will do it. here is why this people are skeptical: you believe that climate change is real and the federal government must address it. you are open to raising taxes as part of a grand bargain."
https://archive.org/details/FOXNEWSW_20150422_210000_The_Five#start/240/end/275,4/22/2015 21:04:15,FOXNEWS,The Five,FOXNEWSW_20150422_210000_The_Five,https://archive.org/download/FOXNEWSW_20150422_210000_The_Five/FOXNEWSW_20150422_210000_The_Five.thumbs/FOXNEWSW_20150422_210000_The_Five_000225.jpg,"you do not have time to deny the effects of climate change. the next generation they are way ahead of us in understanding how important this is. let's make sure we don't disappoint them. let's stand up and do what is right before it's too late."
https://archive.org/details/FOXNEWSW_20150422_200000_Your_World_With_Neil_Cavuto#start/2196/end/2231,4/22/2015 20:36:51,FOXNEWS,Your World With Neil Cavuto,FOXNEWSW_20150422_200000_Your_World_With_Neil_Cavuto,https://archive.org/download/FOXNEWSW_20150422_200000_Your_World_With_Neil_Cavuto/FOXNEWSW_20150422_200000_Your_World_With_Neil_Cavuto.thumbs/FOXNEWSW_20150422_200000_Your_World_With_Neil_Cavuto_002175.jpg,"civilization is radical islamic terrorism, not climate change. but it is the 45th earth day, you're saying we've got to be aware of the fertility of the planet? is that the gist of it? if you look at the 45 years since earth day, we have cleaner"
https://archive.org/details/FOXNEWSW_20150428_080000_The_OReilly_Factor#start/3173/end/3208,4/28/2015 8:53:08,FOXNEWS,The OReilly Factor,FOXNEWSW_20150428_080000_The_OReilly_Factor,https://archive.org/download/FOXNEWSW_20150428_080000_The_OReilly_Factor/FOXNEWSW_20150428_080000_The_OReilly_Factor.thumbs/FOXNEWSW_20150428_080000_The_OReilly_Factor_003165.jpg,"behaviors of their congregation. it's designed to reach millions of people on the subject of climate change. a teacher is being hailed a hero after stopping what could have been a deadly school shooting. police say a 16-year-old student fired off two shots inside"
https://archive.org/details/FOXNEWSW_20150419_180000_FOX_News_Sunday_With_Chris_Wallace#start/371/end/406,4/19/2015 18:06:26,FOXNEWS,FOX News Sunday With Chris Wallace,FOXNEWSW_20150419_180000_FOX_News_Sunday_With_Chris_Wallace,https://archive.org/download/FOXNEWSW_20150419_180000_FOX_News_Sunday_With_Chris_Wallace/FOXNEWSW_20150419_180000_FOX_News_Sunday_With_Chris_Wallace.thumbs/FOXNEWSW_20150419_180000_FOX_News_Sunday_With_Chris_Wallace_000345.jpg,"it. here's why some people are skeptical and let's put some issues up on the screen. you believe that climate change is real and the federal government must address it, you're open to raising taxes as part of a grand bargain. you support comprehensive"
https://archive.org/details/FOXNEWSW_20150409_020000_Hannity#start/204/end/239,4/9/2015 2:03:39,FOXNEWS,Hannity,FOXNEWSW_20150409_020000_Hannity,https://archive.org/download/FOXNEWSW_20150409_020000_Hannity/FOXNEWSW_20150409_020000_Hannity.thumbs/FOXNEWSW_20150409_020000_Hannity_000195.jpg,"islam teaches peace. here now with reaction author of climate change the facts mark steyn is back with us. you know when he was running for office the first time, you know the tides were going to recede, he was uniquely qualified as somebody that went"
https://archive.org/details/FOXNEWSW_20150409_050000_Hannity#start/234/end/269,4/9/2015 5:04:09,FOXNEWS,Hannity,FOXNEWSW_20150409_050000_Hannity,https://archive.org/download/FOXNEWSW_20150409_050000_Hannity/FOXNEWSW_20150409_050000_Hannity.thumbs/FOXNEWSW_20150409_050000_Hannity_000225.jpg,"islam teaches peace. here now with reaction author of climate change the facts mark steyn is back with us. you know when he was running for office the first time, you know the tides were going to recede, he was uniquely qualified as somebody that went"
https://archive.org/details/FOXNEWSW_20150422_150000_Happening_Now#start/998/end/1033,4/22/2015 15:16:53,FOXNEWS,Happening Now,FOXNEWSW_20150422_150000_Happening_Now,https://archive.org/download/FOXNEWSW_20150422_150000_Happening_Now/FOXNEWSW_20150422_150000_Happening_Now.thumbs/FOXNEWSW_20150422_150000_Happening_Now_000975.jpg,"climate change and terrorism. the report says quoting the national research center, quote, the electric power, the delivery system that carries electricity from large central generators to customers could be severely damaged by a small number of well informed attackers. the system is inherently"
https://archive.org/details/FOXNEWSW_20150422_220000_Special_Report_With_Bret_Baier#start/1935/end/1970,4/22/2015 22:32:30,FOXNEWS,Special Report With Bret Baier,FOXNEWSW_20150422_220000_Special_Report_With_Bret_Baier,https://archive.org/download/FOXNEWSW_20150422_220000_Special_Report_With_Bret_Baier/FOXNEWSW_20150422_220000_Special_Report_With_Bret_Baier.thumbs/FOXNEWSW_20150422_220000_Special_Report_With_Bret_Baier_001935.jpg,"others say they are spending enough to keep them safe. i've seen what their obligations are. remember at the end of the day, if they're not delivering power they're not making money. ultimately that drives them. for the white house a continued focus on climate change. the president even brought with"
https://archive.org/details/FOXNEWSW_20150412_030000_Red_Eye#start/3257/end/3292,4/12/2015 3:54:32,FOXNEWS,Red Eye,FOXNEWSW_20150412_030000_Red_Eye,https://archive.org/download/FOXNEWSW_20150412_030000_Red_Eye/FOXNEWSW_20150412_030000_Red_Eye.thumbs/FOXNEWSW_20150412_030000_Red_Eye_003255.jpg,"off the coast of belize which he plans to turn in to an eco friendly resort. the actor/environmentalists tells the 'new york times' with the onset of climate change there are huge challenges. we want the structure to not only enhance and improve the environment but be a model for"
https://archive.org/details/FOXNEWSW_20150410_200000_Your_World_With_Neil_Cavuto#start/428/end/463,4/10/2015 20:07:23,FOXNEWS,Your World With Neil Cavuto,FOXNEWSW_20150410_200000_Your_World_With_Neil_Cavuto,https://archive.org/download/FOXNEWSW_20150410_200000_Your_World_With_Neil_Cavuto/FOXNEWSW_20150410_200000_Your_World_With_Neil_Cavuto.thumbs/FOXNEWSW_20150410_200000_Your_World_With_Neil_Cavuto_000405.jpg,"i was on in november, telling people it would be brutal but in different places than in the central part of the united states last year. but every year they start revving up the el niño so part is because of the>b climate change issue that they know darn well"
https://archive.org/details/FOXNEWSW_20150418_143000_Cavuto_on_Business#start/870/end/905,4/18/2015 14:44:45,FOXNEWS,Cavuto on Business,FOXNEWSW_20150418_143000_Cavuto_on_Business,https://archive.org/download/FOXNEWSW_20150418_143000_Cavuto_on_Business/FOXNEWSW_20150418_143000_Cavuto_on_Business.thumbs/FOXNEWSW_20150418_143000_Cavuto_on_Business_000855.jpg,"north. charles, is he right? absolutely he's right. we were warned by canada they wouldn't necessarily have to go up to do the right thing. the number one issue for the world is climate change. it will be one degree warmer 100 years from now so we must -- how do you know that?"
https://archive.org/details/FOXNEWSW_20150425_030000_The_OReilly_Factor#start/367/end/402,4/25/2015 3:06:22,FOXNEWS,The OReilly Factor,FOXNEWSW_20150425_030000_The_OReilly_Factor,https://archive.org/download/FOXNEWSW_20150425_030000_The_OReilly_Factor/FOXNEWSW_20150425_030000_The_OReilly_Factor.thumbs/FOXNEWSW_20150425_030000_The_OReilly_Factor_000345.jpg,"foundation because they, like others, want to tackle malaria, aids, climate change and disaster relief. there is a reason why they like to have bill clinton speak to them because he spoke to those issues, too. the timing. they are dropping money into the clinton foundation as these deals were struck or"
https://archive.org/details/FOXNEWSW_20150426_190000_FOX_News_Reporting_The_Tangled_Clinton_Web#start/794/end/829,4/26/2015 19:13:29,FOXNEWS,FOX News Reporting The Tangled Clinton Web,FOXNEWSW_20150426_190000_FOX_News_Reporting_The_Tangled_Clinton_Web,https://archive.org/download/FOXNEWSW_20150426_190000_FOX_News_Reporting_The_Tangled_Clinton_Web/FOXNEWSW_20150426_190000_FOX_News_Reporting_The_Tangled_Clinton_Web.thumbs/FOXNEWSW_20150426_190000_FOX_News_Reporting_The_Tangled_Clinton_Web_000795.jpg,"still the clinton foundation represents sort of a power that was founded in 2001 as the william j. clinton presidential foundation with the state admission partially government and private resources to attack hunger, poverty, climate change and disease. in other words, basically solving the world's problems. together we can be there for"
https://archive.org/details/FOXNEWSW_20150420_060000_FOX_News_Sunday_With_Chris_Wallace#start/365/end/400,4/20/2015 6:06:20,FOXNEWS,FOX News Sunday With Chris Wallace,FOXNEWSW_20150420_060000_FOX_News_Sunday_With_Chris_Wallace,https://archive.org/download/FOXNEWSW_20150420_060000_FOX_News_Sunday_With_Chris_Wallace/FOXNEWSW_20150420_060000_FOX_News_Sunday_With_Chris_Wallace.thumbs/FOXNEWSW_20150420_060000_FOX_News_Sunday_With_Chris_Wallace_000345.jpg,"have something to offer the party and nation. i make that decision in may if i can raise the money i'll do it. here's why some people are skeptical and let's put some issues up on the screen. you believe that climate change is real and the federal government must address it,"
https://archive.org/details/FOXNEWSW_20150425_153000_Cashin_In#start/281/end/316,4/25/2015 15:34:56,FOXNEWS,Cashin In,FOXNEWSW_20150425_153000_Cashin_In,https://archive.org/download/FOXNEWSW_20150425_153000_Cashin_In/FOXNEWSW_20150425_153000_Cashin_In.thumbs/FOXNEWSW_20150425_153000_Cashin_In_000255.jpg,"because they don't really trust the people. you know they say we're all going to die because we're making the world too hot. now we're making it too cold. if you look at polls, only 28% of americans actually think climate change is a big issue. they're not going to buy an electric car when they don't"
