﻿URL,MatchDateTime,Station,Show,IAShowID,IAPreviewThumb,Snippet
https://archive.org/details/FOXNEWS_20110616_010000_Hannity#start/2793/end/2828,6/16/2011 1:46:48,FOXNEWS,Hannity,FOXNEWS_20110616_010000_Hannity,https://archive.org/download/FOXNEWS_20110616_010000_Hannity/FOXNEWS_20110616_010000_Hannity.thumbs/FOXNEWS_20110616_010000_Hannity_002790.jpg,"climate change will -- two different things, apples and . sean: i love you, great liberal. you defend your side well. if it is hot it is global warming. if it is cold it is global warming. if it hails it is global warming."
https://archive.org/details/FOXNEWS_20110623_040000_Hannity#start/2950/end/2985,6/23/2011 4:49:25,FOXNEWS,Hannity,FOXNEWS_20110623_040000_Hannity,https://archive.org/download/FOXNEWS_20110623_040000_Hannity/FOXNEWS_20110623_040000_Hannity.thumbs/FOXNEWS_20110623_040000_Hannity_002940.jpg,"sean: al gore is recommending women have fewer children to help the climate. then he's going after president obama. says never presented american people the magnitude of the climate crisis. what i love about al gore when he was doing his movie talking about global warming,"
https://archive.org/details/FOXNEWS_20110624_010000_Hannity#start/2293/end/2328,6/24/2011 1:38:28,FOXNEWS,Hannity,FOXNEWS_20110624_010000_Hannity,https://archive.org/download/FOXNEWS_20110624_010000_Hannity/FOXNEWS_20110624_010000_Hannity.thumbs/FOXNEWS_20110624_010000_Hannity_002280.jpg,"environment any more steve. a whole group of environmental scientists got caught lying, distorting, probe began dicing about 0 -- probe began dicing about so-called global warming,"
https://archive.org/details/FOXNEWS_20110621_060000_Glenn_Beck#start/2763/end/2798,6/21/2011 6:46:18,FOXNEWS,Glenn Beck,FOXNEWS_20110621_060000_Glenn_Beck,https://archive.org/download/FOXNEWS_20110621_060000_Glenn_Beck/FOXNEWS_20110621_060000_Glenn_Beck.thumbs/FOXNEWS_20110621_060000_Glenn_Beck_002760.jpg,"we built a seed vault with a seed from everything we can find in the world. like noah's ark of seeds. who spent the money? what are they doing? it's not global warming crap."
https://archive.org/details/FOXNEWS_20110624_010000_Hannity#start/2353/end/2388,6/24/2011 1:39:28,FOXNEWS,Hannity,FOXNEWS_20110624_010000_Hannity,https://archive.org/download/FOXNEWS_20110624_010000_Hannity/FOXNEWS_20110624_010000_Hannity.thumbs/FOXNEWS_20110624_010000_Hannity_002340.jpg,"primarily, i read the entire document that was passed and is going to be implemented -- let me finish. sean: science has been contradicted. [ talking over each other ] it doesn't say a thing about global warming."
https://archive.org/details/FOXNEWS_20110624_040000_Hannity#start/2531/end/2566,6/24/2011 4:42:26,FOXNEWS,Hannity,FOXNEWS_20110624_040000_Hannity,https://archive.org/download/FOXNEWS_20110624_040000_Hannity/FOXNEWS_20110624_040000_Hannity.thumbs/FOXNEWS_20110624_040000_Hannity_002520.jpg,"world war ii in the early 60s rachel carson and her book there's been no -- [ talking over each other ] you read me where it says the word climate change?"
https://archive.org/details/FOXNEWS_20110630_200000_Your_World_With_Neil_Cavuto#start/2604/end/2639,6/30/2011 20:43:39,FOXNEWS,Your World With Neil Cavuto,FOXNEWS_20110630_200000_Your_World_With_Neil_Cavuto,https://archive.org/download/FOXNEWS_20110630_200000_Your_World_With_Neil_Cavuto/FOXNEWS_20110630_200000_Your_World_With_Neil_Cavuto.thumbs/FOXNEWS_20110630_200000_Your_World_With_Neil_Cavuto_002604.jpg,"oppression in california. i got off the plane the associated press asked me what it was like to be in texas and i said even the air is free to breathe. neil: is it not free in california? guest: with cap and trade and the global warming"
https://archive.org/details/FOXNEWS_20110623_040000_Hannity#start/2981/end/3016,6/23/2011 4:49:56,FOXNEWS,Hannity,FOXNEWS_20110623_040000_Hannity,https://archive.org/download/FOXNEWS_20110623_040000_Hannity/FOXNEWS_20110623_040000_Hannity.thumbs/FOXNEWS_20110623_040000_Hannity_002970.jpg,"out because you have to have certain hush kits, you can't land in certain airports because it has to be up to modification -- [ talking over each other ] i hope -- sean: watch out where hannity cameras go up. i hope climate change is an"
https://archive.org/details/FOXNEWS_20110623_010000_Hannity#start/2955/end/2990,6/23/2011 1:49:30,FOXNEWS,Hannity,FOXNEWS_20110623_010000_Hannity,https://archive.org/download/FOXNEWS_20110623_010000_Hannity/FOXNEWS_20110623_010000_Hannity.thumbs/FOXNEWS_20110623_010000_Hannity_002940.jpg,"then he's going after president obama. says never presented american people the magnitude of the climate crisis. what i love about al gore when he was doing his movie talking about global warming, he's flying around on a gulfstream."
https://archive.org/details/FOXNEWS_20110630_070000_Red_Eye#start/226/end/261,6/30/2011 7:04:01,FOXNEWS,Red Eye,FOXNEWS_20110630_070000_Red_Eye,https://archive.org/download/FOXNEWS_20110630_070000_Red_Eye/FOXNEWS_20110630_070000_Red_Eye.thumbs/FOXNEWS_20110630_070000_Red_Eye_000210.jpg,"one concern is what type of education will it be? will it be fact based or theory based. it is usually politically driven. it is going to be about global warming or climate change. that will never happen."
https://archive.org/details/FOXNEWS_20110611_150000_Forbes_on_FOX#start/1407/end/1442,6/11/2011 15:23:42,FOXNEWS,Forbes on FOX,FOXNEWS_20110611_150000_Forbes_on_FOX,https://archive.org/download/FOXNEWS_20110611_150000_Forbes_on_FOX/FOXNEWS_20110611_150000_Forbes_on_FOX.thumbs/FOXNEWS_20110611_150000_Forbes_on_FOX_001380.jpg,"i don't like the bad products. but indoor pollution is real and climate change going on i do my part to add to global warming when i am on the show. people are getting sick inside"
https://archive.org/details/FOXNEWS_20110616_040000_Hannity#start/2769/end/2804,6/16/2011 4:46:24,FOXNEWS,Hannity,FOXNEWS_20110616_040000_Hannity,https://archive.org/download/FOXNEWS_20110616_040000_Hannity/FOXNEWS_20110616_040000_Hannity.thumbs/FOXNEWS_20110616_040000_Hannity_002760.jpg,"our head in the sand while the climate has shifted. it is climate change global warming is a misnomer. tornadoes in massachusetts -- sean: we've had tornadoes as far as history records. this is not normal this is"
https://archive.org/details/FOXNEWS_20110616_010000_Hannity#start/2760/end/2795,6/16/2011 1:46:15,FOXNEWS,Hannity,FOXNEWS_20110616_010000_Hannity,https://archive.org/download/FOXNEWS_20110616_010000_Hannity/FOXNEWS_20110616_010000_Hannity.thumbs/FOXNEWS_20110616_010000_Hannity_002760.jpg,"begin again and realize that they screwed their agenda. great distraction technique for the last 20 years we put our head in the sand while the climate has shifted. it is climate change global warming is a misnomer."
https://archive.org/details/FOXNEWS_20110622_220000_Special_Report_With_Bret_Baier#start/2027/end/2062,6/22/2011 22:34:02,FOXNEWS,Special Report With Bret Baier,FOXNEWS_20110622_220000_Special_Report_With_Bret_Baier,https://archive.org/download/FOXNEWS_20110622_220000_Special_Report_With_Bret_Baier/FOXNEWS_20110622_220000_Special_Report_With_Bret_Baier.thumbs/FOXNEWS_20110622_220000_Special_Report_With_Bret_Baier_002004.jpg,"an answer, too. to many, james hampton is the face of climate change. outspoken nasa scientist who claimed on national tv that president george w. bush tried to sensor the research and global warming. we have a good"
https://archive.org/details/FOXNEWS_20110628_080000_Special_Report_With_Bret_Baier#start/1513/end/1548,6/28/2011 8:25:28,FOXNEWS,Special Report With Bret Baier,FOXNEWS_20110628_080000_Special_Report_With_Bret_Baier,https://archive.org/download/FOXNEWS_20110628_080000_Special_Report_With_Bret_Baier/FOXNEWS_20110628_080000_Special_Report_With_Bret_Baier.thumbs/FOXNEWS_20110628_080000_Special_Report_With_Bret_Baier_001495.jpg,"what type of education is it going to be? fact-based or theory-based which is usually politically driven, think with that as global warming or climate change. people feel concerned about the content. what is important to know this new requirement doesn't"
https://archive.org/details/FOXNEWS_20110627_220000_Special_Report_With_Bret_Baier#start/1514/end/1549,6/27/2011 22:25:29,FOXNEWS,Special Report With Bret Baier,FOXNEWS_20110627_220000_Special_Report_With_Bret_Baier,https://archive.org/download/FOXNEWS_20110627_220000_Special_Report_With_Bret_Baier/FOXNEWS_20110627_220000_Special_Report_With_Bret_Baier.thumbs/FOXNEWS_20110627_220000_Special_Report_With_Bret_Baier_001495.jpg,"what type of education is it going to be? fact-based or theory-based which is usually politically driven, think with that as global warming or climate change. people feel concerned about the content. what is important to know this new requirement doesn't"
https://archive.org/details/FOXNEWS_20110627_170000_America_Live#start/1870/end/1905,6/27/2011 17:31:25,FOXNEWS,America Live,FOXNEWS_20110627_170000_America_Live,https://archive.org/download/FOXNEWS_20110627_170000_America_Live/FOXNEWS_20110627_170000_America_Live.thumbs/FOXNEWS_20110627_170000_America_Live_001860.jpg,"theory-based, which is usually politically driven. you can think with that it's going to be about global warming or climate change. reporter: this is a regulation from the maryland state board of education not a law passed by the state legislature. what does the regulation require? that's not clear either."
https://archive.org/details/FOXNEWS_20110616_040000_Hannity#start/2800/end/2835,6/16/2011 4:46:55,FOXNEWS,Hannity,FOXNEWS_20110616_040000_Hannity,https://archive.org/download/FOXNEWS_20110616_040000_Hannity/FOXNEWS_20110616_040000_Hannity.thumbs/FOXNEWS_20110616_040000_Hannity_002790.jpg,"if it is hot it is global warming. if it is cold it is global warming. if it hails it is global warming. gingrich and romney are saying it is happening, are you behind them? sean: i disagree. i believe man has an impact on"
https://archive.org/details/FOXNEWS_20110624_040000_Hannity#start/2356/end/2391,6/24/2011 4:39:31,FOXNEWS,Hannity,FOXNEWS_20110624_040000_Hannity,https://archive.org/download/FOXNEWS_20110624_040000_Hannity/FOXNEWS_20110624_040000_Hannity.thumbs/FOXNEWS_20110624_040000_Hannity_002340.jpg,"is going to be implemented -- let me finish. sean: science has been contradicted. [ talking over each other ] it doesn't say a thing about global warming. it is not about global warming. read the point --  _"
https://archive.org/details/FOXNEWS_20110623_210000_Glenn_Beck#start/2839/end/2874,6/23/2011 21:47:34,FOXNEWS,Glenn Beck,FOXNEWS_20110623_210000_Glenn_Beck,https://archive.org/download/FOXNEWS_20110623_210000_Glenn_Beck/FOXNEWS_20110623_210000_Glenn_Beck.thumbs/FOXNEWS_20110623_210000_Glenn_Beck_002820.jpg,"storage. 200 year of gas and 300 years of coal. glenn: what about global warming? there is no such thing as global warming. in my opinion you have hundreds of factors that cause the earth to warm and cool."
https://archive.org/details/FOXNEWS_20110616_010000_Hannity#start/2684/end/2719,6/16/2011 1:44:59,FOXNEWS,Hannity,FOXNEWS_20110616_010000_Hannity,https://archive.org/download/FOXNEWS_20110616_010000_Hannity/FOXNEWS_20110616_010000_Hannity.thumbs/FOXNEWS_20110616_010000_Hannity_002670.jpg,"global warming hysteria. we have pictures of al gore him getting off his gulfstream jet into his huge limo to be driven everywhere. now we have reports suggesting it is not going to be global warming now back to"
https://archive.org/details/FOXNEWS_20110624_060000_Glenn_Beck#start/2838/end/2873,6/24/2011 6:47:33,FOXNEWS,Glenn Beck,FOXNEWS_20110624_060000_Glenn_Beck,https://archive.org/download/FOXNEWS_20110624_060000_Glenn_Beck/FOXNEWS_20110624_060000_Glenn_Beck.thumbs/FOXNEWS_20110624_060000_Glenn_Beck_002820.jpg,"200 year of gas and 300 years of coal. glenn: what about global warming? there is no such thing as global warming. in my opinion you have hundreds of factors that cause the earth to warm and cool."
https://archive.org/details/FOXNEWS_20110616_040000_Hannity#start/2786/end/2821,6/16/2011 4:46:41,FOXNEWS,Hannity,FOXNEWS_20110616_040000_Hannity,https://archive.org/download/FOXNEWS_20110616_040000_Hannity/FOXNEWS_20110616_040000_Hannity.thumbs/FOXNEWS_20110616_040000_Hannity_002760.jpg,"climate change. we are talking two different things. sun spots the shift will make us cooler. climate change will -- two different things, apples and . sean: i love you, great liberal. you defend your side well."
https://archive.org/details/FOXNEWS_20110628_210000_Glenn_Beck#start/166/end/201,6/28/2011 21:03:01,FOXNEWS,Glenn Beck,FOXNEWS_20110628_210000_Glenn_Beck,https://archive.org/download/FOXNEWS_20110628_210000_Glenn_Beck/FOXNEWS_20110628_210000_Glenn_Beck.thumbs/FOXNEWS_20110628_210000_Glenn_Beck_000150.jpg,"now silencing people is what they do best. if you dare to be skeptical on global climate change and according to the scientists maybe you should be branded. this is from the 'los angeles times.' this has to be a joke. surely it's time for climate-change deniers to have"
https://archive.org/details/FOXNEWS_20110602_150000_Happening_Now#start/6778/end/6813,6/2/2011 16:53:13,FOXNEWS,Happening Now,FOXNEWS_20110602_150000_Happening_Now,https://archive.org/download/FOXNEWS_20110602_150000_Happening_Now/FOXNEWS_20110602_150000_Happening_Now.thumbs/FOXNEWS_20110602_150000_Happening_Now_006769.jpg,"ain. every landfill produces methane which on the one hand is a dangerous greenhouse gas but is the key gleaneddent in lng, liquified natural gas, harvesting that methane and turning it into something beneficial is behind the gar"
https://archive.org/details/FOXNEWS_20110624_040000_Hannity#start/2295/end/2330,6/24/2011 4:38:30,FOXNEWS,Hannity,FOXNEWS_20110624_040000_Hannity,https://archive.org/download/FOXNEWS_20110624_040000_Hannity/FOXNEWS_20110624_040000_Hannity.thumbs/FOXNEWS_20110624_040000_Hannity_002280.jpg,"scientists got caught lying, distorting, probe began dicing about 0 -- probe began dicing about so-called global warming, the science is at best anything but consistent."
https://archive.org/details/FOXNEWS_20110611_040000_Hannity#start/2726/end/2761,6/11/2011 4:45:41,FOXNEWS,Hannity,FOXNEWS_20110611_040000_Hannity,https://archive.org/download/FOXNEWS_20110611_040000_Hannity/FOXNEWS_20110611_040000_Hannity.thumbs/FOXNEWS_20110611_040000_Hannity_002700.jpg,"staff. romney is skipping the iowa straw poll. some conservatives didn't like his comments about the environment and global warming. palin, i love she is giving them fits everyday."
https://archive.org/details/FOXNEWS_20110624_010000_Hannity#start/1945/end/1980,6/24/2011 1:32:40,FOXNEWS,Hannity,FOXNEWS_20110624_010000_Hannity,https://archive.org/download/FOXNEWS_20110624_010000_Hannity/FOXNEWS_20110624_010000_Hannity.thumbs/FOXNEWS_20110624_010000_Hannity_001950.jpg,"we'll do that. sean: the state of maryland pushing the global warming agenda and mandates public schools force a curriculum of environmental literacy. we'll tell you about what"
https://archive.org/details/FOXNEWS_20110611_150000_Forbes_on_FOX#start/1514/end/1549,6/11/2011 15:25:29,FOXNEWS,Forbes on FOX,FOXNEWS_20110611_150000_Forbes_on_FOX,https://archive.org/download/FOXNEWS_20110611_150000_Forbes_on_FOX/FOXNEWS_20110611_150000_Forbes_on_FOX.thumbs/FOXNEWS_20110611_150000_Forbes_on_FOX_001500.jpg,"have that kind around forever. i hope we build better solar panels and windmill. this show has been gone more than 10 years and people used to deny global warming was true .  _"
https://archive.org/details/FOXNEWS_20110616_060000_Glenn_Beck#start/889/end/924,6/16/2011 6:15:04,FOXNEWS,Glenn Beck,FOXNEWS_20110616_060000_Glenn_Beck,https://archive.org/download/FOXNEWS_20110616_060000_Glenn_Beck/FOXNEWS_20110616_060000_Glenn_Beck.thumbs/FOXNEWS_20110616_060000_Glenn_Beck_000870.jpg,"yes. their partner, too. solving global warming means investing infrastructure an build strong community and good jobs. they are shifting to low carbon economy today. in the face of federal"
https://archive.org/details/FOXNEWS_20110616_040000_Hannity#start/3382/end/3417,6/16/2011 4:56:37,FOXNEWS,Hannity,FOXNEWS_20110616_040000_Hannity,https://archive.org/download/FOXNEWS_20110616_040000_Hannity/FOXNEWS_20110616_040000_Hannity.thumbs/FOXNEWS_20110616_040000_Hannity_003360.jpg,"green room -- i'm sure mitt is a nice guy. i'm saying come on the global warming thing. how did the ice melt during the ice ages? was the dinosaurs driving suv's"
https://archive.org/details/FOXNEWS_20110616_040000_Hannity#start/2675/end/2710,6/16/2011 4:44:50,FOXNEWS,Hannity,FOXNEWS_20110616_040000_Hannity,https://archive.org/download/FOXNEWS_20110616_040000_Hannity/FOXNEWS_20110616_040000_Hannity.thumbs/FOXNEWS_20110616_040000_Hannity_002670.jpg,"'time' magazine the next ice age is coming. somehow, 30 years that has evolved into this global warming hysteria. we have pictures of al gore him getting off his gulfstream"
https://archive.org/details/FOXNEWS_20110615_210000_Glenn_Beck#start/889/end/924,6/15/2011 21:15:04,FOXNEWS,Glenn Beck,FOXNEWS_20110615_210000_Glenn_Beck,https://archive.org/download/FOXNEWS_20110615_210000_Glenn_Beck/FOXNEWS_20110615_210000_Glenn_Beck.thumbs/FOXNEWS_20110615_210000_Glenn_Beck_000870.jpg,"yes. their partner, too. solving global warming means investing infrastructure an build strong community and good jobs. they are shifting to low carbon economy today. in the face of federal"
https://archive.org/details/FOXNEWS_20110624_040000_Hannity#start/1939/end/1974,6/24/2011 4:32:34,FOXNEWS,Hannity,FOXNEWS_20110624_040000_Hannity,https://archive.org/download/FOXNEWS_20110624_040000_Hannity/FOXNEWS_20110624_040000_Hannity.thumbs/FOXNEWS_20110624_040000_Hannity_001920.jpg,"look at it, right there. sean: autograph it, put it online on ebay for charity. we'll do that. sean: the state of maryland pushing the global warming agenda and mandates public"
https://archive.org/details/FOXNEWS_20110629_210000_Glenn_Beck#start/3279/end/3314,6/29/2011 21:54:54,FOXNEWS,Glenn Beck,FOXNEWS_20110629_210000_Glenn_Beck,https://archive.org/download/FOXNEWS_20110629_210000_Glenn_Beck/FOXNEWS_20110629_210000_Glenn_Beck.thumbs/FOXNEWS_20110629_210000_Glenn_Beck_003270.jpg,"sits on the advisory council and turned over the agenda to global warming to fit the agenda of the president or the corporation jep electric. abc did what was a primetime"
https://archive.org/details/FOXNEWS_20110622_170000_America_Live#start/6816/end/6851,6/22/2011 18:53:51,FOXNEWS,America Live,FOXNEWS_20110622_170000_America_Live,https://archive.org/download/FOXNEWS_20110622_170000_America_Live/FOXNEWS_20110622_170000_America_Live.thumbs/FOXNEWS_20110622_170000_America_Live_006810.jpg,"accused of using his celebrity status in the scientific world to enrich himself. he said the bush administration tried to silence him and his global warming claims. now he faces tough ethics"
https://archive.org/details/FOXNEWS_20110622_220000_Special_Report_With_Bret_Baier#start/1857/end/1892,6/22/2011 22:31:12,FOXNEWS,Special Report With Bret Baier,FOXNEWS_20110622_220000_Special_Report_With_Bret_Baier,https://archive.org/download/FOXNEWS_20110622_220000_Special_Report_With_Bret_Baier/FOXNEWS_20110622_220000_Special_Report_With_Bret_Baier.thumbs/FOXNEWS_20110622_220000_Special_Report_With_Bret_Baier_001854.jpg,"now, former president al gore is criticizing obama's global warming record in upcoming 'rolling stone' essay. gore says president obama failed to stand up for 'bold action' and made little progress since the priest"
https://archive.org/details/FOXNEWS_20110622_170000_America_Live#start/6863/end/6898,6/22/2011 18:54:38,FOXNEWS,America Live,FOXNEWS_20110622_170000_America_Live,https://archive.org/download/FOXNEWS_20110622_170000_America_Live/FOXNEWS_20110622_170000_America_Live.thumbs/FOXNEWS_20110622_170000_America_Live_006840.jpg,"with the outspoken nasa scientist james hanson who claims global warming is real. but a lawsuit filed yesterday claims hanson, a celebrity and modern day hero to the green movement pulled in $1.2 million"
https://archive.org/details/FOXNEWS_20110605_000000_Huckabee#start/858/end/893,6/5/2011 0:14:33,FOXNEWS,Huckabee,FOXNEWS_20110605_000000_Huckabee,https://archive.org/download/FOXNEWS_20110605_000000_Huckabee/FOXNEWS_20110605_000000_Huckabee.thumbs/FOXNEWS_20110605_000000_Huckabee_000836.jpg,"mission on medicare with senior citizens and independents who swung the election and i don't know what happened. romney the front runner made a comment about global warming that sounded like more al gore from al gore .  _"
https://archive.org/details/FOXNEWS_20110630_070000_Red_Eye#start/393/end/428,6/30/2011 7:06:48,FOXNEWS,Red Eye,FOXNEWS_20110630_070000_Red_Eye,https://archive.org/download/FOXNEWS_20110630_070000_Red_Eye/FOXNEWS_20110630_070000_Red_Eye.thumbs/FOXNEWS_20110630_070000_Red_Eye_000390.jpg,"two, not number one. you can tell that. no dog can create some of those things. how can this not end up propaganda? if you teach something like global warming or the environment, there is no facts."
https://archive.org/details/FOXNEWS_20110630_070000_Red_Eye#start/1952/end/1987,6/30/2011 7:32:47,FOXNEWS,Red Eye,FOXNEWS_20110630_070000_Red_Eye,https://archive.org/download/FOXNEWS_20110630_070000_Red_Eye/FOXNEWS_20110630_070000_Red_Eye.thumbs/FOXNEWS_20110630_070000_Red_Eye_001950.jpg,"i had to make some overseas calls. you have to watch the long distance fees. yeah, i know. i used your access number. matt, you said there were no facts involving global warming, and it would be teaching theory."
https://archive.org/details/FOXNEWS_20110630_200000_Your_World_With_Neil_Cavuto#start/2619/end/2654,6/30/2011 20:43:54,FOXNEWS,Your World With Neil Cavuto,FOXNEWS_20110630_200000_Your_World_With_Neil_Cavuto,https://archive.org/download/FOXNEWS_20110630_200000_Your_World_With_Neil_Cavuto/FOXNEWS_20110630_200000_Your_World_With_Neil_Cavuto.thumbs/FOXNEWS_20110630_200000_Your_World_With_Neil_Cavuto_002604.jpg,"initiative california has taken the lead in it and it is going to cost a million jobs and it will be very difficult to compete on a global skill if we have global warming mitigation it will be impossible."
https://archive.org/details/FOXNEWS_20110611_010000_Hannity#start/2722/end/2757,6/11/2011 1:45:37,FOXNEWS,Hannity,FOXNEWS_20110611_010000_Hannity,https://archive.org/download/FOXNEWS_20110611_010000_Hannity/FOXNEWS_20110611_010000_Hannity.thumbs/FOXNEWS_20110611_010000_Hannity_002640.jpg,"sean: we continue with our great american panel. newt had issues with his staff. romney is skipping the iowa straw poll. some conservatives didn't like his comments about the environment and global warming. palin, i love she is giving"
https://archive.org/details/FOXNEWS_20110616_010000_Hannity#start/2745/end/2780,6/16/2011 1:46:00,FOXNEWS,Hannity,FOXNEWS_20110616_010000_Hannity,https://archive.org/download/FOXNEWS_20110616_010000_Hannity/FOXNEWS_20110616_010000_Hannity.thumbs/FOXNEWS_20110616_010000_Hannity_002730.jpg,"make themselves famous by hyping up global warming. now they are left with nothing because they've corrupted the science and nobody trusts it, it is over. sean: like the e-mails they manufactured. start over, let the debate"
https://archive.org/details/FOXNEWS_20110616_010000_Hannity#start/3350/end/3385,6/16/2011 1:56:05,FOXNEWS,Hannity,FOXNEWS_20110616_010000_Hannity,https://archive.org/download/FOXNEWS_20110616_010000_Hannity/FOXNEWS_20110616_010000_Hannity.thumbs/FOXNEWS_20110616_010000_Hannity_003330.jpg,"i got to tell you something about romney. sean: you voting for mitt? no. sean: i'm asking? not now he's a big global warming guy. i think he's been holding his hair under the hair dryer too long."
https://archive.org/details/FOXNEWS_20110605_070000_Stossel#start/856/end/891,6/5/2011 7:14:31,FOXNEWS,Stossel,FOXNEWS_20110605_070000_Stossel,https://archive.org/download/FOXNEWS_20110605_070000_Stossel/FOXNEWS_20110605_070000_Stossel.thumbs/FOXNEWS_20110605_070000_Stossel_000840.jpg,"mission on medicare with senior citizens and independents who swung the election and i don't know what happened. romney the front runner made a comment about global warming that sounded like more al gore from al gore .  _"
https://archive.org/details/FOXNEWS_20110606_030000_Huckabee#start/864/end/899,6/6/2011 3:14:39,FOXNEWS,Huckabee,FOXNEWS_20110606_030000_Huckabee,https://archive.org/download/FOXNEWS_20110606_030000_Huckabee/FOXNEWS_20110606_030000_Huckabee.thumbs/FOXNEWS_20110606_030000_Huckabee_000840.jpg,"comment about global warming that sounded like more al gore from al gore . i thought it was. did he think he has the nomination. and problem of running primary and general is a difficult one as you can imagine."
https://archive.org/details/FOXNEWS_20110623_050000_Greta_Van_Susteren#start/3217/end/3252,6/23/2011 5:53:52,FOXNEWS,Greta Van Susteren,FOXNEWS_20110623_050000_Greta_Van_Susteren,https://archive.org/download/FOXNEWS_20110623_050000_Greta_Van_Susteren/FOXNEWS_20110623_050000_Greta_Van_Susteren.thumbs/FOXNEWS_20110623_050000_Greta_Van_Susteren_003210.jpg,"president obama. he's criticizing the president's record on global warming. he wrote a long essay in rolling stone claiming that president obama failed to tackle the problem. yes, ouch by both of them. he wears his sunglasses at night."
https://archive.org/details/FOXNEWS_20110617_080000_Special_Report_With_Bret_Baier#start/1858/end/1893,6/17/2011 8:31:13,FOXNEWS,Special Report With Bret Baier,FOXNEWS_20110617_080000_Special_Report_With_Bret_Baier,https://archive.org/download/FOXNEWS_20110617_080000_Special_Report_With_Bret_Baier/FOXNEWS_20110617_080000_Special_Report_With_Bret_Baier.thumbs/FOXNEWS_20110617_080000_Special_Report_With_Bret_Baier_001615.jpg,"you may not have to worry about global warming for a while. we'll tell you why in the grapevine. while you were struggling. guess which of the rich got richer?. bret: now fresh pickings from the political grapevine."
https://archive.org/details/FOXNEWS_20110617_080000_Special_Report_With_Bret_Baier#start/1924/end/1959,6/17/2011 8:32:19,FOXNEWS,Special Report With Bret Baier,FOXNEWS_20110617_080000_Special_Report_With_Bret_Baier,https://archive.org/download/FOXNEWS_20110617_080000_Special_Report_With_Bret_Baier/FOXNEWS_20110617_080000_Special_Report_With_Bret_Baier.thumbs/FOXNEWS_20110617_080000_Special_Report_With_Bret_Baier_001914.jpg,"decades. frank hill calls it unusual and unexpected they're still trying to figure out what it would mean with the earth quy claim. 'associated press' says it might mean less increase in global warming. sun spot hibernation happened"
https://archive.org/details/FOXNEWS_20110630_060000_Glenn_Beck#start/3284/end/3319,6/30/2011 6:54:59,FOXNEWS,Glenn Beck,FOXNEWS_20110630_060000_Glenn_Beck,https://archive.org/download/FOXNEWS_20110630_060000_Glenn_Beck/FOXNEWS_20110630_060000_Glenn_Beck.thumbs/FOXNEWS_20110630_060000_Glenn_Beck_003270.jpg,"and turned over the agenda to global warming to fit the agenda of the president or the corporation jep electric. abc did what was a primetime infomercial for obamacare in the most heated time of that"
https://archive.org/details/FOXNEWS_20110603_100000_FOX_and_Friends#start/6327/end/6362,6/3/2011 11:45:42,FOXNEWS,FOX and Friends,FOXNEWS_20110603_100000_FOX_and_Friends,https://archive.org/download/FOXNEWS_20110603_100000_FOX_and_Friends/FOXNEWS_20110603_100000_FOX_and_Friends.thumbs/FOXNEWS_20110603_100000_FOX_and_Friends_006289.jpg,"challenged his company's annual shareholders meeting for not disclosing google investments in the green energy projects of a fellow board member. a global warming law proponent and al gore's business partner. how could that happen? fox news contributor daneen"
https://archive.org/details/FOXNEWS_20110624_010000_Hannity#start/2367/end/2402,6/24/2011 1:39:42,FOXNEWS,Hannity,FOXNEWS_20110624_010000_Hannity,https://archive.org/download/FOXNEWS_20110624_010000_Hannity/FOXNEWS_20110624_010000_Hannity.thumbs/FOXNEWS_20110624_010000_Hannity_002340.jpg,"it is not about global warming. read the point -- [ talking over each other ] sean: go ahead. it is about the chesapeake bay, sean. it is about the bay and the runoff into the bay. sewed sewed go ahead --  _"
https://archive.org/details/FOXNEWS_20110621_000000_The_OReilly_Factor#start/166/end/201,6/21/2011 0:03:01,FOXNEWS,The OReilly Factor,FOXNEWS_20110621_000000_The_OReilly_Factor,https://archive.org/download/FOXNEWS_20110621_000000_The_OReilly_Factor/FOXNEWS_20110621_000000_The_OReilly_Factor.thumbs/FOXNEWS_20110621_000000_The_OReilly_Factor_000150.jpg,"redistribution global warming you name the liberal issue the 'new york times' promotes it for mr. stewart to not understand that as a new yorker is perplexing. but stewart was correct about one thing. he, himself, is not in the"
https://archive.org/details/FOXNEWS_20110618_070000_Red_Eye#start/1534/end/1569,6/18/2011 7:25:49,FOXNEWS,Red Eye,FOXNEWS_20110618_070000_Red_Eye,https://archive.org/download/FOXNEWS_20110618_070000_Red_Eye/FOXNEWS_20110618_070000_Red_Eye.thumbs/FOXNEWS_20110618_070000_Red_Eye_001530.jpg,"and they call their fees cease alternate compost, which doesn't make it taste any better. and global warming will push them south. actually they will go back to your hometown. the times did this because they thought it was cool."
https://archive.org/details/FOXNEWS_20110620_210000_Glenn_Beck#start/2765/end/2800,6/20/2011 21:46:20,FOXNEWS,Glenn Beck,FOXNEWS_20110620_210000_Glenn_Beck,https://archive.org/download/FOXNEWS_20110620_210000_Glenn_Beck/FOXNEWS_20110620_210000_Glenn_Beck.thumbs/FOXNEWS_20110620_210000_Glenn_Beck_002760.jpg,"we built a seed vault with a seed from everything we can find in the world. like noah's ark of seeds. who spent the money? what are they doing? it's not global warming crap. if it's, if it's five degrees"
https://archive.org/details/FOXNEWS_20110621_030000_The_OReilly_Factor#start/168/end/203,6/21/2011 3:03:03,FOXNEWS,The OReilly Factor,FOXNEWS_20110621_030000_The_OReilly_Factor,https://archive.org/download/FOXNEWS_20110621_030000_The_OReilly_Factor/FOXNEWS_20110621_030000_The_OReilly_Factor.thumbs/FOXNEWS_20110621_030000_The_OReilly_Factor_000150.jpg,"redistribution global warming you name the liberal issue the 'new york times' promotes it for mr. stewart to not understand that as a new yorker is perplexing. but stewart was correct about one thing. he, himself, is not in the business of promoting"
https://archive.org/details/FOXNEWS_20110606_070000_Huckabee#start/858/end/893,6/6/2011 7:14:33,FOXNEWS,Huckabee,FOXNEWS_20110606_070000_Huckabee,https://archive.org/download/FOXNEWS_20110606_070000_Huckabee/FOXNEWS_20110606_070000_Huckabee.thumbs/FOXNEWS_20110606_070000_Huckabee_000840.jpg,"independents who swung the election and i don't know what happened. romney the front runner made a comment about global warming that sounded like more al gore from al gore . i thought it was. did he think he has the"
https://archive.org/details/FOXNEWS_20110606_000000_Huckabee#start/852/end/887,6/6/2011 0:14:27,FOXNEWS,Huckabee,FOXNEWS_20110606_000000_Huckabee,https://archive.org/download/FOXNEWS_20110606_000000_Huckabee/FOXNEWS_20110606_000000_Huckabee.thumbs/FOXNEWS_20110606_000000_Huckabee_000840.jpg,"seem to be on a suicide mission on medicare with senior citizens and independents who swung the election and i don't know what happened. romney the front runner made a comment about global warming that sounded like more al gore"
https://archive.org/details/FOXNEWS_20110616_220000_Special_Report_With_Bret_Baier#start/1932/end/1967,6/16/2011 22:32:27,FOXNEWS,Special Report With Bret Baier,FOXNEWS_20110616_220000_Special_Report_With_Bret_Baier,https://archive.org/download/FOXNEWS_20110616_220000_Special_Report_With_Bret_Baier/FOXNEWS_20110616_220000_Special_Report_With_Bret_Baier.thumbs/FOXNEWS_20110616_220000_Special_Report_With_Bret_Baier_001915.jpg,"out what it would mean with the earth quy claim. 'associated press' says it might mean less increase in global warming. sun spot hibernation happened before in the 17th century when a so-called little ice age occurred. speaking of the sun, green"
https://archive.org/details/FOXNEWS_20110616_040000_Hannity#start/2739/end/2774,6/16/2011 4:45:54,FOXNEWS,Hannity,FOXNEWS_20110616_040000_Hannity,https://archive.org/download/FOXNEWS_20110616_040000_Hannity/FOXNEWS_20110616_040000_Hannity.thumbs/FOXNEWS_20110616_040000_Hannity_002730.jpg,"issue. science was corrupted by ego and self-promotion. experts realized they could make a lot of money. make themselves famous by hyping up global warming. now they are left with nothing because they've corrupted the science and nobody trusts it,"
https://archive.org/details/FOXNEWS_20110616_040000_Hannity#start/3356/end/3391,6/16/2011 4:56:11,FOXNEWS,Hannity,FOXNEWS_20110616_040000_Hannity,https://archive.org/download/FOXNEWS_20110616_040000_Hannity/FOXNEWS_20110616_040000_Hannity.thumbs/FOXNEWS_20110616_040000_Hannity_003330.jpg,"not now he's a big global warming guy. i think he's been holding his hair under the hair dryer too long. sean: maybe he's thinking it is real. his skin is all chipped. no wonder he has the name mitt"
https://archive.org/details/FOXNEWS_20110616_010000_Hannity#start/3380/end/3415,6/16/2011 1:56:35,FOXNEWS,Hannity,FOXNEWS_20110616_010000_Hannity,https://archive.org/download/FOXNEWS_20110616_010000_Hannity/FOXNEWS_20110616_010000_Hannity.thumbs/FOXNEWS_20110616_010000_Hannity_003360.jpg,"off. that's some hair right there. sean: yeah. i heard you talking in the green room -- i'm sure mitt is a nice guy. i'm saying come on the global warming thing. how did the ice melt during the ice ages?"
https://archive.org/details/FOXNEWS_20110616_040000_Hannity#start/2692/end/2727,6/16/2011 4:45:07,FOXNEWS,Hannity,FOXNEWS_20110616_040000_Hannity,https://archive.org/download/FOXNEWS_20110616_040000_Hannity/FOXNEWS_20110616_040000_Hannity.thumbs/FOXNEWS_20110616_040000_Hannity_002670.jpg,"jet into his huge limo to be driven everywhere. now we have reports suggesting it is not going to be global warming now back to global cooling. as recently as 2008, the u.n. climate study panel started saying, we are puzzled"
https://archive.org/details/FOXNEWS_20110623_080000_Special_Report_With_Bret_Baier#start/3219/end/3254,6/23/2011 8:53:54,FOXNEWS,Special Report With Bret Baier,FOXNEWS_20110623_080000_Special_Report_With_Bret_Baier,https://archive.org/download/FOXNEWS_20110623_080000_Special_Report_With_Bret_Baier/FOXNEWS_20110623_080000_Special_Report_With_Bret_Baier.thumbs/FOXNEWS_20110623_080000_Special_Report_With_Bret_Baier_003203.jpg,"global warming. he wrote a long essay in rolling stone claiming that president obama failed to tackle the problem. yes, ouch by both of them. he wears his sunglasses at night. former president george bush helped break a world record"
https://archive.org/details/FOXNEWS_20110601_150000_Happening_Now#start/2898/end/2933,6/1/2011 15:48:33,FOXNEWS,Happening Now,FOXNEWS_20110601_150000_Happening_Now,https://archive.org/download/FOXNEWS_20110601_150000_Happening_Now/FOXNEWS_20110601_150000_Happening_Now.thumbs/FOXNEWS_20110601_150000_Happening_Now_002873.jpg,"dye number 2, hair dye, asbestos in hair dryer, killer bees, global warming, i mean, there's certain topics that grab people. and they're not a threat. we ought to worry about the big stuff. jon: we have an online poll, i"
https://archive.org/details/FOXNEWS_20110623_020000_Greta_Van_Susteren#start/3213/end/3248,6/23/2011 2:53:48,FOXNEWS,Greta Van Susteren,FOXNEWS_20110623_020000_Greta_Van_Susteren,https://archive.org/download/FOXNEWS_20110623_020000_Greta_Van_Susteren/FOXNEWS_20110623_020000_Greta_Van_Susteren.thumbs/FOXNEWS_20110623_020000_Greta_Van_Susteren_003210.jpg,"now former vice president gore is sideswiping president obama. he's criticizing the president's record on global warming. he wrote a long essay in rolling stone claiming that president obama failed to tackle the problem. yes, ouch by both of them."
https://archive.org/details/FOXNEWS_20110621_090000_The_OReilly_Factor#start/168/end/203,6/21/2011 9:03:03,FOXNEWS,The OReilly Factor,FOXNEWS_20110621_090000_The_OReilly_Factor,https://archive.org/download/FOXNEWS_20110621_090000_The_OReilly_Factor/FOXNEWS_20110621_090000_The_OReilly_Factor.thumbs/FOXNEWS_20110621_090000_The_OReilly_Factor_000150.jpg,"redistribution global warming you name the liberal issue the 'new york times' promotes it for mr. stewart to not understand that as a new yorker is perplexing. but stewart was correct about one thing. he, himself, is not in the business of promoting"
https://archive.org/details/FOXNEWS_20110625_220000_Americas_News_HQ#start/2849/end/2884,6/25/2011 22:47:44,FOXNEWS,Americas News HQ,FOXNEWS_20110625_220000_Americas_News_HQ,https://archive.org/download/FOXNEWS_20110625_220000_Americas_News_HQ/FOXNEWS_20110625_220000_Americas_News_HQ.thumbs/FOXNEWS_20110625_220000_Americas_News_HQ_002850.jpg,"candidates debating whether or not global warming is happening. whether or not they are [ unintelligible ] whether or not sarah palin or donald trump are credible candidates to lead the country, these are the kinds of things that are so far outside what"
https://archive.org/details/FOXNEWS_20110622_220000_Special_Report_With_Bret_Baier#start/1871/end/1906,6/22/2011 22:31:26,FOXNEWS,Special Report With Bret Baier,FOXNEWS_20110622_220000_Special_Report_With_Bret_Baier,https://archive.org/download/FOXNEWS_20110622_220000_Special_Report_With_Bret_Baier/FOXNEWS_20110622_220000_Special_Report_With_Bret_Baier.thumbs/FOXNEWS_20110622_220000_Special_Report_With_Bret_Baier_001854.jpg,"administration. he writes, president obama never presented to the american people the magnitude of the climate crisis. he has not defended the science against the ongoing, withering and dishonest attacks. nor as he provided a"
https://archive.org/details/FOXNEWS_20110622_220000_Special_Report_With_Bret_Baier#start/1605/end/1640,6/22/2011 22:27:00,FOXNEWS,Special Report With Bret Baier,FOXNEWS_20110622_220000_Special_Report_With_Bret_Baier,https://archive.org/download/FOXNEWS_20110622_220000_Special_Report_With_Bret_Baier/FOXNEWS_20110622_220000_Special_Report_With_Bret_Baier.thumbs/FOXNEWS_20110622_220000_Special_Report_With_Bret_Baier_001585.jpg,"from misurata. the modification will continue. in misurata, libya. rick leventhal. special climate change edition of grapevine is next, featuring al gore breaking down president obama's environmental record."
https://archive.org/details/FOXNEWS_20110624_010000_Hannity#start/2536/end/2571,6/24/2011 1:42:31,FOXNEWS,Hannity,FOXNEWS_20110624_010000_Hannity,https://archive.org/download/FOXNEWS_20110624_010000_Hannity/FOXNEWS_20110624_010000_Hannity.thumbs/FOXNEWS_20110624_010000_Hannity_002520.jpg,"there's been no -- [ talking over each other ] you read me where it says the word climate change? sean: you have to read it to understand what it is."
https://archive.org/details/FOXNEWS_20110628_100000_FOX_and_Friends#start/2087/end/2122,6/28/2011 10:35:02,FOXNEWS,FOX and Friends,FOXNEWS_20110628_100000_FOX_and_Friends,https://archive.org/download/FOXNEWS_20110628_100000_FOX_and_Friends/FOXNEWS_20110628_100000_FOX_and_Friends.thumbs/FOXNEWS_20110628_100000_FOX_and_Friends_002070.jpg,"thing as global warming? do you think that's trumped up by people who want to get on the green agenda? i'm old enough to remember when people were predicting there was going to be the next ice age. until recently people were worried as much about global"
https://archive.org/details/FOXNEWS_20110616_220000_Special_Report_With_Bret_Baier#start/1626/end/1661,6/16/2011 22:27:21,FOXNEWS,Special Report With Bret Baier,FOXNEWS_20110616_220000_Special_Report_With_Bret_Baier,https://archive.org/download/FOXNEWS_20110616_220000_Special_Report_With_Bret_Baier/FOXNEWS_20110616_220000_Special_Report_With_Bret_Baier.thumbs/FOXNEWS_20110616_220000_Special_Report_With_Bret_Baier_001615.jpg,"bruins. some ran wild through the streets setting cars on fire. smashing windows and looting. the mayor blamed what he called a small number of hooligans. you may not have to worry about global warming for a while. we'll tell you why in the grapevine."
https://archive.org/details/FOXNEWS_20110615_100000_FOX_and_Friends#start/4612/end/4647,6/15/2011 11:17:07,FOXNEWS,FOX and Friends,FOXNEWS_20110615_100000_FOX_and_Friends,https://archive.org/download/FOXNEWS_20110615_100000_FOX_and_Friends/FOXNEWS_20110615_100000_FOX_and_Friends.thumbs/FOXNEWS_20110615_100000_FOX_and_Friends_004590.jpg,"question everyday pause that will be a big challenge for him. he think he may have tea party support. tea party doesn't support any type of obama care or romney care. and he made comments about global warming. that's a big issue with the tea"
https://archive.org/details/FOXNEWS_20110603_100000_FOX_and_Friends#start/6076/end/6111,6/3/2011 11:41:31,FOXNEWS,FOX and Friends,FOXNEWS_20110603_100000_FOX_and_Friends,https://archive.org/download/FOXNEWS_20110603_100000_FOX_and_Friends/FOXNEWS_20110603_100000_FOX_and_Friends.thumbs/FOXNEWS_20110603_100000_FOX_and_Friends_006074.jpg,"not having a date at in and out burger, ok? never having a date at in and out burger. it gets too messy. they take debit cards. they'll see me. next on the rundown, google's ties to global warming and al gore making for a very"
https://archive.org/details/FOXNEWS_20110626_140000_Americas_News_HQ#start/2125/end/2160,6/26/2011 14:35:40,FOXNEWS,Americas News HQ,FOXNEWS_20110626_140000_Americas_News_HQ,https://archive.org/download/FOXNEWS_20110626_140000_Americas_News_HQ/FOXNEWS_20110626_140000_Americas_News_HQ.thumbs/FOXNEWS_20110626_140000_Americas_News_HQ_002100.jpg,"throughout the chesapeake bay and that gets them excited and that helps to boost their achievements. this is really about making schools better. eric: but are both sides of the environmental debate, such as global warming going to be taught or will it be one."
https://archive.org/details/FOXNEWS_20110622_220000_Special_Report_With_Bret_Baier#start/1890/end/1925,6/22/2011 22:31:45,FOXNEWS,Special Report With Bret Baier,FOXNEWS_20110622_220000_Special_Report_With_Bret_Baier,https://archive.org/download/FOXNEWS_20110622_220000_Special_Report_With_Bret_Baier/FOXNEWS_20110622_220000_Special_Report_With_Bret_Baier.thumbs/FOXNEWS_20110622_220000_Special_Report_With_Bret_Baier_001884.jpg,"presidential venue to bring reality of the silence before the public. the white house defended the policy saying the president has been clear since day one that climate change poses threat domestically and"
https://archive.org/details/FOXNEWS_20110609_070000_Red_Eye#start/1566/end/1601,6/9/2011 7:26:21,FOXNEWS,Red Eye,FOXNEWS_20110609_070000_Red_Eye,https://archive.org/download/FOXNEWS_20110609_070000_Red_Eye/FOXNEWS_20110609_070000_Red_Eye.thumbs/FOXNEWS_20110609_070000_Red_Eye_001560.jpg,"like, as long as you care about, a, global warming, the environment and poor people and homeless people, you are kind of okay to do what you want. so it is cool and it is important, maybe essential to kill stupid people, but let's take care of the homeless."
https://archive.org/details/FOXNEWS_20110620_130000_Americas_Newsroom#start/966/end/1001,6/20/2011 13:16:21,FOXNEWS,Americas Newsroom,FOXNEWS_20110620_130000_Americas_Newsroom,https://archive.org/download/FOXNEWS_20110620_130000_Americas_Newsroom/FOXNEWS_20110620_130000_Americas_Newsroom.thumbs/FOXNEWS_20110620_130000_Americas_Newsroom_000960.jpg,"unfortunately, myth hasn't done that, he's taken different positions and taken positions on global warming and energy efficiency and health care reform that don't light up the tea party. bill: what about michelle bachmann, she's head of the tea party caucus in the house, does she come as"
https://archive.org/details/FOXNEWS_20110623_100000_FOX_and_Friends#start/1650/end/1685,6/23/2011 10:27:45,FOXNEWS,FOX and Friends,FOXNEWS_20110623_100000_FOX_and_Friends,https://archive.org/download/FOXNEWS_20110623_100000_FOX_and_Friends/FOXNEWS_20110623_100000_FOX_and_Friends.thumbs/FOXNEWS_20110623_100000_FOX_and_Friends_001650.jpg,"president obama has a pretty good track record on the environment as far as the environmental activists are concerned but al gore says no, he's not done enough. let him down on global warming. we'll be watching three hours from right now on the fox business network. you'll be talking about?"
https://archive.org/details/FOXNEWS_20110607_150000_Happening_Now#start/2439/end/2474,6/7/2011 15:40:54,FOXNEWS,Happening Now,FOXNEWS_20110607_150000_Happening_Now,https://archive.org/download/FOXNEWS_20110607_150000_Happening_Now/FOXNEWS_20110607_150000_Happening_Now.thumbs/FOXNEWS_20110607_150000_Happening_Now_002430.jpg,"that we need to combat climate change and create the industries of the future , we see partnership with members who stand shoulder to shoulder in afghanistan where germans serve under americans and americans serve under"
https://archive.org/details/FOXNEWS_20110616_010000_Hannity#start/2777/end/2812,6/16/2011 1:46:32,FOXNEWS,Hannity,FOXNEWS_20110616_010000_Hannity,https://archive.org/download/FOXNEWS_20110616_010000_Hannity/FOXNEWS_20110616_010000_Hannity.thumbs/FOXNEWS_20110616_010000_Hannity_002760.jpg,"tornadoes in massachusetts -- sean: we've had tornadoes as far as history records. this is not normal this is climate change. we are talking two different things. sun spots the shift will make us cooler."
https://archive.org/details/FOXNEWS_20110622_170000_America_Live#start/6527/end/6562,6/22/2011 18:49:02,FOXNEWS,America Live,FOXNEWS_20110622_170000_America_Live,https://archive.org/download/FOXNEWS_20110622_170000_America_Live/FOXNEWS_20110622_170000_America_Live.thumbs/FOXNEWS_20110622_170000_America_Live_006510.jpg,"tried to siren him on the threat of climate change. turning the tables on a nasa big wig. what he's accused of doing. probably not what cool and the gang had in mind when they"
https://archive.org/details/FOXNEWS_20110601_080000_Special_Report_With_Bret_Baier#start/2759/end/2794,6/1/2011 8:46:14,FOXNEWS,Special Report With Bret Baier,FOXNEWS_20110601_080000_Special_Report_With_Bret_Baier,https://archive.org/download/FOXNEWS_20110601_080000_Special_Report_With_Bret_Baier/FOXNEWS_20110601_080000_Special_Report_With_Bret_Baier.thumbs/FOXNEWS_20110601_080000_Special_Report_With_Bret_Baier_002753.jpg,"creation. president of acee of energy company, on climate change panel and respected member of the establishment. that doesn't benefit small business around america or people looking for jobs that president obama is changing"
https://archive.org/details/FOXNEWS_20110610_230000_The_FOX_Report_With_Shepard_Smith#start/3252/end/3287,6/10/2011 23:54:27,FOXNEWS,The FOX Report With Shepard Smith,FOXNEWS_20110610_230000_The_FOX_Report_With_Shepard_Smith,https://archive.org/download/FOXNEWS_20110610_230000_The_FOX_Report_With_Shepard_Smith/FOXNEWS_20110610_230000_The_FOX_Report_With_Shepard_Smith.thumbs/FOXNEWS_20110610_230000_The_FOX_Report_With_Shepard_Smith_003233.jpg,"saxby observatory. shepard: took off this morning from vandenberg air force base. designed it to observe concentration of salt in our oceans. a link between the amount of salt on the ocean's surface and climate change so this mission"
https://archive.org/details/FOXNEWS_20110627_170000_America_Live#start/1915/end/1950,6/27/2011 17:32:10,FOXNEWS,America Live,FOXNEWS_20110627_170000_America_Live,https://archive.org/download/FOXNEWS_20110627_170000_America_Live/FOXNEWS_20110627_170000_America_Live.thumbs/FOXNEWS_20110627_170000_America_Live_001890.jpg,"quote, consumption of natural resources, air and water pollution and the impacts of climate change are among the many complex challenges that threaten human health, economic development and national security. it goes on about the need to"
https://archive.org/details/FOXNEWS_20110626_220000_FOX_News_Sunday_With_Chris_Wallace#start/3536/end/3571,6/26/2011 22:59:11,FOXNEWS,FOX News Sunday With Chris Wallace,FOXNEWS_20110626_220000_FOX_News_Sunday_With_Chris_Wallace,https://archive.org/download/FOXNEWS_20110626_220000_FOX_News_Sunday_With_Chris_Wallace/FOXNEWS_20110626_220000_FOX_News_Sunday_With_Chris_Wallace.thumbs/FOXNEWS_20110626_220000_FOX_News_Sunday_With_Chris_Wallace_003510.jpg,"still getting worse. start to go recover was the so-called right answer. if you said still getting worse you were officially misinformed. if you questioned whether climate change was occurring or obamacare will add to the"
https://archive.org/details/FOXNEWS_20110623_010000_Hannity#start/2984/end/3019,6/23/2011 1:49:59,FOXNEWS,Hannity,FOXNEWS_20110623_010000_Hannity,https://archive.org/download/FOXNEWS_20110623_010000_Hannity/FOXNEWS_20110623_010000_Hannity.thumbs/FOXNEWS_20110623_010000_Hannity_002970.jpg,"land in certain airports because it has to be up to modification -- [ talking over each other ] i hope -- sean: watch out where hannity cameras go up. i hope climate change is an issue in this next election."
https://archive.org/details/FOXNEWS_20110629_060000_Glenn_Beck#start/160/end/195,6/29/2011 6:02:55,FOXNEWS,Glenn Beck,FOXNEWS_20110629_060000_Glenn_Beck,https://archive.org/download/FOXNEWS_20110629_060000_Glenn_Beck/FOXNEWS_20110629_060000_Glenn_Beck.thumbs/FOXNEWS_20110629_060000_Glenn_Beck_000150.jpg,"soros spent to silence me? now silencing people is what they do best. if you dare to be skeptical on global climate change and according to the scientists maybe you should be branded. this is from the 'los angeles"
https://archive.org/details/FOXNEWS_20110622_040000_Hannity#start/926/end/961,6/22/2011 4:15:41,FOXNEWS,Hannity,FOXNEWS_20110622_040000_Hannity,https://archive.org/download/FOXNEWS_20110622_040000_Hannity/FOXNEWS_20110622_040000_Hannity.thumbs/FOXNEWS_20110622_040000_Hannity_000900.jpg,"part of the voting bloc in a primary. your support of climate change which include cap and tax. you went along with arnold schwarzenegger on that. civil unions that you support for gays and lesbians. and the right of children of"
https://archive.org/details/FOXNEWS_20110621_130000_Americas_Newsroom#start/3788/end/3823,6/21/2011 14:03:23,FOXNEWS,Americas Newsroom,FOXNEWS_20110621_130000_Americas_Newsroom,https://archive.org/download/FOXNEWS_20110621_130000_Americas_Newsroom/FOXNEWS_20110621_130000_Americas_Newsroom.thumbs/FOXNEWS_20110621_130000_Americas_Newsroom_003780.jpg,"criticized by the right for favoring civil unions among gay partners? doesn't think climate change is a myth. his biggest challenge in that regard, yes, there are the gay issues and also, the issues about the environment. but, the biggest problem for"
https://archive.org/details/FOXNEWS_20110616_040000_Hannity#start/2723/end/2758,6/16/2011 4:45:38,FOXNEWS,Hannity,FOXNEWS_20110616_040000_Hannity,https://archive.org/download/FOXNEWS_20110616_040000_Hannity/FOXNEWS_20110616_040000_Hannity.thumbs/FOXNEWS_20110616_040000_Hannity_002700.jpg,"dramatic. they are convinced humans have a role but the sun is a big mystery. i don't. i think if you chain the sun spots, you will chain the climate. here's the big problem, climate change is no longer an"
https://archive.org/details/FOXNEWS_20110616_010000_Hannity#start/2731/end/2766,6/16/2011 1:45:46,FOXNEWS,Hannity,FOXNEWS_20110616_010000_Hannity,https://archive.org/download/FOXNEWS_20110616_010000_Hannity/FOXNEWS_20110616_010000_Hannity.thumbs/FOXNEWS_20110616_010000_Hannity_002730.jpg,"i think if you chain the sun spots, you will chain the climate. here's the big problem, climate change is no longer an issue. science was corrupted by ego and self-promotion. experts realized they could make a lot of money."
https://archive.org/details/FOXNEWS_20110627_060000_FOX_News_Sunday_With_Chris_Wallace#start/3543/end/3578,6/27/2011 6:59:18,FOXNEWS,FOX News Sunday With Chris Wallace,FOXNEWS_20110627_060000_FOX_News_Sunday_With_Chris_Wallace,https://archive.org/download/FOXNEWS_20110627_060000_FOX_News_Sunday_With_Chris_Wallace/FOXNEWS_20110627_060000_FOX_News_Sunday_With_Chris_Wallace.thumbs/FOXNEWS_20110627_060000_FOX_News_Sunday_With_Chris_Wallace_003540.jpg,"worse you were officially misinformed. if you questioned whether climate change was occurring or obamacare will add to the deficit you were also mistaken. last year's pew poll which asked four fact questions like what job did eric holder have?"
https://archive.org/details/FOXNEWS_20110622_010000_Hannity#start/932/end/967,6/22/2011 1:15:47,FOXNEWS,Hannity,FOXNEWS_20110622_010000_Hannity,https://archive.org/download/FOXNEWS_20110622_010000_Hannity/FOXNEWS_20110622_010000_Hannity.thumbs/FOXNEWS_20110622_010000_Hannity_000930.jpg,"your support of climate change which include cap and tax. you went along with arnold schwarzenegger on that. civil unions that you support for gays and lesbians. and the right of children of illegal i am s to go to school. those -- immigrants to go to"
https://archive.org/details/FOXNEWS_20110606_210000_Glenn_Beck#start/2567/end/2602,6/6/2011 21:43:02,FOXNEWS,Glenn Beck,FOXNEWS_20110606_210000_Glenn_Beck,https://archive.org/download/FOXNEWS_20110606_210000_Glenn_Beck/FOXNEWS_20110606_210000_Glenn_Beck.thumbs/FOXNEWS_20110606_210000_Glenn_Beck_002550.jpg,"know who is skeptical and be critical about me? okay, you don't agree with glenn beck on climate change or medicare or whatever, or president obama, but if you agree with him on this, then why would you not be true to your own conscience and stand"
https://archive.org/details/FOXNEWS_20110607_060000_Glenn_Beck#start/2571/end/2606,6/7/2011 6:43:06,FOXNEWS,Glenn Beck,FOXNEWS_20110607_060000_Glenn_Beck,https://archive.org/download/FOXNEWS_20110607_060000_Glenn_Beck/FOXNEWS_20110607_060000_Glenn_Beck.thumbs/FOXNEWS_20110607_060000_Glenn_Beck_002550.jpg,"glenn beck on climate change or medicare or whatever, or president obama, but if you agree with him on this, then why would you not be true to your own conscience and stand with him? and the cause here, if i may say so, is larger than glenn"
https://archive.org/details/FOXNEWS_20110629_060000_Glenn_Beck#start/176/end/211,6/29/2011 6:03:11,FOXNEWS,Glenn Beck,FOXNEWS_20110629_060000_Glenn_Beck,https://archive.org/download/FOXNEWS_20110629_060000_Glenn_Beck/FOXNEWS_20110629_060000_Glenn_Beck.thumbs/FOXNEWS_20110629_060000_Glenn_Beck_000150.jpg,"times.' this has to be a joke. surely it's time for climate-change deniers to have their opinion forcibly tattooed on their bodies. not on the forehead. i'm a reasonable man. but just something along their arm or across their chest so their grand chirp can say really? you were the ones who actually"
https://archive.org/details/FOXNEWS_20110603_100000_FOX_and_Friends#start/6422/end/6457,6/3/2011 11:47:17,FOXNEWS,FOX and Friends,FOXNEWS_20110603_100000_FOX_and_Friends,https://archive.org/download/FOXNEWS_20110603_100000_FOX_and_Friends/FOXNEWS_20110603_100000_FOX_and_Friends.thumbs/FOXNEWS_20110603_100000_FOX_and_Friends_006397.jpg,"and john dorr is also on the president -- one of the president's panels as well, right? in the president's ear, he is someone who supports climate change legislation. well, now, you say it's a conflict of interest. here's what google sent in an e-mail to us. in the event of annual conflict"
https://archive.org/details/FOXNEWS_20110628_100000_FOX_and_Friends#start/2103/end/2138,6/28/2011 10:35:18,FOXNEWS,FOX and Friends,FOXNEWS_20110628_100000_FOX_and_Friends,https://archive.org/download/FOXNEWS_20110628_100000_FOX_and_Friends/FOXNEWS_20110628_100000_FOX_and_Friends.thumbs/FOXNEWS_20110628_100000_FOX_and_Friends_002100.jpg,"cooling. there is climate change but the reality is the science indicates most of it, if not all of it, is caused by natural causes. and as to the potential human contribution to that, there's a great scientific dispute about that very issue. you're very right. you're going to the council of foreign relations to give a"
