﻿URL,MatchDateTime,Station,Show,IAShowID,IAPreviewThumb,Snippet
https://archive.org/details/FOXNEWSW_20130331_190000_The_Journal_Editorial_Report#start/736/end/771,3/31/2013 19:12:31,FOXNEWS,The Journal Editorial Report,FOXNEWSW_20130331_190000_The_Journal_Editorial_Report,https://archive.org/download/FOXNEWSW_20130331_190000_The_Journal_Editorial_Report/FOXNEWSW_20130331_190000_The_Journal_Editorial_Report.thumbs/FOXNEWSW_20130331_190000_The_Journal_Editorial_Report_000735.jpg,"-- on one of my favorite ones, on the carbon tax, something that the environmentalists have been drooling for for years. both amendments were soundly defeated to have the carbon tax. my favorite part the sponsor of the carbon tax says, the"
https://archive.org/details/FOXNEWSW_20130304_160000_Happening_Now#start/643/end/678,3/4/2013 16:10:58,FOXNEWS,Happening Now,FOXNEWSW_20130304_160000_Happening_Now,https://archive.org/download/FOXNEWSW_20130304_160000_Happening_Now/FOXNEWSW_20130304_160000_Happening_Now.thumbs/FOXNEWSW_20130304_160000_Happening_Now_000615.jpg,"more money before solyndra went bankrupt. gina mccarthy is the epa assistant administrator for air and radiation. she will take over the administration under intense skrut from republicans who are afraid of greenhouse gas"
https://archive.org/details/FOXNEWSW_20130330_180000_The_Journal_Editorial_Report#start/763/end/798,3/30/2013 18:12:58,FOXNEWS,The Journal Editorial Report,FOXNEWSW_20130330_180000_The_Journal_Editorial_Report,https://archive.org/download/FOXNEWSW_20130330_180000_The_Journal_Editorial_Report/FOXNEWSW_20130330_180000_The_Journal_Editorial_Report.thumbs/FOXNEWSW_20130330_180000_The_Journal_Editorial_Report_000735.jpg,"this is the most regress seiivr i think we could say that the pop is agnostiagnostic, if use that word, on the carbon tax."
https://archive.org/details/FOXNEWSW_20130303_170000_Americas_News_Headquarters#start/4537/end/4572,3/3/2013 18:15:52,FOXNEWS,Americas News Headquarters,FOXNEWSW_20130303_170000_Americas_News_Headquarters,https://archive.org/download/FOXNEWSW_20130303_170000_Americas_News_Headquarters/FOXNEWSW_20130303_170000_Americas_News_Headquarters.thumbs/FOXNEWSW_20130303_170000_Americas_News_Headquarters_004515.jpg,"about energy, jobs, about a growing economy to address the debt and deficit without the higher taxes but with economic growth and it is about national security. not getting oil from the middle east. we can produce our energy here and in the final analysis less greenhouse gas emissions with"
https://archive.org/details/FOXNEWSW_20130328_080000_The_OReilly_Factor#start/985/end/1020,3/28/2013 8:16:40,FOXNEWS,The OReilly Factor,FOXNEWSW_20130328_080000_The_OReilly_Factor,https://archive.org/download/FOXNEWSW_20130328_080000_The_OReilly_Factor/FOXNEWSW_20130328_080000_The_OReilly_Factor.thumbs/FOXNEWSW_20130328_080000_The_OReilly_Factor_000975.jpg,"hurtful for offense so there is no conversation anymore. it's just hurling. bill: can't say anything hurtful on the right you can on the left. can you call christians bigots. if you don't believe in global warming."
https://archive.org/details/FOXNEWSW_20130325_130000_Americas_Newsroom#start/3454/end/3489,3/25/2013 13:57:49,FOXNEWS,Americas Newsroom,FOXNEWSW_20130325_130000_Americas_Newsroom,https://archive.org/download/FOXNEWSW_20130325_130000_Americas_Newsroom/FOXNEWSW_20130325_130000_Americas_Newsroom.thumbs/FOXNEWSW_20130325_130000_Americas_Newsroom_003435.jpg,"carbon tax or u.n. mandate, private sector forces and technologies greens oppose. process of fracking natural gas creates a significant amount of greenhouse gas emissions. reporter: so they oppose"
https://archive.org/details/FOXNEWSW_20130322_200000_Your_World_With_Neil_Cavuto#start/353/end/388,3/22/2013 20:06:08,FOXNEWS,Your World With Neil Cavuto,FOXNEWSW_20130322_200000_Your_World_With_Neil_Cavuto,https://archive.org/download/FOXNEWSW_20130322_200000_Your_World_With_Neil_Cavuto/FOXNEWSW_20130322_200000_Your_World_With_Neil_Cavuto.thumbs/FOXNEWSW_20130322_200000_Your_World_With_Neil_Cavuto_000345.jpg,"environment or whatever climate change, would be most acute. that does not appear to be the case. well, i think that the folks over there have common sense. they understand that one/400th n't of the greenhouse gases and man puts in 1% of that"
https://archive.org/details/FOXNEWSW_20130316_203000_Cashin_In#start/1015/end/1050,3/16/2013 20:47:10,FOXNEWS,Cashin In,FOXNEWSW_20130316_203000_Cashin_In,https://archive.org/download/FOXNEWSW_20130316_203000_Cashin_In/FOXNEWSW_20130316_203000_Cashin_In.thumbs/FOXNEWSW_20130316_203000_Cashin_In_001005.jpg,"took $529 million of our money decided to step down today. what is going on here. we are throwing money? i don't know what is going with the company but i believe what jonathan said about the need for clean energy. we need it. i frankly think global warming"
https://archive.org/details/FOXNEWSW_20130330_180000_The_Journal_Editorial_Report#start/732/end/767,3/30/2013 18:12:27,FOXNEWS,The Journal Editorial Report,FOXNEWSW_20130330_180000_The_Journal_Editorial_Report,https://archive.org/download/FOXNEWSW_20130330_180000_The_Journal_Editorial_Report/FOXNEWSW_20130330_180000_The_Journal_Editorial_Report.thumbs/FOXNEWSW_20130330_180000_The_Journal_Editorial_Report_000705.jpg,"yeah, that was one of my favorite ones and then there was actually two votes on the -- on one of my favorite ones, on the carbon tax, something that the environmentalists have been drooling for for years. both amendments were soundly defeated to have the carbon"
https://archive.org/details/FOXNEWSW_20130301_110000_FOX_and_Friends#start/10196/end/10231,3/1/2013 13:50:11,FOXNEWS,FOX and Friends,FOXNEWSW_20130301_110000_FOX_and_Friends,https://archive.org/download/FOXNEWSW_20130301_110000_FOX_and_Friends/FOXNEWSW_20130301_110000_FOX_and_Friends.thumbs/FOXNEWSW_20130301_110000_FOX_and_Friends_010185.jpg,"the wasteful stupid washington spending, the next generation is doomed. and so is our economy. steve: did you say wasteful spending? folks at home, this is what our government is spending money on. as you can see, almost $700000 on a climate change musical,"
https://archive.org/details/FOXNEWSW_20130328_150000_Happening_Now#start/5745/end/5780,3/28/2013 16:36:00,FOXNEWS,Happening Now,FOXNEWSW_20130328_150000_Happening_Now,https://archive.org/download/FOXNEWSW_20130328_150000_Happening_Now/FOXNEWSW_20130328_150000_Happening_Now.thumbs/FOXNEWSW_20130328_150000_Happening_Now_005745.jpg,"in the last few years so i don't think this is going to happen any time soon. jon: are they pushing this for every country or just for the united states? reporter: for the developed countries they say that they should raise taxes to try to address climate change and all"
https://archive.org/details/FOXNEWSW_20130301_110000_FOX_and_Friends#start/9809/end/9844,3/1/2013 13:43:44,FOXNEWS,FOX and Friends,FOXNEWSW_20130301_110000_FOX_and_Friends,https://archive.org/download/FOXNEWSW_20130301_110000_FOX_and_Friends/FOXNEWSW_20130301_110000_FOX_and_Friends.thumbs/FOXNEWSW_20130301_110000_FOX_and_Friends_009795.jpg,"what do you mean? biblical? what he means is old testament. real wrath of god type stuff. brian: so that's what you would think if you listen to the president. what's the reality? wait 'til you see all the waste that could be cut, like climate change, the musical."
https://archive.org/details/FOXNEWSW_20130316_090000_Hannity#start/1737/end/1772,3/16/2013 9:29:12,FOXNEWS,Hannity,FOXNEWSW_20130316_090000_Hannity,https://archive.org/download/FOXNEWSW_20130316_090000_Hannity/FOXNEWSW_20130316_090000_Hannity.thumbs/FOXNEWSW_20130316_090000_Hannity_001725.jpg,"climate change which used to be global warming and that's the force that's pushing back against the keystone xl pipeline and there's no rational argument to oppose it and i think the president knows it and he sent out in a situation, with labor on one"
https://archive.org/details/FOXNEWSW_20130316_040000_Hannity#start/1737/end/1772,3/16/2013 4:29:12,FOXNEWS,Hannity,FOXNEWSW_20130316_040000_Hannity,https://archive.org/download/FOXNEWSW_20130316_040000_Hannity/FOXNEWSW_20130316_040000_Hannity.thumbs/FOXNEWSW_20130316_040000_Hannity_001725.jpg,"climate change which used to be global warming and that's the force that's pushing back against the keystone xl pipeline and there's no rational argument to oppose it and i think the president knows it and he sent out in a situation, with labor on one"
https://archive.org/details/FOXNEWSW_20130316_010000_Hannity#start/1732/end/1767,3/16/2013 1:29:07,FOXNEWS,Hannity,FOXNEWSW_20130316_010000_Hannity,https://archive.org/download/FOXNEWSW_20130316_010000_Hannity/FOXNEWSW_20130316_010000_Hannity.thumbs/FOXNEWSW_20130316_010000_Hannity_001725.jpg,"hydrocarbons, that's going to increase the co 2 and increases the earth's temperature and we have climate change which used to be global warming and that's the force that's pushing back against the keystone xl pipeline and there's no rational argument to oppose it and i think the president"
https://archive.org/details/FOXNEWSW_20130316_153000_Cashin_In#start/238/end/273,3/16/2013 15:34:13,FOXNEWS,Cashin In,FOXNEWSW_20130316_153000_Cashin_In,https://archive.org/download/FOXNEWSW_20130316_153000_Cashin_In/FOXNEWSW_20130316_153000_Cashin_In.thumbs/FOXNEWSW_20130316_153000_Cashin_In_000225.jpg,"rodman's interview. the idea there is no crisis there is obviously a disconnect. the there is a crisis. the president keeps saying if we don't figure out how to shuffle out trillion necessary u.s. economy and fight global"
https://archive.org/details/FOXNEWSW_20130325_130000_Americas_Newsroom#start/3411/end/3446,3/25/2013 13:57:06,FOXNEWS,Americas Newsroom,FOXNEWSW_20130325_130000_Americas_Newsroom,https://archive.org/download/FOXNEWSW_20130325_130000_Americas_Newsroom/FOXNEWSW_20130325_130000_Americas_Newsroom.thumbs/FOXNEWSW_20130325_130000_Americas_Newsroom_003405.jpg,"thanks in part to natural gas. production far greater than europe which relies on billions and subsidies to for wind and solar. it is cleanest fossil fuel there is. reporter: environmentalists the loudest voice in the global"
https://archive.org/details/FOXNEWSW_20130330_180000_The_Journal_Editorial_Report#start/748/end/783,3/30/2013 18:12:43,FOXNEWS,The Journal Editorial Report,FOXNEWSW_20130330_180000_The_Journal_Editorial_Report,https://archive.org/download/FOXNEWSW_20130330_180000_The_Journal_Editorial_Report/FOXNEWSW_20130330_180000_The_Journal_Editorial_Report.thumbs/FOXNEWSW_20130330_180000_The_Journal_Editorial_Report_000735.jpg,"tax. my favorite part the sponsor of the carbon tax says, the pope wants to have a carbon tax and god and my favorite response by one from missouri said, wait a minute, the pope cares about poor people and"
https://archive.org/details/FOXNEWSW_20130304_180000_America_Live#start/324/end/359,3/4/2013 18:05:39,FOXNEWS,America Live,FOXNEWSW_20130304_180000_America_Live,https://archive.org/download/FOXNEWSW_20130304_180000_America_Live/FOXNEWSW_20130304_180000_America_Live.thumbs/FOXNEWSW_20130304_180000_America_Live_000315.jpg,"so everybody has a stake in the game to that degree. but the other thing is this, and you said that congress blocked the president's global warming strategy and that's true. democrats in congress blocked the president's global warming strategy in his first term when senate democrats held sway. the president knows this is a"
https://archive.org/details/FOXNEWSW_20130306_090000_The_OReilly_Factor#start/2210/end/2245,3/6/2013 9:37:05,FOXNEWS,The OReilly Factor,FOXNEWSW_20130306_090000_The_OReilly_Factor,https://archive.org/download/FOXNEWSW_20130306_090000_The_OReilly_Factor/FOXNEWSW_20130306_090000_The_OReilly_Factor.thumbs/FOXNEWSW_20130306_090000_The_OReilly_Factor_002205.jpg,"out to produce just as much greenhouse gas to make it it's the same stuff? so, she wants me to drive the car up and put"
https://archive.org/details/FOXNEWSW_20130311_050000_FOX_Report#start/2115/end/2150,3/11/2013 5:35:30,FOXNEWS,FOX Report,FOXNEWSW_20130311_050000_FOX_Report,https://archive.org/download/FOXNEWSW_20130311_050000_FOX_Report/FOXNEWSW_20130311_050000_FOX_Report.thumbs/FOXNEWSW_20130311_050000_FOX_Report_002115.jpg,"harris, back to you. harris: thank you. imagine a cheaper way to produce energy that reduces greenhouse gas emissions. john stossel, our fox family says he's found it, it's"
https://archive.org/details/FOXNEWSW_20130329_130000_Americas_Newsroom#start/975/end/1010,3/29/2013 13:16:30,FOXNEWS,Americas Newsroom,FOXNEWSW_20130329_130000_Americas_Newsroom,https://archive.org/download/FOXNEWSW_20130329_130000_Americas_Newsroom/FOXNEWSW_20130329_130000_Americas_Newsroom.thumbs/FOXNEWSW_20130329_130000_Americas_Newsroom_000975.jpg,"of 'the hill'. good morning to you. good morning, bill. bill: why would the president want this and support it? well, president obama couldn't get climate change through a democratic congress a few years ago. the regulations on climate change are coming. everyone in washington is"
https://archive.org/details/FOXNEWSW_20130325_150000_Happening_Now#start/2983/end/3018,3/25/2013 15:49:58,FOXNEWS,Happening Now,FOXNEWSW_20130325_150000_Happening_Now,https://archive.org/download/FOXNEWSW_20130325_150000_Happening_Now/FOXNEWSW_20130325_150000_Happening_Now.thumbs/FOXNEWSW_20130325_150000_Happening_Now_002955.jpg,"the process of fracking natural gas is, creates a significant amount of greenhouse gas emissions. reporter: greens also oppose fracking because it does mean more natural gas and lower prices. and that of course makes"
https://archive.org/details/FOXNEWSW_20130311_020000_FOX_Report#start/2125/end/2160,3/11/2013 2:35:40,FOXNEWS,FOX Report,FOXNEWSW_20130311_020000_FOX_Report,https://archive.org/download/FOXNEWSW_20130311_020000_FOX_Report/FOXNEWSW_20130311_020000_FOX_Report.thumbs/FOXNEWSW_20130311_020000_FOX_Report_002115.jpg,"greenhouse gas emissions. john stossel, our fox family says he's found it, it's called fracking, extracts it from the ground and critics say fracking is dangerous. he says that's a myth. the protests grow."
https://archive.org/details/FOXNEWSW_20130310_230000_FOX_Report#start/2124/end/2159,3/10/2013 23:35:39,FOXNEWS,FOX Report,FOXNEWSW_20130310_230000_FOX_Report,https://archive.org/download/FOXNEWSW_20130310_230000_FOX_Report/FOXNEWSW_20130310_230000_FOX_Report.thumbs/FOXNEWSW_20130310_230000_FOX_Report_002116.jpg,"greenhouse gas emissions. john stossel, our fox family says he's found it, it's called fracking, extracts it from the ground and critics say fracking is dangerous. he says that's a myth. the protests grow."
https://archive.org/details/FOXNEWSW_20130310_190000_The_Journal_Editorial_Report#start/1523/end/1558,3/10/2013 19:25:38,FOXNEWS,The Journal Editorial Report,FOXNEWSW_20130310_190000_The_Journal_Editorial_Report,https://archive.org/download/FOXNEWSW_20130310_190000_The_Journal_Editorial_Report/FOXNEWSW_20130310_190000_The_Journal_Editorial_Report.thumbs/FOXNEWSW_20130310_190000_The_Journal_Editorial_Report_001515.jpg,"fallout. that might cause a big issue. the same thing with climate change, they ought to get congress to pass a law, but might hurt democratic members. so instead they'll have the epa do climate change. immigration, they could have have had congress pass the dream act, but that might have"
https://archive.org/details/FOXNEWSW_20130306_040000_The_OReilly_Factor#start/2202/end/2237,3/6/2013 4:36:57,FOXNEWS,The OReilly Factor,FOXNEWSW_20130306_040000_The_OReilly_Factor,https://archive.org/download/FOXNEWSW_20130306_040000_The_OReilly_Factor/FOXNEWSW_20130306_040000_The_OReilly_Factor.thumbs/FOXNEWSW_20130306_040000_The_OReilly_Factor_002175.jpg,"it's ethanol. it's the same fuel that gets all these subsidies that any environmental groups have now turned against because it turns out to produce just as much greenhouse gas to make it it's the same stuff?"
https://archive.org/details/FOXNEWSW_20130306_010000_The_OReilly_Factor#start/2202/end/2237,3/6/2013 1:36:57,FOXNEWS,The OReilly Factor,FOXNEWSW_20130306_010000_The_OReilly_Factor,https://archive.org/download/FOXNEWSW_20130306_010000_The_OReilly_Factor/FOXNEWSW_20130306_010000_The_OReilly_Factor.thumbs/FOXNEWSW_20130306_010000_The_OReilly_Factor_002175.jpg,"my house. it's ethanol. it's the same fuel that gets all these subsidies that any environmental groups have now turned against because it turns out to produce just as much greenhouse gas to make it it's the same stuff?"
https://archive.org/details/FOXNEWSW_20130322_070000_Red_Eye#start/671/end/706,3/22/2013 7:11:26,FOXNEWS,Red Eye,FOXNEWSW_20130322_070000_Red_Eye,https://archive.org/download/FOXNEWSW_20130322_070000_Red_Eye/FOXNEWSW_20130322_070000_Red_Eye.thumbs/FOXNEWSW_20130322_070000_Red_Eye_000645.jpg,"guarantees more ago activism. that's what he sees. i bet he yells about tracking in 10 -- fracking in 10 minutes. global warming in the past."
https://archive.org/details/FOXNEWSW_20130328_030000_The_OReilly_Factor#start/3380/end/3415,3/28/2013 3:56:35,FOXNEWS,The OReilly Factor,FOXNEWSW_20130328_030000_The_OReilly_Factor,https://archive.org/download/FOXNEWSW_20130328_030000_The_OReilly_Factor/FOXNEWSW_20130328_030000_The_OReilly_Factor.thumbs/FOXNEWSW_20130328_030000_The_OReilly_Factor_003375.jpg,"dared to present alternative viewpoints to global warming. john thomas, bakersfield, california, you told glenn beck they can stomp on your name all day long."
https://archive.org/details/FOXNEWSW_20130321_170000_America_Live#start/3004/end/3039,3/21/2013 17:50:19,FOXNEWS,America Live,FOXNEWSW_20130321_170000_America_Live,https://archive.org/download/FOXNEWSW_20130321_170000_America_Live/FOXNEWSW_20130321_170000_America_Live.thumbs/FOXNEWSW_20130321_170000_America_Live_002985.jpg,"suburbs. megyn: and you were talking in your piece, how, yes, this focuses-- this initiative proposed focuses on greenhouse gas emissions and make the environment more green and you know, your carbon footprint he when you live in an 800 square"
https://archive.org/details/FOXNEWSW_20130325_130000_Americas_Newsroom#start/3348/end/3383,3/25/2013 13:56:03,FOXNEWS,Americas Newsroom,FOXNEWSW_20130325_130000_Americas_Newsroom,https://archive.org/download/FOXNEWSW_20130325_130000_Americas_Newsroom/FOXNEWSW_20130325_130000_Americas_Newsroom.thumbs/FOXNEWSW_20130325_130000_Americas_Newsroom_003345.jpg,"bill: just at the moment. sergio. heather: like the big fish you catch, right? the u.s. reaching a new milestone in greenhouse gas emissions. a new government report says co2 emissions are down 14% in the first five months of"
https://archive.org/details/FOXNEWSW_20130309_193000_FOX_News_Watch#start/77/end/112,3/9/2013 19:31:32,FOXNEWS,FOX News Watch,FOXNEWSW_20130309_193000_FOX_News_Watch,https://archive.org/download/FOXNEWSW_20130309_193000_FOX_News_Watch/FOXNEWSW_20130309_193000_FOX_News_Watch.thumbs/FOXNEWSW_20130309_193000_FOX_News_Watch_000075.jpg,"commuting trains. and dan, you have proof, by the way, that there is global warming, or more precisely there was global warm a long time ago."
https://archive.org/details/FOXNEWSW_20130321_170000_America_Live#start/3067/end/3102,3/21/2013 17:51:22,FOXNEWS,America Live,FOXNEWSW_20130321_170000_America_Live,https://archive.org/download/FOXNEWSW_20130321_170000_America_Live/FOXNEWSW_20130321_170000_America_Live.thumbs/FOXNEWSW_20130321_170000_America_Live_003045.jpg,"growth policies and say it's about carbon dioxide and global warming, it funnels into the city and redistributing from the suburbs into the cities. and the mindset of regionalism"
https://archive.org/details/FOXNEWSW_20130328_080000_The_OReilly_Factor#start/3291/end/3326,3/28/2013 8:55:06,FOXNEWS,The OReilly Factor,FOXNEWSW_20130328_080000_The_OReilly_Factor,https://archive.org/download/FOXNEWSW_20130328_080000_The_OReilly_Factor/FOXNEWSW_20130328_080000_The_OReilly_Factor.thumbs/FOXNEWSW_20130328_080000_The_OReilly_Factor_003285.jpg,"dared to present alternative viewpoints to global warming. john thomas, bakersfield, california, you told glenn beck they can stomp on your name all day long. hello, mr. spin zone, you"
https://archive.org/details/FOXNEWSW_20130310_193000_FOX_News_Watch#start/78/end/113,3/10/2013 19:31:33,FOXNEWS,FOX News Watch,FOXNEWSW_20130310_193000_FOX_News_Watch,https://archive.org/download/FOXNEWSW_20130310_193000_FOX_News_Watch/FOXNEWSW_20130310_193000_FOX_News_Watch.thumbs/FOXNEWSW_20130310_193000_FOX_News_Watch_000075.jpg,"commuting trains. and dan, you have proof, by the way, that there is global warming, or more precisely there was global warm a long time ago. a canadian scientist said"
https://archive.org/details/FOXNEWSW_20130302_110000_FOX_and_Friends_Saturday#start/7520/end/7555,3/2/2013 13:05:35,FOXNEWS,FOX and Friends Saturday,FOXNEWSW_20130302_110000_FOX_and_Friends_Saturday,https://archive.org/download/FOXNEWSW_20130302_110000_FOX_and_Friends_Saturday/FOXNEWSW_20130302_110000_FOX_and_Friends_Saturday.thumbs/FOXNEWSW_20130302_110000_FOX_and_Friends_Saturday_007515.jpg,"could be worse for the climate. they stopped short of endorsing the controversial plan. the reported pipeline would only release the same amount of global warming pollution every year as about 626000 passenger"
https://archive.org/details/FOXNEWSW_20130316_180000_The_Journal_Editorial_Report#start/1336/end/1371,3/16/2013 18:22:31,FOXNEWS,The Journal Editorial Report,FOXNEWSW_20130316_180000_The_Journal_Editorial_Report,https://archive.org/download/FOXNEWSW_20130316_180000_The_Journal_Editorial_Report/FOXNEWSW_20130316_180000_The_Journal_Editorial_Report.thumbs/FOXNEWSW_20130316_180000_The_Journal_Editorial_Report_001335.jpg,"global warming. when you say that green cars may not be all that green, electric cars, what do you mean? fundamentally everyone thinks that electric car has zero emissions and that's what"
https://archive.org/details/FOXNEWSW_20130317_090000_The_Journal_Editorial_Report#start/1337/end/1372,3/17/2013 9:22:32,FOXNEWS,The Journal Editorial Report,FOXNEWSW_20130317_090000_The_Journal_Editorial_Report,https://archive.org/download/FOXNEWSW_20130317_090000_The_Journal_Editorial_Report/FOXNEWSW_20130317_090000_The_Journal_Editorial_Report.thumbs/FOXNEWSW_20130317_090000_The_Journal_Editorial_Report_001335.jpg,"global warming. when you say that green cars may not be all that green, electric cars, what do you mean? fundamentally everyone thinks that electric car has zero emissions and that's what"
https://archive.org/details/FOXNEWSW_20130317_190000_The_Journal_Editorial_Report#start/1475/end/1510,3/17/2013 19:24:50,FOXNEWS,The Journal Editorial Report,FOXNEWSW_20130317_190000_The_Journal_Editorial_Report,https://archive.org/download/FOXNEWSW_20130317_190000_The_Journal_Editorial_Report/FOXNEWSW_20130317_190000_The_Journal_Editorial_Report.thumbs/FOXNEWSW_20130317_190000_The_Journal_Editorial_Report_001455.jpg,"majorly fossil fuel based even in 22 years so the reality is, this is a tiny addition to tackling global warming. paul: so batteries have to be replaced like in your cell"
https://archive.org/details/FOXNEWSW_20130305_010000_The_OReilly_Factor#start/2032/end/2067,3/5/2013 1:34:07,FOXNEWS,The OReilly Factor,FOXNEWSW_20130305_010000_The_OReilly_Factor,https://archive.org/download/FOXNEWSW_20130305_010000_The_OReilly_Factor/FOXNEWSW_20130305_010000_The_OReilly_Factor.thumbs/FOXNEWSW_20130305_010000_The_OReilly_Factor_002025.jpg,"causing global warming that action must be taken to switch alternative sources around the world. new documentary called called'greedy lying bastards.' 'what i want to know this evening is what i should"
https://archive.org/details/FOXNEWSW_20130330_143000_Cavuto_on_Business#start/479/end/514,3/30/2013 14:38:14,FOXNEWS,Cavuto on Business,FOXNEWSW_20130330_143000_Cavuto_on_Business,https://archive.org/download/FOXNEWSW_20130330_143000_Cavuto_on_Business/FOXNEWSW_20130330_143000_Cavuto_on_Business.thumbs/FOXNEWSW_20130330_143000_Cavuto_on_Business_000465.jpg,"we don't really know all the costs of global warming or glbotal pollution, that's to many scientists, an open question. reminds me of a safe that we hippy-economists say, there's"
https://archive.org/details/FOXNEWSW_20130303_170000_Americas_News_Headquarters#start/4397/end/4432,3/3/2013 18:13:32,FOXNEWS,Americas News Headquarters,FOXNEWSW_20130303_170000_Americas_News_Headquarters,https://archive.org/download/FOXNEWSW_20130303_170000_Americas_News_Headquarters/FOXNEWSW_20130303_170000_Americas_News_Headquarters.thumbs/FOXNEWSW_20130303_170000_Americas_News_Headquarters_004395.jpg,"understand there are less greenhouse gas emissions with the project than without it. so again, whether you look at the jobs, whether you look at energy, whether you look at not getting oil from the middle east but producing it here at homeworking with our closest friend and ally canada or"
https://archive.org/details/FOXNEWSW_20130308_110000_FOX_and_Friends#start/8421/end/8456,3/8/2013 13:20:36,FOXNEWS,FOX and Friends,FOXNEWSW_20130308_110000_FOX_and_Friends,https://archive.org/download/FOXNEWSW_20130308_110000_FOX_and_Friends/FOXNEWSW_20130308_110000_FOX_and_Friends.thumbs/FOXNEWSW_20130308_110000_FOX_and_Friends_008415.jpg,"by 2050, they will be greatly, greatly dissipated going forward. so it's global warming real or not real? i've heard a lot of people say it's not really real. and if the science moving"
https://archive.org/details/FOXNEWSW_20130305_090000_The_OReilly_Factor#start/2028/end/2063,3/5/2013 9:34:03,FOXNEWS,The OReilly Factor,FOXNEWSW_20130305_090000_The_OReilly_Factor,https://archive.org/download/FOXNEWSW_20130305_090000_The_OReilly_Factor/FOXNEWSW_20130305_090000_The_OReilly_Factor.thumbs/FOXNEWSW_20130305_090000_The_OReilly_Factor_001845.jpg,"segment tonight. actress daryl hannah activists. believes that fossil fuels causing global warming that action must be taken to switch alternative sources around the world. new documentary called called'greedy lying"
https://archive.org/details/FOXNEWSW_20130317_090000_The_Journal_Editorial_Report#start/1484/end/1519,3/17/2013 9:24:59,FOXNEWS,The Journal Editorial Report,FOXNEWSW_20130317_090000_The_Journal_Editorial_Report,https://archive.org/download/FOXNEWSW_20130317_090000_The_Journal_Editorial_Report/FOXNEWSW_20130317_090000_The_Journal_Editorial_Report.thumbs/FOXNEWSW_20130317_090000_The_Journal_Editorial_Report_001485.jpg,"this is a tiny addition to tackling global warming. paul: so batteries have to be replaced like in your cell phone, for example, what's the environmental impact of getting rid of the electric batteries."
https://archive.org/details/FOXNEWSW_20130305_040000_The_OReilly_Factor#start/2024/end/2059,3/5/2013 4:33:59,FOXNEWS,The OReilly Factor,FOXNEWSW_20130305_040000_The_OReilly_Factor,https://archive.org/download/FOXNEWSW_20130305_040000_The_OReilly_Factor/FOXNEWSW_20130305_040000_The_OReilly_Factor.thumbs/FOXNEWSW_20130305_040000_The_OReilly_Factor_002025.jpg,"bill: personal story segment tonight. actress daryl hannah activists. believes that fossil fuels causing global warming that action must be taken to switch alternative sources around the world. new documentary called"
https://archive.org/details/FOXNEWSW_20130330_200000_Cavuto_on_Business#start/471/end/506,3/30/2013 20:08:06,FOXNEWS,Cavuto on Business,FOXNEWSW_20130330_200000_Cavuto_on_Business,https://archive.org/download/FOXNEWSW_20130330_200000_Cavuto_on_Business/FOXNEWSW_20130330_200000_Cavuto_on_Business.thumbs/FOXNEWSW_20130330_200000_Cavuto_on_Business_000465.jpg,"for that but we really don't know in detail burning gasoline in cars is. we don't really know all the cause of global warming and global pollution. that is still to many scientists very much of an open question."
https://archive.org/details/FOXNEWSW_20130322_200000_Your_World_With_Neil_Cavuto#start/255/end/290,3/22/2013 20:04:30,FOXNEWS,Your World With Neil Cavuto,FOXNEWSW_20130322_200000_Your_World_With_Neil_Cavuto,https://archive.org/download/FOXNEWSW_20130322_200000_Your_World_With_Neil_Cavuto/FOXNEWSW_20130322_200000_Your_World_With_Neil_Cavuto.thumbs/FOXNEWSW_20130322_200000_Your_World_With_Neil_Cavuto_000255.jpg,"issues, and these are headlines over the last year about whether it's global warming and winter is getting warmer and spring turning into summer, and summer turning into lava. how did we get this so wrong?"
https://archive.org/details/FOXNEWSW_20130302_110000_FOX_and_Friends_Saturday#start/4231/end/4266,3/2/2013 12:10:46,FOXNEWS,FOX and Friends Saturday,FOXNEWSW_20130302_110000_FOX_and_Friends_Saturday,https://archive.org/download/FOXNEWSW_20130302_110000_FOX_and_Friends_Saturday/FOXNEWSW_20130302_110000_FOX_and_Friends_Saturday.thumbs/FOXNEWSW_20130302_110000_FOX_and_Friends_Saturday_004215.jpg,"plan. the report says tar sands are likely to be developed whether or not the pipeline is built from canada to texas. the keystone pipeline would only release the same amount of global warming solution as 225 passenger"
https://archive.org/details/FOXNEWSW_20130316_180000_The_Journal_Editorial_Report#start/1483/end/1518,3/16/2013 18:24:58,FOXNEWS,The Journal Editorial Report,FOXNEWSW_20130316_180000_The_Journal_Editorial_Report,https://archive.org/download/FOXNEWSW_20130316_180000_The_Journal_Editorial_Report/FOXNEWSW_20130316_180000_The_Journal_Editorial_Report.thumbs/FOXNEWSW_20130316_180000_The_Journal_Editorial_Report_001455.jpg,"this is a tiny addition to tackling global warming. paul: so batteries have to be replaced like in your cell phone, for example, what's the environmental impact of getting rid of the electric batteries. they have to go somewhere."
https://archive.org/details/FOXNEWSW_20130317_190000_The_Journal_Editorial_Report#start/1333/end/1368,3/17/2013 19:22:28,FOXNEWS,The Journal Editorial Report,FOXNEWSW_20130317_190000_The_Journal_Editorial_Report,https://archive.org/download/FOXNEWSW_20130317_190000_The_Journal_Editorial_Report/FOXNEWSW_20130317_190000_The_Journal_Editorial_Report.thumbs/FOXNEWSW_20130317_190000_The_Journal_Editorial_Report_001305.jpg,"center in washington and author of cool it, the environmentalist guide to global warming. when you say that green cars may not be all that green, electric cars, what do you mean? fundamentally everyone thinks that electric car has"
https://archive.org/details/FOXNEWSW_20130328_000000_The_OReilly_Factor#start/3370/end/3405,3/28/2013 0:56:25,FOXNEWS,The OReilly Factor,FOXNEWSW_20130328_000000_The_OReilly_Factor,https://archive.org/download/FOXNEWSW_20130328_000000_The_OReilly_Factor/FOXNEWSW_20130328_000000_The_OReilly_Factor.thumbs/FOXNEWSW_20130328_000000_The_OReilly_Factor_003345.jpg,"havasu city, arizona, as a public high school teacher i can tell you that glenn beck is correct regarding bias. i nearly lost my job when i dared to present alternative viewpoints to global warming. john thomas, bakersfield,"
https://archive.org/details/FOXNEWSW_20130331_190000_The_Journal_Editorial_Report#start/749/end/784,3/31/2013 19:12:44,FOXNEWS,The Journal Editorial Report,FOXNEWSW_20130331_190000_The_Journal_Editorial_Report,https://archive.org/download/FOXNEWSW_20130331_190000_The_Journal_Editorial_Report/FOXNEWSW_20130331_190000_The_Journal_Editorial_Report.thumbs/FOXNEWSW_20130331_190000_The_Journal_Editorial_Report_000735.jpg,"pope wants to have a carbon tax and god and my favorite response by one from missouri said, wait a minute, the pope cares about poor people and this is the most regress seiivr"
https://archive.org/details/FOXNEWSW_20130329_080000_The_OReilly_Factor#start/2027/end/2062,3/29/2013 8:34:02,FOXNEWS,The OReilly Factor,FOXNEWSW_20130329_080000_The_OReilly_Factor,https://archive.org/download/FOXNEWSW_20130329_080000_The_OReilly_Factor/FOXNEWSW_20130329_080000_The_OReilly_Factor.thumbs/FOXNEWSW_20130329_080000_The_OReilly_Factor_002025.jpg,"flashback segment tonight, actress daryl hannah is an environ mintle activists she believes fossil fuels are causing global warming and action must be taken to switch energy sources throughout the world. she is also the executive producer of a documentary called greedy lying"
https://archive.org/details/FOXNEWSW_20130308_110000_FOX_and_Friends#start/8344/end/8379,3/8/2013 13:19:19,FOXNEWS,FOX and Friends,FOXNEWSW_20130308_110000_FOX_and_Friends,https://archive.org/download/FOXNEWSW_20130308_110000_FOX_and_Friends/FOXNEWSW_20130308_110000_FOX_and_Friends.thumbs/FOXNEWSW_20130308_110000_FOX_and_Friends_008325.jpg,"shouldn't be endangered or threatened because it's not because they're so plentiful in the world. it really depends upon whether you believe the global warming is real, whether polar bears are actually threatened or not. this has become a big"
https://archive.org/details/FOXNEWSW_20130316_160000_Americas_News_Headquarters#start/2818/end/2853,3/16/2013 16:47:13,FOXNEWS,Americas News Headquarters,FOXNEWSW_20130316_160000_Americas_News_Headquarters,https://archive.org/download/FOXNEWSW_20130316_160000_Americas_News_Headquarters/FOXNEWSW_20130316_160000_Americas_News_Headquarters.thumbs/FOXNEWSW_20130316_160000_Americas_News_Headquarters_002805.jpg,"who took our money decided to step down. i don't know what is going on there. i disagree with john than said about green energy. we neemed it. global warming is it a issue. why do you think it is it"
https://archive.org/details/FOXNEWSW_20130316_200000_Cavuto_on_Business#start/251/end/286,3/16/2013 20:04:26,FOXNEWS,Cavuto on Business,FOXNEWSW_20130316_200000_Cavuto_on_Business,https://archive.org/download/FOXNEWSW_20130316_200000_Cavuto_on_Business/FOXNEWSW_20130316_200000_Cavuto_on_Business.thumbs/FOXNEWSW_20130316_200000_Cavuto_on_Business_000225.jpg,"trillions of dollars in economy to fight global warming because it's going to get one degree warmer in the hundred years, we shouldn't worry about the deficit that never stops. it is a crisis and immediate crisis and should be honest about that."
https://archive.org/details/FOXNEWSW_20130324_200000_Americas_News_Headquarters#start/6990/end/7025,3/24/2013 21:56:45,FOXNEWS,Americas News Headquarters,FOXNEWSW_20130324_200000_Americas_News_Headquarters,https://archive.org/download/FOXNEWSW_20130324_200000_Americas_News_Headquarters/FOXNEWSW_20130324_200000_Americas_News_Headquarters.thumbs/FOXNEWSW_20130324_200000_Americas_News_Headquarters_006975.jpg,"the warmer weather because of global warming and the increase in carbon dioxide due to pollution and industrialization will cause a more intense pollen spreading as well as a longer season. is there anything people can do? if you have bad allergies, you"
https://archive.org/details/FOXNEWSW_20130304_180000_America_Live#start/414/end/449,3/4/2013 18:07:09,FOXNEWS,America Live,FOXNEWSW_20130304_180000_America_Live,https://archive.org/download/FOXNEWSW_20130304_180000_America_Live/FOXNEWSW_20130304_180000_America_Live.thumbs/FOXNEWSW_20130304_180000_America_Live_000405.jpg,"get reshaping the american energy industry to comport with this vision about global warming would probably be the president's most important legacy project so she is carrying with him, his hopes and the hopes of liberal america for making this"
https://archive.org/details/FOXNEWSW_20130302_200000_Stossel#start/492/end/527,3/2/2013 20:08:27,FOXNEWS,Stossel,FOXNEWSW_20130302_200000_Stossel,https://archive.org/download/FOXNEWSW_20130302_200000_Stossel/FOXNEWSW_20130302_200000_Stossel.thumbs/FOXNEWSW_20130302_200000_Stossel_000495.jpg,"we are funding robotic squirrels water melon queen tours. climate change musicals. pet shampoo products. this is my favorite, $350000 on"
https://archive.org/details/FOXNEWSW_20130302_213000_Cashin_In#start/288/end/323,3/2/2013 21:35:03,FOXNEWS,Cashin In,FOXNEWSW_20130302_213000_Cashin_In,https://archive.org/download/FOXNEWSW_20130302_213000_Cashin_In/FOXNEWSW_20130302_213000_Cashin_In.thumbs/FOXNEWSW_20130302_213000_Cashin_In_000285.jpg,"eric: you like mietd like this, climate change the musical hundred thousand dollars. he will be very proud. look, it's unbelievably"
https://archive.org/details/FOXNEWSW_20130331_190000_The_Journal_Editorial_Report#start/768/end/803,3/31/2013 19:13:03,FOXNEWS,The Journal Editorial Report,FOXNEWSW_20130331_190000_The_Journal_Editorial_Report,https://archive.org/download/FOXNEWSW_20130331_190000_The_Journal_Editorial_Report/FOXNEWSW_20130331_190000_The_Journal_Editorial_Report.thumbs/FOXNEWSW_20130331_190000_The_Journal_Editorial_Report_000765.jpg,"i think we could say that the pop is agnostiagnostic, if use that word, on the carbon tax. and it suggests that is bipartisan support for approving this big pipeline. we've known that for a long"
https://archive.org/details/FOXNEWSW_20130302_110000_FOX_and_Friends_Saturday#start/12057/end/12092,3/2/2013 14:21:12,FOXNEWS,FOX and Friends Saturday,FOXNEWSW_20130302_110000_FOX_and_Friends_Saturday,https://archive.org/download/FOXNEWSW_20130302_110000_FOX_and_Friends_Saturday/FOXNEWSW_20130302_110000_FOX_and_Friends_Saturday.thumbs/FOXNEWSW_20130302_110000_FOX_and_Friends_Saturday_012045.jpg,"why don't republicans get a list of ludicrous wasteful expe expendturs, and spending 700000 on a climate change musical? i think that republicans"
https://archive.org/details/FOXNEWSW_20130328_030000_The_OReilly_Factor#start/993/end/1028,3/28/2013 3:16:48,FOXNEWS,The OReilly Factor,FOXNEWSW_20130328_030000_The_OReilly_Factor,https://archive.org/download/FOXNEWSW_20130328_030000_The_OReilly_Factor/FOXNEWSW_20130328_030000_The_OReilly_Factor.thumbs/FOXNEWSW_20130328_030000_The_OReilly_Factor_000975.jpg,"hurtful on the right you can on the left. can you call christians bigots. if you don't believe in global warming. troglodyte.teresting to another word of the day, powers. you can do all of that and a the left whipping orthodoxy will shepard and"
https://archive.org/details/FOXNEWSW_20130329_000000_The_OReilly_Factor#start/2030/end/2065,3/29/2013 0:34:05,FOXNEWS,The OReilly Factor,FOXNEWSW_20130329_000000_The_OReilly_Factor,https://archive.org/download/FOXNEWSW_20130329_000000_The_OReilly_Factor/FOXNEWSW_20130329_000000_The_OReilly_Factor.thumbs/FOXNEWSW_20130329_000000_The_OReilly_Factor_002025.jpg,"actress daryl hannah is an environ mintle activists she believes fossil fuels are causing global warming and action must be taken to switch energy sources throughout the world. she is also the executive producer of a documentary called greedy lying bastards which basically attacks the fossil fuel"
https://archive.org/details/FOXNEWSW_20130329_170000_America_Live#start/391/end/426,3/29/2013 17:06:46,FOXNEWS,America Live,FOXNEWSW_20130329_170000_America_Live,https://archive.org/download/FOXNEWSW_20130329_170000_America_Live/FOXNEWSW_20130329_170000_America_Live.thumbs/FOXNEWSW_20130329_170000_America_Live_000375.jpg,"environmental regulation that's going to cost people more at the gas pump? well, the irony, megyn, is that for the regulators here and for the president, the second term is great, in terms of doing stuff about global warming and other environmental causes that are"
https://archive.org/details/FOXNEWSW_20130325_150000_Happening_Now#start/2936/end/2971,3/25/2013 15:49:11,FOXNEWS,Happening Now,FOXNEWSW_20130325_150000_Happening_Now,https://archive.org/download/FOXNEWSW_20130325_150000_Happening_Now/FOXNEWSW_20130325_150000_Happening_Now.thumbs/FOXNEWSW_20130325_150000_Happening_Now_002925.jpg,"europe which relied on billions in subsidies to wind and solar. it is the cleanest burning fossil fuel there is so we feel like it's a great alternative. reporter: yet environmentalists, the loudest voice in the global warming debate, refuse to concede a fossil fuel"
https://archive.org/details/FOXNEWSW_20130329_030000_The_OReilly_Factor#start/2027/end/2062,3/29/2013 3:34:02,FOXNEWS,The OReilly Factor,FOXNEWSW_20130329_030000_The_OReilly_Factor,https://archive.org/download/FOXNEWSW_20130329_030000_The_OReilly_Factor/FOXNEWSW_20130329_030000_The_OReilly_Factor.thumbs/FOXNEWSW_20130329_030000_The_OReilly_Factor_002025.jpg,"laura: in the factor flashback segment tonight, actress daryl hannah is an environ mintle activists she believes fossil fuels are causing global warming and action must be taken to switch energy sources throughout the world. she is also the executive producer of a documentary called greedy lying"
https://archive.org/details/FOXNEWSW_20130303_200000_The_Journal_Editorial_Report#start/264/end/299,3/3/2013 20:04:39,FOXNEWS,The Journal Editorial Report,FOXNEWSW_20130303_200000_The_Journal_Editorial_Report,https://archive.org/download/FOXNEWSW_20130303_200000_The_Journal_Editorial_Report/FOXNEWSW_20130303_200000_The_Journal_Editorial_Report.thumbs/FOXNEWSW_20130303_200000_The_Journal_Editorial_Report_000255.jpg,"now, you know, i'm not with christie on a lot of his issues, gun control and global warming and issues like that, but again, you know, this is similar to what scott brown was doing. paul: you've got to do-- you've got to do what"
https://archive.org/details/FOXNEWSW_20130306_040000_The_OReilly_Factor#start/2268/end/2303,3/6/2013 4:38:03,FOXNEWS,The OReilly Factor,FOXNEWSW_20130306_040000_The_OReilly_Factor,https://archive.org/download/FOXNEWSW_20130306_040000_The_OReilly_Factor/FOXNEWSW_20130306_040000_The_OReilly_Factor.thumbs/FOXNEWSW_20130306_040000_The_OReilly_Factor_002265.jpg,"paying a lot of it and it's awful because oil and gas are wonderful. bill: how you can say that? because global warming may be a threat but poverty is much worse. oil and gas produce so much energy for so little money. it let's us prosper."
https://archive.org/details/FOXNEWSW_20130306_020000_Hannity#start/30/end/65,3/6/2013 2:00:45,FOXNEWS,Hannity,FOXNEWSW_20130306_020000_Hannity,https://archive.org/download/FOXNEWSW_20130306_020000_Hannity/FOXNEWSW_20130306_020000_Hannity.thumbs/FOXNEWSW_20130306_020000_Hannity_000045.jpg,"the sermon, but it's important for all of us to take at least an hour a week to think about a higher power, to be introspective. even if you're an atheist, think about global warming, nature, anything outside of yourself. sadly most americans are not"
https://archive.org/details/FOXNEWSW_20130306_090000_The_OReilly_Factor#start/2274/end/2309,3/6/2013 9:38:09,FOXNEWS,The OReilly Factor,FOXNEWSW_20130306_090000_The_OReilly_Factor,https://archive.org/download/FOXNEWSW_20130306_090000_The_OReilly_Factor/FOXNEWSW_20130306_090000_The_OReilly_Factor.thumbs/FOXNEWSW_20130306_090000_The_OReilly_Factor_002265.jpg,"bill: how you can say that? because global warming may be a threat but poverty is much worse. oil and gas produce so much energy for so little money. it let's us prosper. it's great. bill: the greater economic good is served by fossil fuels? yes."
https://archive.org/details/FOXNEWSW_20130306_050000_Hannity#start/30/end/65,3/6/2013 5:00:45,FOXNEWS,Hannity,FOXNEWSW_20130306_050000_Hannity,https://archive.org/download/FOXNEWSW_20130306_050000_Hannity/FOXNEWSW_20130306_050000_Hannity.thumbs/FOXNEWSW_20130306_050000_Hannity_000045.jpg,"the sermon, but it's important for all of us to take at least an hour a week to think about a higher power, to be introspective. even if you're an atheist, think about global warming, nature, anything outside of yourself. sadly most americans are not"
https://archive.org/details/FOXNEWSW_20130308_110000_FOX_and_Friends#start/8037/end/8072,3/8/2013 13:14:12,FOXNEWS,FOX and Friends,FOXNEWSW_20130308_110000_FOX_and_Friends,https://archive.org/download/FOXNEWSW_20130308_110000_FOX_and_Friends/FOXNEWSW_20130308_110000_FOX_and_Friends.thumbs/FOXNEWSW_20130308_110000_FOX_and_Friends_008025.jpg,"office, just rifle his death. [ laughter ] see if he has sweets. gretchen: have a great weekend. did you know the polar bear population is growing? why is a court refusing to take them off the endangered species list? two words, global warming. peter johnson, jr. breaking that"
https://archive.org/details/FOXNEWSW_20130309_193000_FOX_News_Watch#start/92/end/127,3/9/2013 19:31:47,FOXNEWS,FOX News Watch,FOXNEWSW_20130309_193000_FOX_News_Watch,https://archive.org/download/FOXNEWSW_20130309_193000_FOX_News_Watch/FOXNEWSW_20130309_193000_FOX_News_Watch.thumbs/FOXNEWSW_20130309_193000_FOX_News_Watch_000075.jpg,"a canadian scientist said they found bone fragments that suggested the north pole was populated by giant camels. giant camels on the north pole. and this is simply fantastic. now, there's a global warming aspect because it had to be warm for the camels to live"
https://archive.org/details/FOXNEWSW_20130306_090000_The_OReilly_Factor#start/3549/end/3584,3/6/2013 9:59:24,FOXNEWS,The OReilly Factor,FOXNEWSW_20130306_090000_The_OReilly_Factor,https://archive.org/download/FOXNEWSW_20130306_090000_The_OReilly_Factor/FOXNEWSW_20130306_090000_The_OReilly_Factor.thumbs/FOXNEWSW_20130306_090000_The_OReilly_Factor_003525.jpg,"think about global warming, nature, anything outside of yourself. sadly most americans are not taking my advice. a recent gallup poll says 31% of we the people now attend church every sunday. for catholics, who are required to attend weekly mass, the number is even"
https://archive.org/details/FOXNEWSW_20130321_170000_America_Live#start/2855/end/2890,3/21/2013 17:47:50,FOXNEWS,America Live,FOXNEWSW_20130321_170000_America_Live,https://archive.org/download/FOXNEWSW_20130321_170000_America_Live/FOXNEWSW_20130321_170000_America_Live.thumbs/FOXNEWSW_20130321_170000_America_Live_002835.jpg,"last week. that's right, it looks like president obama's plans to fight global warming are going to hurt american suburbs because the obama administration believes in something called smart growth. the idea of smart growth policies is, get out of your car, don't move to the"
https://archive.org/details/FOXNEWSW_20130328_000000_The_OReilly_Factor#start/997/end/1032,3/28/2013 0:16:52,FOXNEWS,The OReilly Factor,FOXNEWSW_20130328_000000_The_OReilly_Factor,https://archive.org/download/FOXNEWSW_20130328_000000_The_OReilly_Factor/FOXNEWSW_20130328_000000_The_OReilly_Factor.thumbs/FOXNEWSW_20130328_000000_The_OReilly_Factor_000975.jpg,"bigots. if you don't believe in global warming. troglodyte.teresting to another word of the day, powers. you can do all of that and a the left whipping orthodoxy will shepard and protect you. if you go out and challenge that then you are in"
https://archive.org/details/FOXNEWSW_20130329_040000_Hannity#start/747/end/782,3/29/2013 4:12:42,FOXNEWS,Hannity,FOXNEWSW_20130329_040000_Hannity,https://archive.org/download/FOXNEWSW_20130329_040000_Hannity/FOXNEWSW_20130329_040000_Hannity.thumbs/FOXNEWSW_20130329_040000_Hannity_000735.jpg,"website and waste list.com. and we outlined three biggest examples. nearly 700000 bucks on the climate change musical could have funded tours and loans"
https://archive.org/details/FOXNEWSW_20130304_230000_Special_Report_With_Bret_Baier#start/2774/end/2809,3/4/2013 23:46:29,FOXNEWS,Special Report With Bret Baier,FOXNEWSW_20130304_230000_Special_Report_With_Bret_Baier,https://archive.org/download/FOXNEWSW_20130304_230000_Special_Report_With_Bret_Baier/FOXNEWSW_20130304_230000_Special_Report_With_Bret_Baier.thumbs/FOXNEWSW_20130304_230000_Special_Report_With_Bret_Baier_002775.jpg,"legislation. we will see what he wants to do. the next time he gives a speech on climate change he announces a decision on the"
https://archive.org/details/FOXNEWSW_20130313_090000_FOX_and_Friends_First#start/2887/end/2922,3/13/2013 9:48:22,FOXNEWS,FOX and Friends First,FOXNEWSW_20130313_090000_FOX_and_Friends_First,https://archive.org/download/FOXNEWSW_20130313_090000_FOX_and_Friends_First/FOXNEWSW_20130313_090000_FOX_and_Friends_First.thumbs/FOXNEWSW_20130313_090000_FOX_and_Friends_First_002865.jpg,"to understand albatross's population response to climate change. 2.4 million dedicated to the earth in action looking at the size and shape of the earth."
https://archive.org/details/FOXNEWSW_20130327_200000_Your_World_With_Neil_Cavuto#start/2479/end/2514,3/27/2013 20:41:34,FOXNEWS,Your World With Neil Cavuto,FOXNEWSW_20130327_200000_Your_World_With_Neil_Cavuto,https://archive.org/download/FOXNEWSW_20130327_200000_Your_World_With_Neil_Cavuto/FOXNEWSW_20130327_200000_Your_World_With_Neil_Cavuto.thumbs/FOXNEWSW_20130327_200000_Your_World_With_Neil_Cavuto_002475.jpg,"devastating worldwide climate change is happening. amazing. celebrities and politicians have solutions. these cool people own electric and hybrid cars. the first prous i owned."
https://archive.org/details/FOXNEWSW_20130329_010000_Hannity#start/752/end/787,3/29/2013 1:12:47,FOXNEWS,Hannity,FOXNEWSW_20130329_010000_Hannity,https://archive.org/download/FOXNEWSW_20130329_010000_Hannity/FOXNEWSW_20130329_010000_Hannity.thumbs/FOXNEWSW_20130329_010000_Hannity_000735.jpg,"nearly 700000 bucks on the climate change musical could have funded tours and loans sent to cupcake shops in the u.s. 27 weeks of sturs and third,"
https://archive.org/details/FOXNEWSW_20130301_110000_FOX_and_Friends#start/4175/end/4210,3/1/2013 12:09:50,FOXNEWS,FOX and Friends,FOXNEWSW_20130301_110000_FOX_and_Friends,https://archive.org/download/FOXNEWSW_20130301_110000_FOX_and_Friends/FOXNEWSW_20130301_110000_FOX_and_Friends.thumbs/FOXNEWSW_20130301_110000_FOX_and_Friends_004155.jpg,"the more drastic things like military and air traffic controllers? how about the climate change musical for $697000? instead, you can argue, they're freeing illegal immigrants in"
https://archive.org/details/FOXNEWSW_20130310_200000_Americas_News_Headquarters#start/5468/end/5503,3/10/2013 21:31:23,FOXNEWS,Americas News Headquarters,FOXNEWSW_20130310_200000_Americas_News_Headquarters,https://archive.org/download/FOXNEWSW_20130310_200000_Americas_News_Headquarters/FOXNEWSW_20130310_200000_Americas_News_Headquarters.thumbs/FOXNEWSW_20130310_200000_Americas_News_Headquarters_005445.jpg,"billion in utter waste on stuff like this, robotic squirrels interacting with snakes. who cares? climate change musicals. pet shampoo projects, eating more caviar, don't do it."
https://archive.org/details/FOXNEWSW_20130329_170000_America_Live#start/549/end/584,3/29/2013 17:09:24,FOXNEWS,America Live,FOXNEWSW_20130329_170000_America_Live,https://archive.org/download/FOXNEWSW_20130329_170000_America_Live/FOXNEWSW_20130329_170000_America_Live.thumbs/FOXNEWSW_20130329_170000_America_Live_000525.jpg,"global warming and gay marriage and gun control and things like that. if he fritters away his popularity, and his job approval as middle class americans who help return him to a second term and say he's neglecting them and leaving them behind and not paying attention to the concerns he"
https://archive.org/details/FOXNEWSW_20130315_170000_America_Live#start/341/end/376,3/15/2013 17:05:56,FOXNEWS,America Live,FOXNEWSW_20130315_170000_America_Live,https://archive.org/download/FOXNEWSW_20130315_170000_America_Live/FOXNEWSW_20130315_170000_America_Live.thumbs/FOXNEWSW_20130315_170000_America_Live_000315.jpg,"in front and start leading the charge on this. megyn: on the three g's that's interesting, global warming, gun control and gay rights and brit hume said he wanted to retire to focus on the three g's, they were not the same. they were decidedly different. megyn: his were god, golf"
https://archive.org/details/FOXNEWSW_20130302_190000_The_Journal_Editorial_Report#start/267/end/302,3/2/2013 19:04:42,FOXNEWS,The Journal Editorial Report,FOXNEWSW_20130302_190000_The_Journal_Editorial_Report,https://archive.org/download/FOXNEWSW_20130302_190000_The_Journal_Editorial_Report/FOXNEWSW_20130302_190000_The_Journal_Editorial_Report.thumbs/FOXNEWSW_20130302_190000_The_Journal_Editorial_Report_000255.jpg,"christie on a lot of his issues, gun control and global warming and issues like that, but again, you know, this is similar to what scott brown was doing. paul: you've got to do-- you've got to do what you've got to do to win. paul: owe the snub, cpac"
https://archive.org/details/FOXNEWSW_20130310_193000_FOX_News_Watch#start/95/end/130,3/10/2013 19:31:50,FOXNEWS,FOX News Watch,FOXNEWSW_20130310_193000_FOX_News_Watch,https://archive.org/download/FOXNEWSW_20130310_193000_FOX_News_Watch/FOXNEWSW_20130310_193000_FOX_News_Watch.thumbs/FOXNEWSW_20130310_193000_FOX_News_Watch_000075.jpg,"they found bone fragments that suggested the north pole was populated by giant camels. giant camels on the north pole. and this is simply fantastic. now, there's a global warming aspect because it had to be warm for the camels to live there. so if this is going to happen"
https://archive.org/details/FOXNEWSW_20130325_130000_Americas_Newsroom#start/3381/end/3416,3/25/2013 13:56:36,FOXNEWS,Americas Newsroom,FOXNEWSW_20130325_130000_Americas_Newsroom,https://archive.org/download/FOXNEWSW_20130325_130000_Americas_Newsroom/FOXNEWSW_20130325_130000_Americas_Newsroom.thumbs/FOXNEWSW_20130325_130000_Americas_Newsroom_003375.jpg,"states for global warming this is something you don't hear. emissions are falling faster here than in europe not thanks to biofuels and electric cars but to natural gas. solar energy gets cheaper by the year of the let's drive down costs even further. reporter: while the president talks about"
https://archive.org/details/FOXNEWSW_20130306_010000_The_OReilly_Factor#start/2268/end/2303,3/6/2013 1:38:03,FOXNEWS,The OReilly Factor,FOXNEWSW_20130306_010000_The_OReilly_Factor,https://archive.org/download/FOXNEWSW_20130306_010000_The_OReilly_Factor/FOXNEWSW_20130306_010000_The_OReilly_Factor.thumbs/FOXNEWSW_20130306_010000_The_OReilly_Factor_002265.jpg,"right it already is paying a lot of it and it's awful because oil and gas are wonderful. bill: how you can say that? because global warming may be a threat but poverty is much worse. oil and gas produce so much energy for so little money. it let's us prosper."
https://archive.org/details/FOXNEWSW_20130331_160000_Americas_News_Headquarters#start/2573/end/2608,3/31/2013 16:43:08,FOXNEWS,Americas News Headquarters,FOXNEWSW_20130331_160000_Americas_News_Headquarters,https://archive.org/download/FOXNEWSW_20130331_160000_Americas_News_Headquarters/FOXNEWSW_20130331_160000_Americas_News_Headquarters.thumbs/FOXNEWSW_20130331_160000_Americas_News_Headquarters_002565.jpg,"little animals. and our emissions threaten all of earth. devastating worldwide climate change is happening. but! amazing! reporter: celebrities and politicians have solutions. these cool people own electric"
https://archive.org/details/FOXNEWSW_20130325_150000_Happening_Now#start/2968/end/3003,3/25/2013 15:49:43,FOXNEWS,Happening Now,FOXNEWSW_20130325_150000_Happening_Now,https://archive.org/download/FOXNEWSW_20130325_150000_Happening_Now/FOXNEWSW_20130325_150000_Happening_Now.thumbs/FOXNEWSW_20130325_150000_Happening_Now_002955.jpg,"money through lower energy bills and prices on good and services through energy cost savings that are passed onto the consumer. reporter: the dramatic reductions came not because of a carbon tax or a u.n. mandate but market forces and private sector technologies greens oppose."
https://archive.org/details/FOXNEWSW_20130302_110000_FOX_and_Friends_Saturday#start/782/end/817,3/2/2013 11:13:17,FOXNEWS,FOX and Friends Saturday,FOXNEWSW_20130302_110000_FOX_and_Friends_Saturday,https://archive.org/download/FOXNEWSW_20130302_110000_FOX_and_Friends_Saturday/FOXNEWSW_20130302_110000_FOX_and_Friends_Saturday.thumbs/FOXNEWSW_20130302_110000_FOX_and_Friends_Saturday_000765.jpg,"about the waste that could waste that could have been cut. climate change musical. still paying for that. congressman greg walters is here with the details. dad, i'd put that down."
https://archive.org/details/FOXNEWSW_20130312_220000_Special_Report_With_Bret_Baier#start/1686/end/1721,3/12/2013 22:28:21,FOXNEWS,Special Report With Bret Baier,FOXNEWSW_20130312_220000_Special_Report_With_Bret_Baier,https://archive.org/download/FOXNEWSW_20130312_220000_Special_Report_With_Bret_Baier/FOXNEWSW_20130312_220000_Special_Report_With_Bret_Baier.thumbs/FOXNEWSW_20130312_220000_Special_Report_With_Bret_Baier_001665.jpg,"another study on how albatross responds to climate change. and exam pictures of animals in national geographic magazines. there is a new plan for the battery on the boeing 787"
https://archive.org/details/FOXNEWSW_20130303_000000_FOX_Report#start/2437/end/2472,3/3/2013 0:40:52,FOXNEWS,FOX Report,FOXNEWSW_20130303_000000_FOX_Report,https://archive.org/download/FOXNEWSW_20130303_000000_FOX_Report/FOXNEWSW_20130303_000000_FOX_Report.thumbs/FOXNEWSW_20130303_000000_FOX_Report_002415.jpg,"and that is it a commerce commit eye and democrat congressman dis, and said to stop climate change and the destructive storms and draughts and wildfires that we are experiencing."
https://archive.org/details/FOXNEWSW_20130320_170000_America_Live#start/619/end/654,3/20/2013 17:10:34,FOXNEWS,America Live,FOXNEWSW_20130320_170000_America_Live,https://archive.org/download/FOXNEWSW_20130320_170000_America_Live/FOXNEWSW_20130320_170000_America_Live.thumbs/FOXNEWSW_20130320_170000_America_Live_000615.jpg,"i'm willing to eat with you, and talk to you and sit in the same room with you. and do that for a while and guess what, the base says this guy was lying to us, leading us on. he's not serious about a gun ban, not serious about global warming, not serious about the"
https://archive.org/details/FOXNEWSW_20130301_230000_Special_Report_With_Bret_Baier#start/3177/end/3212,3/1/2013 23:53:12,FOXNEWS,Special Report With Bret Baier,FOXNEWSW_20130301_230000_Special_Report_With_Bret_Baier,https://archive.org/download/FOXNEWSW_20130301_230000_Special_Report_With_Bret_Baier/FOXNEWSW_20130301_230000_Special_Report_With_Bret_Baier.thumbs/FOXNEWSW_20130301_230000_Special_Report_With_Bret_Baier_003165.jpg,"willful or accidental, this report is nothing short of malpractice. president obama said he is committed to fighting the climate crisis. if that is true, he should throw the state department report away and reject the dirty and dangerous keystone xl pipeline. back with the panel."
https://archive.org/details/FOXNEWSW_20130324_060000_Red_Eye#start/2986/end/3021,3/24/2013 6:50:01,FOXNEWS,Red Eye,FOXNEWSW_20130324_060000_Red_Eye,https://archive.org/download/FOXNEWSW_20130324_060000_Red_Eye/FOXNEWSW_20130324_060000_Red_Eye.thumbs/FOXNEWSW_20130324_060000_Red_Eye_002985.jpg,"what is going on? climate change? all of a sudden you fake a suicide in south carolina. stop it! do not -- stop it. greg: there are people that actually do have serious"
https://archive.org/details/FOXNEWSW_20130324_030000_Red_Eye#start/2986/end/3021,3/24/2013 3:50:01,FOXNEWS,Red Eye,FOXNEWSW_20130324_030000_Red_Eye,https://archive.org/download/FOXNEWSW_20130324_030000_Red_Eye/FOXNEWSW_20130324_030000_Red_Eye.thumbs/FOXNEWSW_20130324_030000_Red_Eye_002985.jpg,"what is going on? climate change? all of a sudden you fake a suicide in south carolina. stop it! do not -- stop it. greg: there are people that actually do have serious"
https://archive.org/details/FOXNEWSW_20130302_170000_Americas_News_Headquarters#start/683/end/718,3/2/2013 17:11:38,FOXNEWS,Americas News Headquarters,FOXNEWSW_20130302_170000_Americas_News_Headquarters,https://archive.org/download/FOXNEWSW_20130302_170000_Americas_News_Headquarters/FOXNEWSW_20130302_170000_Americas_News_Headquarters.thumbs/FOXNEWSW_20130302_170000_Americas_News_Headquarters_000675.jpg,"a new york city theater. 697000 to produce a musical on climate change. coburn's waste book 19 billion wasted dollars. it is it snap shot of a larger problem and you can see"
https://archive.org/details/FOXNEWSW_20130304_230000_Special_Report_With_Bret_Baier#start/2831/end/2866,3/4/2013 23:47:26,FOXNEWS,Special Report With Bret Baier,FOXNEWSW_20130304_230000_Special_Report_With_Bret_Baier,https://archive.org/download/FOXNEWSW_20130304_230000_Special_Report_With_Bret_Baier/FOXNEWSW_20130304_230000_Special_Report_With_Bret_Baier.thumbs/FOXNEWSW_20130304_230000_Special_Report_With_Bret_Baier_002835.jpg,"climate change or do they simply want to kill all of the fossil fuels? bret: do you think that president obama through mccarthy wants to have the legacy that they killed coal?"
https://archive.org/details/FOXNEWSW_20130305_050000_Hannity#start/951/end/986,3/5/2013 5:16:06,FOXNEWS,Hannity,FOXNEWSW_20130305_050000_Hannity,https://archive.org/download/FOXNEWSW_20130305_050000_Hannity/FOXNEWSW_20130305_050000_Hannity.thumbs/FOXNEWSW_20130305_050000_Hannity_000945.jpg,"meanwhile, we've also learned that the obama state department has allotted 469 million dollars to address, quote, global climate change, pretty unreal, that's your hard earned dollars and joining me now with reaction"
https://archive.org/details/FOXNEWSW_20130304_210000_Your_World_With_Neil_Cavuto#start/543/end/578,3/4/2013 21:09:18,FOXNEWS,Your World With Neil Cavuto,FOXNEWSW_20130304_210000_Your_World_With_Neil_Cavuto,https://archive.org/download/FOXNEWSW_20130304_210000_Your_World_With_Neil_Cavuto/FOXNEWSW_20130304_210000_Your_World_With_Neil_Cavuto.thumbs/FOXNEWSW_20130304_210000_Your_World_With_Neil_Cavuto_000525.jpg,"with no expiration date. like climate change. you can blame for everything. hot weather, cold weather, any weather, and is the administration's latest talk of grinding out sequestration they're latest pivot on this"
https://archive.org/details/FOXNEWSW_20130315_170000_America_Live#start/310/end/345,3/15/2013 17:05:25,FOXNEWS,America Live,FOXNEWSW_20130315_170000_America_Live,https://archive.org/download/FOXNEWSW_20130315_170000_America_Live/FOXNEWSW_20130315_170000_America_Live.thumbs/FOXNEWSW_20130315_170000_America_Live_000285.jpg,"president to stand with her. she would like the president to push harder on the subject and so would lots of liberals, this is part of the big three for them in the second obama term, that's global warming, gun control, and gay rights. and those are the things that matter a lot for liberals and"
https://archive.org/details/FOXNEWSW_20130317_160000_Americas_News_Headquarters#start/4521/end/4556,3/17/2013 17:15:36,FOXNEWS,Americas News Headquarters,FOXNEWSW_20130317_160000_Americas_News_Headquarters,https://archive.org/download/FOXNEWSW_20130317_160000_Americas_News_Headquarters/FOXNEWSW_20130317_160000_Americas_News_Headquarters.thumbs/FOXNEWSW_20130317_160000_Americas_News_Headquarters_004515.jpg,"gay marriage. global warming and guns. and these are the three biggest issues for the left and if the president looks like he is dragging his feet on this they will get cranky and then to take us back to senator king's point they will be less inclined to do something that they have already shown very"
https://archive.org/details/FOXNEWSW_20130302_163000_Cashin_In#start/280/end/315,3/2/2013 16:34:55,FOXNEWS,Cashin In,FOXNEWSW_20130302_163000_Cashin_In,https://archive.org/download/FOXNEWSW_20130302_163000_Cashin_In/FOXNEWSW_20130302_163000_Cashin_In.thumbs/FOXNEWSW_20130302_163000_Cashin_In_000255.jpg,"stand up and upon say oh, my goodness, we have a terrible problem. we have a cut and in the meantime he's spending. and you might like this one. climate change, the musical. 700000."
https://archive.org/details/FOXNEWSW_20130304_230000_Special_Report_With_Bret_Baier#start/2759/end/2794,3/4/2013 23:46:14,FOXNEWS,Special Report With Bret Baier,FOXNEWSW_20130304_230000_Special_Report_With_Bret_Baier,https://archive.org/download/FOXNEWSW_20130304_230000_Special_Report_With_Bret_Baier/FOXNEWSW_20130304_230000_Special_Report_With_Bret_Baier.thumbs/FOXNEWSW_20130304_230000_Special_Report_With_Bret_Baier_002745.jpg,"administration. i think she will still get through. but she will be on the hot seat because this is where climate change is headquartered now. not revival of the mccain-lieberman"
https://archive.org/details/FOXNEWSW_20130302_170000_Americas_News_Headquarters#start/1177/end/1212,3/2/2013 17:19:52,FOXNEWS,Americas News Headquarters,FOXNEWSW_20130302_170000_Americas_News_Headquarters,https://archive.org/download/FOXNEWSW_20130302_170000_Americas_News_Headquarters/FOXNEWSW_20130302_170000_Americas_News_Headquarters.thumbs/FOXNEWSW_20130302_170000_Americas_News_Headquarters_001155.jpg,"democrat congressman who said on the energy and commerce committee. we don't need dirty oil to stop climate change and destructive storms and flood and wildfires that we are experiencing. we should investin clear e"
https://archive.org/details/FOXNEWSW_20130320_200000_Your_World_With_Neil_Cavuto#start/3403/end/3438,3/20/2013 20:56:58,FOXNEWS,Your World With Neil Cavuto,FOXNEWSW_20130320_200000_Your_World_With_Neil_Cavuto,https://archive.org/download/FOXNEWSW_20130320_200000_Your_World_With_Neil_Cavuto/FOXNEWSW_20130320_200000_Your_World_With_Neil_Cavuto.thumbs/FOXNEWSW_20130320_200000_Your_World_With_Neil_Cavuto_003405.jpg,"obstructionist for demanding more spending. fair is fair but that doesn't mean it's cool. what it cool it believing in climate change and spending billions to spend it. what is not cool is questioning"
https://archive.org/details/FOXNEWSW_20130320_200000_Your_World_With_Neil_Cavuto#start/3417/end/3452,3/20/2013 20:57:12,FOXNEWS,Your World With Neil Cavuto,FOXNEWSW_20130320_200000_Your_World_With_Neil_Cavuto,https://archive.org/download/FOXNEWSW_20130320_200000_Your_World_With_Neil_Cavuto/FOXNEWSW_20130320_200000_Your_World_With_Neil_Cavuto.thumbs/FOXNEWSW_20130320_200000_Your_World_With_Neil_Cavuto_003405.jpg,"climate change and whether we can fix it. cool is giving billions to darfur, not cool is questioning whether the dollars ever get to darfur. that is heartless, that is cluesless and the epitome of"
https://archive.org/details/FOXNEWSW_20130320_170000_America_Live#start/756/end/791,3/20/2013 17:12:51,FOXNEWS,America Live,FOXNEWSW_20130320_170000_America_Live,https://archive.org/download/FOXNEWSW_20130320_170000_America_Live/FOXNEWSW_20130320_170000_America_Live.thumbs/FOXNEWSW_20130320_170000_America_Live_000735.jpg,"the president's agenda is stuck, talking about climate change, immigration reform, grand bargain budget deal, not to mention what we saw on gun control. is it already over for him in terms of getting major"
https://archive.org/details/FOXNEWSW_20130305_110000_FOX_and_Friends#start/7667/end/7702,3/5/2013 13:08:02,FOXNEWS,FOX and Friends,FOXNEWSW_20130305_110000_FOX_and_Friends,https://archive.org/download/FOXNEWSW_20130305_110000_FOX_and_Friends/FOXNEWSW_20130305_110000_FOX_and_Friends.thumbs/FOXNEWSW_20130305_110000_FOX_and_Friends_007665.jpg,"if you get two inches of snow. yeah. the snow storm, sequester, you guys don't see the connection? come on, this is snow magedden, cuts, climate change. it's all tied together. surprised the president hasn't"
https://archive.org/details/FOXNEWSW_20130322_200000_Your_World_With_Neil_Cavuto#start/144/end/179,3/22/2013 20:02:39,FOXNEWS,Your World With Neil Cavuto,FOXNEWSW_20130322_200000_Your_World_With_Neil_Cavuto,https://archive.org/download/FOXNEWSW_20130322_200000_Your_World_With_Neil_Cavuto/FOXNEWSW_20130322_200000_Your_World_With_Neil_Cavuto.thumbs/FOXNEWSW_20130322_200000_Your_World_With_Neil_Cavuto_000135.jpg,"we're just days away from the coldest march in 17 years. so much for spring. so much for climate change, and apparently so much for this. this is the single warmest winter in a decade in america."
https://archive.org/details/FOXNEWSW_20130302_230000_Americas_News_Headquarters#start/707/end/742,3/2/2013 23:12:02,FOXNEWS,Americas News Headquarters,FOXNEWSW_20130302_230000_Americas_News_Headquarters,https://archive.org/download/FOXNEWSW_20130302_230000_Americas_News_Headquarters/FOXNEWSW_20130302_230000_Americas_News_Headquarters.thumbs/FOXNEWSW_20130302_230000_Americas_News_Headquarters_000705.jpg,"committee's ranking member, henry waxman, disagrees and says to stop climate change and the destructive storms, drought, floods and wildfires that we are already experiencing, we should be investing in clean energy. not building a pipeline that"
https://archive.org/details/FOXNEWSW_20130305_050000_Hannity#start/385/end/420,3/5/2013 5:06:40,FOXNEWS,Hannity,FOXNEWSW_20130305_050000_Hannity,https://archive.org/download/FOXNEWSW_20130305_050000_Hannity/FOXNEWSW_20130305_050000_Hannity.thumbs/FOXNEWSW_20130305_050000_Hannity_000375.jpg,"on climate change i'd rather help little children, wouldn't you? that's right. and when you look at the redundant and duplicative programs, that's a start. the gao put out a report. 200 to 300 billion dollars of"
https://archive.org/details/FOXNEWSW_20130310_190000_The_Journal_Editorial_Report#start/206/end/241,3/10/2013 19:03:41,FOXNEWS,The Journal Editorial Report,FOXNEWSW_20130310_190000_The_Journal_Editorial_Report,https://archive.org/download/FOXNEWSW_20130310_190000_The_Journal_Editorial_Report/FOXNEWSW_20130310_190000_The_Journal_Editorial_Report.thumbs/FOXNEWSW_20130310_190000_The_Journal_Editorial_Report_000195.jpg,"progressive agenda, gun control, immigration, climate change and the economy during his final two years in office according to congressional democrats, strategists and others familiar with obama's thinking, but has that strategist already started to back fire."
https://archive.org/details/FOXNEWSW_20130309_190000_The_Journal_Editorial_Report#start/206/end/241,3/9/2013 19:03:41,FOXNEWS,The Journal Editorial Report,FOXNEWSW_20130309_190000_The_Journal_Editorial_Report,https://archive.org/download/FOXNEWSW_20130309_190000_The_Journal_Editorial_Report/FOXNEWSW_20130309_190000_The_Journal_Editorial_Report.thumbs/FOXNEWSW_20130309_190000_The_Journal_Editorial_Report_000195.jpg,"progressive agenda, gun control, immigration, climate change and the economy during his final two years in office according to congressional democrats, strategists and others familiar with obama's thinking, but has that strategist already started to back fire."
https://archive.org/details/FOXNEWSW_20130306_180000_America_Live#start/2160/end/2195,3/6/2013 18:36:15,FOXNEWS,America Live,FOXNEWSW_20130306_180000_America_Live,https://archive.org/download/FOXNEWSW_20130306_180000_America_Live/FOXNEWSW_20130306_180000_America_Live.thumbs/FOXNEWSW_20130306_180000_America_Live_002146.jpg,"democratic control allowing obama to push toward with aggressive agenda on gun control, climate change and the economy in his final two years in office. according to congressional democrats strategists and others familiar with obama's thinking, unquote."
https://archive.org/details/FOXNEWSW_20130316_040000_Hannity#start/1616/end/1651,3/16/2013 4:27:11,FOXNEWS,Hannity,FOXNEWSW_20130316_040000_Hannity,https://archive.org/download/FOXNEWSW_20130316_040000_Hannity/FOXNEWSW_20130316_040000_Hannity.thumbs/FOXNEWSW_20130316_040000_Hannity_001605.jpg,"remains on new investment in green energy and combatting climate change and not whether the keystone pipeline gets bill, but a new congressional bill could change that. as senator baucus puts forth legislation that would congress the ultimate"
https://archive.org/details/FOXNEWSW_20130305_020000_Hannity#start/385/end/420,3/5/2013 2:06:40,FOXNEWS,Hannity,FOXNEWSW_20130305_020000_Hannity,https://archive.org/download/FOXNEWSW_20130305_020000_Hannity/FOXNEWSW_20130305_020000_Hannity.thumbs/FOXNEWSW_20130305_020000_Hannity_000375.jpg,"on climate change i'd rather help little children, wouldn't you? that's right. and when you look at the redundant and duplicative programs, that's a start. the gao put out a report. 200 to 300 billion dollars of"
https://archive.org/details/FOXNEWSW_20130305_020000_Hannity#start/950/end/985,3/5/2013 2:16:05,FOXNEWS,Hannity,FOXNEWSW_20130305_020000_Hannity,https://archive.org/download/FOXNEWSW_20130305_020000_Hannity/FOXNEWSW_20130305_020000_Hannity.thumbs/FOXNEWSW_20130305_020000_Hannity_000945.jpg,"billion dollars to this rogue regime in cairo. meanwhile, we've also learned that the obama state department has allotted 469 million dollars to address, quote, global climate change, pretty unreal, that's your hard earned dollars and"
https://archive.org/details/FOXNEWSW_20130306_160000_Happening_Now#start/3508/end/3543,3/6/2013 16:58:43,FOXNEWS,Happening Now,FOXNEWSW_20130306_160000_Happening_Now,https://archive.org/download/FOXNEWSW_20130306_160000_Happening_Now/FOXNEWSW_20130306_160000_Happening_Now.thumbs/FOXNEWSW_20130306_160000_Happening_Now_003495.jpg,"would democratic party is the party of the working men and we like guns. they will not listen to the democrats know about anything. climate change, immigration, because of the institutional hostility of guns and i'm always"
https://archive.org/details/FOXNEWSW_20130325_150000_Happening_Now#start/2952/end/2987,3/25/2013 15:49:27,FOXNEWS,Happening Now,FOXNEWSW_20130325_150000_Happening_Now,https://archive.org/download/FOXNEWSW_20130325_150000_Happening_Now/FOXNEWSW_20130325_150000_Happening_Now.thumbs/FOXNEWSW_20130325_150000_Happening_Now_002925.jpg,"actually helped clean the air. when you compare gas to clean energy, it actually hinders our efforts to fight climate change. reporter: greens don't like natural gas because it's cheap, abundant and threatens to undermined alternative energy. we're saving consumers"
https://archive.org/details/FOXNEWSW_20130308_110000_FOX_and_Friends#start/8282/end/8317,3/8/2013 13:18:17,FOXNEWS,FOX and Friends,FOXNEWSW_20130308_110000_FOX_and_Friends,https://archive.org/download/FOXNEWSW_20130308_110000_FOX_and_Friends/FOXNEWSW_20130308_110000_FOX_and_Friends.thumbs/FOXNEWSW_20130308_110000_FOX_and_Friends_008265.jpg,"climate change discussion, the polar bear. in the past, polar bears seemed to be declining. now they seem to be up at numbers of 20 or 25000 world wide. but some scientists, including american scientists in the federal government, predict by"
https://archive.org/details/FOXNEWSW_20130311_200000_Your_World_With_Neil_Cavuto#start/3187/end/3222,3/11/2013 20:53:22,FOXNEWS,Your World With Neil Cavuto,FOXNEWSW_20130311_200000_Your_World_With_Neil_Cavuto,https://archive.org/download/FOXNEWSW_20130311_200000_Your_World_With_Neil_Cavuto/FOXNEWSW_20130311_200000_Your_World_With_Neil_Cavuto.thumbs/FOXNEWSW_20130311_200000_Your_World_With_Neil_Cavuto_003165.jpg,"budget. wasteful things in the budget that could be cut other than cutting access to national parks. did you know there are eight climate change offices at the department of interior. to give you another one. the federal government has spent"
https://archive.org/details/FOXNEWSW_20130309_190000_The_Journal_Editorial_Report#start/1531/end/1566,3/9/2013 19:25:46,FOXNEWS,The Journal Editorial Report,FOXNEWSW_20130309_190000_The_Journal_Editorial_Report,https://archive.org/download/FOXNEWSW_20130309_190000_The_Journal_Editorial_Report/FOXNEWSW_20130309_190000_The_Journal_Editorial_Report.thumbs/FOXNEWSW_20130309_190000_The_Journal_Editorial_Report_001515.jpg,"epa do climate change. immigration, they could have have had congress pass the dream act, but that might have helped some republicans before the last election, so instead the president issued an executive order. david: dan, that's the fact is that the administration"
https://archive.org/details/FOXNEWSW_20130315_230000_The_FOX_Report_With_Shepard_Smith#start/2128/end/2163,3/15/2013 23:35:43,FOXNEWS,The FOX Report With Shepard Smith,FOXNEWSW_20130315_230000_The_FOX_Report_With_Shepard_Smith,https://archive.org/download/FOXNEWSW_20130315_230000_The_FOX_Report_With_Shepard_Smith/FOXNEWSW_20130315_230000_The_FOX_Report_With_Shepard_Smith.thumbs/FOXNEWSW_20130315_230000_The_FOX_Report_With_Shepard_Smith_002115.jpg,"start arming rebel fighters. they have launched a new push to approve the controversial keystone xl pipeline but white house says new investments in green energy to deal with climate change are more important than the pipeline. today a bipartisan team in the"
https://archive.org/details/FOXNEWSW_20130305_050000_Hannity#start/370/end/405,3/5/2013 5:06:25,FOXNEWS,Hannity,FOXNEWSW_20130305_050000_Hannity,https://archive.org/download/FOXNEWSW_20130305_050000_Hannity/FOXNEWSW_20130305_050000_Hannity.thumbs/FOXNEWSW_20130305_050000_Hannity_000345.jpg,"nearly half a billion dollars on climate change. how many poor children or disabled children could we help. are these debates we should be having, are we going to hurt poor children or disabled children. if we're going to spend money"
https://archive.org/details/FOXNEWSW_20130305_020000_Hannity#start/370/end/405,3/5/2013 2:06:25,FOXNEWS,Hannity,FOXNEWSW_20130305_020000_Hannity,https://archive.org/download/FOXNEWSW_20130305_020000_Hannity/FOXNEWSW_20130305_020000_Hannity.thumbs/FOXNEWSW_20130305_020000_Hannity_000345.jpg,"nearly half a billion dollars on climate change. how many poor children or disabled children could we help. are these debates we should be having, are we going to hurt poor children or disabled children. if we're going to spend money"
https://archive.org/details/FOXNEWSW_20130313_030000_The_OReilly_Factor#start/539/end/574,3/13/2013 3:09:14,FOXNEWS,The OReilly Factor,FOXNEWSW_20130313_030000_The_OReilly_Factor,https://archive.org/download/FOXNEWSW_20130313_030000_The_OReilly_Factor/FOXNEWSW_20130313_030000_The_OReilly_Factor.thumbs/FOXNEWSW_20130313_030000_The_OReilly_Factor_000525.jpg,"are coming up against $17 trillion in debt. all the craziness that you just talked about. bill. and we can add gang tattoo removal in l.a. which we are paying for. a musical about climate change which we are paying"
https://archive.org/details/FOXNEWSW_20130307_160000_Happening_Now#start/5988/end/6023,3/7/2013 17:40:03,FOXNEWS,Happening Now,FOXNEWSW_20130307_160000_Happening_Now,https://archive.org/download/FOXNEWSW_20130307_160000_Happening_Now/FOXNEWSW_20130307_160000_Happening_Now.thumbs/FOXNEWSW_20130307_160000_Happening_Now_005985.jpg,"is owed a chunk of it like a finder's fee. gore, former vp and climate change activist doing rich with oil-rich owners of al-jazeera made a ton of headlines when the deal was announced in january. but the business consultant"
https://archive.org/details/FOXNEWSW_20130313_080000_The_OReilly_Factor#start/541/end/576,3/13/2013 8:09:16,FOXNEWS,The OReilly Factor,FOXNEWSW_20130313_080000_The_OReilly_Factor,https://archive.org/download/FOXNEWSW_20130313_080000_The_OReilly_Factor/FOXNEWSW_20130313_080000_The_OReilly_Factor.thumbs/FOXNEWSW_20130313_080000_The_OReilly_Factor_000525.jpg,"are coming up against $17 trillion in debt. all the craziness that you just talked about. bill. and we can add gang tattoo removal in l.a. which we are paying for. a musical about climate change which we are paying for."
https://archive.org/details/FOXNEWSW_20130316_090000_Hannity#start/1611/end/1646,3/16/2013 9:27:06,FOXNEWS,Hannity,FOXNEWSW_20130316_090000_Hannity,https://archive.org/download/FOXNEWSW_20130316_090000_Hannity/FOXNEWSW_20130316_090000_Hannity.thumbs/FOXNEWSW_20130316_090000_Hannity_001605.jpg,"soon, but an obama spokesman says the president's focus remains on new investment in green energy and combatting climate change and not whether the keystone pipeline gets bill, but a new congressional bill could change that. as senator baucus puts forth"
https://archive.org/details/FOXNEWSW_20130325_130000_Americas_Newsroom#start/3426/end/3461,3/25/2013 13:57:21,FOXNEWS,Americas Newsroom,FOXNEWSW_20130325_130000_Americas_Newsroom,https://archive.org/download/FOXNEWSW_20130325_130000_Americas_Newsroom/FOXNEWSW_20130325_130000_Americas_Newsroom.thumbs/FOXNEWSW_20130325_130000_Americas_Newsroom_003405.jpg,"warming debate refuse to concede a fossil fuel helped clean the air. when you compare gas to clean energy it hinders our efforts to fight climate change. reporter: greens don't like natural gas, it is cheap, abundanat and threatens to undermined"
https://archive.org/details/FOXNEWSW_20130305_110000_FOX_and_Friends#start/4358/end/4393,3/5/2013 12:12:53,FOXNEWS,FOX and Friends,FOXNEWSW_20130305_110000_FOX_and_Friends,https://archive.org/download/FOXNEWSW_20130305_110000_FOX_and_Friends/FOXNEWSW_20130305_110000_FOX_and_Friends.thumbs/FOXNEWSW_20130305_110000_FOX_and_Friends_004335.jpg,"push gun control, immigration, climate change and fix the economy the way he wants to fix the economy. brian: and he's going to do it by raising money in $500000 chunks. he wants to get $5 million out there. he's got -- wants to get                 _"
https://archive.org/details/FOXNEWSW_20130329_130000_Americas_Newsroom#start/1021/end/1056,3/29/2013 13:17:16,FOXNEWS,Americas Newsroom,FOXNEWSW_20130329_130000_Americas_Newsroom,https://archive.org/download/FOXNEWSW_20130329_130000_Americas_Newsroom/FOXNEWSW_20130329_130000_Americas_Newsroom.thumbs/FOXNEWSW_20130329_130000_Americas_Newsroom_001005.jpg,"mark begich from alaska will be outspoken on this. and there will be effort on any climate change regulations that republicans and democrats will team up and try to overturn these regulations. now, it could pass the house, probably not the senate. and obama would veto it,"
https://archive.org/details/FOXNEWSW_20130329_130000_Americas_Newsroom#start/1053/end/1088,3/29/2013 13:17:48,FOXNEWS,Americas Newsroom,FOXNEWSW_20130329_130000_Americas_Newsroom,https://archive.org/download/FOXNEWSW_20130329_130000_Americas_Newsroom/FOXNEWSW_20130329_130000_Americas_Newsroom.thumbs/FOXNEWSW_20130329_130000_Americas_Newsroom_001035.jpg,"eventually approved? yes. bill: this is a bit of a tit-for-tat? yes. environmentalists will not like that. the white house has not signaled exactly where they will go. they're hinting they're going that that direction, saying it wouldn't hurt climate change but on other"
https://archive.org/details/FOXNEWSW_20130304_230000_Special_Report_With_Bret_Baier#start/2730/end/2765,3/4/2013 23:45:45,FOXNEWS,Special Report With Bret Baier,FOXNEWSW_20130304_230000_Special_Report_With_Bret_Baier,https://archive.org/download/FOXNEWSW_20130304_230000_Special_Report_With_Bret_Baier/FOXNEWSW_20130304_230000_Special_Report_With_Bret_Baier.thumbs/FOXNEWSW_20130304_230000_Special_Report_With_Bret_Baier_002715.jpg,"mccarthy at epa? well, first of all, mccarney ironically used to work for mitt romney in massachusetts. now she is taking every the epa at a time the president's legislative agenda on climate change has stalled. he is not going to get anything through congress."
https://archive.org/details/FOXNEWSW_20130317_090000_The_Journal_Editorial_Report#start/1589/end/1624,3/17/2013 9:26:44,FOXNEWS,The Journal Editorial Report,FOXNEWSW_20130317_090000_The_Journal_Editorial_Report,https://archive.org/download/FOXNEWSW_20130317_090000_The_Journal_Editorial_Report/FOXNEWSW_20130317_090000_The_Journal_Editorial_Report.thumbs/FOXNEWSW_20130317_090000_The_Journal_Editorial_Report_001575.jpg,"climate change and want to have an impact, what should you drive? does it matter? you should definitely drive a smaller car and focused on do i really need-- should i take public transport? what you need to recognize this is not about you or me or"
https://archive.org/details/FOXNEWSW_20130313_000000_The_OReilly_Factor#start/540/end/575,3/13/2013 0:09:15,FOXNEWS,The OReilly Factor,FOXNEWSW_20130313_000000_The_OReilly_Factor,https://archive.org/download/FOXNEWSW_20130313_000000_The_OReilly_Factor/FOXNEWSW_20130313_000000_The_OReilly_Factor.thumbs/FOXNEWSW_20130313_000000_The_OReilly_Factor_000525.jpg,"this is precisely why we are coming up against $17 trillion in debt. all the craziness that you just talked about. bill. and we can add gang tattoo removal in l.a. which we are paying for. a musical about climate change which we are paying"
https://archive.org/details/FOXNEWSW_20130317_190000_The_Journal_Editorial_Report#start/1581/end/1616,3/17/2013 19:26:36,FOXNEWS,The Journal Editorial Report,FOXNEWSW_20130317_190000_The_Journal_Editorial_Report,https://archive.org/download/FOXNEWSW_20130317_190000_The_Journal_Editorial_Report/FOXNEWSW_20130317_190000_The_Journal_Editorial_Report.thumbs/FOXNEWSW_20130317_190000_The_Journal_Editorial_Report_001575.jpg,"worth about $44. not a good deal. paul: that's not a good deal. if you really care about climate change and want to have an impact, what should you drive? does it matter? you should definitely drive a smaller car and focused on do i really need--"
https://archive.org/details/FOXNEWSW_20130316_010000_Hannity#start/1610/end/1645,3/16/2013 1:27:05,FOXNEWS,Hannity,FOXNEWSW_20130316_010000_Hannity,https://archive.org/download/FOXNEWSW_20130316_010000_Hannity/FOXNEWSW_20130316_010000_Hannity.thumbs/FOXNEWSW_20130316_010000_Hannity_001605.jpg,"awaits his decision. don't expect a verdict anytime soon, but an obama spokesman says the president's focus remains on new investment in green energy and combatting climate change and not whether the keystone pipeline gets bill, but a new congressional bill could change that."
https://archive.org/details/FOXNEWSW_20130328_230000_The_FOX_Report_With_Shepard_Smith#start/2633/end/2668,3/28/2013 23:44:08,FOXNEWS,The FOX Report With Shepard Smith,FOXNEWSW_20130328_230000_The_FOX_Report_With_Shepard_Smith,https://archive.org/download/FOXNEWSW_20130328_230000_The_FOX_Report_With_Shepard_Smith/FOXNEWSW_20130328_230000_The_FOX_Report_With_Shepard_Smith.thumbs/FOXNEWSW_20130328_230000_The_FOX_Report_With_Shepard_Smith_002625.jpg,"tax could say help with climate change and help with budget deficit. this would triple gas taxes in the u.s. and send the price of a gallon of gas north of 5 bucks. imf officials david lipton said, quote: the time has come for subsidy and reform"
https://archive.org/details/FOXNEWSW_20130302_160000_Forbes_on_FOX#start/874/end/909,3/2/2013 16:14:49,FOXNEWS,Forbes on FOX,FOXNEWSW_20130302_160000_Forbes_on_FOX,https://archive.org/download/FOXNEWSW_20130302_160000_Forbes_on_FOX/FOXNEWSW_20130302_160000_Forbes_on_FOX.thumbs/FOXNEWSW_20130302_160000_Forbes_on_FOX_000855.jpg,"be worse for climate change. passport president expected to make the final decision on the plan this summer. i will see you again at 1:00 p.m. eastern with kelly wright. we'll send you back to forbes on fox. go to fox news.com, for your"
https://archive.org/details/FOXNEWSW_20130328_150000_Happening_Now#start/5681/end/5716,3/28/2013 16:34:56,FOXNEWS,Happening Now,FOXNEWSW_20130328_150000_Happening_Now,https://archive.org/download/FOXNEWSW_20130328_150000_Happening_Now/FOXNEWSW_20130328_150000_Happening_Now.thumbs/FOXNEWSW_20130328_150000_Happening_Now_005655.jpg,"subsidies and battling climate change. the fix in the u.s. would triple gas taxes and send the price of a gallon of gas to north of $5. in a speech yesterday the imf's second in command david lip ton said, quote, the time has come for subsidy reform and carbon"
https://archive.org/details/FOXNEWSW_20130304_230000_Special_Report_With_Bret_Baier#start/2467/end/2502,3/4/2013 23:41:22,FOXNEWS,Special Report With Bret Baier,FOXNEWSW_20130304_230000_Special_Report_With_Bret_Baier,https://archive.org/download/FOXNEWSW_20130304_230000_Special_Report_With_Bret_Baier/FOXNEWSW_20130304_230000_Special_Report_With_Bret_Baier.thumbs/FOXNEWSW_20130304_230000_Special_Report_With_Bret_Baier_002445.jpg,"that we can to combat the threat of climate change. that we are going to create jobs and economic opportunity in the first place. they are going to be a great team. these are some of my top priorities going forward. bret: the president today introducing his nominees for"
https://archive.org/details/FOXNEWSW_20130302_110000_FOX_and_Friends_Saturday#start/1055/end/1090,3/2/2013 11:17:50,FOXNEWS,FOX and Friends Saturday,FOXNEWSW_20130302_110000_FOX_and_Friends_Saturday,https://archive.org/download/FOXNEWSW_20130302_110000_FOX_and_Friends_Saturday/FOXNEWSW_20130302_110000_FOX_and_Friends_Saturday.thumbs/FOXNEWSW_20130302_110000_FOX_and_Friends_Saturday_001035.jpg,"with us this morning. we heard how we are going to be cutting kindergarten teachers and first responders. it turns out we could be cutting a lot of other things. going through a list. apparently the federal government is paying for a climate change musical? yeah, hundreds and"
https://archive.org/details/FOXNEWSW_20130302_110000_FOX_and_Friends_Saturday#start/1071/end/1106,3/2/2013 11:18:06,FOXNEWS,FOX and Friends Saturday,FOXNEWSW_20130302_110000_FOX_and_Friends_Saturday,https://archive.org/download/FOXNEWSW_20130302_110000_FOX_and_Friends_Saturday/FOXNEWSW_20130302_110000_FOX_and_Friends_Saturday.thumbs/FOXNEWSW_20130302_110000_FOX_and_Friends_Saturday_001065.jpg,"hundreds and hundreds of thousands of dollars for a climate change musical. yet we don't have money for tsa agents to get you through the airport. we are literally freeing criminal illegal aliens. yes, before the sequester by the way they opened the doors, the gates to the prisons."
https://archive.org/details/FOXNEWSW_20130302_110000_FOX_and_Friends_Saturday#start/1085/end/1120,3/2/2013 11:18:20,FOXNEWS,FOX and Friends Saturday,FOXNEWSW_20130302_110000_FOX_and_Friends_Saturday,https://archive.org/download/FOXNEWSW_20130302_110000_FOX_and_Friends_Saturday/FOXNEWSW_20130302_110000_FOX_and_Friends_Saturday.thumbs/FOXNEWSW_20130302_110000_FOX_and_Friends_Saturday_001065.jpg,"how could something like a climate change musical escape scrutiny? these are the things in washington when the president says we have got to have higher taxes, higher taxes on working americans, you say wait a minute. we have a spending problem in washington. i would say we are"
https://archive.org/details/FOXNEWSW_20130316_180000_The_Journal_Editorial_Report#start/1581/end/1616,3/16/2013 18:26:36,FOXNEWS,The Journal Editorial Report,FOXNEWSW_20130316_180000_The_Journal_Editorial_Report,https://archive.org/download/FOXNEWSW_20130316_180000_The_Journal_Editorial_Report/FOXNEWSW_20130316_180000_The_Journal_Editorial_Report.thumbs/FOXNEWSW_20130316_180000_The_Journal_Editorial_Report_001575.jpg,"benefit that's environmentally worth about $44. not a good deal. paul: that's not a good deal. if you really care about climate change and want to have an impact, what should you drive? does it matter? you should definitely drive a smaller car and focused on do i really need--"
https://archive.org/details/FOXNEWSW_20130318_130000_Americas_Newsroom#start/2238/end/2273,3/18/2013 13:37:33,FOXNEWS,Americas Newsroom,FOXNEWSW_20130318_130000_Americas_Newsroom,https://archive.org/download/FOXNEWSW_20130318_130000_Americas_Newsroom/FOXNEWSW_20130318_130000_Americas_Newsroom.thumbs/FOXNEWSW_20130318_130000_Americas_Newsroom_002235.jpg,"senator inhofe praises her for honesty when she suggested lowering co2 levels in the husband would do little to affect climate change because the real problem with air pollution is in china and developing world. it goes without saying that environmentalists are very praise-worthy of her."
https://archive.org/details/FOXNEWSW_20130302_150000_Bulls_and_Bears#start/1497/end/1532,3/2/2013 15:25:12,FOXNEWS,Bulls and Bears,FOXNEWSW_20130302_150000_Bulls_and_Bears,https://archive.org/download/FOXNEWSW_20130302_150000_Bulls_and_Bears/FOXNEWSW_20130302_150000_Bulls_and_Bears.thumbs/FOXNEWSW_20130302_150000_Bulls_and_Bears_001485.jpg,"the gas prices in the time when we need a boost. the oil fans are dirtier in contributing climate change and-- and now the state department is not saying that. let me finish the point. a threat to drinking water and said it wouldn't do much in terms of oil prices because"
https://archive.org/details/FOXNEWSW_20130304_230000_Special_Report_With_Bret_Baier#start/2897/end/2932,3/4/2013 23:48:32,FOXNEWS,Special Report With Bret Baier,FOXNEWSW_20130304_230000_Special_Report_With_Bret_Baier,https://archive.org/download/FOXNEWSW_20130304_230000_Special_Report_With_Bret_Baier/FOXNEWSW_20130304_230000_Special_Report_With_Bret_Baier.thumbs/FOXNEWSW_20130304_230000_Special_Report_With_Bret_Baier_002895.jpg,"resources. wants to do something about carbon and climate change. i wouldn't jump to the conclusion he will shut down fracking. that is what he said. not what he has done over the first term. surely not. next up, the sequester hits in the u.s., the u.s. is tossing a lot of money, your"
https://archive.org/details/FOXNEWSW_20130310_190000_The_Journal_Editorial_Report#start/482/end/517,3/10/2013 19:08:17,FOXNEWS,The Journal Editorial Report,FOXNEWSW_20130310_190000_The_Journal_Editorial_Report,https://archive.org/download/FOXNEWSW_20130310_190000_The_Journal_Editorial_Report/FOXNEWSW_20130310_190000_The_Journal_Editorial_Report.thumbs/FOXNEWSW_20130310_190000_The_Journal_Editorial_Report_000465.jpg,"knew was to be the case, since the state of the union the president put out this very left of center agenda on taxes and on guns and on climate change. and what was he actually doing? well, now we know in that the goal here is not to actually pass any of this stuff."
https://archive.org/details/FOXNEWSW_20130309_190000_The_Journal_Editorial_Report#start/482/end/517,3/9/2013 19:08:17,FOXNEWS,The Journal Editorial Report,FOXNEWSW_20130309_190000_The_Journal_Editorial_Report,https://archive.org/download/FOXNEWSW_20130309_190000_The_Journal_Editorial_Report/FOXNEWSW_20130309_190000_The_Journal_Editorial_Report.thumbs/FOXNEWSW_20130309_190000_The_Journal_Editorial_Report_000465.jpg,"knew was to be the case, since the state of the union the president put out this very left of center agenda on taxes and on guns and on climate change. and what was he actually doing? well, now we know in that the goal here is not to actually pass any of this stuff."
https://archive.org/details/FOXNEWSW_20130304_180000_America_Live#start/260/end/295,3/4/2013 18:04:35,FOXNEWS,America Live,FOXNEWSW_20130304_180000_America_Live,https://archive.org/download/FOXNEWSW_20130304_180000_America_Live/FOXNEWSW_20130304_180000_America_Live.thumbs/FOXNEWSW_20130304_180000_America_Live_000255.jpg,"so it's her job to get the deal done to be sure that these regulations outlast president obama. you know, it used to be that if you wanted to make a major change or major impact on climate change or green, you know, energy regulations in this country and you went through congress."
https://archive.org/details/FOXNEWSW_20130304_180000_America_Live#start/354/end/389,3/4/2013 18:06:09,FOXNEWS,America Live,FOXNEWSW_20130304_180000_America_Live,https://archive.org/download/FOXNEWSW_20130304_180000_America_Live/FOXNEWSW_20130304_180000_America_Live.thumbs/FOXNEWSW_20130304_180000_America_Live_000345.jpg,"crackdown on climate change and all that is controversial, not everybody believes it's a real issue and not everybody believes if it's a real issue given the time and economic struggles that americans are going through and adding more to their electric bill and is it necessarily going to make a lot of people happy."
https://archive.org/details/FOXNEWSW_20130303_170000_Americas_News_Headquarters#start/4365/end/4400,3/3/2013 18:13:00,FOXNEWS,Americas News Headquarters,FOXNEWSW_20130303_170000_Americas_News_Headquarters,https://archive.org/download/FOXNEWSW_20130303_170000_Americas_News_Headquarters/FOXNEWSW_20130303_170000_Americas_News_Headquarters.thumbs/FOXNEWSW_20130303_170000_Americas_News_Headquarters_004365.jpg,"impact anywhere on the route. clears the way once again for the project. shannon: a public comment period 45 days starts this friday. the department wants to get that in before they make a decision. we know that new you secretary of state john kerry has said that climate change issues are a top priority for him."
https://archive.org/details/FOXNEWSW_20130309_190000_The_Journal_Editorial_Report#start/1516/end/1551,3/9/2013 19:25:31,FOXNEWS,The Journal Editorial Report,FOXNEWSW_20130309_190000_The_Journal_Editorial_Report,https://archive.org/download/FOXNEWSW_20130309_190000_The_Journal_Editorial_Report/FOXNEWSW_20130309_190000_The_Journal_Editorial_Report.thumbs/FOXNEWSW_20130309_190000_The_Journal_Editorial_Report_001515.jpg,"things. the obama administration doesn't want to do this for the reason that dan said. democracy is messy and they don't like the political fallout. that might cause a big issue. the same thing with climate change, they ought to get congress to pass a law, but might hurt democratic members. so instead they'll have the"
