﻿URL,MatchDateTime,Station,Show,IAShowID,IAPreviewThumb,Snippet
https://archive.org/details/FOXNEWS_20100616_220000_Special_Report_With_Bret_Baier#start/2997/end/3032,6/16/2010 22:50:12,FOXNEWS,Special Report With Bret Baier,FOXNEWS_20100616_220000_Special_Report_With_Bret_Baier,https://archive.org/download/FOXNEWS_20100616_220000_Special_Report_With_Bret_Baier/FOXNEWS_20100616_220000_Special_Report_With_Bret_Baier.thumbs/FOXNEWS_20100616_220000_Special_Report_With_Bret_Baier_002994.jpg,"passed the house, which can't pass the senate. republicans were scratching their heads. democrats are scratching their heads about the president's effort to pitch climate change legislation. he didn't talk about carbon or greenhouse gases, global warming or cap-and-trade in"
https://archive.org/details/FOXNEWS_20100617_080000_Special_Report_With_Bret_Baier#start/2996/end/3031,6/17/2010 8:50:11,FOXNEWS,Special Report With Bret Baier,FOXNEWS_20100617_080000_Special_Report_With_Bret_Baier,https://archive.org/download/FOXNEWS_20100617_080000_Special_Report_With_Bret_Baier/FOXNEWS_20100617_080000_Special_Report_With_Bret_Baier.thumbs/FOXNEWS_20100617_080000_Special_Report_With_Bret_Baier_002993.jpg,"passed the house, which can't pass the senate. republicans were scratching their heads. democrats are scratching their heads about the president's effort to pitch climate change legislation. he didn't talk about carbon or greenhouse gases, global warming or cap-and-trade in"
https://archive.org/details/FOXNEWS_20100617_090000_The_OReilly_Factor#start/153/end/188,6/17/2010 9:02:48,FOXNEWS,The OReilly Factor,FOXNEWS_20100617_090000_The_OReilly_Factor,https://archive.org/download/FOXNEWS_20100617_090000_The_OReilly_Factor/FOXNEWS_20100617_090000_The_OReilly_Factor.thumbs/FOXNEWS_20100617_090000_The_OReilly_Factor_000146.jpg,"and they're also hopping mad that cap and trade legislation has stalled. they expected their guy, barack obama, to be a global warming warrior. and he has not been. so the oil disaster in the gulf has ignited global warming"
https://archive.org/details/FOXNEWS_20100617_000000_The_OReilly_Factor#start/153/end/188,6/17/2010 0:02:48,FOXNEWS,The OReilly Factor,FOXNEWS_20100617_000000_The_OReilly_Factor,https://archive.org/download/FOXNEWS_20100617_000000_The_OReilly_Factor/FOXNEWS_20100617_000000_The_OReilly_Factor.thumbs/FOXNEWS_20100617_000000_The_OReilly_Factor_000146.jpg,"and they're also hopping mad that cap and trade legislation has stalled. they expected their guy, barack obama, to be a global warming warrior. and he has not been. so the oil disaster in the gulf has ignited global warming"
https://archive.org/details/FOXNEWS_20100630_040000_Hannity#start/1472/end/1507,6/30/2010 4:24:47,FOXNEWS,Hannity,FOXNEWS_20100630_040000_Hannity,https://archive.org/download/FOXNEWS_20100630_040000_Hannity/FOXNEWS_20100630_040000_Hannity.thumbs/FOXNEWS_20100630_040000_Hannity_001465.jpg,"and one advised her to just suck it up otherwise the world is gonna be destroyed from global warming. for his part the vice president is not answering any questions after delivering a speech yesterday at the san diego convention center. you guessed it, global warming"
https://archive.org/details/FOXNEWS_20100619_150000_Forbes_on_FOX#start/157/end/192,6/19/2010 15:02:52,FOXNEWS,Forbes on FOX,FOXNEWS_20100619_150000_Forbes_on_FOX,https://archive.org/download/FOXNEWS_20100619_150000_Forbes_on_FOX/FOXNEWS_20100619_150000_Forbes_on_FOX.thumbs/FOXNEWS_20100619_150000_Forbes_on_FOX_000146.jpg,"alternatives. not the touchy feeling things like solar panels, i am talking about down-to-earth things and we could have natural cars, put in a carbon tax and make sure it's revenue neutral. if you put in carbon tax, you"
https://archive.org/details/FOXNEWS_20100619_190000_Glenn_Beck#start/654/end/689,6/19/2010 19:11:09,FOXNEWS,Glenn Beck,FOXNEWS_20100619_190000_Glenn_Beck,https://archive.org/download/FOXNEWS_20100619_190000_Glenn_Beck/FOXNEWS_20100619_190000_Glenn_Beck.thumbs/FOXNEWS_20100619_190000_Glenn_Beck_000630.jpg,"it's not based on any real idea that means anything anymore except for a few smart people -- like the center for the american progress. the people behind the global warming scam."
https://archive.org/details/FOXNEWS_20100625_170000_America_Live#start/6271/end/6306,6/25/2010 18:44:46,FOXNEWS,America Live,FOXNEWS_20100625_170000_America_Live,https://archive.org/download/FOXNEWS_20100625_170000_America_Live/FOXNEWS_20100625_170000_America_Live.thumbs/FOXNEWS_20100625_170000_America_Live_006260.jpg,"lummox. and make matters worse, she says he is rotund. she claims she got sexually assaulted about it former vice president. is it possible, sure? just like global warming is a"
https://archive.org/details/FOXNEWS_20100618_090000_The_OReilly_Factor#start/783/end/818,6/18/2010 9:13:18,FOXNEWS,The OReilly Factor,FOXNEWS_20100618_090000_The_OReilly_Factor,https://archive.org/download/FOXNEWS_20100618_090000_The_OReilly_Factor/FOXNEWS_20100618_090000_The_OReilly_Factor.thumbs/FOXNEWS_20100618_090000_The_OReilly_Factor_000775.jpg,"at war, battle, it's an assault. inform the commission? bill: with us now to analyze ann coulter author of 'guilty' out in paper. my thesis earlier this week was the global warming rage is"
https://archive.org/details/FOXNEWS_20100625_070000_Red_Eye#start/427/end/462,6/25/2010 7:07:22,FOXNEWS,Red Eye,FOXNEWS_20100625_070000_Red_Eye,https://archive.org/download/FOXNEWS_20100625_070000_Red_Eye/FOXNEWS_20100625_070000_Red_Eye.thumbs/FOXNEWS_20100625_070000_Red_Eye_000416.jpg,"he took out his i-pod and showed he had pink's 'mr. president' on it. does he have a cameo or just trying to show he listens to pink. al gore made up global warming."
https://archive.org/details/FOXNEWS_20100614_170000_America_Live#start/6873/end/6908,6/14/2010 18:54:48,FOXNEWS,America Live,FOXNEWS_20100614_170000_America_Live,https://archive.org/download/FOXNEWS_20100614_170000_America_Live/FOXNEWS_20100614_170000_America_Live.thumbs/FOXNEWS_20100614_170000_America_Live_006859.jpg,"interesting thing about this is the director of the epa, this is obama director stated that it was -- if we were to pass cap and trade or even all these things we are trying to do to the clean air act it would not slower greenhouse gas emissions"
https://archive.org/details/FOXNEWS_20100618_170000_America_Live#start/438/end/473,6/18/2010 17:07:33,FOXNEWS,America Live,FOXNEWS_20100618_170000_America_Live,https://archive.org/download/FOXNEWS_20100618_170000_America_Live/FOXNEWS_20100618_170000_America_Live.thumbs/FOXNEWS_20100618_170000_America_Live_000416.jpg,"heard some complaints. is there a downside to this technology? reporter: there are a lot of down sides. the primary, first one that you're producing a lot of carbon monoxide. i don't want to get into whole global warming"
https://archive.org/details/FOXNEWS_20100615_230000_The_FOX_Report_With_Shepard_Smith#start/1904/end/1939,6/15/2010 23:31:59,FOXNEWS,The FOX Report With Shepard Smith,FOXNEWS_20100615_230000_The_FOX_Report_With_Shepard_Smith,https://archive.org/download/FOXNEWS_20100615_230000_The_FOX_Report_With_Shepard_Smith/FOXNEWS_20100615_230000_The_FOX_Report_With_Shepard_Smith.thumbs/FOXNEWS_20100615_230000_The_FOX_Report_With_Shepard_Smith_001884.jpg,"i think that's what the american people want to see and that's what they will hear tonight. shepard: mitch mcconnell said on the floor today that the democrats are using this disaster as a way to push climate change legislation forward. will the president push for any climate change legislation?"
https://archive.org/details/FOXNEWS_20100616_170000_America_Live#start/3738/end/3773,6/16/2010 18:02:33,FOXNEWS,America Live,FOXNEWS_20100616_170000_America_Live,https://archive.org/download/FOXNEWS_20100616_170000_America_Live/FOXNEWS_20100616_170000_America_Live.thumbs/FOXNEWS_20100616_170000_America_Live_003712.jpg,"fire. he said he was going to make a detailed push for climate change legislation. he made a broad push without using the words carbon tax or climate change. what we know this morning that"
https://archive.org/details/FOXNEWS_20100614_170000_America_Live#start/5834/end/5869,6/14/2010 18:37:29,FOXNEWS,America Live,FOXNEWS_20100614_170000_America_Live,https://archive.org/download/FOXNEWS_20100614_170000_America_Live/FOXNEWS_20100614_170000_America_Live.thumbs/FOXNEWS_20100614_170000_America_Live_005810.jpg,"his visit to the region. another thing you will hear tomorrow night i can safely say is some attempt by the president to generate interest in his legislative agenda which includes climate change legislation."
https://archive.org/details/FOXNEWS_20100615_220000_Special_Report_With_Bret_Baier#start/3133/end/3168,6/15/2010 22:52:28,FOXNEWS,Special Report With Bret Baier,FOXNEWS_20100615_220000_Special_Report_With_Bret_Baier,https://archive.org/download/FOXNEWS_20100615_220000_Special_Report_With_Bret_Baier/FOXNEWS_20100615_220000_Special_Report_With_Bret_Baier.thumbs/FOXNEWS_20100615_220000_Special_Report_With_Bret_Baier_003113.jpg,"that means cutting the coal usual and that goes to midwest states relying heavy on coal. it's an american fuel. that is why the cap and trade is a huge intellectual swindle. it's about the climate change"
https://archive.org/details/FOXNEWS_20100617_100000_FOX_and_Friends#start/9653/end/9688,6/17/2010 12:41:08,FOXNEWS,FOX and Friends,FOXNEWS_20100617_100000_FOX_and_Friends,https://archive.org/download/FOXNEWS_20100617_100000_FOX_and_Friends/FOXNEWS_20100617_100000_FOX_and_Friends.thumbs/FOXNEWS_20100617_100000_FOX_and_Friends_009647.jpg,"renewables, but we -- that cannot be a substitute for the other energy sources because we continue to need it all and in terms of the president's effort to try to make this into a game changer for his comprehensive climate change legislation, no"
https://archive.org/details/FOXNEWS_20100630_040000_Hannity#start/1715/end/1750,6/30/2010 4:28:50,FOXNEWS,Hannity,FOXNEWS_20100630_040000_Hannity,https://archive.org/download/FOXNEWS_20100630_040000_Hannity/FOXNEWS_20100630_040000_Hannity.thumbs/FOXNEWS_20100630_040000_Hannity_001705.jpg,"going to cover the story if you google al gore and sex poodle almost nothing comes up. you are the only one on the story. he's expected to get cover while he around the country and starts screaming about climate change."
https://archive.org/details/FOXNEWS_20100613_160000_Americas_News_HQ#start/5058/end/5093,6/13/2010 17:24:33,FOXNEWS,Americas News HQ,FOXNEWS_20100613_160000_Americas_News_HQ,https://archive.org/download/FOXNEWS_20100613_160000_Americas_News_HQ/FOXNEWS_20100613_160000_Americas_News_HQ.thumbs/FOXNEWS_20100613_160000_Americas_News_HQ_005032.jpg,"change, i still don't think he's going to get. in fact, if you heard his language on -- i guess it was thursday or friday, he actually started talking about an energy bill with no mention of carbon taxes or climate change at all."
https://archive.org/details/FOXNEWS_20100615_190000_Studio_B_With_Shepard_Smith#start/369/end/404,6/15/2010 19:06:24,FOXNEWS,Studio B With Shepard Smith,FOXNEWS_20100615_190000_Studio_B_With_Shepard_Smith,https://archive.org/download/FOXNEWS_20100615_190000_Studio_B_With_Shepard_Smith/FOXNEWS_20100615_190000_Studio_B_With_Shepard_Smith.thumbs/FOXNEWS_20100615_190000_Studio_B_With_Shepard_Smith_000360.jpg,"to lessen our dependence on foss i will fuels. that's what the american people want to see and that's what they'll here. mitch mcconnell said today the democrats are using this disaster as a way to push climate change legislation forward."
https://archive.org/details/FOXNEWS_20100616_170000_America_Live#start/1866/end/1901,6/16/2010 17:31:21,FOXNEWS,America Live,FOXNEWS_20100616_170000_America_Live,https://archive.org/download/FOXNEWS_20100616_170000_America_Live/FOXNEWS_20100616_170000_America_Live.thumbs/FOXNEWS_20100616_170000_America_Live_001854.jpg,"our energy policy. the president didn't give enough specifics about that. they didn't hear the towards carbon or cap and trade, where do they go from here? he's going to have to lead if he's going to get any kind of climate change or energy"
https://archive.org/details/FOXNEWS_20100613_160000_Americas_News_HQ#start/5044/end/5079,6/13/2010 17:24:19,FOXNEWS,Americas News HQ,FOXNEWS_20100613_160000_Americas_News_HQ,https://archive.org/download/FOXNEWS_20100613_160000_Americas_News_HQ/FOXNEWS_20100613_160000_Americas_News_HQ.thumbs/FOXNEWS_20100613_160000_Americas_News_HQ_005032.jpg,"priorities, one was stimulus obviously, health care, this wall street reregulation. there was a rewrite of higher education aid, and then there was the climate change bill. he was going to get four out of five. that's pretty good. but that fifth one, climate"
https://archive.org/details/FOXNEWS_20100629_100000_FOX_and_Friends#start/1044/end/1079,6/29/2010 10:17:39,FOXNEWS,FOX and Friends,FOXNEWS_20100629_100000_FOX_and_Friends,https://archive.org/download/FOXNEWS_20100629_100000_FOX_and_Friends/FOXNEWS_20100629_100000_FOX_and_Friends.thumbs/FOXNEWS_20100629_100000_FOX_and_Friends_001046.jpg,"what do you think will be palatable for both sides and realistic for both sides to present something that will pass? i think it will be very difficult to come up with something that's palatable to republicans or some centrist democrats. you can call it what you like. you can call it a climate change"
https://archive.org/details/FOXNEWS_20100616_100000_FOX_and_Friends#start/4155/end/4190,6/16/2010 11:09:30,FOXNEWS,FOX and Friends,FOXNEWS_20100616_100000_FOX_and_Friends,https://archive.org/download/FOXNEWS_20100616_100000_FOX_and_Friends/FOXNEWS_20100616_100000_FOX_and_Friends.thumbs/FOXNEWS_20100616_100000_FOX_and_Friends_004132.jpg,"if you look at his language, he used a lot of the war language. like war on fossil fuels. he didn't use the language that he used before, which is cap and trade. climate change. global warming. none of that language is being used anymore so the debate has shifted significantly."
https://archive.org/details/FOXNEWS_20100616_130000_Americas_Newsroom#start/5988/end/6023,6/16/2010 14:40:03,FOXNEWS,Americas Newsroom,FOXNEWS_20100616_130000_Americas_Newsroom,https://archive.org/download/FOXNEWS_20100616_130000_Americas_Newsroom/FOXNEWS_20100616_130000_Americas_Newsroom.thumbs/FOXNEWS_20100616_130000_Americas_Newsroom_005961.jpg,"are two things, one, use the public sentiment. martha: the anger over the oil spill to say we have to have a better energy policy and then use that energy not to tax the carbons and the greenhouse gases and the like but to say, here are different ways we can go,"
https://archive.org/details/FOXNEWS_20100614_170000_America_Live#start/6794/end/6829,6/14/2010 18:53:29,FOXNEWS,America Live,FOXNEWS_20100614_170000_America_Live,https://archive.org/download/FOXNEWS_20100614_170000_America_Live/FOXNEWS_20100614_170000_America_Live.thumbs/FOXNEWS_20100614_170000_America_Live_006769.jpg,"states that. this is a letter to the top obama supporters saying that we want to come to the white house to move forward on legislation to promote an economy power by green jobs and combat climate"
https://archive.org/details/FOXNEWS_20100616_220000_Special_Report_With_Bret_Baier#start/3103/end/3138,6/16/2010 22:51:58,FOXNEWS,Special Report With Bret Baier,FOXNEWS_20100616_220000_Special_Report_With_Bret_Baier,https://archive.org/download/FOXNEWS_20100616_220000_Special_Report_With_Bret_Baier/FOXNEWS_20100616_220000_Special_Report_With_Bret_Baier.thumbs/FOXNEWS_20100616_220000_Special_Report_With_Bret_Baier_003084.jpg,"bring climate change to the senate floor right now i don't think there are 60 votes for climate change bill. that's as plain as it can be. there aren't. no question that there aren't those votes now. the real question and, you know, look after healthcare, who is to say what is really"
https://archive.org/details/FOXNEWS_20100617_080000_Special_Report_With_Bret_Baier#start/3102/end/3137,6/17/2010 8:51:57,FOXNEWS,Special Report With Bret Baier,FOXNEWS_20100617_080000_Special_Report_With_Bret_Baier,https://archive.org/download/FOXNEWS_20100617_080000_Special_Report_With_Bret_Baier/FOXNEWS_20100617_080000_Special_Report_With_Bret_Baier.thumbs/FOXNEWS_20100617_080000_Special_Report_With_Bret_Baier_003083.jpg,"bring climate change to the senate floor right now i don't think there are 60 votes for climate change bill. that's as plain as it can be. there aren't. no question that there aren't those votes now. the real question and, you know, look after healthcare, who is to say what is really"
https://archive.org/details/FOXNEWS_20100629_100000_FOX_and_Friends#start/1077/end/1112,6/29/2010 10:18:12,FOXNEWS,FOX and Friends,FOXNEWS_20100629_100000_FOX_and_Friends,https://archive.org/download/FOXNEWS_20100629_100000_FOX_and_Friends/FOXNEWS_20100629_100000_FOX_and_Friends.thumbs/FOXNEWS_20100629_100000_FOX_and_Friends_001076.jpg,"november. and with the economy really slowing down, there's an awful lot of talk out there we got a double dip recession coming. depression. or worst. krugman yesterday in 'the times' that's what he's talking about. i guarantee it they're not going to call it the climate"
https://archive.org/details/FOXNEWS_20100616_130000_Americas_Newsroom#start/220/end/255,6/16/2010 13:03:55,FOXNEWS,Americas Newsroom,FOXNEWS_20100616_130000_Americas_Newsroom,https://archive.org/download/FOXNEWS_20100616_130000_Americas_Newsroom/FOXNEWS_20100616_130000_Americas_Newsroom.thumbs/FOXNEWS_20100616_130000_Americas_Newsroom_000206.jpg,"different things. we're talking about controlling and the leak and cleaning up the gulf and on the other hand we're talking about reducing greenhouse gas emissions. the two are not connected. there are a whole series of arguments about the cap and"
https://archive.org/details/FOXNEWS_20100616_130000_Americas_Newsroom#start/283/end/318,6/16/2010 13:04:58,FOXNEWS,Americas Newsroom,FOXNEWS_20100616_130000_Americas_Newsroom,https://archive.org/download/FOXNEWS_20100616_130000_Americas_Newsroom/FOXNEWS_20100616_130000_Americas_Newsroom.thumbs/FOXNEWS_20100616_130000_Americas_Newsroom_000266.jpg,"called for in lieberman kerry, it will mean nothing worldwide, it will be wiped out by the increase in greenhouse gas emissions from india, brazil and china which will not be bound by our regimes so we're going to beggar our economy to"
https://archive.org/details/FOXNEWS_20100616_010000_Hannity#start/3301/end/3336,6/16/2010 1:55:16,FOXNEWS,Hannity,FOXNEWS_20100616_010000_Hannity,https://archive.org/download/FOXNEWS_20100616_010000_Hannity/FOXNEWS_20100616_010000_Hannity.thumbs/FOXNEWS_20100616_010000_Hannity_003293.jpg,"having affair with fellow global warming alarmist laurie david, ex-wife of larry dave. absolutely opinionless. you apparently know the editor of star and you know laurie"
https://archive.org/details/FOXNEWS_20100615_220000_Special_Report_With_Bret_Baier#start/3147/end/3182,6/15/2010 22:52:42,FOXNEWS,Special Report With Bret Baier,FOXNEWS_20100615_220000_Special_Report_With_Bret_Baier,https://archive.org/download/FOXNEWS_20100615_220000_Special_Report_With_Bret_Baier/FOXNEWS_20100615_220000_Special_Report_With_Bret_Baier.thumbs/FOXNEWS_20100615_220000_Special_Report_With_Bret_Baier_003143.jpg,"and global warming and not about energy independent. though it will be sold that way or attempted. the reason is this. if you want to talk about oil"
https://archive.org/details/FOXNEWS_20100620_010000_Glenn_Beck#start/658/end/693,6/20/2010 1:11:13,FOXNEWS,Glenn Beck,FOXNEWS_20100620_010000_Glenn_Beck,https://archive.org/download/FOXNEWS_20100620_010000_Glenn_Beck/FOXNEWS_20100620_010000_Glenn_Beck.thumbs/FOXNEWS_20100620_010000_Glenn_Beck_000655.jpg,"like the center for the american progress. the people behind the global warming scam. by the way, center for american progress, that is the pet progress for progressive george"
https://archive.org/details/FOXNEWS_20100623_090000_The_OReilly_Factor#start/1894/end/1929,6/23/2010 9:31:49,FOXNEWS,The OReilly Factor,FOXNEWS_20100623_090000_The_OReilly_Factor,https://archive.org/download/FOXNEWS_20100623_090000_The_OReilly_Factor/FOXNEWS_20100623_090000_The_OReilly_Factor.thumbs/FOXNEWS_20100623_090000_The_OReilly_Factor_001884.jpg,"bp is despicable. bill: i like that word. safety -- record. we are beyond petroleum. we believe in global warming. we are into solar, wind, all kinds of nonsense p.r. gimmicks."
https://archive.org/details/FOXNEWS_20100630_060000_Glenn_Beck#start/509/end/544,6/30/2010 6:08:44,FOXNEWS,Glenn Beck,FOXNEWS_20100630_060000_Glenn_Beck,https://archive.org/download/FOXNEWS_20100630_060000_Glenn_Beck/FOXNEWS_20100630_060000_Glenn_Beck.thumbs/FOXNEWS_20100630_060000_Glenn_Beck_000506.jpg,"remember al gore's hockey stick chart? this is the one that changed the world, and helped move national consensus to believe global warming was a hoax. earth has a temperature. it goes up."
https://archive.org/details/FOXNEWS_20100623_000000_The_OReilly_Factor#start/1897/end/1932,6/23/2010 0:31:52,FOXNEWS,The OReilly Factor,FOXNEWS_20100623_000000_The_OReilly_Factor,https://archive.org/download/FOXNEWS_20100623_000000_The_OReilly_Factor/FOXNEWS_20100623_000000_The_OReilly_Factor.thumbs/FOXNEWS_20100623_000000_The_OReilly_Factor_001885.jpg,"bill: i like that word. safety -- record. we are beyond petroleum. we believe in global warming. we are into solar, wind, all kinds of nonsense p.r. gimmicks. no, i'm not on their side."
https://archive.org/details/FOXNEWS_20100629_210000_Glenn_Beck#start/511/end/546,6/29/2010 21:08:46,FOXNEWS,Glenn Beck,FOXNEWS_20100629_210000_Glenn_Beck,https://archive.org/download/FOXNEWS_20100629_210000_Glenn_Beck/FOXNEWS_20100629_210000_Glenn_Beck.thumbs/FOXNEWS_20100629_210000_Glenn_Beck_000506.jpg,"remember al gore's hockey stick chart? this is the one that changed the world, and helped move national consensus to believe global warming was a hoax. earth has a temperature. it goes up. remember that?"
https://archive.org/details/FOXNEWS_20100626_070000_Red_Eye#start/354/end/389,6/26/2010 7:06:09,FOXNEWS,Red Eye,FOXNEWS_20100626_070000_Red_Eye,https://archive.org/download/FOXNEWS_20100626_070000_Red_Eye/FOXNEWS_20100626_070000_Red_Eye.thumbs/FOXNEWS_20100626_070000_Red_Eye_000356.jpg,"and more of these stories -- i guarantee you more creepy stories will come out about him. he made up global warming, isn't anybody forett ging that? -- for -- forgetting about that? therapeutic tug sounds like"
https://archive.org/details/FOXNEWS_20100617_030000_The_OReilly_Factor#start/137/end/172,6/17/2010 3:02:32,FOXNEWS,The OReilly Factor,FOXNEWS_20100617_030000_The_OReilly_Factor,https://archive.org/download/FOXNEWS_20100617_030000_The_OReilly_Factor/FOXNEWS_20100617_030000_The_OReilly_Factor.thumbs/FOXNEWS_20100617_030000_The_OReilly_Factor_000116.jpg,"cleaner fuels.' ah-ha! big clue. not really about the oil spill. it's about fossil fuels and global warming. that's what's driving the far left angst. many committed liberals are furious the president ok'd more"
https://archive.org/details/FOXNEWS_20100617_030000_The_OReilly_Factor#start/733/end/768,6/17/2010 3:12:28,FOXNEWS,The OReilly Factor,FOXNEWS_20100617_030000_The_OReilly_Factor,https://archive.org/download/FOXNEWS_20100617_030000_The_OReilly_Factor/FOXNEWS_20100617_030000_The_OReilly_Factor.thumbs/FOXNEWS_20100617_030000_The_OReilly_Factor_000715.jpg,"spill. joining us from los angeles is in politics at the college. leslie marshall, we'll begin with you. am i wrong by saying it's global warming that's generating the angst on the far left?"
https://archive.org/details/FOXNEWS_20100617_000000_The_OReilly_Factor#start/731/end/766,6/17/2010 0:12:26,FOXNEWS,The OReilly Factor,FOXNEWS_20100617_000000_The_OReilly_Factor,https://archive.org/download/FOXNEWS_20100617_000000_The_OReilly_Factor/FOXNEWS_20100617_000000_The_OReilly_Factor.thumbs/FOXNEWS_20100617_000000_The_OReilly_Factor_000715.jpg,"obama because of the b.p. oil spill. joining us from los angeles is in politics at the college. leslie marshall, we'll begin with you. am i wrong by saying it's global warming that's generating the"
https://archive.org/details/FOXNEWS_20100616_060000_Glenn_Beck#start/657/end/692,6/16/2010 6:11:12,FOXNEWS,Glenn Beck,FOXNEWS_20100616_060000_Glenn_Beck,https://archive.org/download/FOXNEWS_20100616_060000_Glenn_Beck/FOXNEWS_20100616_060000_Glenn_Beck.thumbs/FOXNEWS_20100616_060000_Glenn_Beck_000655.jpg,"global warming scam. by the way, center for american progress, that's the pet project for the uber wealthy progressive george soros. yeah. they play the scenarios out and they know how to make you buy it."
https://archive.org/details/FOXNEWS_20100615_070000_Red_Eye#start/2197/end/2232,6/15/2010 7:36:52,FOXNEWS,Red Eye,FOXNEWS_20100615_070000_Red_Eye,https://archive.org/download/FOXNEWS_20100615_070000_Red_Eye/FOXNEWS_20100615_070000_Red_Eye.thumbs/FOXNEWS_20100615_070000_Red_Eye_002184.jpg,"later he bludgeoned a turtle and blamed it on global warming. did the student deserved to get smacked around like that? it is rare i am split down the middle. i despise people with video cameras 20* run up."
https://archive.org/details/FOXNEWS_20100615_210000_Glenn_Beck#start/658/end/693,6/15/2010 21:11:13,FOXNEWS,Glenn Beck,FOXNEWS_20100615_210000_Glenn_Beck,https://archive.org/download/FOXNEWS_20100615_210000_Glenn_Beck/FOXNEWS_20100615_210000_Glenn_Beck.thumbs/FOXNEWS_20100615_210000_Glenn_Beck_000655.jpg,"global warming scam. by the way, center for american progress, that's the pet project for the uber wealthy progressive george soros. yeah. they play the scenarios out and they know how to make you buy it."
https://archive.org/details/FOXNEWS_20100617_090000_The_OReilly_Factor#start/733/end/768,6/17/2010 9:12:28,FOXNEWS,The OReilly Factor,FOXNEWS_20100617_090000_The_OReilly_Factor,https://archive.org/download/FOXNEWS_20100617_090000_The_OReilly_Factor/FOXNEWS_20100617_090000_The_OReilly_Factor.thumbs/FOXNEWS_20100617_090000_The_OReilly_Factor_000715.jpg,"joining us from los angeles is in politics at the college. leslie marshall, we'll begin with you. am i wrong by saying it's global warming that's generating the angst on the far left? am i wrong?"
https://archive.org/details/FOXNEWS_20100617_030000_The_OReilly_Factor#start/231/end/266,6/17/2010 3:04:06,FOXNEWS,The OReilly Factor,FOXNEWS_20100617_030000_The_OReilly_Factor,https://archive.org/download/FOXNEWS_20100617_030000_The_OReilly_Factor/FOXNEWS_20100617_030000_The_OReilly_Factor.thumbs/FOXNEWS_20100617_030000_The_OReilly_Factor_000206.jpg,"bestseller '2010, take back america, a battle plan.' great father's day gift, by the way, mr. dick morris. ok, so are you ageeing with me that it's global warming that has teed these people off or more to it?"
https://archive.org/details/FOXNEWS_20100617_210000_Glenn_Beck#start/622/end/657,6/17/2010 21:10:37,FOXNEWS,Glenn Beck,FOXNEWS_20100617_210000_Glenn_Beck,https://archive.org/download/FOXNEWS_20100617_210000_Glenn_Beck/FOXNEWS_20100617_210000_Glenn_Beck.thumbs/FOXNEWS_20100617_210000_Glenn_Beck_000596.jpg,"them. u.s.-led global control. u.n.-led global control. here is war on global warming. war on terror. nation building. it's the same thing. it's both big government. that's what the tea parties are really all about."
https://archive.org/details/FOXNEWS_20100617_000000_The_OReilly_Factor#start/231/end/266,6/17/2010 0:04:06,FOXNEWS,The OReilly Factor,FOXNEWS_20100617_000000_The_OReilly_Factor,https://archive.org/download/FOXNEWS_20100617_000000_The_OReilly_Factor/FOXNEWS_20100617_000000_The_OReilly_Factor.thumbs/FOXNEWS_20100617_000000_The_OReilly_Factor_000206.jpg,"bestseller '2010, take back america, a battle plan.' great father's day gift, by the way, mr. dick morris. ok, so are you ageeing with me that it's global warming that has teed these people off or more to it?"
https://archive.org/details/FOXNEWS_20100618_060000_Glenn_Beck#start/623/end/658,6/18/2010 6:10:38,FOXNEWS,Glenn Beck,FOXNEWS_20100618_060000_Glenn_Beck,https://archive.org/download/FOXNEWS_20100618_060000_Glenn_Beck/FOXNEWS_20100618_060000_Glenn_Beck.thumbs/FOXNEWS_20100618_060000_Glenn_Beck_000596.jpg,"u.s.-led global control. u.n.-led global control. here is war on global warming. war on terror. nation building. it's the same thing. it's both big government. that's what the tea parties are really all about. no."
https://archive.org/details/FOXNEWS_20100618_170000_America_Live#start/452/end/487,6/18/2010 17:07:47,FOXNEWS,America Live,FOXNEWS_20100618_170000_America_Live,https://archive.org/download/FOXNEWS_20100618_170000_America_Live/FOXNEWS_20100618_170000_America_Live.thumbs/FOXNEWS_20100618_170000_America_Live_000446.jpg,"argument but carbon dioxide is villain in global warming. crude oil is rotten, prehistoric gunk. you will never end up with a perfect mix of crude oil. you therefore produce unintended products like sulfur dioxide which gives"
https://archive.org/details/FOXNEWS_20100617_000000_The_OReilly_Factor#start/138/end/173,6/17/2010 0:02:33,FOXNEWS,The OReilly Factor,FOXNEWS_20100617_000000_The_OReilly_Factor,https://archive.org/download/FOXNEWS_20100617_000000_The_OReilly_Factor/FOXNEWS_20100617_000000_The_OReilly_Factor.thumbs/FOXNEWS_20100617_000000_The_OReilly_Factor_000116.jpg,"ah-ha! big clue. not really about the oil spill. it's about fossil fuels and global warming. that's what's driving the far left angst. many committed liberals are furious the president ok'd more oil drilling earlier this year"
https://archive.org/details/FOXNEWS_20100625_070000_Red_Eye#start/176/end/211,6/25/2010 7:03:11,FOXNEWS,Red Eye,FOXNEWS_20100625_070000_Red_Eye,https://archive.org/download/FOXNEWS_20100625_070000_Red_Eye/FOXNEWS_20100625_070000_Red_Eye.thumbs/FOXNEWS_20100625_070000_Red_Eye_000176.jpg,"therapist. hello, mr. gore. is it hot in here or is it the affects of global warming? both. what would you like? i would like world peace, but also to caress your back and buttocks and breasts."
https://archive.org/details/FOXNEWS_20100628_200000_Your_World_With_Neil_Cavuto#start/3212/end/3247,6/28/2010 20:53:47,FOXNEWS,Your World With Neil Cavuto,FOXNEWS_20100628_200000_Your_World_With_Neil_Cavuto,https://archive.org/download/FOXNEWS_20100628_200000_Your_World_With_Neil_Cavuto/FOXNEWS_20100628_200000_Your_World_With_Neil_Cavuto.thumbs/FOXNEWS_20100628_200000_Your_World_With_Neil_Cavuto_003203.jpg,"country. i'm seeing raise the salary for social security taxes, 5% tax hike for millionaires, new carbon tax, security transaction tax, 5% hike in the top corporate tax rate. they're all about tax."
https://archive.org/details/FOXNEWS_20100617_090000_The_OReilly_Factor#start/138/end/173,6/17/2010 9:02:33,FOXNEWS,The OReilly Factor,FOXNEWS_20100617_090000_The_OReilly_Factor,https://archive.org/download/FOXNEWS_20100617_090000_The_OReilly_Factor/FOXNEWS_20100617_090000_The_OReilly_Factor.thumbs/FOXNEWS_20100617_090000_The_OReilly_Factor_000116.jpg,"cleaner fuels.' ah-ha! big clue. not really about the oil spill. it's about fossil fuels and global warming. that's what's driving the far left angst. many committed liberals are furious the president ok'd more oil drilling earlier this year"
https://archive.org/details/FOXNEWS_20100617_090000_The_OReilly_Factor#start/245/end/280,6/17/2010 9:04:20,FOXNEWS,The OReilly Factor,FOXNEWS_20100617_090000_The_OReilly_Factor,https://archive.org/download/FOXNEWS_20100617_090000_The_OReilly_Factor/FOXNEWS_20100617_090000_The_OReilly_Factor.thumbs/FOXNEWS_20100617_090000_The_OReilly_Factor_000236.jpg,"more to it? it's global warming but it's also a sense that he's let them down. a sense that he's let the gulf be polluted with this oil, that he hasn't stopped it. that he's letting it spoil the environment."
https://archive.org/details/FOXNEWS_20100629_210000_Glenn_Beck#start/442/end/477,6/29/2010 21:07:37,FOXNEWS,Glenn Beck,FOXNEWS_20100629_210000_Glenn_Beck,https://archive.org/download/FOXNEWS_20100629_210000_Glenn_Beck/FOXNEWS_20100629_210000_Glenn_Beck.thumbs/FOXNEWS_20100629_210000_Glenn_Beck_000416.jpg,"except i was right, and they were lying. same thing with cap-and-trade. how many bogus e-mails do we need from scientists to realize, global warming is a hoax? cap-and-trade has nothing to do with saving the planet."
https://archive.org/details/FOXNEWS_20100630_060000_Glenn_Beck#start/444/end/479,6/30/2010 6:07:39,FOXNEWS,Glenn Beck,FOXNEWS_20100630_060000_Glenn_Beck,https://archive.org/download/FOXNEWS_20100630_060000_Glenn_Beck/FOXNEWS_20100630_060000_Glenn_Beck.thumbs/FOXNEWS_20100630_060000_Glenn_Beck_000416.jpg,"were lying. same thing with cap-and-trade. how many bogus e-mails do we need from scientists to realize, global warming is a hoax? cap-and-trade has nothing to do with saving the planet. it's making the uber rich"
https://archive.org/details/FOXNEWS_20100630_010000_Hannity#start/1466/end/1501,6/30/2010 1:24:41,FOXNEWS,Hannity,FOXNEWS_20100630_010000_Hannity,https://archive.org/download/FOXNEWS_20100630_010000_Hannity/FOXNEWS_20100630_010000_Hannity.thumbs/FOXNEWS_20100630_010000_Hannity_001405.jpg,"getting more bizarre by the day. according to the oregon masseuse she told her friends and one advised her to just suck it up otherwise the world is gonna be destroyed from global warming. for his part the vice president is not"
https://archive.org/details/FOXNEWS_20100630_010000_Hannity#start/1479/end/1514,6/30/2010 1:24:54,FOXNEWS,Hannity,FOXNEWS_20100630_010000_Hannity,https://archive.org/download/FOXNEWS_20100630_010000_Hannity/FOXNEWS_20100630_010000_Hannity.thumbs/FOXNEWS_20100630_010000_Hannity_001465.jpg,"answering any questions after delivering a speech yesterday at the san diego convention center. you guessed it, global warming alarmist, the crazed sex poodle himself jetted off without taking a question from the media. come to think of it i may be"
https://archive.org/details/FOXNEWS_20100617_090000_The_OReilly_Factor#start/827/end/862,6/17/2010 9:14:02,FOXNEWS,The OReilly Factor,FOXNEWS_20100617_090000_The_OReilly_Factor,https://archive.org/download/FOXNEWS_20100617_090000_The_OReilly_Factor/FOXNEWS_20100617_090000_The_OReilly_Factor.thumbs/FOXNEWS_20100617_090000_The_OReilly_Factor_000805.jpg,"weren't millions of people being affected. doctor, how do you see this? my thesis is that global warming is behind the anger and it's just bubbling to the surface, pardon the pun, because of the oil spill now. well, i'm not sure -- i       _"
https://archive.org/details/FOXNEWS_20100615_170000_America_Live#start/1192/end/1227,6/15/2010 17:20:07,FOXNEWS,America Live,FOXNEWS_20100615_170000_America_Live,https://archive.org/download/FOXNEWS_20100615_170000_America_Live/FOXNEWS_20100615_170000_America_Live.thumbs/FOXNEWS_20100615_170000_America_Live_001165.jpg,"with a cap and trade energy bill. global warming versus the big spill up next. the american people don't want this administration to exploit the crisis in the gulf to advance their disastrous energy policy. we won't cap that well with cap"
https://archive.org/details/FOXNEWS_20100617_030000_The_OReilly_Factor#start/151/end/186,6/17/2010 3:02:46,FOXNEWS,The OReilly Factor,FOXNEWS_20100617_030000_The_OReilly_Factor,https://archive.org/download/FOXNEWS_20100617_030000_The_OReilly_Factor/FOXNEWS_20100617_030000_The_OReilly_Factor.thumbs/FOXNEWS_20100617_030000_The_OReilly_Factor_000146.jpg,"oil drilling earlier this year and they're also hopping mad that cap and trade legislation has stalled. they expected their guy, barack obama, to be a global warming warrior. and he has not been. so the oil disaster in the gulf"
https://archive.org/details/FOXNEWS_20100617_030000_The_OReilly_Factor#start/246/end/281,6/17/2010 3:04:21,FOXNEWS,The OReilly Factor,FOXNEWS_20100617_030000_The_OReilly_Factor,https://archive.org/download/FOXNEWS_20100617_030000_The_OReilly_Factor/FOXNEWS_20100617_030000_The_OReilly_Factor.thumbs/FOXNEWS_20100617_030000_The_OReilly_Factor_000236.jpg,"it's global warming but it's also a sense that he's let them down. a sense that he's let the gulf be polluted with this oil, that he hasn't stopped it. that he's letting it spoil the environment. that he's letting it."
https://archive.org/details/FOXNEWS_20100617_000000_The_OReilly_Factor#start/246/end/281,6/17/2010 0:04:21,FOXNEWS,The OReilly Factor,FOXNEWS_20100617_000000_The_OReilly_Factor,https://archive.org/download/FOXNEWS_20100617_000000_The_OReilly_Factor/FOXNEWS_20100617_000000_The_OReilly_Factor.thumbs/FOXNEWS_20100617_000000_The_OReilly_Factor_000236.jpg,"it's global warming but it's also a sense that he's let them down. a sense that he's let the gulf be polluted with this oil, that he hasn't stopped it. that he's letting it spoil the environment. that he's letting it."
https://archive.org/details/FOXNEWS_20100617_000000_The_OReilly_Factor#start/827/end/862,6/17/2010 0:14:02,FOXNEWS,The OReilly Factor,FOXNEWS_20100617_000000_The_OReilly_Factor,https://archive.org/download/FOXNEWS_20100617_000000_The_OReilly_Factor/FOXNEWS_20100617_000000_The_OReilly_Factor.thumbs/FOXNEWS_20100617_000000_The_OReilly_Factor_000805.jpg,"weren't millions of people being affected. doctor, how do you see this? my thesis is that global warming is behind the anger and it's just bubbling to the surface, pardon the pun, because of the oil spill now. well, i'm not sure -- i       _"
https://archive.org/details/FOXNEWS_20100625_070000_Red_Eye#start/208/end/243,6/25/2010 7:03:43,FOXNEWS,Red Eye,FOXNEWS_20100625_070000_Red_Eye,https://archive.org/download/FOXNEWS_20100625_070000_Red_Eye/FOXNEWS_20100625_070000_Red_Eye.thumbs/FOXNEWS_20100625_070000_Red_Eye_000206.jpg,"footprint bigger. that's a global warming joke. isn't it funny? i use it all the time. i >>- q. no. i am now going to withdraw from the situation. in a few years i will divorce my wife and then you"
https://archive.org/details/FOXNEWS_20100614_170000_America_Live#start/6857/end/6892,6/14/2010 18:54:32,FOXNEWS,America Live,FOXNEWS_20100614_170000_America_Live,https://archive.org/download/FOXNEWS_20100614_170000_America_Live/FOXNEWS_20100614_170000_America_Live.thumbs/FOXNEWS_20100614_170000_America_Live_006859.jpg,"if you have cap and trade that's complicated and expensive system pawght carbon tax on logically you could say why not just tax carbon. the reason is then people would know how much it's costing them."
https://archive.org/details/FOXNEWS_20100625_130000_Americas_Newsroom#start/2866/end/2901,6/25/2010 13:48:01,FOXNEWS,Americas Newsroom,FOXNEWS_20100625_130000_Americas_Newsroom,https://archive.org/download/FOXNEWS_20100625_130000_Americas_Newsroom/FOXNEWS_20100625_130000_Americas_Newsroom.thumbs/FOXNEWS_20100625_130000_Americas_Newsroom_002843.jpg,"first test. here's what i say about it. number one if you look at motive, the guy is away, al gore is away, he doesn't have his wife there, he's making a presentation on global warming and apparently he's lonely because he's inviting a"
https://archive.org/details/FOXNEWS_20100617_090000_The_OReilly_Factor#start/229/end/264,6/17/2010 9:04:04,FOXNEWS,The OReilly Factor,FOXNEWS_20100617_090000_The_OReilly_Factor,https://archive.org/download/FOXNEWS_20100617_090000_The_OReilly_Factor/FOXNEWS_20100617_090000_The_OReilly_Factor.thumbs/FOXNEWS_20100617_090000_The_OReilly_Factor_000206.jpg,"reaction with us, political analyst and author, big bestseller '2010, take back america, a battle plan.' great father's day gift, by the way, mr. dick morris. ok, so are you ageeing with me that it's global warming that has teed these people off or"
https://archive.org/details/FOXNEWS_20100617_030000_The_OReilly_Factor#start/168/end/203,6/17/2010 3:03:03,FOXNEWS,The OReilly Factor,FOXNEWS_20100617_030000_The_OReilly_Factor,https://archive.org/download/FOXNEWS_20100617_030000_The_OReilly_Factor/FOXNEWS_20100617_030000_The_OReilly_Factor.thumbs/FOXNEWS_20100617_030000_The_OReilly_Factor_000146.jpg,"has ignited global warming resentments towards mr. obama. many americans simply don't understand how deeply the far left feels the warming pain. on the moderate left, there's concern the president simply doesn't know what he's doing in the cleanup. yesterday, 'the new york times'"
https://archive.org/details/FOXNEWS_20100617_030000_The_OReilly_Factor#start/830/end/865,6/17/2010 3:14:05,FOXNEWS,The OReilly Factor,FOXNEWS_20100617_030000_The_OReilly_Factor,https://archive.org/download/FOXNEWS_20100617_030000_The_OReilly_Factor/FOXNEWS_20100617_030000_The_OReilly_Factor.thumbs/FOXNEWS_20100617_030000_The_OReilly_Factor_000805.jpg,"weren't millions of people being affected. doctor, how do you see this? my thesis is that global warming is behind the anger and it's just bubbling to the surface, pardon the pun, because of the oil spill now. well, i'm not sure -- i would say environmentalism more"
https://archive.org/details/FOXNEWS_20100620_090000_Glenn_Beck#start/812/end/847,6/20/2010 9:13:47,FOXNEWS,Glenn Beck,FOXNEWS_20100620_090000_Glenn_Beck,https://archive.org/download/FOXNEWS_20100620_090000_Glenn_Beck/FOXNEWS_20100620_090000_Glenn_Beck.thumbs/FOXNEWS_20100620_090000_Glenn_Beck_000805.jpg,"my thesis was a global warming rage. right. bill: about oil drilling, it's about the spill, but it's about his overall philosophy and hasn't been a warming warrior, what say you? that's a big part of it, but i think the main thing is"
https://archive.org/details/FOXNEWS_20100618_230000_The_FOX_Report_With_Shepard_Smith#start/1857/end/1892,6/18/2010 23:31:12,FOXNEWS,The FOX Report With Shepard Smith,FOXNEWS_20100618_230000_The_FOX_Report_With_Shepard_Smith,https://archive.org/download/FOXNEWS_20100618_230000_The_FOX_Report_With_Shepard_Smith/FOXNEWS_20100618_230000_The_FOX_Report_With_Shepard_Smith.thumbs/FOXNEWS_20100618_230000_The_FOX_Report_With_Shepard_Smith_001854.jpg,"getting rid of the oil this way. certainly not perfect. for starters you produce a lot of carbon dioxide. if you are into the whole global warming debate. crude oil crude mixture if you don't control all of the stuff that goes into the burner you"
https://archive.org/details/FOXNEWS_20100623_060000_Glenn_Beck#start/998/end/1033,6/23/2010 6:16:53,FOXNEWS,Glenn Beck,FOXNEWS_20100623_060000_Glenn_Beck,https://archive.org/download/FOXNEWS_20100623_060000_Glenn_Beck/FOXNEWS_20100623_060000_Glenn_Beck.thumbs/FOXNEWS_20100623_060000_Glenn_Beck_000986.jpg,"is going to get his, like he may get his from god, but he is going to get his money. he invested in the president. he signed all this up. this isn't about saving the planet. they tell us global warming now is a moral issue."
https://archive.org/details/FOXNEWS_20100616_170000_America_Live#start/1894/end/1929,6/16/2010 17:31:49,FOXNEWS,America Live,FOXNEWS_20100616_170000_America_Live,https://archive.org/download/FOXNEWS_20100616_170000_America_Live/FOXNEWS_20100616_170000_America_Live.thumbs/FOXNEWS_20100616_170000_America_Live_001884.jpg,"climate change and energy independence to smart small, do something incremental that can get passed immediately that would stimulate more investment in clean technology. shannon: we are hearing from"
https://archive.org/details/FOXNEWS_20100616_170000_America_Live#start/1017/end/1052,6/16/2010 17:17:12,FOXNEWS,America Live,FOXNEWS_20100616_170000_America_Live,https://archive.org/download/FOXNEWS_20100616_170000_America_Live/FOXNEWS_20100616_170000_America_Live.thumbs/FOXNEWS_20100616_170000_America_Live_001015.jpg,"we were upset with that portion of it. the liberals say he didn't go far enough. he didn't go forward really with the carbon tax and say how am i going to get it through the senate where democrats are"
https://archive.org/details/FOXNEWS_20100617_130000_Americas_Newsroom#start/1044/end/1079,6/17/2010 13:17:39,FOXNEWS,Americas Newsroom,FOXNEWS_20100617_130000_Americas_Newsroom,https://archive.org/download/FOXNEWS_20100617_130000_Americas_Newsroom/FOXNEWS_20100617_130000_Americas_Newsroom.thumbs/FOXNEWS_20100617_130000_Americas_Newsroom_001016.jpg,"administration were getting along great. in fact they were days away in april from holding a joint press conference in which bp would have endorsed obama's cap and trade bill on global warming. the oil spill changed all of that. if you're friends with them and the drive to expand"
https://archive.org/details/FOXNEWS_20100618_030000_The_OReilly_Factor#start/796/end/831,6/18/2010 3:13:31,FOXNEWS,The OReilly Factor,FOXNEWS_20100618_030000_The_OReilly_Factor,https://archive.org/download/FOXNEWS_20100618_030000_The_OReilly_Factor/FOXNEWS_20100618_030000_The_OReilly_Factor.thumbs/FOXNEWS_20100618_030000_The_OReilly_Factor_000776.jpg,"the global warming rage is driving the far left to turn on president obama. it's been b. oil drilling, it's about the spill. it's about his overall philosophy hasn't been warming warrior. what say you? that's a big part of it. but i think the main thing is"
https://archive.org/details/FOXNEWS_20100618_000000_The_OReilly_Factor#start/796/end/831,6/18/2010 0:13:31,FOXNEWS,The OReilly Factor,FOXNEWS_20100618_000000_The_OReilly_Factor,https://archive.org/download/FOXNEWS_20100618_000000_The_OReilly_Factor/FOXNEWS_20100618_000000_The_OReilly_Factor.thumbs/FOXNEWS_20100618_000000_The_OReilly_Factor_000775.jpg,"the global warming rage is driving the far left to turn on president obama. it's been b. oil drilling, it's about the spill. it's about his overall philosophy hasn't been warming warrior. what say you? that's a big part of it. but i think the main thing is"
https://archive.org/details/FOXNEWS_20100623_030000_The_OReilly_Factor#start/1902/end/1937,6/23/2010 3:31:57,FOXNEWS,The OReilly Factor,FOXNEWS_20100623_030000_The_OReilly_Factor,https://archive.org/download/FOXNEWS_20100623_030000_The_OReilly_Factor/FOXNEWS_20100623_030000_The_OReilly_Factor.thumbs/FOXNEWS_20100623_030000_The_OReilly_Factor_001884.jpg,"we are beyond petroleum. we believe in global warming. we are into solar, wind, all kinds of nonsense p.r. gimmicks. no, i'm not on their side. i disagree with you when you say that obama was right to say or you said you would go in there with a machine gun."
https://archive.org/details/FOXNEWS_20100618_010000_Hannity#start/643/end/678,6/18/2010 1:10:58,FOXNEWS,Hannity,FOXNEWS_20100618_010000_Hannity,https://archive.org/download/FOXNEWS_20100618_010000_Hannity/FOXNEWS_20100618_010000_Hannity.thumbs/FOXNEWS_20100618_010000_Hannity_000536.jpg,"and dozens more sizzling summer recipes, visit campbellskitchen.com. sean: only yesterday barbara boxer pro claimed that wars would be one day fought over climate change. boxer isn't doing her part to"
https://archive.org/details/FOXNEWS_20100614_220000_Special_Report_With_Bret_Baier#start/1940/end/1975,6/14/2010 22:32:35,FOXNEWS,Special Report With Bret Baier,FOXNEWS_20100614_220000_Special_Report_With_Bret_Baier,https://archive.org/download/FOXNEWS_20100614_220000_Special_Report_With_Bret_Baier/FOXNEWS_20100614_220000_Special_Report_With_Bret_Baier.thumbs/FOXNEWS_20100614_220000_Special_Report_With_Bret_Baier_001914.jpg,"fighting climate change. politico noticed the ease which reporters jumped between journalism and advocacy seems to be increasing and that will 'likely reinforce notion that all journalists are biased and largely toward democratic"
https://archive.org/details/FOXNEWS_20100614_130000_Americas_Newsroom#start/1840/end/1875,6/14/2010 13:30:55,FOXNEWS,Americas Newsroom,FOXNEWS_20100614_130000_Americas_Newsroom,https://archive.org/download/FOXNEWS_20100614_130000_Americas_Newsroom/FOXNEWS_20100614_130000_Americas_Newsroom.thumbs/FOXNEWS_20100614_130000_Americas_Newsroom_001824.jpg,"wow. martha: meanwhile president obama heads back to the gulf coast today, pledging to use the bp oil disaster as an opportunity to push his climate change bill. he feels that's an important"
https://archive.org/details/FOXNEWS_20100616_100000_FOX_and_Friends#start/6455/end/6490,6/16/2010 11:47:50,FOXNEWS,FOX and Friends,FOXNEWS_20100616_100000_FOX_and_Friends,https://archive.org/download/FOXNEWS_20100616_100000_FOX_and_Friends/FOXNEWS_20100616_100000_FOX_and_Friends.thumbs/FOXNEWS_20100616_100000_FOX_and_Friends_006440.jpg,"climate change. why did he decide to devote 1/3 of his speech to talking politics? there's -- look, there -- what is clear from this crisis is that we have great impetus to"
https://archive.org/details/FOXNEWS_20100618_040000_Hannity#start/652/end/687,6/18/2010 4:11:07,FOXNEWS,Hannity,FOXNEWS_20100618_040000_Hannity,https://archive.org/download/FOXNEWS_20100618_040000_Hannity/FOXNEWS_20100618_040000_Hannity.thumbs/FOXNEWS_20100618_040000_Hannity_000625.jpg,"wars would be one day fought over climate change. boxer isn't doing her part to reduce her carbon footprint. according to the 'washington post', financial disclosure shows that feinstein and harry reid"
https://archive.org/details/FOXNEWS_20100617_090000_The_OReilly_Factor#start/764/end/799,6/17/2010 9:12:59,FOXNEWS,The OReilly Factor,FOXNEWS_20100617_090000_The_OReilly_Factor,https://archive.org/download/FOXNEWS_20100617_090000_The_OReilly_Factor/FOXNEWS_20100617_090000_The_OReilly_Factor.thumbs/FOXNEWS_20100617_090000_The_OReilly_Factor_000745.jpg,"issue. this is an environmental issue. it's not just global warming and these liberals, as you say and i am a liberal on the left who are going against the president are not a majority of the liberal people. you have to remember that, a, they want the president to do this separate from b.p."
https://archive.org/details/FOXNEWS_20100620_160000_Americas_News_HQ#start/5499/end/5534,6/20/2010 17:31:54,FOXNEWS,Americas News HQ,FOXNEWS_20100620_160000_Americas_News_HQ,https://archive.org/download/FOXNEWS_20100620_160000_Americas_News_HQ/FOXNEWS_20100620_160000_Americas_News_HQ.thumbs/FOXNEWS_20100620_160000_Americas_News_HQ_005481.jpg,"it is what is the president willing to jettison to get something passed in this instance it certainly appears to be anything having to do with carbon trading. i think we heard rahm emanuel say this morning he is open to a carbon tax on just electric"
https://archive.org/details/FOXNEWS_20100619_140000_Bulls_and_Bears#start/334/end/369,6/19/2010 14:05:49,FOXNEWS,Bulls and Bears,FOXNEWS_20100619_140000_Bulls_and_Bears,https://archive.org/download/FOXNEWS_20100619_140000_Bulls_and_Bears/FOXNEWS_20100619_140000_Bulls_and_Bears.thumbs/FOXNEWS_20100619_140000_Bulls_and_Bears_000326.jpg,"if you put a tax on carbon, companies that produce anything widgets, call it what you want, will produce carbon and they will have to pay. if they pay for healthcare and carbon tax, they are not going to hire. they still have to make payroll."
https://archive.org/details/FOXNEWS_20100614_210000_Glenn_Beck#start/200/end/235,6/14/2010 21:03:35,FOXNEWS,Glenn Beck,FOXNEWS_20100614_210000_Glenn_Beck,https://archive.org/download/FOXNEWS_20100614_210000_Glenn_Beck/FOXNEWS_20100614_210000_Glenn_Beck.thumbs/FOXNEWS_20100614_210000_Glenn_Beck_000176.jpg,"who drafted the american power act, cap and trade. told them that a new energy deal must include serious effort to price carbon, as a way to slowly affect climate change. it cap and trade."
https://archive.org/details/FOXNEWS_20100627_140000_Americas_News_HQ#start/4185/end/4220,6/27/2010 15:10:00,FOXNEWS,Americas News HQ,FOXNEWS_20100627_140000_Americas_News_HQ,https://archive.org/download/FOXNEWS_20100627_140000_Americas_News_HQ/FOXNEWS_20100627_140000_Americas_News_HQ.thumbs/FOXNEWS_20100627_140000_Americas_News_HQ_004162.jpg,"climate change. jimmy? peter barnes live for us right there where the action is. thanks, peter. focus here on the u.s. economy as well. vice president joe biden with gloomy news saying the more than"
https://archive.org/details/FOXNEWS_20100630_010000_Hannity#start/1546/end/1581,6/30/2010 1:26:01,FOXNEWS,Hannity,FOXNEWS_20100630_010000_Hannity,https://archive.org/download/FOXNEWS_20100630_010000_Hannity/FOXNEWS_20100630_010000_Hannity.thumbs/FOXNEWS_20100630_010000_Hannity_001525.jpg,"11, midnight, 1 in the morning with a woman alone in his hotel room? it doesn't look good. al gore, he's been arguing, screaming, climate change is manmade. we didn't know it was manmade"
https://archive.org/details/FOXNEWS_20100630_040000_Hannity#start/1555/end/1590,6/30/2010 4:26:10,FOXNEWS,Hannity,FOXNEWS_20100630_040000_Hannity,https://archive.org/download/FOXNEWS_20100630_040000_Hannity/FOXNEWS_20100630_040000_Hannity.thumbs/FOXNEWS_20100630_040000_Hannity_001555.jpg,"screaming, climate change is manmade. we didn't know it was manmade from a hotel room in portland. we don't know if this is true. al gore isn't saying anything. if someone came at me with 73"
https://archive.org/details/FOXNEWS_20100626_200000_Americas_News_HQ#start/5643/end/5678,6/26/2010 21:34:18,FOXNEWS,Americas News HQ,FOXNEWS_20100626_200000_Americas_News_HQ,https://archive.org/download/FOXNEWS_20100626_200000_Americas_News_HQ/FOXNEWS_20100626_200000_Americas_News_HQ.thumbs/FOXNEWS_20100626_200000_Americas_News_HQ_005631.jpg,"i realized that resistance was making him giggle and pursue more strongly. pretty serious accusations. mr. gore was in portland giving a speech on climate change and these allegations come just weeks after he announced that he"
https://archive.org/details/FOXNEWS_20100629_200000_Your_World_With_Neil_Cavuto#start/1573/end/1608,6/29/2010 20:26:28,FOXNEWS,Your World With Neil Cavuto,FOXNEWS_20100629_200000_Your_World_With_Neil_Cavuto,https://archive.org/download/FOXNEWS_20100629_200000_Your_World_With_Neil_Cavuto/FOXNEWS_20100629_200000_Your_World_With_Neil_Cavuto.thumbs/FOXNEWS_20100629_200000_Your_World_With_Neil_Cavuto_001554.jpg,"you got that right. change the rules to ram through climate change. are democrats trying to do that. hell have no furry than a government touching retirement benefits. greece knows it and a top republican here may be pushing"
https://archive.org/details/FOXNEWS_20100627_020000_Geraldo_at_Large#start/937/end/972,6/27/2010 2:15:52,FOXNEWS,Geraldo at Large,FOXNEWS_20100627_020000_Geraldo_at_Large,https://archive.org/download/FOXNEWS_20100627_020000_Geraldo_at_Large/FOXNEWS_20100627_020000_Geraldo_at_Large.thumbs/FOXNEWS_20100627_020000_Geraldo_at_Large_000926.jpg,"completely unnerving. and, i realized that resistance was making him giggle and pursue more strongly. reporter: mr. gore was in portland giving a speech on climate change and these allegations come just weeks after he announced that he was"
https://archive.org/details/FOXNEWS_20100629_100000_FOX_and_Friends#start/1106/end/1141,6/29/2010 10:18:41,FOXNEWS,FOX and Friends,FOXNEWS_20100629_100000_FOX_and_Friends,https://archive.org/download/FOXNEWS_20100629_100000_FOX_and_Friends/FOXNEWS_20100629_100000_FOX_and_Friends.thumbs/FOXNEWS_20100629_100000_FOX_and_Friends_001106.jpg,"the cultural climate was very different a year ago. climate change was a vibrant subject. we were all worried about it. times have changed enormously. i mean, climate is now way down at the bottom of voter concerns."
https://archive.org/details/FOXNEWS_20100615_220000_Special_Report_With_Bret_Baier#start/3019/end/3054,6/15/2010 22:50:34,FOXNEWS,Special Report With Bret Baier,FOXNEWS_20100615_220000_Special_Report_With_Bret_Baier,https://archive.org/download/FOXNEWS_20100615_220000_Special_Report_With_Bret_Baier/FOXNEWS_20100615_220000_Special_Report_With_Bret_Baier.thumbs/FOXNEWS_20100615_220000_Special_Report_With_Bret_Baier_002993.jpg,"exploit the crisis in the gulf to advance disastrous energy policies. we won't cap the well with cap-and-trade. bret: some of the debate today over the pending climate change legislation that the president is"
https://archive.org/details/FOXNEWS_20100614_150000_Happening_Now#start/5870/end/5905,6/14/2010 16:38:05,FOXNEWS,Happening Now,FOXNEWS_20100614_150000_Happening_Now,https://archive.org/download/FOXNEWS_20100614_150000_Happening_Now/FOXNEWS_20100614_150000_Happening_Now.thumbs/FOXNEWS_20100614_150000_Happening_Now_005870.jpg,"it's a way for them to do climate change legislation. it's also really pathetic because it says this government is willing to use this catastrophe to advance their ideological agenda. a climate bill will cause higher"
https://archive.org/details/FOXNEWS_20100625_100000_FOX_and_Friends#start/4973/end/5008,6/25/2010 11:23:08,FOXNEWS,FOX and Friends,FOXNEWS_20100625_100000_FOX_and_Friends,https://archive.org/download/FOXNEWS_20100625_100000_FOX_and_Friends/FOXNEWS_20100625_100000_FOX_and_Friends.thumbs/FOXNEWS_20100625_100000_FOX_and_Friends_004972.jpg,"that's how long one well respected microbiologist says humans have left on earth. he also blames climate change and a potential dust bowl. so let's quickly get this segment over with. if that's true, i'm having more salt."
https://archive.org/details/FOXNEWS_20100617_080000_Special_Report_With_Bret_Baier#start/215/end/250,6/17/2010 8:03:50,FOXNEWS,Special Report With Bret Baier,FOXNEWS_20100617_080000_Special_Report_With_Bret_Baier,https://archive.org/download/FOXNEWS_20100617_080000_Special_Report_With_Bret_Baier/FOXNEWS_20100617_080000_Special_Report_With_Bret_Baier.thumbs/FOXNEWS_20100617_080000_Special_Report_With_Bret_Baier_000206.jpg,"concern over the gulf disaster to support for new energy and climate change legislation. but chief washington jim angle reports there didn't seem to be much of a spark today on capitol hill. senate democrats considering several versions"
https://archive.org/details/FOXNEWS_20100626_230000_FOX_Report#start/946/end/981,6/26/2010 23:16:01,FOXNEWS,FOX Report,FOXNEWS_20100626_230000_FOX_Report,https://archive.org/download/FOXNEWS_20100626_230000_FOX_Report/FOXNEWS_20100626_230000_FOX_Report.thumbs/FOXNEWS_20100626_230000_FOX_Report_000930.jpg,"climate change and these allegations come just weeks after he announced that he was separating from his wife, and in an interesting twist, authorities say the accuser requested a copy of her police report, almost immediately after"
https://archive.org/details/FOXNEWS_20100614_170000_America_Live#start/994/end/1029,6/14/2010 17:16:49,FOXNEWS,America Live,FOXNEWS_20100614_170000_America_Live,https://archive.org/download/FOXNEWS_20100614_170000_America_Live/FOXNEWS_20100614_170000_America_Live.thumbs/FOXNEWS_20100614_170000_America_Live_000985.jpg,"side of the aisle that says climate change has nothing to do with what we're talking about in the gulf. the use of electricity is largest use of oil within the u.s. are they able to get those both"
https://archive.org/details/FOXNEWS_20100614_170000_America_Live#start/1012/end/1047,6/14/2010 17:17:07,FOXNEWS,America Live,FOXNEWS_20100614_170000_America_Live,https://archive.org/download/FOXNEWS_20100614_170000_America_Live/FOXNEWS_20100614_170000_America_Live.thumbs/FOXNEWS_20100614_170000_America_Live_000985.jpg,"sides together. i'd like to think they can. if they can do one or the other at this point and move forward, either get energy legislation or climate change legislation it's a win-win situation."
https://archive.org/details/FOXNEWS_20100613_160000_Americas_News_HQ#start/4981/end/5016,6/13/2010 17:23:16,FOXNEWS,Americas News HQ,FOXNEWS_20100613_160000_Americas_News_HQ,https://archive.org/download/FOXNEWS_20100613_160000_Americas_News_HQ/FOXNEWS_20100613_160000_Americas_News_HQ.thumbs/FOXNEWS_20100613_160000_Americas_News_HQ_004942.jpg,"passing health care reform, wall street regulation, and a climate change bill all in one year. joining us to talk about this is our panel, jonathan heisman, and senior white house and politics reporter, welcome, gentlemen."
https://archive.org/details/FOXNEWS_20100617_030000_The_OReilly_Factor#start/763/end/798,6/17/2010 3:12:58,FOXNEWS,The OReilly Factor,FOXNEWS_20100617_030000_The_OReilly_Factor,https://archive.org/download/FOXNEWS_20100617_030000_The_OReilly_Factor/FOXNEWS_20100617_030000_The_OReilly_Factor.thumbs/FOXNEWS_20100617_030000_The_OReilly_Factor_000745.jpg,"this is not a political issue. this is an environmental issue. it's not just global warming and these liberals, as you say and i am a liberal on the left who are going against the president are not a majority of the liberal people. you have to remember that, a, they want the president to do"
https://archive.org/details/FOXNEWS_20100617_000000_The_OReilly_Factor#start/763/end/798,6/17/2010 0:12:58,FOXNEWS,The OReilly Factor,FOXNEWS_20100617_000000_The_OReilly_Factor,https://archive.org/download/FOXNEWS_20100617_000000_The_OReilly_Factor/FOXNEWS_20100617_000000_The_OReilly_Factor.thumbs/FOXNEWS_20100617_000000_The_OReilly_Factor_000745.jpg,"this is not a political issue. this is an environmental issue. it's not just global warming and these liberals, as you say and i am a liberal on the left who are going against the president are not a majority of the liberal people. you have to remember that, a, they want the president to do"
https://archive.org/details/FOXNEWS_20100615_150000_Happening_Now#start/495/end/530,6/15/2010 15:08:30,FOXNEWS,Happening Now,FOXNEWS_20100615_150000_Happening_Now,https://archive.org/download/FOXNEWS_20100615_150000_Happening_Now/FOXNEWS_20100615_150000_Happening_Now.thumbs/FOXNEWS_20100615_150000_Happening_Now_000476.jpg,"the final thing is the president is clearly going to try and make use of this crisis, don't let a use crisis go to waste assist rahm emanuel famously said and he'll make a push for a carbon tax. the gulf spill shows a necessity of we need americans away from"
https://archive.org/details/FOXNEWS_20100616_220000_Special_Report_With_Bret_Baier#start/219/end/254,6/16/2010 22:03:54,FOXNEWS,Special Report With Bret Baier,FOXNEWS_20100616_220000_Special_Report_With_Bret_Baier,https://archive.org/download/FOXNEWS_20100616_220000_Special_Report_With_Bret_Baier/FOXNEWS_20100616_220000_Special_Report_With_Bret_Baier.thumbs/FOXNEWS_20100616_220000_Special_Report_With_Bret_Baier_000206.jpg,"energy and climate change legislation. but chief washington jim angle reports there didn't seem to be much of a spark today on capitol hill. senate democrats considering several versions of energy legislation were looking to president obama to give some clear direction"
https://archive.org/details/FOXNEWS_20100626_160000_Americas_News_HQ#start/4879/end/4914,6/26/2010 17:21:34,FOXNEWS,Americas News HQ,FOXNEWS_20100626_160000_Americas_News_HQ,https://archive.org/download/FOXNEWS_20100626_160000_Americas_News_HQ/FOXNEWS_20100626_160000_Americas_News_HQ.thumbs/FOXNEWS_20100626_160000_Americas_News_HQ_004852.jpg,"have sex with her at this portland hotel back in 2006. gore was apparently staying there while giving a speech on climate change and now the portland police bureau releasing an audio recording between the accuser and a detective from"
https://archive.org/details/FOXNEWS_20100629_200000_Your_World_With_Neil_Cavuto#start/1869/end/1904,6/29/2010 20:31:24,FOXNEWS,Your World With Neil Cavuto,FOXNEWS_20100629_200000_Your_World_With_Neil_Cavuto,https://archive.org/download/FOXNEWS_20100629_200000_Your_World_With_Neil_Cavuto/FOXNEWS_20100629_200000_Your_World_With_Neil_Cavuto.thumbs/FOXNEWS_20100629_200000_Your_World_With_Neil_Cavuto_001854.jpg,"major bill, you could ram through a new energy climate change bill. no, i don't agree with that, stuart. last time we talked i mentioned cap and trade is dead but the ironly the democrats would talk about doing away with the"
https://archive.org/details/FOXNEWS_20100627_080000_Geraldo_at_Large#start/944/end/979,6/27/2010 8:15:59,FOXNEWS,Geraldo at Large,FOXNEWS_20100627_080000_Geraldo_at_Large,https://archive.org/download/FOXNEWS_20100627_080000_Geraldo_at_Large/FOXNEWS_20100627_080000_Geraldo_at_Large.thumbs/FOXNEWS_20100627_080000_Geraldo_at_Large_000925.jpg,"reporter: mr. gore was in portland giving a speech on climate change and these allegations come just weeks after he announced that he was separating from his wife, and in an interesting twist, authorities say the accuser requested a copy of her police"
https://archive.org/details/FOXNEWS_20100630_010000_Hannity#start/1722/end/1757,6/30/2010 1:28:57,FOXNEWS,Hannity,FOXNEWS_20100630_010000_Hannity,https://archive.org/download/FOXNEWS_20100630_010000_Hannity/FOXNEWS_20100630_010000_Hannity.thumbs/FOXNEWS_20100630_010000_Hannity_001704.jpg,"story. he's expected to get cover while he around the country and starts screaming about climate change. sean: susan it raises questions and you are a close friend even though we disagree and you are wrong on a lot of political issues."
https://archive.org/details/FOXNEWS_20100616_200000_Your_World_With_Neil_Cavuto#start/1461/end/1496,6/16/2010 20:24:36,FOXNEWS,Your World With Neil Cavuto,FOXNEWS_20100616_200000_Your_World_With_Neil_Cavuto,https://archive.org/download/FOXNEWS_20100616_200000_Your_World_With_Neil_Cavuto/FOXNEWS_20100616_200000_Your_World_With_Neil_Cavuto.thumbs/FOXNEWS_20100616_200000_Your_World_With_Neil_Cavuto_001435.jpg,"climate change plan. does the white house need brown to go green. the president wrapping up a meeting with scott brown. democrats need at least one republican to get it done. a new grass roots push for the president's green agenda."
https://archive.org/details/FOXNEWS_20100617_130000_Americas_Newsroom#start/4369/end/4404,6/17/2010 14:13:04,FOXNEWS,Americas Newsroom,FOXNEWS_20100617_130000_Americas_Newsroom,https://archive.org/download/FOXNEWS_20100617_130000_Americas_Newsroom/FOXNEWS_20100617_130000_Americas_Newsroom.thumbs/FOXNEWS_20100617_130000_Americas_Newsroom_004342.jpg,"no. the answer is absolutely no. and you had senator byron dorgan, a democrat on the floor of the senate, yesterday, saying, right now, climate change legislation could not get 60 votes in the u.s. senate. there are elements of energy"
https://archive.org/details/FOXNEWS_20100625_070000_Red_Eye#start/285/end/320,6/25/2010 7:05:00,FOXNEWS,Red Eye,FOXNEWS_20100625_070000_Red_Eye,https://archive.org/download/FOXNEWS_20100625_070000_Red_Eye/FOXNEWS_20100625_070000_Red_Eye.thumbs/FOXNEWS_20100625_070000_Red_Eye_000266.jpg,"do you buy this excuse? no, not at all. the massage cost $540? of course he expected a climate change in his pants, are you serious? and i hear he of on erred her chocolates. i will show him my"
https://archive.org/details/FOXNEWS_20100615_190000_Studio_B_With_Shepard_Smith#start/384/end/419,6/15/2010 19:06:39,FOXNEWS,Studio B With Shepard Smith,FOXNEWS_20100615_190000_Studio_B_With_Shepard_Smith,https://archive.org/download/FOXNEWS_20100615_190000_Studio_B_With_Shepard_Smith/FOXNEWS_20100615_190000_Studio_B_With_Shepard_Smith.thumbs/FOXNEWS_20100615_190000_Studio_B_With_Shepard_Smith_000360.jpg,"will the president push for climate change legislation? there's obviously going to be a robust debate about the way forward. i don't think mitch mcconnell, maybe he does. i wouldn't want my representative to think we should be more dependent on"
https://archive.org/details/FOXNEWS_20100617_100000_FOX_and_Friends#start/4654/end/4689,6/17/2010 11:17:49,FOXNEWS,FOX and Friends,FOXNEWS_20100617_100000_FOX_and_Friends,https://archive.org/download/FOXNEWS_20100617_100000_FOX_and_Friends/FOXNEWS_20100617_100000_FOX_and_Friends.thumbs/FOXNEWS_20100617_100000_FOX_and_Friends_004642.jpg,"have drilling and that we're gonna do that as part of negotiating what at that time would have been a carbon tax cap and trade deal which now doesn't seem like it comes about. that's what he was willing to do. the left one, the environmentalists went nuts and you have to factor in, they're"
https://archive.org/details/FOXNEWS_20100615_150000_Happening_Now#start/604/end/639,6/15/2010 15:10:19,FOXNEWS,Happening Now,FOXNEWS_20100615_150000_Happening_Now,https://archive.org/download/FOXNEWS_20100615_150000_Happening_Now/FOXNEWS_20100615_150000_Happening_Now.thumbs/FOXNEWS_20100615_150000_Happening_Now_000596.jpg,"about this question, about legislation going forward and the administration being pretty clear about wanting to use this as an opportunity to push something new. realistically what can they get the votes for? it sounds like you're talking about more than strictly the energy portion of it but a carbon tax as well, cap and trade."
https://archive.org/details/FOXNEWS_20100617_220000_Special_Report_With_Bret_Baier#start/917/end/952,6/17/2010 22:15:32,FOXNEWS,Special Report With Bret Baier,FOXNEWS_20100617_220000_Special_Report_With_Bret_Baier,https://archive.org/download/FOXNEWS_20100617_220000_Special_Report_With_Bret_Baier/FOXNEWS_20100617_220000_Special_Report_With_Bret_Baier.thumbs/FOXNEWS_20100617_220000_Special_Report_With_Bret_Baier_000895.jpg,"obama's healthcare law is at its highest point. the 'associated press' press found 45% of those participating support the law. 42% of those oppose it. now some feel the president will make the same kind of push for energy and climate change legislation in the"
https://archive.org/details/FOXNEWS_20100617_100000_FOX_and_Friends#start/4196/end/4231,6/17/2010 11:10:11,FOXNEWS,FOX and Friends,FOXNEWS_20100617_100000_FOX_and_Friends,https://archive.org/download/FOXNEWS_20100617_100000_FOX_and_Friends/FOXNEWS_20100617_100000_FOX_and_Friends.thumbs/FOXNEWS_20100617_100000_FOX_and_Friends_004192.jpg,"addressed but at that time and this plan? no and no. all the polls still say it. jams it through anyway. could he be set and poised to jam climate change in through now? i don't see how it happens. i think that was trying to"
https://archive.org/details/FOXNEWS_20100616_150000_Happening_Now#start/3821/end/3856,6/16/2010 16:03:56,FOXNEWS,Happening Now,FOXNEWS_20100616_150000_Happening_Now,https://archive.org/download/FOXNEWS_20100616_150000_Happening_Now/FOXNEWS_20100616_150000_Happening_Now.thumbs/FOXNEWS_20100616_150000_Happening_Now_003803.jpg,"performance, 15 percent approving of the company's actions. jon: meantime presidential critics say mr. obama has been using the oil disaster to push ahead with his climate change bill urging alternatives to fossil fuels but there is plenty of oil across the u.s., both"
https://archive.org/details/FOXNEWS_20100616_170000_America_Live#start/2154/end/2189,6/16/2010 17:36:09,FOXNEWS,America Live,FOXNEWS_20100616_170000_America_Live,https://archive.org/download/FOXNEWS_20100616_170000_America_Live/FOXNEWS_20100616_170000_America_Live.thumbs/FOXNEWS_20100616_170000_America_Live_002154.jpg,"disastrous. i think jonah is onto something. i think the smart play for the president and the democrats in congress would be to postpone dealing with a big solution to climate change and do something focused on clean tech economy and creating jobs that will sell"
https://archive.org/details/FOXNEWS_20100616_200000_Your_World_With_Neil_Cavuto#start/1297/end/1332,6/16/2010 20:21:52,FOXNEWS,Your World With Neil Cavuto,FOXNEWS_20100616_200000_Your_World_With_Neil_Cavuto,https://archive.org/download/FOXNEWS_20100616_200000_Your_World_With_Neil_Cavuto/FOXNEWS_20100616_200000_Your_World_With_Neil_Cavuto.thumbs/FOXNEWS_20100616_200000_Your_World_With_Neil_Cavuto_001225.jpg,"the president trying to get scott brown do deliver a climate change bill. the houston? we have a problem. one angry astronaut on our hands, gene is furious at the president and he's here. [ female announcer ] you really don't think a the cost of office supplies,"
https://archive.org/details/FOXNEWS_20100617_220000_Special_Report_With_Bret_Baier#start/932/end/967,6/17/2010 22:15:47,FOXNEWS,Special Report With Bret Baier,FOXNEWS_20100617_220000_Special_Report_With_Bret_Baier,https://archive.org/download/FOXNEWS_20100617_220000_Special_Report_With_Bret_Baier/FOXNEWS_20100617_220000_Special_Report_With_Bret_Baier.thumbs/FOXNEWS_20100617_220000_Special_Report_With_Bret_Baier_000925.jpg,"wake of the oil spill. white house correspondent wendell goler reports there is still plenty of work to be done in the trenches first. a year after the house passed an energy and climate change bill sthat democrats look for agreement on a bill"
https://archive.org/details/FOXNEWS_20100616_100000_FOX_and_Friends#start/4093/end/4128,6/16/2010 11:08:28,FOXNEWS,FOX and Friends,FOXNEWS_20100616_100000_FOX_and_Friends,https://archive.org/download/FOXNEWS_20100616_100000_FOX_and_Friends/FOXNEWS_20100616_100000_FOX_and_Friends.thumbs/FOXNEWS_20100616_100000_FOX_and_Friends_004072.jpg,"he brought up climate change but not actually being honest and saying this thing is forever stuck in congress. right. and the democrats didn't even give him 12 hours to basque in the glow of a primetime speech before they already said that's not going to happen."
https://archive.org/details/FOXNEWS_20100620_110000_FOX_and_Friends_Sunday#start/8518/end/8553,6/20/2010 13:22:13,FOXNEWS,FOX and Friends Sunday,FOXNEWS_20100620_110000_FOX_and_Friends_Sunday,https://archive.org/download/FOXNEWS_20100620_110000_FOX_and_Friends_Sunday/FOXNEWS_20100620_110000_FOX_and_Friends_Sunday.thumbs/FOXNEWS_20100620_110000_FOX_and_Friends_Sunday_008520.jpg,"the board for water keeper alliance and joined the national wildlife federation focusing on fossil fuels and how they contribute to the global crisis of climate change and clearly when the disaster happened i wanted to go there as soon as possible to see how it was"
https://archive.org/details/FOXNEWS_20100614_170000_America_Live#start/982/end/1017,6/14/2010 17:16:37,FOXNEWS,America Live,FOXNEWS_20100614_170000_America_Live,https://archive.org/download/FOXNEWS_20100614_170000_America_Live/FOXNEWS_20100614_170000_America_Live.thumbs/FOXNEWS_20100614_170000_America_Live_000955.jpg,"yes, the crisis might enable the republicans who were against this legislation to finally do something for the american people. shannon: we've got energy and climate change. obviously we know the democrats want a bill that include both. there are those on the other"
https://archive.org/details/FOXNEWS_20100613_160000_Americas_News_HQ#start/4967/end/5002,6/13/2010 17:23:02,FOXNEWS,Americas News HQ,FOXNEWS_20100613_160000_Americas_News_HQ,https://archive.org/download/FOXNEWS_20100613_160000_Americas_News_HQ/FOXNEWS_20100613_160000_Americas_News_HQ.thumbs/FOXNEWS_20100613_160000_Americas_News_HQ_004702.jpg,"help his support for climate change? some say this could be his triple crown. shannon: president obama has been criticized by some for his response to the bp oil spill, but some say the spill could actually propel his administration to a triple crown."
https://archive.org/details/FOXNEWS_20100617_100000_FOX_and_Friends#start/4134/end/4169,6/17/2010 11:09:09,FOXNEWS,FOX and Friends,FOXNEWS_20100617_100000_FOX_and_Friends,https://archive.org/download/FOXNEWS_20100617_100000_FOX_and_Friends/FOXNEWS_20100617_100000_FOX_and_Friends.thumbs/FOXNEWS_20100617_100000_FOX_and_Friends_004132.jpg,"-- dianne feinstein, democratic senator from california said plug the hole. don't bring up climate change. plug the hole first. do you think the obama administration was stunned at the reaction from the left after the speech? yes, i think they're absolutely stunned by it. one of the problems that"
https://archive.org/details/FOXNEWS_20100616_170000_America_Live#start/1849/end/1884,6/16/2010 17:31:04,FOXNEWS,America Live,FOXNEWS_20100616_170000_America_Live,https://archive.org/download/FOXNEWS_20100616_170000_America_Live/FOXNEWS_20100616_170000_America_Live.thumbs/FOXNEWS_20100616_170000_America_Live_001824.jpg,"eloquent message that we need p- climate change legislation to reduce our dependence on fossil fuel they need only look at what is happening in the gulf of mexico. shannon: we have a theme here, let's use the oil spill to make sure we get something done on"
https://archive.org/details/FOXNEWS_20100616_130000_Americas_Newsroom#start/3854/end/3889,6/16/2010 14:04:29,FOXNEWS,Americas Newsroom,FOXNEWS_20100616_130000_Americas_Newsroom,https://archive.org/download/FOXNEWS_20100616_130000_Americas_Newsroom/FOXNEWS_20100616_130000_Americas_Newsroom.thumbs/FOXNEWS_20100616_130000_Americas_Newsroom_003833.jpg,"the speech when he talked about this in terms of a policy. a new way of transforming america, in this case, the energy and climate change side than the first 2/3 of the speech when he talked about the crisis itself. and, somebody compared to it me,"
https://archive.org/details/FOXNEWS_20100629_100000_FOX_and_Friends#start/9112/end/9147,6/29/2010 12:32:07,FOXNEWS,FOX and Friends,FOXNEWS_20100629_100000_FOX_and_Friends,https://archive.org/download/FOXNEWS_20100629_100000_FOX_and_Friends/FOXNEWS_20100629_100000_FOX_and_Friends.thumbs/FOXNEWS_20100629_100000_FOX_and_Friends_009108.jpg,"show the president and now vice president are personally involved in the disaster in the gulf. meanwhile, at the white house today, the president will have a meeting with a number of lawmakers on climate change legislation. the white house has said it wants to get energy legislation"
https://archive.org/details/FOXNEWS_20100616_220000_Special_Report_With_Bret_Baier#start/347/end/382,6/16/2010 22:06:02,FOXNEWS,Special Report With Bret Baier,FOXNEWS_20100616_220000_Special_Report_With_Bret_Baier,https://archive.org/download/FOXNEWS_20100616_220000_Special_Report_With_Bret_Baier/FOXNEWS_20100616_220000_Special_Report_With_Bret_Baier.thumbs/FOXNEWS_20100616_220000_Special_Report_With_Bret_Baier_000326.jpg,"that's why mr. obama approach divided members of his own party and some remain skeptical. some say you have a great bill on the floor of the senate. i don't think there are 60 votes for the climate change bill. dorgan said he would not"
https://archive.org/details/FOXNEWS_20100616_150000_Happening_Now#start/5725/end/5760,6/16/2010 16:35:40,FOXNEWS,Happening Now,FOXNEWS_20100616_150000_Happening_Now,https://archive.org/download/FOXNEWS_20100616_150000_Happening_Now/FOXNEWS_20100616_150000_Happening_Now.thumbs/FOXNEWS_20100616_150000_Happening_Now_005721.jpg,"what do you say? no, i don't think the president is jumping the gun. heck, we did the climate change legislation approximately -- more than a year ago in the house of representatives, we're still waiting on the senate. i think this spill just exech plifies why we have to"
https://archive.org/details/FOXNEWS_20100616_100000_FOX_and_Friends#start/6532/end/6567,6/16/2010 11:49:07,FOXNEWS,FOX and Friends,FOXNEWS_20100616_100000_FOX_and_Friends,https://archive.org/download/FOXNEWS_20100616_100000_FOX_and_Friends/FOXNEWS_20100616_100000_FOX_and_Friends.thumbs/FOXNEWS_20100616_100000_FOX_and_Friends_006530.jpg,"for any kind of a climate change bill. take a look at this poll, do you trust the federal government or not? 60% said no. i'm not sure everyone will be on board for that. increasingly, democrats are coming back against it. i'm not sure if that's -- senator dianne feinstein, a"
https://archive.org/details/FOXNEWS_20100618_100000_FOX_and_Friends#start/4641/end/4676,6/18/2010 11:17:36,FOXNEWS,FOX and Friends,FOXNEWS_20100618_100000_FOX_and_Friends,https://archive.org/download/FOXNEWS_20100618_100000_FOX_and_Friends/FOXNEWS_20100618_100000_FOX_and_Friends.thumbs/FOXNEWS_20100618_100000_FOX_and_Friends_004642.jpg,"energy bill in the middle of the gulf oil disaster, is climate change poised to be the next health care reform bill as well? this morning on the panel, we're joined by ken blackwell, senior fellow at the american civil rights union and author of 'the blueprint' in the middle square,"
https://archive.org/details/FOXNEWS_20100618_080000_Special_Report_With_Bret_Baier#start/925/end/960,6/18/2010 8:15:40,FOXNEWS,Special Report With Bret Baier,FOXNEWS_20100618_080000_Special_Report_With_Bret_Baier,https://archive.org/download/FOXNEWS_20100618_080000_Special_Report_With_Bret_Baier/FOXNEWS_20100618_080000_Special_Report_With_Bret_Baier.thumbs/FOXNEWS_20100618_080000_Special_Report_With_Bret_Baier_000926.jpg,"now some feel the president will make the same kind of push for energy and climate change legislation in the wake of the oil spill. white house correspondent wendell goler reports there is still plenty of work to be done in the trenches first. a year after the house"
https://archive.org/details/FOXNEWS_20100618_080000_Special_Report_With_Bret_Baier#start/941/end/976,6/18/2010 8:15:56,FOXNEWS,Special Report With Bret Baier,FOXNEWS_20100618_080000_Special_Report_With_Bret_Baier,https://archive.org/download/FOXNEWS_20100618_080000_Special_Report_With_Bret_Baier/FOXNEWS_20100618_080000_Special_Report_With_Bret_Baier.thumbs/FOXNEWS_20100618_080000_Special_Report_With_Bret_Baier_000926.jpg,"passed an energy and climate change bill sthat democrats look for agreement on a bill of their own. they haven't found it. we are not going today to tell you what we will have in the legislation, because that's a work in progress. in his address to the nation, president obama"
https://archive.org/details/FOXNEWS_20100629_100000_FOX_and_Friends#start/1091/end/1126,6/29/2010 10:18:26,FOXNEWS,FOX and Friends,FOXNEWS_20100629_100000_FOX_and_Friends,https://archive.org/download/FOXNEWS_20100629_100000_FOX_and_Friends/FOXNEWS_20100629_100000_FOX_and_Friends.thumbs/FOXNEWS_20100629_100000_FOX_and_Friends_001076.jpg,"change bill. they learned those buzz words don't sell very well. they should call it the congress change bill if they call it the climate change bill. good one. here's a thing, the house already passed this, remember? a year ago, they passed their version of the climate bill. but the political climate,"
https://archive.org/details/FOXNEWS_20100616_030000_The_OReilly_Factor#start/1315/end/1350,6/16/2010 3:22:10,FOXNEWS,The OReilly Factor,FOXNEWS_20100616_030000_The_OReilly_Factor,https://archive.org/download/FOXNEWS_20100616_030000_The_OReilly_Factor/FOXNEWS_20100616_030000_The_OReilly_Factor.thumbs/FOXNEWS_20100616_030000_The_OReilly_Factor_001315.jpg,"mavas. former governor of mississippi. that's new, that's different. bret: not a lot of specifics here. there is a lot that folks at home don't really know about climate change bills up on capitol hill. exactly. when i was listening to the speech, this was so reminiscent of how he teed up the health"
https://archive.org/details/FOXNEWS_20100616_000000_The_OReilly_Factor#start/1316/end/1351,6/16/2010 0:22:11,FOXNEWS,The OReilly Factor,FOXNEWS_20100616_000000_The_OReilly_Factor,https://archive.org/download/FOXNEWS_20100616_000000_The_OReilly_Factor/FOXNEWS_20100616_000000_The_OReilly_Factor.thumbs/FOXNEWS_20100616_000000_The_OReilly_Factor_001315.jpg,"mavas. former governor of mississippi. that's new, that's different. bret: not a lot of specifics here. there is a lot that folks at home don't really know about climate change bills up on capitol hill. exactly. when i was listening to the speech, this was so reminiscent of how he teed up the health"
https://archive.org/details/FOXNEWS_20100617_130000_Americas_Newsroom#start/4665/end/4700,6/17/2010 14:18:00,FOXNEWS,Americas Newsroom,FOXNEWS_20100617_130000_Americas_Newsroom,https://archive.org/download/FOXNEWS_20100617_130000_Americas_Newsroom/FOXNEWS_20100617_130000_Americas_Newsroom.thumbs/FOXNEWS_20100617_130000_Americas_Newsroom_004642.jpg,"the white house of engaging in a $20 billion shake down. that is a reference to the agreement made at the white house yesterday. between the government and bp. now, we look at the whole idea of cap-and-trade and climate change, you heard henry waxman refer to it and the president"
https://archive.org/details/FOXNEWS_20100617_080000_Special_Report_With_Bret_Baier#start/346/end/381,6/17/2010 8:06:01,FOXNEWS,Special Report With Bret Baier,FOXNEWS_20100617_080000_Special_Report_With_Bret_Baier,https://archive.org/download/FOXNEWS_20100617_080000_Special_Report_With_Bret_Baier/FOXNEWS_20100617_080000_Special_Report_With_Bret_Baier.thumbs/FOXNEWS_20100617_080000_Special_Report_With_Bret_Baier_000326.jpg,"the costs right now. that's why mr. obama approach divided members of his own party and some remain skeptical. some say you have a great bill on the floor of the senate. i don't think there are 60 votes for the climate change bill. dorgan said he would not"
https://archive.org/details/FOXNEWS_20100617_100000_FOX_and_Friends#start/9513/end/9548,6/17/2010 12:38:48,FOXNEWS,FOX and Friends,FOXNEWS_20100617_100000_FOX_and_Friends,https://archive.org/download/FOXNEWS_20100617_100000_FOX_and_Friends/FOXNEWS_20100617_100000_FOX_and_Friends.thumbs/FOXNEWS_20100617_100000_FOX_and_Friends_009497.jpg,"the political slant, with the president giving his speech and having one third of the end of it talk about his need for climate change bill, where did you fall on that? did you think it struck the right tone? i think it did not strike the right tone. people want to cap the well, not"
https://archive.org/details/FOXNEWS_20100627_220000_FOX_News_Sunday_With_Chris_Wallace#start/614/end/649,6/27/2010 22:10:29,FOXNEWS,FOX News Sunday With Chris Wallace,FOXNEWS_20100627_220000_FOX_News_Sunday_With_Chris_Wallace,https://archive.org/download/FOXNEWS_20100627_220000_FOX_News_Sunday_With_Chris_Wallace/FOXNEWS_20100627_220000_FOX_News_Sunday_With_Chris_Wallace.thumbs/FOXNEWS_20100627_220000_FOX_News_Sunday_With_Chris_Wallace_000596.jpg,"our plans for ashchieving the gl and we urge our partners to do that as well, one of the most important steps we can take to increase our energy security and create jobs and address the threat of climate change. i am pleased we endorsed my proposal to broaden the g20 agenda to include the fight"
https://archive.org/details/FOXNEWS_20100617_150000_Happening_Now#start/3919/end/3954,6/17/2010 16:05:34,FOXNEWS,Happening Now,FOXNEWS_20100617_150000_Happening_Now,https://archive.org/download/FOXNEWS_20100617_150000_Happening_Now/FOXNEWS_20100617_150000_Happening_Now.thumbs/FOXNEWS_20100617_150000_Happening_Now_003893.jpg,"the broad pitch by the administration that clean energy is the way to go and that an overall comprehensive climate change bill is a necessity right now. jon: one thing that caught my ear in his opening statement was he was talking about the fact that they are able now to capture i believe he said around"
