﻿URL,MatchDateTime,Station,Show,IAShowID,IAPreviewThumb,Snippet
https://archive.org/details/FOXNEWSW_20170212_040000_Watters_World#start/2148/end/2183,2/12/2017 4:36:03,FOXNEWS,Watters World,FOXNEWSW_20170212_040000_Watters_World,https://archive.org/download/FOXNEWSW_20170212_040000_Watters_World/FOXNEWSW_20170212_040000_Watters_World.thumbs/FOXNEWSW_20170212_040000_Watters_World_002127.jpg,"global warming? it's for the birds. jesse: you know what i call all this? a winter wonderland? global warming. jesse: a lot of global warming"
https://archive.org/details/FOXNEWSW_20170212_070000_Watters_World#start/2148/end/2183,2/12/2017 7:36:03,FOXNEWS,Watters World,FOXNEWSW_20170212_070000_Watters_World,https://archive.org/download/FOXNEWSW_20170212_070000_Watters_World/FOXNEWSW_20170212_070000_Watters_World.thumbs/FOXNEWSW_20170212_070000_Watters_World_002127.jpg,"global warming? it's for the birds. jesse: you know what i call all this? a winter wonderland? global warming. jesse: a lot of global warming"
https://archive.org/details/FOXNEWSW_20170212_010000_Watters_World#start/2147/end/2182,2/12/2017 1:36:02,FOXNEWS,Watters World,FOXNEWSW_20170212_010000_Watters_World,https://archive.org/download/FOXNEWSW_20170212_010000_Watters_World/FOXNEWSW_20170212_010000_Watters_World.thumbs/FOXNEWSW_20170212_010000_Watters_World_002128.jpg,"global warming? it's for the birds. jesse: you know what i call all this? a winter wonderland? global warming. jesse: a lot of global warming"
https://archive.org/details/FOXNEWSW_20170212_070000_Watters_World#start/1532/end/1567,2/12/2017 7:25:47,FOXNEWS,Watters World,FOXNEWSW_20170212_070000_Watters_World,https://archive.org/download/FOXNEWSW_20170212_070000_Watters_World/FOXNEWSW_20170212_070000_Watters_World.thumbs/FOXNEWSW_20170212_070000_Watters_World_001527.jpg,"n-word? i'll show you have the fake news storists out there and let you decide. i hit the streets to see if people believe the global warming hype. you know what i call this? global warming."
https://archive.org/details/FOXNEWSW_20170214_040000_The_OReilly_Factor#start/3151/end/3186,2/14/2017 4:52:46,FOXNEWS,The OReilly Factor,FOXNEWSW_20170214_040000_The_OReilly_Factor,https://archive.org/download/FOXNEWSW_20170214_040000_The_OReilly_Factor/FOXNEWSW_20170214_040000_The_OReilly_Factor.thumbs/FOXNEWSW_20170214_040000_The_OReilly_Factor_003148.jpg,"[laughter] we do things differently on the weekends. bill: i would say. you went to a web site, and you got the ugliest hat you could find? i thought we were going to talk about global warming. bill: this is far more important. u far more important than global warming."
https://archive.org/details/FOXNEWSW_20170228_010000_The_OReilly_Factor#start/3632/end/3667,2/28/2017 2:00:47,FOXNEWS,The OReilly Factor,FOXNEWSW_20170228_010000_The_OReilly_Factor,https://archive.org/download/FOXNEWSW_20170228_010000_The_OReilly_Factor/FOXNEWSW_20170228_010000_The_OReilly_Factor.thumbs/FOXNEWSW_20170228_010000_The_OReilly_Factor_003627.jpg,"to pull the president by inviting illegal immigrants to attend that speech. we will talk to one of them in a minute. bill o'reilly the science guy is saying that global warming"
https://archive.org/details/FOXNEWSW_20170207_230000_Special_Report_With_Bret_Baier#start/1732/end/1767,2/7/2017 23:29:07,FOXNEWS,Special Report With Bret Baier,FOXNEWSW_20170207_230000_Special_Report_With_Bret_Baier,https://archive.org/download/FOXNEWSW_20170207_230000_Special_Report_With_Bret_Baier/FOXNEWSW_20170207_230000_Special_Report_With_Bret_Baier.thumbs/FOXNEWSW_20170207_230000_Special_Report_With_Bret_Baier_001707.jpg,"like this he was warmer. bates skewered the author that he 'had his thumb on the scale and the documentation, scientific choice, and release of data sets all to discredit the notion of a global warming hiatus.'"
https://archive.org/details/FOXNEWSW_20170212_010000_Watters_World#start/1541/end/1576,2/12/2017 1:25:56,FOXNEWS,Watters World,FOXNEWSW_20170212_010000_Watters_World,https://archive.org/download/FOXNEWSW_20170212_010000_Watters_World/FOXNEWSW_20170212_010000_Watters_World.thumbs/FOXNEWSW_20170212_010000_Watters_World_001528.jpg,"you know what i call this? global warming. climate change. you know what i call climate change? the seasons. coaching means making tough choices."
https://archive.org/details/FOXNEWSW_20170212_040000_Watters_World#start/1538/end/1573,2/12/2017 4:25:53,FOXNEWS,Watters World,FOXNEWSW_20170212_040000_Watters_World,https://archive.org/download/FOXNEWSW_20170212_040000_Watters_World/FOXNEWSW_20170212_040000_Watters_World.thumbs/FOXNEWSW_20170212_040000_Watters_World_001527.jpg,"i hit the streets to see if people believe the global warming hype. you know what i call this? global warming. climate change. you know what i call climate double a's here,"
https://archive.org/details/FOXNEWSW_20170228_040000_The_OReilly_Factor#start/2991/end/3026,2/28/2017 4:50:06,FOXNEWS,The OReilly Factor,FOXNEWSW_20170228_040000_The_OReilly_Factor,https://archive.org/download/FOXNEWSW_20170228_040000_The_OReilly_Factor/FOXNEWSW_20170228_040000_The_OReilly_Factor.thumbs/FOXNEWSW_20170228_040000_The_OReilly_Factor_002968.jpg,"i am excited to be a part of it. let's do it! i say [bleep] them. wow, tell them how you feel. in your opinion, what is the biggest problem facing the nation today?l snowflakes. you mean global warming? [laughter]"
https://archive.org/details/FOXNEWSW_20170212_010000_Watters_World#start/1527/end/1562,2/12/2017 1:25:42,FOXNEWS,Watters World,FOXNEWSW_20170212_010000_Watters_World,https://archive.org/download/FOXNEWSW_20170212_010000_Watters_World/FOXNEWSW_20170212_010000_Watters_World.thumbs/FOXNEWSW_20170212_010000_Watters_World_001528.jpg,"jesse: comparing fake news is the same thing as saying the n-word? i'll show you have the fake news storists out there and let you decide. i hit the streets to see if people believe the global warming hype."
https://archive.org/details/FOXNEWSW_20170208_090000_Special_Report_With_Bret_Baier#start/1729/end/1764,2/8/2017 9:29:04,FOXNEWS,Special Report With Bret Baier,FOXNEWSW_20170208_090000_Special_Report_With_Bret_Baier,https://archive.org/download/FOXNEWSW_20170208_090000_Special_Report_With_Bret_Baier/FOXNEWSW_20170208_090000_Special_Report_With_Bret_Baier.thumbs/FOXNEWSW_20170208_090000_Special_Report_With_Bret_Baier_001707.jpg,"they did so as to make it look like this he was warmer. bates skewered the author that he 'had his thumb on the scale and the documentation, scientific choice, and release of data sets all to discredit the notion of a global warming"
https://archive.org/details/FOXNEWSW_20170228_050000_Tucker_Carlson_Tonight#start/947/end/982,2/28/2017 5:16:02,FOXNEWS,Tucker Carlson Tonight,FOXNEWSW_20170228_050000_Tucker_Carlson_Tonight,https://archive.org/download/FOXNEWSW_20170228_050000_Tucker_Carlson_Tonight/FOXNEWSW_20170228_050000_Tucker_Carlson_Tonight.thumbs/FOXNEWSW_20170228_050000_Tucker_Carlson_Tonight_000927.jpg,"to the degree that it is a very serious problem. in the next few decades. tucker: if you will list to what degree is climate change"
https://archive.org/details/FOXNEWSW_20170207_220000_The_Five#start/2580/end/2615,2/7/2017 22:43:15,FOXNEWS,The Five,FOXNEWSW_20170207_220000_The_Five,https://archive.org/download/FOXNEWSW_20170207_220000_The_Five/FOXNEWSW_20170207_220000_The_Five.thumbs/FOXNEWSW_20170207_220000_The_Five_002577.jpg,"terror incidents. greg: cnn devoted years on police brutality. enough hatred toward the cops of the cops couldn't do their job. meanwhile they are doing specials on climate change based"
https://archive.org/details/FOXNEWSW_20170225_220000_Americas_News_HQ#start/646/end/681,2/25/2017 22:11:01,FOXNEWS,Americas News HQ,FOXNEWSW_20170225_220000_Americas_News_HQ,https://archive.org/download/FOXNEWSW_20170225_220000_Americas_News_HQ/FOXNEWSW_20170225_220000_Americas_News_HQ.thumbs/FOXNEWSW_20170225_220000_Americas_News_HQ_000627.jpg,"mary palmer hosted a town hall at the city hall and in hoover. he spoke to the crowd overflowing to the outside there. popular topics that the townhomes have obama care, immigration and climate change."
https://archive.org/details/FOXNEWSW_20170212_010000_Watters_World#start/2131/end/2166,2/12/2017 1:35:46,FOXNEWS,Watters World,FOXNEWSW_20170212_010000_Watters_World,https://archive.org/download/FOXNEWSW_20170212_010000_Watters_World/FOXNEWSW_20170212_010000_Watters_World.thumbs/FOXNEWSW_20170212_010000_Watters_World_002128.jpg,"scientists gave daughter to fit the narrative that climate change is real. so we went out in search of global warming. what do you think about this"
https://archive.org/details/FOXNEWSW_20170212_040000_Watters_World#start/2132/end/2167,2/12/2017 4:35:47,FOXNEWS,Watters World,FOXNEWSW_20170212_040000_Watters_World,https://archive.org/download/FOXNEWSW_20170212_040000_Watters_World/FOXNEWSW_20170212_040000_Watters_World.thumbs/FOXNEWSW_20170212_040000_Watters_World_002127.jpg,"scientists gave daughter to fit the narrative that climate change is real. so we went out in search of global warming. what do you think about this"
https://archive.org/details/FOXNEWSW_20170212_070000_Watters_World#start/2131/end/2166,2/12/2017 7:35:46,FOXNEWS,Watters World,FOXNEWSW_20170212_070000_Watters_World,https://archive.org/download/FOXNEWSW_20170212_070000_Watters_World/FOXNEWSW_20170212_070000_Watters_World.thumbs/FOXNEWSW_20170212_070000_Watters_World_002127.jpg,"scientists gave daughter to fit the narrative that climate change is real. so we went out in search of global warming. what do you think about this"
https://archive.org/details/FOXNEWSW_20170220_100000_Fox_and_Friends_First#start/341/end/376,2/20/2017 10:05:56,FOXNEWS,Fox and Friends First,FOXNEWSW_20170220_100000_Fox_and_Friends_First,https://archive.org/download/FOXNEWSW_20170220_100000_Fox_and_Friends_First/FOXNEWSW_20170220_100000_Fox_and_Friends_First.thumbs/FOXNEWSW_20170220_100000_Fox_and_Friends_First_000327.jpg,"coast, more than one thousand people gathered in new york city for i am a muslim to march. led by russell similar monos. meanwhile in boston, protestors rallying against the president's stance on climate change research there."
https://archive.org/details/FOXNEWSW_20170225_220000_Americas_News_HQ#start/158/end/193,2/25/2017 22:02:53,FOXNEWS,Americas News HQ,FOXNEWSW_20170225_220000_Americas_News_HQ,https://archive.org/download/FOXNEWSW_20170225_220000_Americas_News_HQ/FOXNEWSW_20170225_220000_Americas_News_HQ.thumbs/FOXNEWSW_20170225_220000_Americas_News_HQ_000147.jpg,"of the epa, scott pruitt. he took the stage for 10 minutes before he took a question-and-answer session. he is really focused on federalism and rolling back unnecessary regulations. the ministration was so focused on climate change and"
https://archive.org/details/FOXNEWSW_20170213_010000_Watters_World#start/1539/end/1574,2/13/2017 1:25:54,FOXNEWS,Watters World,FOXNEWSW_20170213_010000_Watters_World,https://archive.org/download/FOXNEWSW_20170213_010000_Watters_World/FOXNEWSW_20170213_010000_Watters_World.thumbs/FOXNEWSW_20170213_010000_Watters_World_001528.jpg,"warming hype. you know what i call this? global warming. climate change. you know what i call climate anything meant to stand needs a stable foundation. a body without proper foot support can mean pain."
https://archive.org/details/FOXNEWSW_20170213_040000_Watters_World#start/1542/end/1577,2/13/2017 4:25:57,FOXNEWS,Watters World,FOXNEWSW_20170213_040000_Watters_World,https://archive.org/download/FOXNEWSW_20170213_040000_Watters_World/FOXNEWSW_20170213_040000_Watters_World.thumbs/FOXNEWSW_20170213_040000_Watters_World_001527.jpg,"warming hype. you know what i call this? global warming. climate change. you know what i call climate because i'm a woman. do you think i'm gonna crack under pressure or conquer the field?"
https://archive.org/details/FOXNEWSW_20170211_170000_Americas_News_HQ#start/2062/end/2097,2/11/2017 17:34:37,FOXNEWS,Americas News HQ,FOXNEWSW_20170211_170000_Americas_News_HQ,https://archive.org/download/FOXNEWSW_20170211_170000_Americas_News_HQ/FOXNEWSW_20170211_170000_Americas_News_HQ.thumbs/FOXNEWSW_20170211_170000_Americas_News_HQ_002037.jpg,"leyland: right after the election when you would talk to democrats, they would tell you through their grief and sometimes tears that, gee, if only we had moved farther to the left. i remember a commentator saying henderson needed to talk more about climate change and she"
https://archive.org/details/FOXNEWSW_20170214_010000_The_OReilly_Factor#start/3049/end/3084,2/14/2017 1:51:04,FOXNEWS,The OReilly Factor,FOXNEWSW_20170214_010000_The_OReilly_Factor,https://archive.org/download/FOXNEWSW_20170214_010000_The_OReilly_Factor/FOXNEWSW_20170214_010000_The_OReilly_Factor.thumbs/FOXNEWSW_20170214_010000_The_OReilly_Factor_003027.jpg,"do to fight climate change? we all have to use our vote and get rid of this guy, donald trump. oh! do you do anything to fight against global warming? i don't use a lot of water in my home. i always turn off the sinks and showers when they are running"
https://archive.org/details/FOXNEWSW_20170222_190000_Americas_News_HQ#start/3320/end/3355,2/22/2017 19:55:35,FOXNEWS,Americas News HQ,FOXNEWSW_20170222_190000_Americas_News_HQ,https://archive.org/download/FOXNEWSW_20170222_190000_Americas_News_HQ/FOXNEWSW_20170222_190000_Americas_News_HQ.thumbs/FOXNEWSW_20170222_190000_Americas_News_HQ_003298.jpg,"with the right mixture of greenhouse gases and could support life and down jackets. the planet gets 200 times less light than earth, it gets almost"
https://archive.org/details/FOXNEWSW_20170213_010000_Watters_World#start/2152/end/2187,2/13/2017 1:36:07,FOXNEWS,Watters World,FOXNEWSW_20170213_010000_Watters_World,https://archive.org/download/FOXNEWSW_20170213_010000_Watters_World/FOXNEWSW_20170213_010000_Watters_World.thumbs/FOXNEWSW_20170213_010000_Watters_World_002128.jpg,"this? a winter wonderland? global warming. jesse: a lot of global warming out here. it is winter though, so this is what happens in winter."
https://archive.org/details/FOXNEWSW_20170213_040000_Watters_World#start/2153/end/2188,2/13/2017 4:36:08,FOXNEWS,Watters World,FOXNEWSW_20170213_040000_Watters_World,https://archive.org/download/FOXNEWSW_20170213_040000_Watters_World/FOXNEWSW_20170213_040000_Watters_World.thumbs/FOXNEWSW_20170213_040000_Watters_World_002127.jpg,"this? a winter wonderland? global warming. jesse: a lot of global warming out here. it is winter though, so this is what happens in winter."
https://archive.org/details/FOXNEWSW_20170212_060000_The_Greg_Gutfeld_Show#start/3639/end/3674,2/12/2017 7:00:54,FOXNEWS,The Greg Gutfeld Show,FOXNEWSW_20170212_060000_The_Greg_Gutfeld_Show,https://archive.org/download/FOXNEWSW_20170212_060000_The_Greg_Gutfeld_Show/FOXNEWSW_20170212_060000_The_Greg_Gutfeld_Show.thumbs/FOXNEWSW_20170212_060000_The_Greg_Gutfeld_Show_003628.jpg,"storm in search of global warming. and i go to the front lines of"
https://archive.org/details/FOXNEWSW_20170213_010000_Watters_World#start/2135/end/2170,2/13/2017 1:35:50,FOXNEWS,Watters World,FOXNEWSW_20170213_010000_Watters_World,https://archive.org/download/FOXNEWSW_20170213_010000_Watters_World/FOXNEWSW_20170213_010000_Watters_World.thumbs/FOXNEWSW_20170213_010000_Watters_World_002128.jpg,"change is real. so we went out in search of global warming. what do you think about this global warming? it's for the birds. jesse: you know what i call all"
https://archive.org/details/FOXNEWSW_20170213_040000_Watters_World#start/2136/end/2171,2/13/2017 4:35:51,FOXNEWS,Watters World,FOXNEWSW_20170213_040000_Watters_World,https://archive.org/download/FOXNEWSW_20170213_040000_Watters_World/FOXNEWSW_20170213_040000_Watters_World.thumbs/FOXNEWSW_20170213_040000_Watters_World_002127.jpg,"change is real. so we went out in search of global warming. what do you think about this global warming? it's for the birds. jesse: you know what i call all"
https://archive.org/details/FOXNEWSW_20170213_010000_Watters_World#start/2119/end/2154,2/13/2017 1:35:34,FOXNEWS,Watters World,FOXNEWSW_20170213_010000_Watters_World,https://archive.org/download/FOXNEWSW_20170213_010000_Watters_World/FOXNEWSW_20170213_010000_Watters_World.thumbs/FOXNEWSW_20170213_010000_Watters_World_002098.jpg,"noaa. scientists gave daughter to fit the narrative that climate"
https://archive.org/details/FOXNEWSW_20170213_040000_Watters_World#start/2120/end/2155,2/13/2017 4:35:35,FOXNEWS,Watters World,FOXNEWSW_20170213_040000_Watters_World,https://archive.org/download/FOXNEWSW_20170213_040000_Watters_World/FOXNEWSW_20170213_040000_Watters_World.thumbs/FOXNEWSW_20170213_040000_Watters_World_002097.jpg,"noaa. scientists gave daughter to fit the narrative that climate"
https://archive.org/details/FOXNEWSW_20170214_040000_The_OReilly_Factor#start/51/end/86,2/14/2017 4:01:06,FOXNEWS,The OReilly Factor,FOXNEWSW_20170214_040000_The_OReilly_Factor,https://archive.org/download/FOXNEWSW_20170214_040000_The_OReilly_Factor/FOXNEWSW_20170214_040000_The_OReilly_Factor.thumbs/FOXNEWSW_20170214_040000_The_OReilly_Factor_000058.jpg,"global warming, what do you predict will happen? i'm not sure anything will thhappen. i think we will enjoy the snow.a [laughter] bill: ahead, watters onon some harsh winter weather and global warming. what do you think about my hat? it looks warm."
https://archive.org/details/FOXNEWSW_20170214_040000_The_OReilly_Factor#start/2915/end/2950,2/14/2017 4:48:50,FOXNEWS,The OReilly Factor,FOXNEWSW_20170214_040000_The_OReilly_Factor,https://archive.org/download/FOXNEWSW_20170214_040000_The_OReilly_Factor/FOXNEWSW_20170214_040000_The_OReilly_Factor.thumbs/FOXNEWSW_20170214_040000_The_OReilly_Factor_002908.jpg,"good, perfect. i say, no. you know what this is, global warming. [laughter] how big of an issue for you is global warming? very big.ow it's a national security issue because we are going to have what are called climate"
https://archive.org/details/FOXNEWSW_20170214_030000_Hannity#start/3642/end/3677,2/14/2017 4:00:57,FOXNEWS,Hannity,FOXNEWSW_20170214_030000_Hannity,https://archive.org/download/FOXNEWSW_20170214_030000_Hannity/FOXNEWSW_20170214_030000_Hannity.thumbs/FOXNEWSW_20170214_030000_Hannity_003628.jpg,"global warming, what do you predict will happen? i'm not sure anything will thhappen. i think we will enjoy the snow.a [laughter]"
https://archive.org/details/FOXNEWSW_20170214_010000_The_OReilly_Factor#start/3162/end/3197,2/14/2017 1:52:57,FOXNEWS,The OReilly Factor,FOXNEWSW_20170214_010000_The_OReilly_Factor,https://archive.org/download/FOXNEWSW_20170214_010000_The_OReilly_Factor/FOXNEWSW_20170214_010000_The_OReilly_Factor.thumbs/FOXNEWSW_20170214_010000_The_OReilly_Factor_003147.jpg,"got the ugliest child you could find? i thought we were going to talk about global warming. bill: this is far more important. far more important than global warming. that is man-made right there. god had nothing to do with that. the girl from russia goes,"
https://archive.org/details/FOXNEWSW_20170213_010000_Watters_World#start/1525/end/1560,2/13/2017 1:25:40,FOXNEWS,Watters World,FOXNEWSW_20170213_010000_Watters_World,https://archive.org/download/FOXNEWSW_20170213_010000_Watters_World/FOXNEWSW_20170213_010000_Watters_World.thumbs/FOXNEWSW_20170213_010000_Watters_World_001498.jpg,"jesse: comparing fake news is the same thing as saying the n-word? i'll show you have the fake news storists out there and let you decide. i hit the streets to see if people believe the global"
https://archive.org/details/FOXNEWSW_20170213_040000_Watters_World#start/1526/end/1561,2/13/2017 4:25:41,FOXNEWS,Watters World,FOXNEWSW_20170213_040000_Watters_World,https://archive.org/download/FOXNEWSW_20170213_040000_Watters_World/FOXNEWSW_20170213_040000_Watters_World.thumbs/FOXNEWSW_20170213_040000_Watters_World_001527.jpg,"jesse: comparing fake news is the same thing as saying the n-word? i'll show you have the fake news storists out there and let you decide. i hit the streets to see if people believe the global"
https://archive.org/details/FOXNEWSW_20170214_010000_The_OReilly_Factor#start/2923/end/2958,2/14/2017 1:48:58,FOXNEWS,The OReilly Factor,FOXNEWSW_20170214_010000_The_OReilly_Factor,https://archive.org/download/FOXNEWSW_20170214_010000_The_OReilly_Factor/FOXNEWSW_20170214_010000_The_OReilly_Factor.thumbs/FOXNEWSW_20170214_010000_The_OReilly_Factor_002907.jpg,"but do you know what this is, global warming. [laughter] how big of an issue for you is global warming? very big. it's a national security issue because we are going to have what are called climate refugees, when the sea levels rise, so much of the world's"
https://archive.org/details/FOXNEWSW_20170214_040000_The_OReilly_Factor#start/3054/end/3089,2/14/2017 4:51:09,FOXNEWS,The OReilly Factor,FOXNEWSW_20170214_040000_The_OReilly_Factor,https://archive.org/download/FOXNEWSW_20170214_040000_The_OReilly_Factor/FOXNEWSW_20170214_040000_The_OReilly_Factor.thumbs/FOXNEWSW_20170214_040000_The_OReilly_Factor_003028.jpg,"against global warming? i don't use a lot of water in my home. i always turn off the sinks and showers when they are running where they are not supposed tose be.om i do recycle. carpool. if this global warming, i would hate to see global cooling. jesse, honestly, educate your"
https://archive.org/details/FOXNEWSW_20170214_010000_The_OReilly_Factor#start/2939/end/2974,2/14/2017 1:49:14,FOXNEWS,The OReilly Factor,FOXNEWSW_20170214_010000_The_OReilly_Factor,https://archive.org/download/FOXNEWSW_20170214_010000_The_OReilly_Factor/FOXNEWSW_20170214_010000_The_OReilly_Factor.thumbs/FOXNEWSW_20170214_010000_The_OReilly_Factor_002937.jpg,"population is living at sea level, they are going to have nowhere to go. it's because that is a very interesting line of reasoning. we better extremely about those people. it's true. with donald as president. how big of an issue is global"
https://archive.org/details/FOXNEWSW_20170214_000000_The_First_100_Days#start/3642/end/3677,2/14/2017 1:00:57,FOXNEWS,The First 100 Days,FOXNEWSW_20170214_000000_The_First_100_Days,https://archive.org/download/FOXNEWSW_20170214_000000_The_First_100_Days/FOXNEWSW_20170214_000000_The_First_100_Days.thumbs/FOXNEWSW_20170214_000000_The_First_100_Days_003628.jpg,"criticizing the trump administration. brit hume has some thoughts on that. if we don't do anything about global warming, what you predict will happen? i'm not sure"
https://archive.org/details/FOXNEWSW_20170213_000000_Fox_Report_Sunday#start/3642/end/3677,2/13/2017 1:00:57,FOXNEWS,Fox Report Sunday,FOXNEWSW_20170213_000000_Fox_Report_Sunday,https://archive.org/download/FOXNEWSW_20170213_000000_Fox_Report_Sunday/FOXNEWSW_20170213_000000_Fox_Report_Sunday.thumbs/FOXNEWSW_20170213_000000_Fox_Report_Sunday_003627.jpg,"we will have a breakdown of that and stories you might not have heard before. waters world is in search of global warming. i go to the front line of an"
https://archive.org/details/FOXNEWSW_20170212_000000_Fox_Report_Saturday#start/3639/end/3674,2/12/2017 1:00:54,FOXNEWS,Fox Report Saturday,FOXNEWSW_20170212_000000_Fox_Report_Saturday,https://archive.org/download/FOXNEWSW_20170212_000000_Fox_Report_Saturday/FOXNEWSW_20170212_000000_Fox_Report_Saturday.thumbs/FOXNEWSW_20170212_000000_Fox_Report_Saturday_003628.jpg,"disparagement. jesse: the media is calling fake news the equivalent of the n-word. 'watters world' hits the snow storm in search of global warming. and i go to the front lines of"
https://archive.org/details/FOXNEWSW_20170212_030000_The_Greg_Gutfeld_Show#start/3639/end/3674,2/12/2017 4:00:54,FOXNEWS,The Greg Gutfeld Show,FOXNEWSW_20170212_030000_The_Greg_Gutfeld_Show,https://archive.org/download/FOXNEWSW_20170212_030000_The_Greg_Gutfeld_Show/FOXNEWSW_20170212_030000_The_Greg_Gutfeld_Show.thumbs/FOXNEWSW_20170212_030000_The_Greg_Gutfeld_Show_003627.jpg,"disparagement. jesse: the media is calling fake news the equivalent of the n-word. 'watters world' hits the snow storm in search of global warming. and i go to the front lines of"
https://archive.org/details/FOXNEWSW_20170214_050000_Tucker_Carlson_Tonight#start/3230/end/3265,2/14/2017 5:54:05,FOXNEWS,Tucker Carlson Tonight,FOXNEWSW_20170214_050000_Tucker_Carlson_Tonight,https://archive.org/download/FOXNEWSW_20170214_050000_Tucker_Carlson_Tonight/FOXNEWSW_20170214_050000_Tucker_Carlson_Tonight.thumbs/FOXNEWSW_20170214_050000_Tucker_Carlson_Tonight_003208.jpg,"want to talk about climate change, he went with al gore to talk with the president about climate change. but to be somebody famous and just assume that your view"
https://archive.org/details/FOXNEWSW_20170214_020000_Tucker_Carlson_Tonight#start/3234/end/3269,2/14/2017 2:54:09,FOXNEWS,Tucker Carlson Tonight,FOXNEWSW_20170214_020000_Tucker_Carlson_Tonight,https://archive.org/download/FOXNEWSW_20170214_020000_Tucker_Carlson_Tonight/FOXNEWSW_20170214_020000_Tucker_Carlson_Tonight.thumbs/FOXNEWSW_20170214_020000_Tucker_Carlson_Tonight_003207.jpg,"like leonardo dicaprio, if you want to talk about climate change, he went with al gore to talk about the president with climate change. but to be somebody famous and just assume that your views"
https://archive.org/details/FOXNEWSW_20170228_050000_Tucker_Carlson_Tonight#start/838/end/873,2/28/2017 5:14:13,FOXNEWS,Tucker Carlson Tonight,FOXNEWSW_20170228_050000_Tucker_Carlson_Tonight,https://archive.org/download/FOXNEWSW_20170228_050000_Tucker_Carlson_Tonight/FOXNEWSW_20170228_050000_Tucker_Carlson_Tonight.thumbs/FOXNEWSW_20170228_050000_Tucker_Carlson_Tonight_000837.jpg,"different. cognitive dissonance is not a delusion, we in the science community are looking for an explanation why climate change deniers, or extreme skeptics, do not accept the overwhelming scientific evidence for climate change. the most reasonable explanationt"
https://archive.org/details/FOXNEWSW_20170212_010000_Watters_World#start/48/end/83,2/12/2017 1:01:03,FOXNEWS,Watters World,FOXNEWSW_20170212_010000_Watters_World,https://archive.org/download/FOXNEWSW_20170212_010000_Watters_World/FOXNEWSW_20170212_010000_Watters_World.thumbs/FOXNEWSW_20170212_010000_Watters_World_000058.jpg,"storm in search of global warming. and i go to the front lines of an anti-trump protest. iran is not a terrorist country?"
https://archive.org/details/FOXNEWSW_20170225_080000_Red_Eye_With_Tom_Shillue#start/2290/end/2325,2/25/2017 8:38:25,FOXNEWS,Red Eye With Tom Shillue,FOXNEWSW_20170225_080000_Red_Eye_With_Tom_Shillue,https://archive.org/download/FOXNEWSW_20170225_080000_Red_Eye_With_Tom_Shillue/FOXNEWSW_20170225_080000_Red_Eye_With_Tom_Shillue.thumbs/FOXNEWSW_20170225_080000_Red_Eye_With_Tom_Shillue_002277.jpg,"-- are you saying that the scientists are the ones who think this? yes. i absolutely believe scientist think that. climate change is a prime example of that. you see those videos of, oh, this could happen with climate change and they show a cabin in"
https://archive.org/details/FOXNEWSW_20170213_010000_Watters_World#start/2184/end/2219,2/13/2017 1:36:39,FOXNEWS,Watters World,FOXNEWSW_20170213_010000_Watters_World,https://archive.org/download/FOXNEWSW_20170213_010000_Watters_World/FOXNEWSW_20170213_010000_Watters_World.thumbs/FOXNEWSW_20170213_010000_Watters_World_002158.jpg,"i have to go. jesse: pretend it's al gore. you sounds like a girl. i would like a little more global warming. it's too cold for me."
https://archive.org/details/FOXNEWSW_20170213_040000_Watters_World#start/2221/end/2256,2/13/2017 4:37:16,FOXNEWS,Watters World,FOXNEWSW_20170213_040000_Watters_World,https://archive.org/download/FOXNEWSW_20170213_040000_Watters_World/FOXNEWSW_20170213_040000_Watters_World.thumbs/FOXNEWSW_20170213_040000_Watters_World_002217.jpg,"jet. jesse: anything you want to tell al gore? what. jesse: what are we going to do about this global warming? i don't know, maybe your"
https://archive.org/details/FOXNEWSW_20170228_020000_Tucker_Carlson_Tonight#start/846/end/881,2/28/2017 2:14:21,FOXNEWS,Tucker Carlson Tonight,FOXNEWSW_20170228_020000_Tucker_Carlson_Tonight,https://archive.org/download/FOXNEWSW_20170228_020000_Tucker_Carlson_Tonight/FOXNEWSW_20170228_020000_Tucker_Carlson_Tonight.thumbs/FOXNEWSW_20170228_020000_Tucker_Carlson_Tonight_000838.jpg,"explanation why climate change deniers or extreme skeptics do not accept the overwhelming scientific evidence for climate change. the most reasonable explanation as you have a worldview and then you have evidence and the evidence disagrees with their worldviews so you deny the evidence and along with that you"
https://archive.org/details/FOXNEWSW_20170226_080000_Red_Eye_With_Tom_Shillue#start/2291/end/2326,2/26/2017 8:38:26,FOXNEWS,Red Eye With Tom Shillue,FOXNEWSW_20170226_080000_Red_Eye_With_Tom_Shillue,https://archive.org/download/FOXNEWSW_20170226_080000_Red_Eye_With_Tom_Shillue/FOXNEWSW_20170226_080000_Red_Eye_With_Tom_Shillue.thumbs/FOXNEWSW_20170226_080000_Red_Eye_With_Tom_Shillue_002277.jpg,"-- are you saying that the scientists are the ones who think this? yes. i absolutely believe scientist think that. climate change is a prime example of that. you see those videos of, oh, this could happen with climate change and they show a cabin in new york underwater with the"
https://archive.org/details/FOXNEWSW_20170211_170000_Americas_News_HQ#start/2093/end/2128,2/11/2017 17:35:08,FOXNEWS,Americas News HQ,FOXNEWSW_20170211_170000_Americas_News_HQ,https://archive.org/download/FOXNEWSW_20170211_170000_Americas_News_HQ/FOXNEWSW_20170211_170000_Americas_News_HQ.thumbs/FOXNEWSW_20170211_170000_Americas_News_HQ_002067.jpg,"build a bigger coalition, we need to expand the map. we are right now a coastal party that's winning really along the corridor of the east coast and then the pacific coast, and doing very poorly in the interior, and you know, those issues like climate"
https://archive.org/details/FOXNEWSW_20170228_020000_Tucker_Carlson_Tonight#start/36/end/71,2/28/2017 2:00:51,FOXNEWS,Tucker Carlson Tonight,FOXNEWSW_20170228_020000_Tucker_Carlson_Tonight,https://archive.org/download/FOXNEWSW_20170228_020000_Tucker_Carlson_Tonight/FOXNEWSW_20170228_020000_Tucker_Carlson_Tonight.thumbs/FOXNEWSW_20170228_020000_Tucker_Carlson_Tonight_000058.jpg,"inviting illegal immigrants to attend that speech. we will talk to one of them in a minute. bill o'reilly the science guy is saying that global warming skeptics -- anticipation of            _"
https://archive.org/details/FOXNEWSW_20170213_010000_Watters_World#start/2229/end/2264,2/13/2017 1:37:24,FOXNEWS,Watters World,FOXNEWSW_20170213_010000_Watters_World,https://archive.org/download/FOXNEWSW_20170213_010000_Watters_World/FOXNEWSW_20170213_010000_Watters_World.thumbs/FOXNEWSW_20170213_010000_Watters_World_002218.jpg,"about this global warming? i don't know, maybe your president could do something. jesse: he's your president, too. no, i'm from finland. jesse: i'm sorry to hear that."
https://archive.org/details/FOXNEWSW_20170212_040000_Watters_World#start/44/end/79,2/12/2017 4:00:59,FOXNEWS,Watters World,FOXNEWSW_20170212_040000_Watters_World,https://archive.org/download/FOXNEWSW_20170212_040000_Watters_World/FOXNEWSW_20170212_040000_Watters_World.thumbs/FOXNEWSW_20170212_040000_Watters_World_000057.jpg,"n-word. 'watters world' hits the snow storm in search of global warming. and i go to the front lines of an anti-trump protest."
https://archive.org/details/FOXNEWSW_20170214_010000_The_OReilly_Factor#start/60/end/95,2/14/2017 1:01:15,FOXNEWS,The OReilly Factor,FOXNEWSW_20170214_010000_The_OReilly_Factor,https://archive.org/download/FOXNEWSW_20170214_010000_The_OReilly_Factor/FOXNEWSW_20170214_010000_The_OReilly_Factor.thumbs/FOXNEWSW_20170214_010000_The_OReilly_Factor_000057.jpg,"[laughter] bill: ahead, watters on some harsh winter weather and global warming. what do you think about my hat? it looks warm. it is it made of wool? [laughs]"
https://archive.org/details/FOXNEWSW_20170213_040000_Watters_World#start/2187/end/2222,2/13/2017 4:36:42,FOXNEWS,Watters World,FOXNEWSW_20170213_040000_Watters_World,https://archive.org/download/FOXNEWSW_20170213_040000_Watters_World/FOXNEWSW_20170213_040000_Watters_World.thumbs/FOXNEWSW_20170213_040000_Watters_World_002187.jpg,"jesse: pretend it's al gore. you sounds like a girl. i would like a little more global warming. it's too cold for me. i can go to the beach all year?"
https://archive.org/details/FOXNEWSW_20170212_070000_Watters_World#start/44/end/79,2/12/2017 7:00:59,FOXNEWS,Watters World,FOXNEWSW_20170212_070000_Watters_World,https://archive.org/download/FOXNEWSW_20170212_070000_Watters_World/FOXNEWSW_20170212_070000_Watters_World.thumbs/FOXNEWSW_20170212_070000_Watters_World_000057.jpg,"news the equivalent of the n-word. 'watters world' hits the snow storm in search of global warming. and i go to the front lines of an anti-trump protest."
https://archive.org/details/FOXNEWSW_20170228_100000_Fox_and_Friends_First#start/3273/end/3308,2/28/2017 10:54:48,FOXNEWS,Fox and Friends First,FOXNEWSW_20170228_100000_Fox_and_Friends_First,https://archive.org/download/FOXNEWSW_20170228_100000_Fox_and_Friends_First/FOXNEWSW_20170228_100000_Fox_and_Friends_First.thumbs/FOXNEWSW_20170228_100000_Fox_and_Friends_First_003267.jpg,"let's do it. isis. tell them how you really feel. in your opinion what's the biggest problem facing the nation today? the snow flakes. you mean global warming? a little bit softer than that."
https://archive.org/details/FOXNEWSW_20170208_160000_Happening_Now#start/2423/end/2458,2/8/2017 16:40:38,FOXNEWS,Happening Now,FOXNEWSW_20170208_160000_Happening_Now,https://archive.org/download/FOXNEWSW_20170208_160000_Happening_Now/FOXNEWSW_20170208_160000_Happening_Now.thumbs/FOXNEWSW_20170208_160000_Happening_Now_002398.jpg,"the real threat issues, not just some fiction such as global warming. jon: there are very expensive programs. the navy is complaining that half of its f-18 fighter jets can even fly right now."
https://archive.org/details/FOXNEWSW_20170228_050000_Tucker_Carlson_Tonight#start/807/end/842,2/28/2017 5:13:42,FOXNEWS,Tucker Carlson Tonight,FOXNEWSW_20170228_050000_Tucker_Carlson_Tonight,https://archive.org/download/FOXNEWSW_20170228_050000_Tucker_Carlson_Tonight/FOXNEWSW_20170228_050000_Tucker_Carlson_Tonight.thumbs/FOXNEWSW_20170228_050000_Tucker_Carlson_Tonight_000807.jpg,"bill nye the science guy is now aspiring to a new title, bill nye the psychoanalyst guy. during a facebook live event with bernie sanders today, he said skeptics of global warming suffered from the psychological delusion of cognitive"
https://archive.org/details/FOXNEWSW_20170213_010000_Watters_World#start/43/end/78,2/13/2017 1:00:58,FOXNEWS,Watters World,FOXNEWSW_20170213_010000_Watters_World,https://archive.org/download/FOXNEWSW_20170213_010000_Watters_World/FOXNEWSW_20170213_010000_Watters_World.thumbs/FOXNEWSW_20170213_010000_Watters_World_000058.jpg,"the and word.orld' we will have a breakdown of that and stories you might not have heard before. waters world is in search of global warming. i go to the front line of an anti- trump protest."
https://archive.org/details/FOXNEWSW_20170212_010000_Watters_World#start/2230/end/2265,2/12/2017 1:37:25,FOXNEWS,Watters World,FOXNEWSW_20170212_010000_Watters_World,https://archive.org/download/FOXNEWSW_20170212_010000_Watters_World/FOXNEWSW_20170212_010000_Watters_World.thumbs/FOXNEWSW_20170212_010000_Watters_World_002218.jpg,"what. jesse: what are we going to do about this global warming? i don't know, maybe your president could do something. jesse: he's your president, too. no, i'm from finland. jesse: i'm sorry to hear that."
https://archive.org/details/FOXNEWSW_20170212_040000_Watters_World#start/2231/end/2266,2/12/2017 4:37:26,FOXNEWS,Watters World,FOXNEWSW_20170212_040000_Watters_World,https://archive.org/download/FOXNEWSW_20170212_040000_Watters_World/FOXNEWSW_20170212_040000_Watters_World.thumbs/FOXNEWSW_20170212_040000_Watters_World_002217.jpg,"what. jesse: what are we going to do about this global warming? i don't know, maybe your president could do something. jesse: he's your president, too. no, i'm from finland. jesse: i'm sorry to hear that."
https://archive.org/details/FOXNEWSW_20170212_070000_Watters_World#start/2230/end/2265,2/12/2017 7:37:25,FOXNEWS,Watters World,FOXNEWSW_20170212_070000_Watters_World,https://archive.org/download/FOXNEWSW_20170212_070000_Watters_World/FOXNEWSW_20170212_070000_Watters_World.thumbs/FOXNEWSW_20170212_070000_Watters_World_002217.jpg,"what. jesse: what are we going to do about this global warming? i don't know, maybe your president could do something. jesse: he's your president, too. no, i'm from finland. jesse: i'm sorry to hear that."
https://archive.org/details/FOXNEWSW_20170214_040000_The_OReilly_Factor#start/2684/end/2719,2/14/2017 4:44:59,FOXNEWS,The OReilly Factor,FOXNEWSW_20170214_040000_The_OReilly_Factor,https://archive.org/download/FOXNEWSW_20170214_040000_The_OReilly_Factor/FOXNEWSW_20170214_040000_The_OReilly_Factor.thumbs/FOXNEWSW_20170214_040000_The_OReilly_Factor_002668.jpg,"all right, brit hume, everybody. there he is. watters on deck. the global warming edition. 'the factor' is coming right back as we continue all throughout the usa and all over the world. safe drivers who switch to esurance"
https://archive.org/details/FOXNEWSW_20170214_010000_The_OReilly_Factor#start/3063/end/3098,2/14/2017 1:51:18,FOXNEWS,The OReilly Factor,FOXNEWSW_20170214_010000_The_OReilly_Factor,https://archive.org/download/FOXNEWSW_20170214_010000_The_OReilly_Factor/FOXNEWSW_20170214_010000_The_OReilly_Factor.thumbs/FOXNEWSW_20170214_010000_The_OReilly_Factor_003057.jpg,"where they are not supposed to be. i do recycle. carpal. followed this global warming, i would hate to see global cooling. jesse, honestly, educate your viewers, really. you are better than that. what do you think about my"
https://archive.org/details/FOXNEWSW_20170214_040000_The_OReilly_Factor#start/2991/end/3026,2/14/2017 4:50:06,FOXNEWS,The OReilly Factor,FOXNEWSW_20170214_040000_The_OReilly_Factor,https://archive.org/download/FOXNEWSW_20170214_040000_The_OReilly_Factor/FOXNEWSW_20170214_040000_The_OReilly_Factor.thumbs/FOXNEWSW_20170214_040000_The_OReilly_Factor_002968.jpg,"that sounds nice. [laughter] oh, boy. [laughs] you guys, grab your suits, i will meet you down at the pool. who do you guys think is responsible for global warming?? companies, especially like cattle farming in brazil. t"
https://archive.org/details/FOXNEWSW_20170228_010000_The_OReilly_Factor#start/2998/end/3033,2/28/2017 1:50:13,FOXNEWS,The OReilly Factor,FOXNEWSW_20170228_010000_The_OReilly_Factor,https://archive.org/download/FOXNEWSW_20170228_010000_The_OReilly_Factor/FOXNEWSW_20170228_010000_The_OReilly_Factor.thumbs/FOXNEWSW_20170228_010000_The_OReilly_Factor_002997.jpg,"let's do it! i say [bleep] them. wow, tell them how you feel. in your opinion, what is the biggest problem facing the nation today? snowflakes. you been global warming? [laughter] a little bit softer than that. tell me about it, sweetheart."
https://archive.org/details/FOXNEWSW_20170208_160000_Happening_Now#start/2407/end/2442,2/8/2017 16:40:22,FOXNEWS,Happening Now,FOXNEWSW_20170208_160000_Happening_Now,https://archive.org/download/FOXNEWSW_20170208_160000_Happening_Now/FOXNEWSW_20170208_160000_Happening_Now.thumbs/FOXNEWSW_20170208_160000_Happening_Now_002398.jpg,"launching nuclear capable missiles, and the previous demonstration wasn't saying that global warming is one of the greatest threats we face. speak out totally insane. totally out of sync. we now have proof of others that are coming in and will address"
https://archive.org/details/FOXNEWSW_20170210_220000_The_Five#start/1598/end/1633,2/10/2017 22:26:53,FOXNEWS,The Five,FOXNEWSW_20170210_220000_The_Five,https://archive.org/download/FOXNEWSW_20170210_220000_The_Five/FOXNEWSW_20170210_220000_The_Five.thumbs/FOXNEWSW_20170210_220000_The_Five_001587.jpg,"been playing fast and loose with the truth about global warming, the iraq war, even free-market economics, trickle-down, whatever you want to call it. now the right is doing it, and they learned from the very best. brian williams."
https://archive.org/details/FOXNEWSW_20170212_010000_Watters_World#start/2196/end/2231,2/12/2017 1:36:51,FOXNEWS,Watters World,FOXNEWSW_20170212_010000_Watters_World,https://archive.org/download/FOXNEWSW_20170212_010000_Watters_World/FOXNEWSW_20170212_010000_Watters_World.thumbs/FOXNEWSW_20170212_010000_Watters_World_002188.jpg,"global warming. it's too cold for me. i can go to the beach all year? you just don't want to see me with my shirt off. what you do i al gore is thinking about right now? he's probably someplace"
https://archive.org/details/FOXNEWSW_20170212_040000_Watters_World#start/2197/end/2232,2/12/2017 4:36:52,FOXNEWS,Watters World,FOXNEWSW_20170212_040000_Watters_World,https://archive.org/download/FOXNEWSW_20170212_040000_Watters_World/FOXNEWSW_20170212_040000_Watters_World.thumbs/FOXNEWSW_20170212_040000_Watters_World_002187.jpg,"global warming. it's too cold for me. i can go to the beach all year? you just don't want to see me with my shirt off. what you do i al gore is thinking about right now? he's probably someplace"
https://archive.org/details/FOXNEWSW_20170212_070000_Watters_World#start/2197/end/2232,2/12/2017 7:36:52,FOXNEWS,Watters World,FOXNEWSW_20170212_070000_Watters_World,https://archive.org/download/FOXNEWSW_20170212_070000_Watters_World/FOXNEWSW_20170212_070000_Watters_World.thumbs/FOXNEWSW_20170212_070000_Watters_World_002187.jpg,"global warming. it's too cold for me. i can go to the beach all year? you just don't want to see me with my shirt off. what you do i al gore is thinking about right now? he's probably someplace"
https://archive.org/details/FOXNEWSW_20170214_010000_The_OReilly_Factor#start/2682/end/2717,2/14/2017 1:44:57,FOXNEWS,The OReilly Factor,FOXNEWSW_20170214_010000_The_OReilly_Factor,https://archive.org/download/FOXNEWSW_20170214_010000_The_OReilly_Factor/FOXNEWSW_20170214_010000_The_OReilly_Factor.thumbs/FOXNEWSW_20170214_010000_The_OReilly_Factor_002667.jpg,"criticize her, and i'm sure she did get some gross stuff, as you did, as nazis. and that is wrong. all right, brit hume, everybody. here he is. watters on deck. the global warming edition. 'the factor' is coming right"
https://archive.org/details/FOXNEWSW_20170214_010000_The_OReilly_Factor#start/2968/end/3003,2/14/2017 1:49:43,FOXNEWS,The OReilly Factor,FOXNEWSW_20170214_010000_The_OReilly_Factor,https://archive.org/download/FOXNEWSW_20170214_010000_The_OReilly_Factor/FOXNEWSW_20170214_010000_The_OReilly_Factor.thumbs/FOXNEWSW_20170214_010000_The_OReilly_Factor_002967.jpg,"last couple of years? i'm not a meteorologist. [laughter] i can see that. what do you think we should do about global warming? whatever we can do, we should do. did i not tell you just to do it, do it."
https://archive.org/details/FOXNEWSW_20170214_010000_The_OReilly_Factor#start/3017/end/3052,2/14/2017 1:50:32,FOXNEWS,The OReilly Factor,FOXNEWSW_20170214_010000_The_OReilly_Factor,https://archive.org/download/FOXNEWSW_20170214_010000_The_OReilly_Factor/FOXNEWSW_20170214_010000_The_OReilly_Factor.thumbs/FOXNEWSW_20170214_010000_The_OReilly_Factor_002997.jpg,"world. don't you like a nice day, though? i will have a steak sandwich and a steak sandwich. who do you think is responsible for global warming? humans and cow parts. [laughs] people that drive trucks. you are blaming truck"
https://archive.org/details/FOXNEWSW_20170214_040000_The_OReilly_Factor#start/2942/end/2977,2/14/2017 4:49:17,FOXNEWS,The OReilly Factor,FOXNEWSW_20170214_040000_The_OReilly_Factor,https://archive.org/download/FOXNEWSW_20170214_040000_The_OReilly_Factor/FOXNEWSW_20170214_040000_The_OReilly_Factor.thumbs/FOXNEWSW_20170214_040000_The_OReilly_Factor_002938.jpg,"with donald as president. how big of an issue is global warming? not a big issue. i don't really care. i don't think it is big at all. just look out behind us, it is freezing, it is snowy, it is cold."
https://archive.org/details/FOXNEWSW_20170208_100000_Fox_and_Friends_First#start/1039/end/1074,2/8/2017 10:17:34,FOXNEWS,Fox and Friends First,FOXNEWSW_20170208_100000_Fox_and_Friends_First,https://archive.org/download/FOXNEWSW_20170208_100000_Fox_and_Friends_First/FOXNEWSW_20170208_100000_Fox_and_Friends_First.thumbs/FOXNEWSW_20170208_100000_Fox_and_Friends_First_001017.jpg,"abby: well, a shocking clip on climate change whistle blower. cheryl: this is something else,"
https://archive.org/details/FOXNEWSW_20170223_230000_Special_Report_With_Bret_Baier#start/3261/end/3296,2/23/2017 23:54:36,FOXNEWS,Special Report With Bret Baier,FOXNEWSW_20170223_230000_Special_Report_With_Bret_Baier,https://archive.org/download/FOXNEWSW_20170223_230000_Special_Report_With_Bret_Baier/FOXNEWSW_20170223_230000_Special_Report_With_Bret_Baier.thumbs/FOXNEWSW_20170223_230000_Special_Report_With_Bret_Baier_003237.jpg,"you could do a refundable gasoline tax, carbon tax. if you need the money she did that way. the whole point of tax reform is to eliminate loopholes, favors, all kinds of cutouts."
https://archive.org/details/FOXNEWSW_20170224_090000_Special_Report_With_Bret_Baier#start/3261/end/3296,2/24/2017 9:54:36,FOXNEWS,Special Report With Bret Baier,FOXNEWSW_20170224_090000_Special_Report_With_Bret_Baier,https://archive.org/download/FOXNEWSW_20170224_090000_Special_Report_With_Bret_Baier/FOXNEWSW_20170224_090000_Special_Report_With_Bret_Baier.thumbs/FOXNEWSW_20170224_090000_Special_Report_With_Bret_Baier_003237.jpg,"you could do a refundable gasoline tax, carbon tax. if you need the money she did that way. the whole point of tax reform is to eliminate loopholes, favors, all kinds of cutouts."
https://archive.org/details/FOXNEWSW_20170214_040000_The_OReilly_Factor#start/2141/end/2176,2/14/2017 4:35:56,FOXNEWS,The OReilly Factor,FOXNEWSW_20170214_040000_The_OReilly_Factor,https://archive.org/download/FOXNEWSW_20170214_040000_The_OReilly_Factor/FOXNEWSW_20170214_040000_The_OReilly_Factor.thumbs/FOXNEWSW_20170214_040000_The_OReilly_Factor_002128.jpg,"supporters. and watters talking climate change in chilly new york city. coming right back. n ally?"
https://archive.org/details/FOXNEWSW_20170228_050000_Tucker_Carlson_Tonight#start/823/end/858,2/28/2017 5:13:58,FOXNEWS,Tucker Carlson Tonight,FOXNEWSW_20170228_050000_Tucker_Carlson_Tonight,https://archive.org/download/FOXNEWSW_20170228_050000_Tucker_Carlson_Tonight/FOXNEWSW_20170228_050000_Tucker_Carlson_Tonight.thumbs/FOXNEWSW_20170228_050000_Tucker_Carlson_Tonight_000807.jpg,"dissonance. when he was open to the idea of imprisoning skeptic global warming as a war criminal. is that the choice? bill nye joins us now. great to see you. it doesn't sound like science to me, bill nye the science guy. it sounds like something very"
https://archive.org/details/FOXNEWSW_20170208_090000_Special_Report_With_Bret_Baier#start/1679/end/1714,2/8/2017 9:28:14,FOXNEWS,Special Report With Bret Baier,FOXNEWSW_20170208_090000_Special_Report_With_Bret_Baier,https://archive.org/download/FOXNEWSW_20170208_090000_Special_Report_With_Bret_Baier/FOXNEWSW_20170208_090000_Special_Report_With_Bret_Baier.thumbs/FOXNEWSW_20170208_090000_Special_Report_With_Bret_Baier_001677.jpg,"the accusations are explosive, that the national oceanic and atmospheric administration intentionally manipulated data to hide a 12 year pause and global warming and that the study was a major influence in the 2015 paris climate summit where western nations agreed to spend billions"
https://archive.org/details/FOXNEWSW_20170208_010000_The_OReilly_Factor#start/3012/end/3047,2/8/2017 1:50:27,FOXNEWS,The OReilly Factor,FOXNEWSW_20170208_010000_The_OReilly_Factor,https://archive.org/download/FOXNEWSW_20170208_010000_The_OReilly_Factor/FOXNEWSW_20170208_010000_The_OReilly_Factor.thumbs/FOXNEWSW_20170208_010000_The_OReilly_Factor_002998.jpg,"boring candidate, they would still come after him because they think republicans, just by nature, are evil. they have convinced themselves that trump is worse on global warming, meteor strikes, and the new season of 'will and grace' combined. he could actually destroy the earth."
https://archive.org/details/FOXNEWSW_20170214_010000_The_OReilly_Factor#start/45/end/80,2/14/2017 1:01:00,FOXNEWS,The OReilly Factor,FOXNEWSW_20170214_010000_The_OReilly_Factor,https://archive.org/download/FOXNEWSW_20170214_010000_The_OReilly_Factor/FOXNEWSW_20170214_010000_The_OReilly_Factor.thumbs/FOXNEWSW_20170214_010000_The_OReilly_Factor_000057.jpg,"bill: the radical left continues to bring a wouldn't criticizing the trump administration. brit hume has some thoughts on that. if we don't do anything about global warming, what you predict will happen? i'm not sure anything will happen. i think we will enjoy the snow."
https://archive.org/details/FOXNEWSW_20170214_010000_The_OReilly_Factor#start/2986/end/3021,2/14/2017 1:50:01,FOXNEWS,The OReilly Factor,FOXNEWSW_20170214_010000_The_OReilly_Factor,https://archive.org/download/FOXNEWSW_20170214_010000_The_OReilly_Factor/FOXNEWSW_20170214_010000_The_OReilly_Factor.thumbs/FOXNEWSW_20170214_010000_The_OReilly_Factor_002967.jpg,"i don't think you can do anything. what you think happen if we do nothing about global warming? sea levels will rise, we will be underwater. so, we could go swimming together? that sounds nice. [laughter] oh, boy. [laughs] you guys, grab your suits"
https://archive.org/details/FOXNEWSW_20170214_040000_The_OReilly_Factor#start/2960/end/2995,2/14/2017 4:49:35,FOXNEWS,The OReilly Factor,FOXNEWSW_20170214_040000_The_OReilly_Factor,https://archive.org/download/FOXNEWSW_20170214_040000_The_OReilly_Factor/FOXNEWSW_20170214_040000_The_OReilly_Factor.thumbs/FOXNEWSW_20170214_040000_The_OReilly_Factor_002938.jpg,"i can't feel my arms! it is a big issue. how many degrees has the earth's temperature risen in the last couple of years? i'm not a meteorologist. [laughter] i can see that. what do you think we should do about global warming? whatever we can do,"
https://archive.org/details/FOXNEWSW_20170228_020000_Tucker_Carlson_Tonight#start/955/end/990,2/28/2017 2:16:10,FOXNEWS,Tucker Carlson Tonight,FOXNEWSW_20170228_020000_Tucker_Carlson_Tonight,https://archive.org/download/FOXNEWSW_20170228_020000_Tucker_Carlson_Tonight/FOXNEWSW_20170228_020000_Tucker_Carlson_Tonight.thumbs/FOXNEWSW_20170228_020000_Tucker_Carlson_Tonight_000928.jpg,"very serious problem. tucker: if you will list to what degree is climate change caused by human activity? 100%?"
https://archive.org/details/FOXNEWSW_20170226_000000_Fox_Report_Saturday#start/566/end/601,2/26/2017 0:09:41,FOXNEWS,Fox Report Saturday,FOXNEWSW_20170226_000000_Fox_Report_Saturday,https://archive.org/download/FOXNEWSW_20170226_000000_Fox_Report_Saturday/FOXNEWSW_20170226_000000_Fox_Report_Saturday.thumbs/FOXNEWSW_20170226_000000_Fox_Report_Saturday_000567.jpg,"take a listen. the previous administration was so focused on climate change and so focused on co2 that the"
https://archive.org/details/FOXNEWSW_20170226_100000_Fox_Report_Saturday#start/566/end/601,2/26/2017 10:09:41,FOXNEWS,Fox Report Saturday,FOXNEWSW_20170226_100000_Fox_Report_Saturday,https://archive.org/download/FOXNEWSW_20170226_100000_Fox_Report_Saturday/FOXNEWSW_20170226_100000_Fox_Report_Saturday.thumbs/FOXNEWSW_20170226_100000_Fox_Report_Saturday_000567.jpg,"take a listen. the previous administration was so focused on climate change and so focused on co2 that the"
https://archive.org/details/FOXNEWSW_20170212_070000_Watters_World#start/1790/end/1825,2/12/2017 7:30:05,FOXNEWS,Watters World,FOXNEWSW_20170212_070000_Watters_World,https://archive.org/download/FOXNEWSW_20170212_070000_Watters_World/FOXNEWSW_20170212_070000_Watters_World.thumbs/FOXNEWSW_20170212_070000_Watters_World_001527.jpg,"climate change. you know what i call climateulio. 'watters world.' i was a business guy. i got good press."
https://archive.org/details/FOXNEWSW_20170207_230000_Special_Report_With_Bret_Baier#start/1685/end/1720,2/7/2017 23:28:20,FOXNEWS,Special Report With Bret Baier,FOXNEWSW_20170207_230000_Special_Report_With_Bret_Baier,https://archive.org/download/FOXNEWSW_20170207_230000_Special_Report_With_Bret_Baier/FOXNEWSW_20170207_230000_Special_Report_With_Bret_Baier.thumbs/FOXNEWSW_20170207_230000_Special_Report_With_Bret_Baier_001677.jpg,"manipulated data to hide a 12 year pause and global warming and that the study was a major influence in the 2015 paris climate summit where western nations agreed to spend billions to reduce fossil fuel use. in fact, according to john bates who recently retired as a lead"
https://archive.org/details/FOXNEWSW_20170214_010000_The_OReilly_Factor#start/1603/end/1638,2/14/2017 1:26:58,FOXNEWS,The OReilly Factor,FOXNEWSW_20170214_010000_The_OReilly_Factor,https://archive.org/download/FOXNEWSW_20170214_010000_The_OReilly_Factor/FOXNEWSW_20170214_010000_The_OReilly_Factor.thumbs/FOXNEWSW_20170214_010000_The_OReilly_Factor_001587.jpg,"charles krauthammer, everybody. plenty ahead as a nazi he moves ahead this evening. the radical left continuing to bring up the nazi in relation to the trump administration. brit hume has some thoughts on that. then, watters talking global warming with the folks. how many degrees has the"
https://archive.org/details/FOXNEWSW_20170214_010000_The_OReilly_Factor#start/3001/end/3036,2/14/2017 1:50:16,FOXNEWS,The OReilly Factor,FOXNEWSW_20170214_010000_The_OReilly_Factor,https://archive.org/download/FOXNEWSW_20170214_010000_The_OReilly_Factor/FOXNEWSW_20170214_010000_The_OReilly_Factor.thumbs/FOXNEWSW_20170214_010000_The_OReilly_Factor_002997.jpg,"come i will meet you down at the pool. who do you guys think is responsible for global warming? the companies, especially like cattle farming in brazil. they take on a lot of trees just to make grass fields for the cows. those trees are filters for the"
https://archive.org/details/FOXNEWSW_20170222_190000_Americas_News_HQ#start/2699/end/2734,2/22/2017 19:45:14,FOXNEWS,Americas News HQ,FOXNEWSW_20170222_190000_Americas_News_HQ,https://archive.org/download/FOXNEWSW_20170222_190000_Americas_News_HQ/FOXNEWSW_20170222_190000_Americas_News_HQ.thumbs/FOXNEWSW_20170222_190000_Americas_News_HQ_002698.jpg,"sandra: virginia representative david bratt taking tough questions from the tough crowd. do you deny climate change? no, the climate changes all"
https://archive.org/details/FOXNEWSW_20170214_040000_The_OReilly_Factor#start/3009/end/3044,2/14/2017 4:50:24,FOXNEWS,The OReilly Factor,FOXNEWSW_20170214_040000_The_OReilly_Factor,https://archive.org/download/FOXNEWSW_20170214_040000_The_OReilly_Factor/FOXNEWSW_20170214_040000_The_OReilly_Factor.thumbs/FOXNEWSW_20170214_040000_The_OReilly_Factor_002998.jpg,"they take down a lot of trees just to make grass fields for the cows. those trees are filters for the world. don't you like a nice steak, though? i will have a steak sandwichl and a steak sandwich. who do you think is responsible for global warming? humans and cow farts. [laughs]"
https://archive.org/details/FOXNEWSW_20170214_040000_The_OReilly_Factor#start/2975/end/3010,2/14/2017 4:49:50,FOXNEWS,The OReilly Factor,FOXNEWSW_20170214_040000_The_OReilly_Factor,https://archive.org/download/FOXNEWSW_20170214_040000_The_OReilly_Factor/FOXNEWSW_20170214_040000_The_OReilly_Factor.thumbs/FOXNEWSW_20170214_040000_The_OReilly_Factor_002968.jpg,"we should do. did i not tell you just to do it, do it. i don't think you can do anything. what you think will happen it we do nothing about global warming? sea levels will rise, we will be underwater.pe so, we could go swimming together?ng"
https://archive.org/details/FOXNEWSW_20170208_190000_Americas_News_HQ#start/659/end/694,2/8/2017 19:11:14,FOXNEWS,Americas News HQ,FOXNEWSW_20170208_190000_Americas_News_HQ,https://archive.org/download/FOXNEWSW_20170208_190000_Americas_News_HQ/FOXNEWSW_20170208_190000_Americas_News_HQ.thumbs/FOXNEWSW_20170208_190000_Americas_News_HQ_000657.jpg,"wish we had done the following. the steps that he's taken are making this country and its people safer. steve? what was the white house response to the republican proposal for a carbon tax floated today? and secondly, could you set up tomorrow's meeting with the"
https://archive.org/details/FOXNEWSW_20170228_050000_Tucker_Carlson_Tonight#start/886/end/921,2/28/2017 5:15:01,FOXNEWS,Tucker Carlson Tonight,FOXNEWSW_20170228_050000_Tucker_Carlson_Tonight,https://archive.org/download/FOXNEWSW_20170228_050000_Tucker_Carlson_Tonight/FOXNEWSW_20170228_050000_Tucker_Carlson_Tonight.thumbs/FOXNEWSW_20170228_050000_Tucker_Carlson_Tonight_000867.jpg,"we always ought to be -- is our hypothesis true? i am a member of the most skeptic organizations. climate change denial is denial. the evidence is overwhelming."
https://archive.org/details/FOXNEWSW_20170223_110000_FOX__Friends#start/5212/end/5247,2/23/2017 12:27:07,FOXNEWS,FOX  Friends,FOXNEWSW_20170223_110000_FOX__Friends,https://archive.org/download/FOXNEWSW_20170223_110000_FOX__Friends/FOXNEWSW_20170223_110000_FOX__Friends.thumbs/FOXNEWSW_20170223_110000_FOX__Friends_005188.jpg,"tunnels under the mexican wall. fake article. women got irate about that. climate change advocate jailed by donald trump. fake news. woman who we tested felt"
https://archive.org/details/FOXNEWSW_20170223_200000_Shepard_Smith_Reporting#start/2675/end/2710,2/23/2017 20:44:50,FOXNEWS,Shepard Smith Reporting,FOXNEWSW_20170223_200000_Shepard_Smith_Reporting,https://archive.org/download/FOXNEWSW_20170223_200000_Shepard_Smith_Reporting/FOXNEWSW_20170223_200000_Shepard_Smith_Reporting.thumbs/FOXNEWSW_20170223_200000_Shepard_Smith_Reporting_002668.jpg,"some world leaders about that. can you tell us, is the president still committed to pulling out of the climate change agreement? i'll leave that to secretary tillerson."
https://archive.org/details/FOXNEWSW_20170206_210000_Your_World_With_Neil_Cavuto#start/2528/end/2563,2/6/2017 21:42:23,FOXNEWS,Your World With Neil Cavuto,FOXNEWSW_20170206_210000_Your_World_With_Neil_Cavuto,https://archive.org/download/FOXNEWSW_20170206_210000_Your_World_With_Neil_Cavuto/FOXNEWSW_20170206_210000_Your_World_With_Neil_Cavuto.thumbs/FOXNEWSW_20170206_210000_Your_World_With_Neil_Cavuto_002517.jpg,"this isn't about a giant movement for refugees or climate change. it's about being angry about donald trump being elected which is why they're already calling for his impeachment."
https://archive.org/details/FOXNEWSW_20170214_020000_Tucker_Carlson_Tonight#start/689/end/724,2/14/2017 2:11:44,FOXNEWS,Tucker Carlson Tonight,FOXNEWSW_20170214_020000_Tucker_Carlson_Tonight,https://archive.org/download/FOXNEWSW_20170214_020000_Tucker_Carlson_Tonight/FOXNEWSW_20170214_020000_Tucker_Carlson_Tonight.thumbs/FOXNEWSW_20170214_020000_Tucker_Carlson_Tonight_000687.jpg,"though trump and the canadian prime minister struck a cordial note, the two have vast differences on trade, immigration, global climate change and questions were skirted by both leaders."
https://archive.org/details/FOXNEWSW_20170208_040000_The_OReilly_Factor#start/3009/end/3044,2/8/2017 4:50:24,FOXNEWS,The OReilly Factor,FOXNEWSW_20170208_040000_The_OReilly_Factor,https://archive.org/download/FOXNEWSW_20170208_040000_The_OReilly_Factor/FOXNEWSW_20170208_040000_The_OReilly_Factor.thumbs/FOXNEWSW_20170208_040000_The_OReilly_Factor_002997.jpg,"right is evil. trump may not be a normala candidate, but his agenda is fairly normal. he is a centrist. if you replaced trump with a boring candidate, they would still come after him because they think republicans, just by nature, are evil. they have convinced themselves that trump is worse than global warming, meteor strikes, and the"
https://archive.org/details/FOXNEWSW_20170228_020000_Tucker_Carlson_Tonight#start/937/end/972,2/28/2017 2:15:52,FOXNEWS,Tucker Carlson Tonight,FOXNEWSW_20170228_020000_Tucker_Carlson_Tonight,https://archive.org/download/FOXNEWSW_20170228_020000_Tucker_Carlson_Tonight/FOXNEWSW_20170228_020000_Tucker_Carlson_Tonight.thumbs/FOXNEWSW_20170228_020000_Tucker_Carlson_Tonight_000928.jpg,"to what degree human activity is causing that. is not an open question. human activity is causing climate change. tucker: to what degree? to the degree that it is a"
https://archive.org/details/FOXNEWSW_20170214_010000_The_OReilly_Factor#start/2145/end/2180,2/14/2017 1:36:00,FOXNEWS,The OReilly Factor,FOXNEWSW_20170214_010000_The_OReilly_Factor,https://archive.org/download/FOXNEWSW_20170214_010000_The_OReilly_Factor/FOXNEWSW_20170214_010000_The_OReilly_Factor.thumbs/FOXNEWSW_20170214_010000_The_OReilly_Factor_002127.jpg,"the radical left using nazi analogies to criticize president trump and his supporters. and it watters talking climate change in chile new york city. coming right back. what if technology."
https://archive.org/details/FOXNEWSW_20170228_040000_The_OReilly_Factor#start/2011/end/2046,2/28/2017 4:33:46,FOXNEWS,The OReilly Factor,FOXNEWSW_20170228_040000_The_OReilly_Factor,https://archive.org/download/FOXNEWSW_20170228_040000_The_OReilly_Factor/FOXNEWSW_20170228_040000_The_OReilly_Factor.thumbs/FOXNEWSW_20170228_040000_The_OReilly_Factor_002008.jpg,"global warming and gun control and all that. bill: i know liberal hollywood actors who give a lot of money to charities that help migrants and help certain people that they support.ot so, i don't think it is fair on a condemnation level. but do you take it a step further, mary anne, if you are saying, okay, i want open"
https://archive.org/details/FOXNEWSW_20170228_050000_Tucker_Carlson_Tonight#start/1298/end/1333,2/28/2017 5:21:53,FOXNEWS,Tucker Carlson Tonight,FOXNEWSW_20170228_050000_Tucker_Carlson_Tonight,https://archive.org/download/FOXNEWSW_20170228_050000_Tucker_Carlson_Tonight/FOXNEWSW_20170228_050000_Tucker_Carlson_Tonight.thumbs/FOXNEWSW_20170228_050000_Tucker_Carlson_Tonight_001287.jpg,"are hanging around longer. tucker: i think that is probably all true. pine bark beetles would not be as overwhelming as they are because of climate change. tucker: it so much of this"
https://archive.org/details/FOXNEWSW_20170223_200000_Shepard_Smith_Reporting#start/2660/end/2695,2/23/2017 20:44:35,FOXNEWS,Shepard Smith Reporting,FOXNEWSW_20170223_200000_Shepard_Smith_Reporting,https://archive.org/download/FOXNEWSW_20170223_200000_Shepard_Smith_Reporting/FOXNEWSW_20170223_200000_Shepard_Smith_Reporting.thumbs/FOXNEWSW_20170223_200000_Shepard_Smith_Reporting_002638.jpg,"we're looking at both pieces of this as well. since the election, secretary of state rex tillerson has talked about the terrorist agreement and climate change and the president has heard from"
https://archive.org/details/FOXNEWSW_20170224_090000_Special_Report_With_Bret_Baier#start/2701/end/2736,2/24/2017 9:45:16,FOXNEWS,Special Report With Bret Baier,FOXNEWSW_20170224_090000_Special_Report_With_Bret_Baier,https://archive.org/download/FOXNEWSW_20170224_090000_Special_Report_With_Bret_Baier/FOXNEWSW_20170224_090000_Special_Report_With_Bret_Baier.thumbs/FOXNEWSW_20170224_090000_Special_Report_With_Bret_Baier_002697.jpg,"not possibly have had these current issues in mind. i hope they will apply that to climate change when that was not an issue at the time that the epa was created."
https://archive.org/details/FOXNEWSW_20170223_230000_Special_Report_With_Bret_Baier#start/2701/end/2736,2/23/2017 23:45:16,FOXNEWS,Special Report With Bret Baier,FOXNEWSW_20170223_230000_Special_Report_With_Bret_Baier,https://archive.org/download/FOXNEWSW_20170223_230000_Special_Report_With_Bret_Baier/FOXNEWSW_20170223_230000_Special_Report_With_Bret_Baier.thumbs/FOXNEWSW_20170223_230000_Special_Report_With_Bret_Baier_002697.jpg,"not possibly have had these current issues in mind. i hope they will apply that to climate change when that was not an issue at the time that the epa was created."
https://archive.org/details/FOXNEWSW_20170228_020000_Tucker_Carlson_Tonight#start/893/end/928,2/28/2017 2:15:08,FOXNEWS,Tucker Carlson Tonight,FOXNEWSW_20170228_020000_Tucker_Carlson_Tonight,https://archive.org/download/FOXNEWSW_20170228_020000_Tucker_Carlson_Tonight/FOXNEWSW_20170228_020000_Tucker_Carlson_Tonight.thumbs/FOXNEWSW_20170228_020000_Tucker_Carlson_Tonight_000868.jpg,"hypothesis true? i am a member of the most skeptic organizations. i love you as a person more than life itself but the evidence for climate change is overwhelming. so we are looking for an"
https://archive.org/details/FOXNEWSW_20170228_050000_Tucker_Carlson_Tonight#start/977/end/1012,2/28/2017 5:16:32,FOXNEWS,Tucker Carlson Tonight,FOXNEWSW_20170228_050000_Tucker_Carlson_Tonight,https://archive.org/download/FOXNEWSW_20170228_050000_Tucker_Carlson_Tonight/FOXNEWSW_20170228_050000_Tucker_Carlson_Tonight.thumbs/FOXNEWSW_20170228_050000_Tucker_Carlson_Tonight_000957.jpg,"that climate change is happening is caused by humans. instead of happening on timescales of millions of years or let's say 15000 years, it is happening on a timescale of decades. and now years. i offered -- now --  _          _"
https://archive.org/details/FOXNEWSW_20170228_050000_Tucker_Carlson_Tonight#start/1061/end/1096,2/28/2017 5:17:56,FOXNEWS,Tucker Carlson Tonight,FOXNEWSW_20170228_050000_Tucker_Carlson_Tonight,https://archive.org/download/FOXNEWSW_20170228_050000_Tucker_Carlson_Tonight/FOXNEWSW_20170228_050000_Tucker_Carlson_Tonight.thumbs/FOXNEWSW_20170228_050000_Tucker_Carlson_Tonight_001047.jpg,"i am asking a simple question. about the rate of climate change. you said that it would be happening but that rate has accelerated because of human activity. that is an understatement, the word accelerated."
https://archive.org/details/FOXNEWSW_20170222_090000_Special_Report_With_Bret_Baier#start/1968/end/2003,2/22/2017 9:33:03,FOXNEWS,Special Report With Bret Baier,FOXNEWSW_20170222_090000_Special_Report_With_Bret_Baier,https://archive.org/download/FOXNEWSW_20170222_090000_Special_Report_With_Bret_Baier/FOXNEWSW_20170222_090000_Special_Report_With_Bret_Baier.thumbs/FOXNEWSW_20170222_090000_Special_Report_With_Bret_Baier_001947.jpg,"term. pruitt made no mention of climate change to the crowd today but he later told us he thinks the climate is changing, that humans bear someresponsibi. but what to do about it remains"
https://archive.org/details/FOXNEWSW_20170220_100000_Fox_and_Friends_First#start/2047/end/2082,2/20/2017 10:34:22,FOXNEWS,Fox and Friends First,FOXNEWSW_20170220_100000_Fox_and_Friends_First,https://archive.org/download/FOXNEWSW_20170220_100000_Fox_and_Friends_First/FOXNEWSW_20170220_100000_Fox_and_Friends_First.thumbs/FOXNEWSW_20170220_100000_Fox_and_Friends_First_002037.jpg,"the rally led by russell simmons . up in boston protestors rallying against the president's stance on climate change and research. heather: and now there's a guide to protesting president trump, activists linked to former"
https://archive.org/details/FOXNEWSW_20170214_020000_Tucker_Carlson_Tonight#start/2481/end/2516,2/14/2017 2:41:36,FOXNEWS,Tucker Carlson Tonight,FOXNEWSW_20170214_020000_Tucker_Carlson_Tonight,https://archive.org/download/FOXNEWSW_20170214_020000_Tucker_Carlson_Tonight/FOXNEWSW_20170214_020000_Tucker_Carlson_Tonight.thumbs/FOXNEWSW_20170214_020000_Tucker_Carlson_Tonight_002457.jpg,"and climate change. tucker: when you said this is political wanted they say? they said it's not political, it was relevant and it was apolitical and it was ridiculous to me, such a heated political"
https://archive.org/details/FOXNEWSW_20170214_040000_The_OReilly_Factor#start/2899/end/2934,2/14/2017 4:48:34,FOXNEWS,The OReilly Factor,FOXNEWSW_20170214_040000_The_OReilly_Factor,https://archive.org/download/FOXNEWSW_20170214_040000_The_OReilly_Factor/FOXNEWSW_20170214_040000_The_OReilly_Factor.thumbs/FOXNEWSW_20170214_040000_The_OReilly_Factor_002878.jpg,"blizzard here in new york city. what a better time to send watters out to talk to the folks about climate change?et where are you from? i am from russia. what's up, comrade?"
https://archive.org/details/FOXNEWSW_20170228_020000_Tucker_Carlson_Tonight#start/924/end/959,2/28/2017 2:15:39,FOXNEWS,Tucker Carlson Tonight,FOXNEWSW_20170228_020000_Tucker_Carlson_Tonight,https://archive.org/download/FOXNEWSW_20170228_020000_Tucker_Carlson_Tonight/FOXNEWSW_20170228_020000_Tucker_Carlson_Tonight.thumbs/FOXNEWSW_20170228_020000_Tucker_Carlson_Tonight_000898.jpg,"concern. tucker: why the change? is it part of the endless cycle of climate change or human activity? that seems to be the debate to me and it seems an open question, not a settled question"
https://archive.org/details/FOXNEWSW_20170218_200000_The_Journal_Editorial_Report#start/3234/end/3269,2/18/2017 20:54:09,FOXNEWS,The Journal Editorial Report,FOXNEWSW_20170218_200000_The_Journal_Editorial_Report,https://archive.org/download/FOXNEWSW_20170218_200000_The_Journal_Editorial_Report/FOXNEWSW_20170218_200000_The_Journal_Editorial_Report.thumbs/FOXNEWSW_20170218_200000_The_Journal_Editorial_Report_003208.jpg,"lift for donald trump. paul: and some environmentalists, they don't even want any dams. they hate dams. paul: right. they're just blaming, look, climate change is going to put more pressure on our infrastructure, we shouldn't"
https://archive.org/details/FOXNEWSW_20170219_200000_The_Journal_Editorial_Report#start/3229/end/3264,2/19/2017 20:54:04,FOXNEWS,The Journal Editorial Report,FOXNEWSW_20170219_200000_The_Journal_Editorial_Report,https://archive.org/download/FOXNEWSW_20170219_200000_The_Journal_Editorial_Report/FOXNEWSW_20170219_200000_The_Journal_Editorial_Report.thumbs/FOXNEWSW_20170219_200000_The_Journal_Editorial_Report_003208.jpg,"never gets addressed. it's going to be a very heavy lift for donald trump. paul: and some environmentalists, they don't even want any dams. they hate dams. paul: right. they're just blaming, look, climate change is going to put"
https://archive.org/details/FOXNEWSW_20170207_220000_The_Five#start/2696/end/2731,2/7/2017 22:45:11,FOXNEWS,The Five,FOXNEWSW_20170207_220000_The_Five,https://archive.org/download/FOXNEWSW_20170207_220000_The_Five/FOXNEWSW_20170207_220000_The_Five.thumbs/FOXNEWSW_20170207_220000_The_Five_002697.jpg,"like climate change, gender-neutral bathrooms, bullying, the glass ceiling, all these things are more important than us reporting terror. dana: you are making a superior argument to putting out a list of 78 terror attacks that"
https://archive.org/details/FOXNEWSW_20170221_230000_Special_Report_With_Bret_Baier#start/1963/end/1998,2/21/2017 23:32:58,FOXNEWS,Special Report With Bret Baier,FOXNEWSW_20170221_230000_Special_Report_With_Bret_Baier,https://archive.org/download/FOXNEWSW_20170221_230000_Special_Report_With_Bret_Baier/FOXNEWSW_20170221_230000_Special_Report_With_Bret_Baier.thumbs/FOXNEWSW_20170221_230000_Special_Report_With_Bret_Baier_001948.jpg,"they recognized to be good stewards of their assets long term. pruitt made no mention of climate change to the crowd today but he later told us he thinks the climate is changing, that humans bear some"
https://archive.org/details/FOXNEWSW_20170225_190000_Americas_News_HQ#start/2811/end/2846,2/25/2017 19:47:06,FOXNEWS,Americas News HQ,FOXNEWSW_20170225_190000_Americas_News_HQ,https://archive.org/download/FOXNEWSW_20170225_190000_Americas_News_HQ/FOXNEWSW_20170225_190000_Americas_News_HQ.thumbs/FOXNEWSW_20170225_190000_Americas_News_HQ_002787.jpg,"alabama. mr. palmer spoke to the crowd overflowing to the outside, popular topics at all of the town halls are obamacare, immigration and climate change just yesterday a couple hundred protested outside of a hotel where senate majority leader"
https://archive.org/details/FOXNEWSW_20170216_220000_The_Five#start/3017/end/3052,2/16/2017 22:50:32,FOXNEWS,The Five,FOXNEWSW_20170216_220000_The_Five,https://archive.org/download/FOXNEWSW_20170216_220000_The_Five/FOXNEWSW_20170216_220000_The_Five.thumbs/FOXNEWSW_20170216_220000_The_Five_002997.jpg,"the whistle on things liberals hate. i'm sure if the professor was making fun of 50-odd gender pronouns or skeptical questions about climate change, the student would be exulted. instead by shining a light on an"
https://archive.org/details/FOXNEWSW_20170228_020000_Tucker_Carlson_Tonight#start/1016/end/1051,2/28/2017 2:17:11,FOXNEWS,Tucker Carlson Tonight,FOXNEWSW_20170228_020000_Tucker_Carlson_Tonight,https://archive.org/download/FOXNEWSW_20170228_020000_Tucker_Carlson_Tonight/FOXNEWSW_20170228_020000_Tucker_Carlson_Tonight.thumbs/FOXNEWSW_20170228_020000_Tucker_Carlson_Tonight_001018.jpg,"climate change, the last ice age we had was tens of thousands of years ago. so bear in mind that in ancient dinosaur days there were more carbon dioxide, it was warmer than it is now. i understand you have a congress"
https://archive.org/details/FOXNEWSW_20170228_020000_Tucker_Carlson_Tonight#start/1303/end/1338,2/28/2017 2:21:58,FOXNEWS,Tucker Carlson Tonight,FOXNEWSW_20170228_020000_Tucker_Carlson_Tonight,https://archive.org/download/FOXNEWSW_20170228_020000_Tucker_Carlson_Tonight/FOXNEWSW_20170228_020000_Tucker_Carlson_Tonight.thumbs/FOXNEWSW_20170228_020000_Tucker_Carlson_Tonight_001288.jpg,"tucker: i think that is probably all true. pine bark beetles would not be as overwhelming as they are because of climate change. tucker: you pretend you know but you don't know so many things. you bully people who ask you"
https://archive.org/details/FOXNEWSW_20170213_220000_The_Five#start/1091/end/1126,2/13/2017 22:18:26,FOXNEWS,The Five,FOXNEWSW_20170213_220000_The_Five,https://archive.org/download/FOXNEWSW_20170213_220000_The_Five/FOXNEWSW_20170213_220000_The_Five.thumbs/FOXNEWSW_20170213_220000_The_Five_001077.jpg,"attacks. dana: this surprised me. in their public comments, they didn't talk about climate change and that is one of trudeau's big things. eric: there were a couple noteworthy things during the press conference. there was a moment, i think a"
https://archive.org/details/FOXNEWSW_20170208_090000_Special_Report_With_Bret_Baier#start/1662/end/1697,2/8/2017 9:27:57,FOXNEWS,Special Report With Bret Baier,FOXNEWSW_20170208_090000_Special_Report_With_Bret_Baier,https://archive.org/download/FOXNEWSW_20170208_090000_Special_Report_With_Bret_Baier/FOXNEWSW_20170208_090000_Special_Report_With_Bret_Baier.thumbs/FOXNEWSW_20170208_090000_Special_Report_With_Bret_Baier_001647.jpg,"the climate change controversy this evening. it has to do with data said to be manipulated by scientists and that data was given to then president obama and other world leaders at a critical moment. doug mckelway looks at that night."
https://archive.org/details/FOXNEWSW_20170207_220000_The_Five#start/2425/end/2460,2/7/2017 22:40:40,FOXNEWS,The Five,FOXNEWSW_20170207_220000_The_Five,https://archive.org/download/FOXNEWSW_20170207_220000_The_Five/FOXNEWSW_20170207_220000_The_Five.thumbs/FOXNEWSW_20170207_220000_The_Five_002397.jpg,"what is underreported versus what is over reported. if you look at stories like climate change, police brutality, gender-neutral bathrooms bread they get far more coverage than merited. they do not deserve the same amount of coverage as radical"
https://archive.org/details/FOXNEWSW_20170207_230000_Special_Report_With_Bret_Baier#start/1655/end/1690,2/7/2017 23:27:50,FOXNEWS,Special Report With Bret Baier,FOXNEWSW_20170207_230000_Special_Report_With_Bret_Baier,https://archive.org/download/FOXNEWSW_20170207_230000_Special_Report_With_Bret_Baier/FOXNEWSW_20170207_230000_Special_Report_With_Bret_Baier.thumbs/FOXNEWSW_20170207_230000_Special_Report_With_Bret_Baier_001647.jpg,"court, offering lawmakers no plan b. bill: thank you, catherine herridge. there is an intriguing twist in the climate change controversy this evening. it has to do with data said to be manipulated by scientists and that data was given to then"
https://archive.org/details/FOXNEWSW_20170211_170000_Americas_News_HQ#start/2124/end/2159,2/11/2017 17:35:39,FOXNEWS,Americas News HQ,FOXNEWSW_20170211_170000_Americas_News_HQ,https://archive.org/download/FOXNEWSW_20170211_170000_Americas_News_HQ/FOXNEWSW_20170211_170000_Americas_News_HQ.thumbs/FOXNEWSW_20170211_170000_Americas_News_HQ_002097.jpg,"ohio or pennsylvania, michigan, wisconsin, they'd love to care about climate change, but they care about putting food on the table for kids and why there's such a horrible drug epidemic because there are no jobs this their various states and cities"
https://archive.org/details/FOXNEWSW_20170215_080000_Red_Eye_With_Tom_Shillue#start/1624/end/1659,2/15/2017 8:27:19,FOXNEWS,Red Eye With Tom Shillue,FOXNEWSW_20170215_080000_Red_Eye_With_Tom_Shillue,https://archive.org/download/FOXNEWSW_20170215_080000_Red_Eye_With_Tom_Shillue/FOXNEWSW_20170215_080000_Red_Eye_With_Tom_Shillue.thumbs/FOXNEWSW_20170215_080000_Red_Eye_With_Tom_Shillue_001617.jpg,"it does seem like all of the traditional old-school ones got buried at the bottom of the lis list, i don't like that climate change made the list, that made it feel very, they didn't even say climate disaster, they"
https://archive.org/details/FOXNEWSW_20170215_080000_Red_Eye_With_Tom_Shillue#start/1639/end/1674,2/15/2017 8:27:34,FOXNEWS,Red Eye With Tom Shillue,FOXNEWSW_20170215_080000_Red_Eye_With_Tom_Shillue,https://archive.org/download/FOXNEWSW_20170215_080000_Red_Eye_With_Tom_Shillue/FOXNEWSW_20170215_080000_Red_Eye_With_Tom_Shillue.thumbs/FOXNEWSW_20170215_080000_Red_Eye_With_Tom_Shillue_001617.jpg,"collided climate change. that sounds very political to m me. i don't know, scientists, if you want to go back in time 100 years ago and asked scientist to predict what was going to be our biggest problem now, no chance"
https://archive.org/details/FOXNEWSW_20170215_080000_Red_Eye_With_Tom_Shillue#start/2355/end/2390,2/15/2017 8:39:30,FOXNEWS,Red Eye With Tom Shillue,FOXNEWSW_20170215_080000_Red_Eye_With_Tom_Shillue,https://archive.org/download/FOXNEWSW_20170215_080000_Red_Eye_With_Tom_Shillue/FOXNEWSW_20170215_080000_Red_Eye_With_Tom_Shillue.thumbs/FOXNEWSW_20170215_080000_Red_Eye_With_Tom_Shillue_002337.jpg,"political. except, the vast majority of scientists believe that climate change is a real and major threat. it's political people that make a political. if you're talking about the idea that what is except it is"
https://archive.org/details/FOXNEWSW_20170214_040000_The_OReilly_Factor#start/3039/end/3074,2/14/2017 4:50:54,FOXNEWS,The OReilly Factor,FOXNEWSW_20170214_040000_The_OReilly_Factor,https://archive.org/download/FOXNEWSW_20170214_040000_The_OReilly_Factor/FOXNEWSW_20170214_040000_The_OReilly_Factor.thumbs/FOXNEWSW_20170214_040000_The_OReilly_Factor_003028.jpg,"taking and we can't do anything about it. what do you think you could do to fight climate change? we all have to use our vote and get rid of this guy, donald trump. oh! do you do anything to fight"
https://archive.org/details/FOXNEWSW_20170228_020000_Tucker_Carlson_Tonight#start/971/end/1006,2/28/2017 2:16:26,FOXNEWS,Tucker Carlson Tonight,FOXNEWSW_20170228_020000_Tucker_Carlson_Tonight,https://archive.org/download/FOXNEWSW_20170228_020000_Tucker_Carlson_Tonight/FOXNEWSW_20170228_020000_Tucker_Carlson_Tonight.thumbs/FOXNEWSW_20170228_020000_Tucker_Carlson_Tonight_000958.jpg,"74.3%? please tell us to what degree. the word degree is the word that you chose, at the speed that climate change is happening is caused by humans. instead of happening on timescales of millions of years or let's say 15000 years, it is"
https://archive.org/details/FOXNEWSW_20170226_110000_Fox_and_Friends_Sunday#start/12693/end/12728,2/26/2017 14:31:48,FOXNEWS,Fox and Friends Sunday,FOXNEWSW_20170226_110000_Fox_and_Friends_Sunday,https://archive.org/download/FOXNEWSW_20170226_110000_Fox_and_Friends_Sunday/FOXNEWSW_20170226_110000_Fox_and_Friends_Sunday.thumbs/FOXNEWSW_20170226_110000_Fox_and_Friends_Sunday_012688.jpg,"we need to invest in our country and her ability to create greater opportunities for our kids like affordable college, like the new jobs of this new era. we need to acknowledge science, and we need to harness climate change to create jobs, not deny it."
https://archive.org/details/FOXNEWSW_20170220_210000_Your_World_With_Neil_Cavuto#start/2088/end/2123,2/20/2017 21:35:03,FOXNEWS,Your World With Neil Cavuto,FOXNEWSW_20170220_210000_Your_World_With_Neil_Cavuto,https://archive.org/download/FOXNEWSW_20170220_210000_Your_World_With_Neil_Cavuto/FOXNEWSW_20170220_210000_Your_World_With_Neil_Cavuto.thumbs/FOXNEWSW_20170220_210000_Your_World_With_Neil_Cavuto_002067.jpg,"muslims. which he called a ban -- neil: it's not a ban. it's an order. it's a pause. neil: what was it when barack obama did it? he didn't do it. neil: okay. they're protesting climate change. so this are -- neil: you're never going to"
https://archive.org/details/FOXNEWSW_20170225_170000_Americas_News_HQ#start/976/end/1011,2/25/2017 17:16:31,FOXNEWS,Americas News HQ,FOXNEWSW_20170225_170000_Americas_News_HQ,https://archive.org/download/FOXNEWSW_20170225_170000_Americas_News_HQ/FOXNEWSW_20170225_170000_Americas_News_HQ.thumbs/FOXNEWSW_20170225_170000_Americas_News_HQ_000957.jpg,"other messages we hear coming out, climate change, transgender rights, various other sort of, what one person said to me is the fringe issues that seems to be taking center stage so often? yes, look, we've got to be bold about those issues, we"
https://archive.org/details/FOXNEWSW_20170225_170000_Americas_News_HQ#start/4617/end/4652,2/25/2017 18:17:12,FOXNEWS,Americas News HQ,FOXNEWSW_20170225_170000_Americas_News_HQ,https://archive.org/download/FOXNEWSW_20170225_170000_Americas_News_HQ/FOXNEWSW_20170225_170000_Americas_News_HQ.thumbs/FOXNEWSW_20170225_170000_Americas_News_HQ_004617.jpg,"issues, transgender rights, climate change, rather than a real message about jobs and working class democrats who very clearly left the report in 2016 and voted for donald trump. big discussions here about how to get that back, the direction of the democratic party."
https://archive.org/details/FOXNEWSW_20170203_200000_Shepard_Smith_Reporting#start/1730/end/1765,2/3/2017 20:29:05,FOXNEWS,Shepard Smith Reporting,FOXNEWSW_20170203_200000_Shepard_Smith_Reporting,https://archive.org/download/FOXNEWSW_20170203_200000_Shepard_Smith_Reporting/FOXNEWSW_20170203_200000_Shepard_Smith_Reporting.thumbs/FOXNEWSW_20170203_200000_Shepard_Smith_Reporting_001707.jpg,"i think people want -- a lot of people want to see her as liberal. people that are scared of the trump presidency, they see her as someone they can pin their hopes and dreams on that she's more moderate on climate change and other issues."
https://archive.org/details/FOXNEWSW_20170214_010000_The_OReilly_Factor#start/994/end/1029,2/14/2017 1:16:49,FOXNEWS,The OReilly Factor,FOXNEWSW_20170214_010000_The_OReilly_Factor,https://archive.org/download/FOXNEWSW_20170214_010000_The_OReilly_Factor/FOXNEWSW_20170214_010000_The_OReilly_Factor.thumbs/FOXNEWSW_20170214_010000_The_OReilly_Factor_000987.jpg,"they got to prioritize who they detain it with a nod. bill: we appreciate it very much. thank you, directly ahead, charles krauthammer on the personal attacks president trump is being subjected to. later, watters talking to the folks about climate change. those reports after these"
https://archive.org/details/FOXNEWSW_20170228_050000_Tucker_Carlson_Tonight#start/917/end/952,2/28/2017 5:15:32,FOXNEWS,Tucker Carlson Tonight,FOXNEWSW_20170228_050000_Tucker_Carlson_Tonight,https://archive.org/download/FOXNEWSW_20170228_050000_Tucker_Carlson_Tonight/FOXNEWSW_20170228_050000_Tucker_Carlson_Tonight.thumbs/FOXNEWSW_20170228_050000_Tucker_Carlson_Tonight_000897.jpg,"that yes, the climate is changing. it has always been changing. it is the rate that is such a concern. tucker: at the core question from want i can tell is why the change? is it part of the endless t cyce of climate change or human activity?"
https://archive.org/details/FOXNEWSW_20170228_050000_Tucker_Carlson_Tonight#start/1168/end/1203,2/28/2017 5:19:43,FOXNEWS,Tucker Carlson Tonight,FOXNEWSW_20170228_050000_Tucker_Carlson_Tonight,https://archive.org/download/FOXNEWSW_20170228_050000_Tucker_Carlson_Tonight/FOXNEWSW_20170228_050000_Tucker_Carlson_Tonight.thumbs/FOXNEWSW_20170228_050000_Tucker_Carlson_Tonight_001167.jpg,"which i am doing. you don't seem to have the answers to those questions. i claim i do have the answers. let me ask you this. why aren't you concerned about it? don't you have four children? why aren't you concerned about climate change? tucker: i am concerned,"
https://archive.org/details/FOXNEWSW_20170222_110000_FOX__Friends#start/286/end/321,2/22/2017 11:05:01,FOXNEWS,FOX  Friends,FOXNEWSW_20170222_110000_FOX__Friends,https://archive.org/download/FOXNEWSW_20170222_110000_FOX__Friends/FOXNEWSW_20170222_110000_FOX__Friends.thumbs/FOXNEWSW_20170222_110000_FOX__Friends_000268.jpg,"might lose their healthcare. they are worried about climate change. they are angry donald trump is president of the united states. brian: keep in mind if hillary clinton was president they would be doing a massive overhaul of obamacare. donald trump is looking at this and watching humana and"
https://archive.org/details/FOXNEWSW_20170218_050000_Tucker_Carlson_Tonight#start/371/end/406,2/18/2017 5:06:26,FOXNEWS,Tucker Carlson Tonight,FOXNEWSW_20170218_050000_Tucker_Carlson_Tonight,https://archive.org/download/FOXNEWSW_20170218_050000_Tucker_Carlson_Tonight/FOXNEWSW_20170218_050000_Tucker_Carlson_Tonight.thumbs/FOXNEWSW_20170218_050000_Tucker_Carlson_Tonight_000358.jpg,"people. ed: to be fair, scott pruitt is somebody in oklahoma as the attorney general, he has been, to say, a skeptic of climate change would be the understatement perhaps of the year. when christine todd whitman today was quoted in 'the new york times' ,' a modere republican, former governor of"
https://archive.org/details/FOXNEWSW_20170218_200000_The_Journal_Editorial_Report#start/3171/end/3206,2/18/2017 20:53:06,FOXNEWS,The Journal Editorial Report,FOXNEWSW_20170218_200000_The_Journal_Editorial_Report,https://archive.org/download/FOXNEWSW_20170218_200000_The_Journal_Editorial_Report/FOXNEWSW_20170218_200000_The_Journal_Editorial_Report.thumbs/FOXNEWSW_20170218_200000_The_Journal_Editorial_Report_003148.jpg,"there was so much whining about the drought, and perhaps they were believing their rhetoric that this was some sort of new state of affairs under climate change that here we are, this infrastructure be that jerry brown is talking about so much about, of course, you can't"
https://archive.org/details/FOXNEWSW_20170223_170000_Outnumbered#start/1344/end/1379,2/23/2017 17:22:39,FOXNEWS,Outnumbered,FOXNEWSW_20170223_170000_Outnumbered,https://archive.org/download/FOXNEWSW_20170223_170000_Outnumbered/FOXNEWSW_20170223_170000_Outnumbered.thumbs/FOXNEWSW_20170223_170000_Outnumbered_001318.jpg,"that regard, then i think that -- i have to say this very quickly. i think the social issues are a big distraction for the right the way that climate change is for the left come in at this point, coming up with problems to argue about and deciding"
https://archive.org/details/FOXNEWSW_20170219_200000_The_Journal_Editorial_Report#start/3169/end/3204,2/19/2017 20:53:04,FOXNEWS,The Journal Editorial Report,FOXNEWSW_20170219_200000_The_Journal_Editorial_Report,https://archive.org/download/FOXNEWSW_20170219_200000_The_Journal_Editorial_Report/FOXNEWSW_20170219_200000_The_Journal_Editorial_Report.thumbs/FOXNEWSW_20170219_200000_The_Journal_Editorial_Report_003148.jpg,"least the possibility of success. there was so much whining about the drought, and perhaps they were believing their rhetoric that this was some sort of new state of affairs under climate change that here we are, this infrastructure be that jerry brown is talking about so much"
https://archive.org/details/FOXNEWSW_20170214_010000_The_OReilly_Factor#start/2908/end/2943,2/14/2017 1:48:43,FOXNEWS,The OReilly Factor,FOXNEWSW_20170214_010000_The_OReilly_Factor,https://archive.org/download/FOXNEWSW_20170214_010000_The_OReilly_Factor/FOXNEWSW_20170214_010000_The_OReilly_Factor.thumbs/FOXNEWSW_20170214_010000_The_OReilly_Factor_002757.jpg,"bill: back of the book segment tonight, 'watters world,' as we get a blizzard here in new york city. what a better time to send watters out to talk to the folks about climate change? where you from? i am from russia? what's up, comrade? good, perfect. i say, no."
https://archive.org/details/FOXNEWSW_20170215_040000_The_OReilly_Factor#start/1595/end/1630,2/15/2017 4:26:50,FOXNEWS,The OReilly Factor,FOXNEWSW_20170215_040000_The_OReilly_Factor,https://archive.org/download/FOXNEWSW_20170215_040000_The_OReilly_Factor/FOXNEWSW_20170215_040000_The_OReilly_Factor.thumbs/FOXNEWSW_20170215_040000_The_OReilly_Factor_001587.jpg,"issues like climate change. which the majority of americans don't list as their top issues. i think you can see the way it does impact the democratic party, by looking at the current house makeup. you have got more than one-third of democrats coming from california, massachusetts, and"
https://archive.org/details/FOXNEWSW_20170222_110000_FOX__Friends#start/302/end/337,2/22/2017 11:05:17,FOXNEWS,FOX  Friends,FOXNEWSW_20170222_110000_FOX__Friends,https://archive.org/download/FOXNEWSW_20170222_110000_FOX__Friends/FOXNEWSW_20170222_110000_FOX__Friends.thumbs/FOXNEWSW_20170222_110000_FOX__Friends_000298.jpg,"etna jump out of obamacare. these people showing up probably don't even have obamacare. next up though will be climate change and what we're going to do about the paris agreement and our role there. these things will only increase. i think for the most part you saw a lot of republicans"
https://archive.org/details/FOXNEWSW_20170225_190000_Americas_News_HQ#start/2304/end/2339,2/25/2017 19:38:39,FOXNEWS,Americas News HQ,FOXNEWSW_20170225_190000_Americas_News_HQ,https://archive.org/download/FOXNEWSW_20170225_190000_Americas_News_HQ/FOXNEWSW_20170225_190000_Americas_News_HQ.thumbs/FOXNEWSW_20170225_190000_Americas_News_HQ_002277.jpg,"party are coming from think tanks. folks who are interested in climate change and gender rights and these kinds of issues that may not represent the bulk of the party. robert, we appreciate you being with us and staying with us. stick around, we are going to see it's your faction that"
https://archive.org/details/FOXNEWSW_20170228_050000_Tucker_Carlson_Tonight#start/901/end/936,2/28/2017 5:15:16,FOXNEWS,Tucker Carlson Tonight,FOXNEWSW_20170228_050000_Tucker_Carlson_Tonight,https://archive.org/download/FOXNEWSW_20170228_050000_Tucker_Carlson_Tonight/FOXNEWSW_20170228_050000_Tucker_Carlson_Tonight.thumbs/FOXNEWSW_20170228_050000_Tucker_Carlson_Tonight_000897.jpg,"don't get me wrong, i love you as a person more than life itself, but the evidence for climate change is overwhelming. so we are looking for an explanation as to why you guys struggle with that. tucker: before you try to end a conversation, let's ask what exactly you mean. i think most people are open"
https://archive.org/details/FOXNEWSW_20170228_050000_Tucker_Carlson_Tonight#start/1012/end/1047,2/28/2017 5:17:07,FOXNEWS,Tucker Carlson Tonight,FOXNEWSW_20170228_050000_Tucker_Carlson_Tonight,https://archive.org/download/FOXNEWSW_20170228_050000_Tucker_Carlson_Tonight/FOXNEWSW_20170228_050000_Tucker_Carlson_Tonight.thumbs/FOXNEWSW_20170228_050000_Tucker_Carlson_Tonight_000987.jpg,"it have changed with human activity? you look annoyed that i'm asking these questions, but they are very basic questions. basically the cycles of climate change, the last ice age we had was tens of thousands of years ago. so bear in mind that in ancient dinosaur days there were more carbon dioxide, it was warmer than it is now."
