﻿URL,MatchDateTime,Station,Show,IAShowID,IAPreviewThumb,Snippet
https://archive.org/details/FOXNEWSW_20111031_010000_Justice_With_Judge_Jeanine#start/2489/end/2524,10/31/2011 1:41:44,FOXNEWS,Justice With Judge Jeanine,FOXNEWSW_20111031_010000_Justice_With_Judge_Jeanine,https://archive.org/download/FOXNEWSW_20111031_010000_Justice_With_Judge_Jeanine/FOXNEWSW_20111031_010000_Justice_With_Judge_Jeanine.thumbs/FOXNEWSW_20111031_010000_Justice_With_Judge_Jeanine_002490.jpg,"pollutants and greenhouse gases that may well be significant contributors to the climate change and global warming that you are seeing. my view is we don't know what is causing climate change on this planet and the idea of spending trillions of dollars to"
https://archive.org/details/FOXNEWSW_20111002_190000_Americas_News_Headquarters#start/1407/end/1442,10/2/2011 19:23:42,FOXNEWS,Americas News Headquarters,FOXNEWSW_20111002_190000_Americas_News_Headquarters,https://archive.org/download/FOXNEWSW_20111002_190000_Americas_News_Headquarters/FOXNEWSW_20111002_190000_Americas_News_Headquarters.thumbs/FOXNEWSW_20111002_190000_Americas_News_Headquarters_001406.jpg,"security act of 2007. (applause) the law in effect banned the incandescent light bulb gradually starting in january, 2012. the main idea was to reduce greenhouse gases."
https://archive.org/details/FOXNEWSW_20111029_160000_Americas_News_Headquarters#start/299/end/334,10/29/2011 16:05:14,FOXNEWS,Americas News Headquarters,FOXNEWSW_20111029_160000_Americas_News_Headquarters,https://archive.org/download/FOXNEWSW_20111029_160000_Americas_News_Headquarters/FOXNEWSW_20111029_160000_Americas_News_Headquarters.thumbs/FOXNEWSW_20111029_160000_Americas_News_Headquarters_000297.jpg,"new hampshire. he is polling well but lost his top spot to herman cain. perry accused mitt romney of flip flopping on everything from handguns and global warming."
https://archive.org/details/FOXNEWSW_20111031_010000_Justice_With_Judge_Jeanine#start/2520/end/2555,10/31/2011 1:42:15,FOXNEWS,Justice With Judge Jeanine,FOXNEWSW_20111031_010000_Justice_With_Judge_Jeanine,https://archive.org/download/FOXNEWSW_20111031_010000_Justice_With_Judge_Jeanine/FOXNEWSW_20111031_010000_Justice_With_Judge_Jeanine.thumbs/FOXNEWSW_20111031_010000_Justice_With_Judge_Jeanine_002520.jpg,"would agree his biggest problem is his reputation as a flip flopper. he seemed to have a bad week. as you saw seem to do change his position from what he said earlier on global warming and the need to control greenhouse"
https://archive.org/details/FOXNEWSW_20111031_080000_Justice_With_Judge_Jeanine#start/2490/end/2525,10/31/2011 8:41:45,FOXNEWS,Justice With Judge Jeanine,FOXNEWSW_20111031_080000_Justice_With_Judge_Jeanine,https://archive.org/download/FOXNEWSW_20111031_080000_Justice_With_Judge_Jeanine/FOXNEWSW_20111031_080000_Justice_With_Judge_Jeanine.thumbs/FOXNEWSW_20111031_080000_Justice_With_Judge_Jeanine_002490.jpg,"pollutants and greenhouse gases that may be contributors. my view is that we don't know what is causing climate change on this planet and the idea of spending trillions and trillions o of dollars to try d"
https://archive.org/details/FOXNEWSW_20111029_100000_FOX_and_Friends_Saturday#start/7767/end/7802,10/29/2011 12:09:42,FOXNEWS,FOX and Friends Saturday,FOXNEWSW_20111029_100000_FOX_and_Friends_Saturday,https://archive.org/download/FOXNEWSW_20111029_100000_FOX_and_Friends_Saturday/FOXNEWSW_20111029_100000_FOX_and_Friends_Saturday.thumbs/FOXNEWSW_20111029_100000_FOX_and_Friends_Saturday_007740.jpg,"coming out on the flip-flops. a major departure from what he has previously said. my view is we don't know what causing climate change on this"
https://archive.org/details/FOXNEWSW_20111030_220000_FOX_News_Sunday_With_Chris_Wallace#start/2487/end/2522,10/30/2011 22:41:42,FOXNEWS,FOX News Sunday With Chris Wallace,FOXNEWSW_20111030_220000_FOX_News_Sunday_With_Chris_Wallace,https://archive.org/download/FOXNEWSW_20111030_220000_FOX_News_Sunday_With_Chris_Wallace/FOXNEWSW_20111030_220000_FOX_News_Sunday_With_Chris_Wallace.thumbs/FOXNEWSW_20111030_220000_FOX_News_Sunday_With_Chris_Wallace_002486.jpg,"that. it is important for us to reduce our emissions of pollutants and greenhouse gases that may be contributors. my view is that we don't know what is causing climate change on this planet and the idea of spending trillions and"
https://archive.org/details/FOXNEWSW_20111029_100000_FOX_and_Friends_Saturday#start/7797/end/7832,10/29/2011 12:10:12,FOXNEWS,FOX and Friends Saturday,FOXNEWSW_20111029_100000_FOX_and_Friends_Saturday,https://archive.org/download/FOXNEWSW_20111029_100000_FOX_and_Friends_Saturday/FOXNEWSW_20111029_100000_FOX_and_Friends_Saturday.thumbs/FOXNEWSW_20111029_100000_FOX_and_Friends_Saturday_007770.jpg,"in on that. dave: that would be an agent, do we pass cap and trade legislation but here is the take back in june on the issue of climate change."
https://archive.org/details/FOXNEWSW_20111002_180000_FOX_News_Sunday_With_Chris_Wallace#start/218/end/253,10/2/2011 18:03:53,FOXNEWS,FOX News Sunday With Chris Wallace,FOXNEWSW_20111002_180000_FOX_News_Sunday_With_Chris_Wallace,https://archive.org/download/FOXNEWSW_20111002_180000_FOX_News_Sunday_With_Chris_Wallace/FOXNEWSW_20111002_180000_FOX_News_Sunday_With_Chris_Wallace.thumbs/FOXNEWSW_20111002_180000_FOX_News_Sunday_With_Chris_Wallace_000206.jpg,"chris christie. he supports because people are now looking at his record over the leers he has supported a ban on assault weapons, supported civil unions for same sex couples. he says being in this country without documentation is not a crime and that global warming"
https://archive.org/details/FOXNEWSW_20111003_060000_FOX_News_Sunday_With_Chris_Wallace#start/218/end/253,10/3/2011 6:03:53,FOXNEWS,FOX News Sunday With Chris Wallace,FOXNEWSW_20111003_060000_FOX_News_Sunday_With_Chris_Wallace,https://archive.org/download/FOXNEWSW_20111003_060000_FOX_News_Sunday_With_Chris_Wallace/FOXNEWSW_20111003_060000_FOX_News_Sunday_With_Chris_Wallace.thumbs/FOXNEWSW_20111003_060000_FOX_News_Sunday_With_Chris_Wallace_000207.jpg,"chris christie. he supports because people are now looking at his record over the leers he has supported a ban on assault weapons, supported civil unions for same sex couples. he says being in this country without documentation is not a crime and that global warming"
https://archive.org/details/FOXNEWSW_20111003_100000_FOX_and_Friends#start/327/end/362,10/3/2011 10:05:42,FOXNEWS,FOX and Friends,FOXNEWSW_20111003_100000_FOX_and_Friends,https://archive.org/download/FOXNEWSW_20111003_100000_FOX_and_Friends/FOXNEWSW_20111003_100000_FOX_and_Friends.thumbs/FOXNEWSW_20111003_100000_FOX_and_Friends_000326.jpg,"boston, occupy columbus, ohio, occupy chicago, occupy l.a., occupy providence, rhode island as well. what's their message? they don't know! corporate greed, that's what it is. social inequity. global climate change and"
https://archive.org/details/FOXNEWSW_20111029_170000_Americas_News_Headquarters#start/559/end/594,10/29/2011 17:09:34,FOXNEWS,Americas News Headquarters,FOXNEWSW_20111029_170000_Americas_News_Headquarters,https://archive.org/download/FOXNEWSW_20111029_170000_Americas_News_Headquarters/FOXNEWSW_20111029_170000_Americas_News_Headquarters.thumbs/FOXNEWSW_20111029_170000_Americas_News_Headquarters_000536.jpg,"know what's causing climate change on this planet and the idea of spending trillions and trillions of dollars to try and reduce co 2 emissions is not the right course for us. the perry camp says that questioning the cause of global warming is a flip for"
https://archive.org/details/FOXNEWSW_20111002_020000_Stossel#start/176/end/211,10/2/2011 2:03:11,FOXNEWS,Stossel,FOXNEWSW_20111002_020000_Stossel,https://archive.org/download/FOXNEWSW_20111002_020000_Stossel/FOXNEWSW_20111002_020000_Stossel.thumbs/FOXNEWSW_20111002_020000_Stossel_000150.jpg,"greenhouse gases. while solyndra was awaiting a decision then candidate barack obama was promising to spend even bigger thon green technolo. my energy plan will invest"
https://archive.org/details/FOXNEWSW_20111002_090000_Geraldo_at_Large#start/172/end/207,10/2/2011 9:03:07,FOXNEWS,Geraldo at Large,FOXNEWSW_20111002_090000_Geraldo_at_Large,https://archive.org/download/FOXNEWSW_20111002_090000_Geraldo_at_Large/FOXNEWSW_20111002_090000_Geraldo_at_Large.thumbs/FOXNEWSW_20111002_090000_Geraldo_at_Large_000147.jpg,"energy for a government loan guarantee under a bush administration program to reduce greenhouse gases. while solyndra was awaiting a decision then candidate barack obama was promising to spend"
https://archive.org/details/FOXNEWSW_20111002_190000_Americas_News_Headquarters#start/174/end/209,10/2/2011 19:03:09,FOXNEWS,Americas News Headquarters,FOXNEWSW_20111002_190000_Americas_News_Headquarters,https://archive.org/download/FOXNEWSW_20111002_190000_Americas_News_Headquarters/FOXNEWSW_20111002_190000_Americas_News_Headquarters.thumbs/FOXNEWSW_20111002_190000_Americas_News_Headquarters_000146.jpg,"guarantee under a bush administration program to reduce greenhouse gases. while solyndra was awaiting a decision then candidate barack obama was promising to spend even bigger thon green technolo."
https://archive.org/details/FOXNEWSW_20111002_050000_Stossel#start/172/end/207,10/2/2011 5:03:07,FOXNEWS,Stossel,FOXNEWSW_20111002_050000_Stossel,https://archive.org/download/FOXNEWSW_20111002_050000_Stossel/FOXNEWSW_20111002_050000_Stossel.thumbs/FOXNEWSW_20111002_050000_Stossel_000150.jpg,"energy for a government loan guarantee under a bush administration program to reduce greenhouse gases. while solyndra was awaiting a decision then candidate barack obama was promising to spend"
https://archive.org/details/FOXNEWSW_20111002_090000_Geraldo_at_Large#start/1420/end/1455,10/2/2011 9:23:55,FOXNEWS,Geraldo at Large,FOXNEWSW_20111002_090000_Geraldo_at_Large,https://archive.org/download/FOXNEWSW_20111002_090000_Geraldo_at_Large/FOXNEWSW_20111002_090000_Geraldo_at_Large.thumbs/FOXNEWSW_20111002_090000_Geraldo_at_Large_001407.jpg,"greenhouse gases. but one of the measures co-sponsors congressman fred upton said it would create jobs, too. the michigan republican wrote in a press release saying quote today's incandescent bulbs"
https://archive.org/details/FOXNEWSW_20111002_020000_Stossel#start/1407/end/1442,10/2/2011 2:23:42,FOXNEWS,Stossel,FOXNEWSW_20111002_020000_Stossel,https://archive.org/download/FOXNEWSW_20111002_020000_Stossel/FOXNEWSW_20111002_020000_Stossel.thumbs/FOXNEWSW_20111002_020000_Stossel_001410.jpg,"(applause) the law in effect banned the incandescent light bulb gradually starting in january, 2012. the main idea was to reduce greenhouse gases. but one of the measures"
https://archive.org/details/FOXNEWSW_20111002_050000_Stossel#start/1414/end/1449,10/2/2011 5:23:49,FOXNEWS,Stossel,FOXNEWSW_20111002_050000_Stossel,https://archive.org/download/FOXNEWSW_20111002_050000_Stossel/FOXNEWSW_20111002_050000_Stossel.thumbs/FOXNEWSW_20111002_050000_Stossel_001410.jpg,"gradually starting in january, 2012. the main idea was to reduce greenhouse gases. but one of the measures co-sponsors congressman fred upton said it would create jobs, too. the michigan republican wrote in"
https://archive.org/details/FOXNEWSW_20111026_080000_Special_Report_With_Bret_Baier#start/2526/end/2561,10/26/2011 8:42:21,FOXNEWS,Special Report With Bret Baier,FOXNEWSW_20111026_080000_Special_Report_With_Bret_Baier,https://archive.org/download/FOXNEWSW_20111026_080000_Special_Report_With_Bret_Baier/FOXNEWSW_20111026_080000_Special_Report_With_Bret_Baier.thumbs/FOXNEWSW_20111026_080000_Special_Report_With_Bret_Baier_002516.jpg,"it will evolve. the scientific community has a responsibility to explain itself. is there a difference between evolution and global warming. global warming has implicatio implications for trillions of dollars of tax money and changing the way that america"
https://archive.org/details/FOXNEWSW_20111025_220000_Special_Report_With_Bret_Baier#start/2526/end/2561,10/25/2011 22:42:21,FOXNEWS,Special Report With Bret Baier,FOXNEWSW_20111025_220000_Special_Report_With_Bret_Baier,https://archive.org/download/FOXNEWSW_20111025_220000_Special_Report_With_Bret_Baier/FOXNEWSW_20111025_220000_Special_Report_With_Bret_Baier.thumbs/FOXNEWSW_20111025_220000_Special_Report_With_Bret_Baier_002516.jpg,"it will evolve. the scientific community has a responsibility to explain itself. is there a difference between evolution and global warming. global warming has implicatio implications for trillions of dollars of tax money and changing the way that america"
https://archive.org/details/FOXNEWSW_20111031_060000_FOX_News_Sunday_With_Chris_Wallace#start/2483/end/2518,10/31/2011 6:41:38,FOXNEWS,FOX News Sunday With Chris Wallace,FOXNEWSW_20111031_060000_FOX_News_Sunday_With_Chris_Wallace,https://archive.org/download/FOXNEWSW_20111031_060000_FOX_News_Sunday_With_Chris_Wallace/FOXNEWSW_20111031_060000_FOX_News_Sunday_With_Chris_Wallace.thumbs/FOXNEWSW_20111031_060000_FOX_News_Sunday_With_Chris_Wallace_002307.jpg,"i believe based on what i read that the world is getting warmer and humans contribute to that. it is important for us to reduce our emissions of pollutants and greenhouse gases that may be contributors. my view is that we don't"
https://archive.org/details/FOXNEWSW_20111030_180000_FOX_News_Sunday_With_Chris_Wallace#start/2483/end/2518,10/30/2011 18:41:38,FOXNEWS,FOX News Sunday With Chris Wallace,FOXNEWSW_20111030_180000_FOX_News_Sunday_With_Chris_Wallace,https://archive.org/download/FOXNEWSW_20111030_180000_FOX_News_Sunday_With_Chris_Wallace/FOXNEWSW_20111030_180000_FOX_News_Sunday_With_Chris_Wallace.thumbs/FOXNEWSW_20111030_180000_FOX_News_Sunday_With_Chris_Wallace_002456.jpg,"i believe based on what i read that the world is getting warmer and humans contribute to that. it is important for us to reduce our emissions of pollutants and greenhouse gases that may be contributors. my view is that we don't"
https://archive.org/details/FOXNEWSW_20111002_100000_FOX_and_Friends_Sunday#start/13729/end/13764,10/2/2011 13:49:04,FOXNEWS,FOX and Friends Sunday,FOXNEWSW_20111002_100000_FOX_and_Friends_Sunday,https://archive.org/download/FOXNEWSW_20111002_100000_FOX_and_Friends_Sunday/FOXNEWSW_20111002_100000_FOX_and_Friends_Sunday.thumbs/FOXNEWSW_20111002_100000_FOX_and_Friends_Sunday_013710.jpg,"believed in man made global warming in the context of vetoing a global warming bill. you have to look at what he does. juliet: ann -- he says he's the most conservative governor new jersey ever had. juliet: on that note, thanks for waking up bright and early for us on the west coast."
https://archive.org/details/FOXNEWSW_20111008_090000_The_OReilly_Factor#start/536/end/571,10/8/2011 9:09:11,FOXNEWS,The OReilly Factor,FOXNEWSW_20111008_090000_The_OReilly_Factor,https://archive.org/download/FOXNEWSW_20111008_090000_The_OReilly_Factor/FOXNEWSW_20111008_090000_The_OReilly_Factor.thumbs/FOXNEWSW_20111008_090000_The_OReilly_Factor_000536.jpg,"on president obama's doorstep, correct? i think solyndra is -- remember when during the climate change summit in denmark, i think it was, there was a scandal of how the climate change scientists had gym mid"
https://archive.org/details/FOXNEWSW_20111008_000000_The_OReilly_Factor#start/544/end/579,10/8/2011 0:09:19,FOXNEWS,The OReilly Factor,FOXNEWSW_20111008_000000_The_OReilly_Factor,https://archive.org/download/FOXNEWSW_20111008_000000_The_OReilly_Factor/FOXNEWSW_20111008_000000_The_OReilly_Factor.thumbs/FOXNEWSW_20111008_000000_The_OReilly_Factor_000537.jpg,"think it was, there was a scandal of how the climate change scientists had gym mid the result and falsified the results? that was the end of climate change's momentum toward any kind of significant cap and trade legislation, for example."
https://archive.org/details/FOXNEWSW_20111008_030000_The_OReilly_Factor#start/544/end/579,10/8/2011 3:09:19,FOXNEWS,The OReilly Factor,FOXNEWSW_20111008_030000_The_OReilly_Factor,https://archive.org/download/FOXNEWSW_20111008_030000_The_OReilly_Factor/FOXNEWSW_20111008_030000_The_OReilly_Factor.thumbs/FOXNEWSW_20111008_030000_The_OReilly_Factor_000537.jpg,"think it was, there was a scandal of how the climate change scientists had gym mid the result and falsified the results? that was the end of climate change's momentum toward any kind of significant cap and trade legislation, for example."
https://archive.org/details/FOXNEWSW_20111026_080000_Special_Report_With_Bret_Baier#start/2457/end/2492,10/26/2011 8:41:12,FOXNEWS,Special Report With Bret Baier,FOXNEWSW_20111026_080000_Special_Report_With_Bret_Baier,https://archive.org/download/FOXNEWSW_20111026_080000_Special_Report_With_Bret_Baier/FOXNEWSW_20111026_080000_Special_Report_With_Bret_Baier.thumbs/FOXNEWSW_20111026_080000_Special_Report_With_Bret_Baier_002456.jpg,"science. bret: charles? agnostic on global warming, does it make me antiscience? of course not. it means that you have got a position and i respect that."
https://archive.org/details/FOXNEWSW_20111025_220000_Special_Report_With_Bret_Baier#start/2457/end/2492,10/25/2011 22:41:12,FOXNEWS,Special Report With Bret Baier,FOXNEWSW_20111025_220000_Special_Report_With_Bret_Baier,https://archive.org/download/FOXNEWSW_20111025_220000_Special_Report_With_Bret_Baier/FOXNEWSW_20111025_220000_Special_Report_With_Bret_Baier.thumbs/FOXNEWSW_20111025_220000_Special_Report_With_Bret_Baier_002456.jpg,"science. bret: charles? agnostic on global warming, does it make me antiscience? of course not. it means that you have got a position and i respect that."
https://archive.org/details/FOXNEWSW_20111029_170000_Americas_News_Headquarters#start/513/end/548,10/29/2011 17:08:48,FOXNEWS,Americas News Headquarters,FOXNEWSW_20111029_170000_Americas_News_Headquarters,https://archive.org/download/FOXNEWSW_20111029_170000_Americas_News_Headquarters/FOXNEWSW_20111029_170000_Americas_News_Headquarters.thumbs/FOXNEWSW_20111029_170000_Americas_News_Headquarters_000506.jpg,"attorney general, jamie. jamie: peter, thanks. kelly: action heating up on the campaign trail. gop accusing mitt romney of the global warming and tea party groups calling for"
https://archive.org/details/FOXNEWSW_20111008_070000_Red_Eye#start/1619/end/1654,10/8/2011 7:27:14,FOXNEWS,Red Eye,FOXNEWSW_20111008_070000_Red_Eye,https://archive.org/download/FOXNEWSW_20111008_070000_Red_Eye/FOXNEWSW_20111008_070000_Red_Eye.thumbs/FOXNEWSW_20111008_070000_Red_Eye_001617.jpg,"this, bill. you have to agree with me on this one. you disagree with me on my feelings about man made global warming. the simple point here is if"
https://archive.org/details/FOXNEWSW_20111012_060000_The_Five#start/3153/end/3188,10/12/2011 6:52:48,FOXNEWS,The Five,FOXNEWSW_20111012_060000_The_Five,https://archive.org/download/FOXNEWSW_20111012_060000_The_Five/FOXNEWSW_20111012_060000_The_Five.thumbs/FOXNEWSW_20111012_060000_The_Five_003150.jpg,"show. i know what it's called. he's not acting on the show. a little bit about his history with his wife, the big global warming person of concern."
https://archive.org/details/FOXNEWSW_20111031_010000_Justice_With_Judge_Jeanine#start/2499/end/2534,10/31/2011 1:41:54,FOXNEWS,Justice With Judge Jeanine,FOXNEWSW_20111031_010000_Justice_With_Judge_Jeanine,https://archive.org/download/FOXNEWSW_20111031_010000_Justice_With_Judge_Jeanine/FOXNEWSW_20111031_010000_Justice_With_Judge_Jeanine.thumbs/FOXNEWSW_20111031_010000_Justice_With_Judge_Jeanine_002490.jpg,"try to reduce co2 emissions is not the right course for us. mitt romney's apparent flip flop this week on global warming. we are back with the panel we"
https://archive.org/details/FOXNEWSW_20111011_210000_The_Five#start/3153/end/3188,10/11/2011 21:52:48,FOXNEWS,The Five,FOXNEWSW_20111011_210000_The_Five,https://archive.org/download/FOXNEWSW_20111011_210000_The_Five/FOXNEWSW_20111011_210000_The_Five.thumbs/FOXNEWSW_20111011_210000_The_Five_003150.jpg,"enthusiasm' and i love that show. i know what it's called. he's not acting on the show. a little bit about his history with his wife, the big global warming person of concern."
https://archive.org/details/FOXNEWSW_20111003_100000_FOX_and_Friends#start/6357/end/6392,10/3/2011 11:46:12,FOXNEWS,FOX and Friends,FOXNEWSW_20111003_100000_FOX_and_Friends,https://archive.org/download/FOXNEWSW_20111003_100000_FOX_and_Friends/FOXNEWSW_20111003_100000_FOX_and_Friends.thumbs/FOXNEWSW_20111003_100000_FOX_and_Friends_006356.jpg,"what do the occupy wall street protesters stand for? some claim they're rallying against corporate greed. others say they're fighting global warming, social inequity, gas prices. joining us right now is fox news"
https://archive.org/details/FOXNEWSW_20111002_140000_Americas_News_Headquarters#start/5731/end/5766,10/2/2011 15:35:46,FOXNEWS,Americas News Headquarters,FOXNEWSW_20111002_140000_Americas_News_Headquarters,https://archive.org/download/FOXNEWSW_20111002_140000_Americas_News_Headquarters/FOXNEWSW_20111002_140000_Americas_News_Headquarters.thumbs/FOXNEWSW_20111002_140000_Americas_News_Headquarters_005727.jpg,"back? well, jamie, they have been demonstrating for two weeks holding science and protesting everything from corporate agreed and social inequality to global warming. it had been peaceful until clashes with police began"
https://archive.org/details/FOXNEWSW_20111002_220000_FOX_News_Sunday_With_Chris_Wallace#start/2916/end/2951,10/2/2011 22:48:51,FOXNEWS,FOX News Sunday With Chris Wallace,FOXNEWSW_20111002_220000_FOX_News_Sunday_With_Chris_Wallace,https://archive.org/download/FOXNEWSW_20111002_220000_FOX_News_Sunday_With_Chris_Wallace/FOXNEWSW_20111002_220000_FOX_News_Sunday_With_Chris_Wallace.thumbs/FOXNEWSW_20111002_220000_FOX_News_Sunday_With_Chris_Wallace_002906.jpg,"guns -- immigration, he says global warming is real and at least partly man made. right, right. with all due respect to bill, the people who are chasing after governor christie remind me of a"
https://archive.org/details/FOXNEWSW_20111002_200000_Americas_News_Headquarters#start/3794/end/3829,10/2/2011 21:03:29,FOXNEWS,Americas News Headquarters,FOXNEWSW_20111002_200000_Americas_News_Headquarters,https://archive.org/download/FOXNEWSW_20111002_200000_Americas_News_Headquarters/FOXNEWSW_20111002_200000_Americas_News_Headquarters.thumbs/FOXNEWSW_20111002_200000_Americas_News_Headquarters_003776.jpg,"protesters handcuffed, hauled away after swarming the bridge yesterday, denouncing corporate greed, global warming and a whole lot more. we go live to our new york city newsroom with more. reporter: they have been"
https://archive.org/details/FOXNEWSW_20111031_060000_FOX_News_Sunday_With_Chris_Wallace#start/2513/end/2548,10/31/2011 6:42:08,FOXNEWS,FOX News Sunday With Chris Wallace,FOXNEWSW_20111031_060000_FOX_News_Sunday_With_Chris_Wallace,https://archive.org/download/FOXNEWSW_20111031_060000_FOX_News_Sunday_With_Chris_Wallace/FOXNEWSW_20111031_060000_FOX_News_Sunday_With_Chris_Wallace.thumbs/FOXNEWSW_20111031_060000_FOX_News_Sunday_With_Chris_Wallace_002487.jpg,"global warming. we are back now with the panel. i think we would all agree that mitt romney's potential liability is his reputation as a flip flopper who changes h his position because of"
https://archive.org/details/FOXNEWSW_20111030_180000_FOX_News_Sunday_With_Chris_Wallace#start/2513/end/2548,10/30/2011 18:42:08,FOXNEWS,FOX News Sunday With Chris Wallace,FOXNEWSW_20111030_180000_FOX_News_Sunday_With_Chris_Wallace,https://archive.org/download/FOXNEWSW_20111030_180000_FOX_News_Sunday_With_Chris_Wallace/FOXNEWSW_20111030_180000_FOX_News_Sunday_With_Chris_Wallace.thumbs/FOXNEWSW_20111030_180000_FOX_News_Sunday_With_Chris_Wallace_002486.jpg,"global warming. we are back now with the panel. i think we would all agree that mitt romney's potential liability is his reputation as a flip flopper who changes h his position because of"
https://archive.org/details/FOXNEWSW_20111029_160000_Americas_News_Headquarters#start/266/end/301,10/29/2011 16:04:41,FOXNEWS,Americas News Headquarters,FOXNEWSW_20111029_160000_Americas_News_Headquarters,https://archive.org/download/FOXNEWSW_20111029_160000_Americas_News_Headquarters/FOXNEWSW_20111029_160000_Americas_News_Headquarters.thumbs/FOXNEWSW_20111029_160000_Americas_News_Headquarters_000266.jpg,"this will likely with two or three in new york city. thank you, rick very much. lthe flip flop on global warming to tea party and unconventionam political attack ads. thingings are heating occupant"
https://archive.org/details/FOXNEWSW_20111002_190000_Americas_News_Headquarters#start/3197/end/3232,10/2/2011 19:53:32,FOXNEWS,Americas News Headquarters,FOXNEWSW_20111002_190000_Americas_News_Headquarters,https://archive.org/download/FOXNEWSW_20111002_190000_Americas_News_Headquarters/FOXNEWSW_20111002_190000_Americas_News_Headquarters.thumbs/FOXNEWSW_20111002_190000_Americas_News_Headquarters_003176.jpg,"at the time he was ranking member of the select committee for energy independence and global warming. in your opinion what was the point of the obama administration's rebuttal? it den grates the credentials and scientific study that"
https://archive.org/details/FOXNEWSW_20111002_180000_FOX_News_Sunday_With_Chris_Wallace#start/2911/end/2946,10/2/2011 18:48:46,FOXNEWS,FOX News Sunday With Chris Wallace,FOXNEWSW_20111002_180000_FOX_News_Sunday_With_Chris_Wallace,https://archive.org/download/FOXNEWSW_20111002_180000_FOX_News_Sunday_With_Chris_Wallace/FOXNEWSW_20111002_180000_FOX_News_Sunday_With_Chris_Wallace.thumbs/FOXNEWSW_20111002_180000_FOX_News_Sunday_With_Chris_Wallace_002907.jpg,"vaccine and the in state tuition, you do have his position on gay civil unions. he supports it. he also says global warming is real and at least partly man made. with all due respect to my"
https://archive.org/details/FOXNEWSW_20111002_200000_Americas_News_Headquarters#start/256/end/291,10/2/2011 20:04:31,FOXNEWS,Americas News Headquarters,FOXNEWSW_20111002_200000_Americas_News_Headquarters,https://archive.org/download/FOXNEWSW_20111002_200000_Americas_News_Headquarters/FOXNEWSW_20111002_200000_Americas_News_Headquarters.thumbs/FOXNEWSW_20111002_200000_Americas_News_Headquarters_000237.jpg,"allowed to leave. they were allowed to camp out there for two weeks holding signs in protest of everything really from corporate agreed to social inequality to global warming. it had been peaceful until clashes with police begin"
https://archive.org/details/FOXNEWSW_20111029_200000_Americas_News_Headquarters#start/4321/end/4356,10/29/2011 21:12:16,FOXNEWS,Americas News Headquarters,FOXNEWSW_20111029_200000_Americas_News_Headquarters,https://archive.org/download/FOXNEWSW_20111029_200000_Americas_News_Headquarters/FOXNEWSW_20111029_200000_Americas_News_Headquarters.thumbs/FOXNEWSW_20111029_200000_Americas_News_Headquarters_004316.jpg,"past that people cause global warming. romney campaign says romney has been consistent on this. he believes the people do play a role. he is not sure as to what extent that role exists. gregg: a major tea party"
https://archive.org/details/FOXNEWSW_20111030_220000_FOX_News_Sunday_With_Chris_Wallace#start/2501/end/2536,10/30/2011 22:41:56,FOXNEWS,FOX News Sunday With Chris Wallace,FOXNEWSW_20111030_220000_FOX_News_Sunday_With_Chris_Wallace,https://archive.org/download/FOXNEWSW_20111030_220000_FOX_News_Sunday_With_Chris_Wallace/FOXNEWSW_20111030_220000_FOX_News_Sunday_With_Chris_Wallace.thumbs/FOXNEWSW_20111030_220000_FOX_News_Sunday_With_Chris_Wallace_002486.jpg,"trillions o of dollars to try d reduce co 2 emissions is not the right course for us. chris: mitt romney's apparent flip flop this week on global warming. we are back now with the panel."
https://archive.org/details/FOXNEWSW_20111031_170000_America_Live#start/5552/end/5587,10/31/2011 18:32:47,FOXNEWS,America Live,FOXNEWSW_20111031_170000_America_Live,https://archive.org/download/FOXNEWSW_20111031_170000_America_Live/FOXNEWSW_20111031_170000_America_Live.thumbs/FOXNEWSW_20111031_170000_America_Live_005547.jpg,"the world. martha: when we were kids the population explosion was the global warming issue. the population was growing at such a rate but you have to wonder what it will be like. if this continues wait will be"
https://archive.org/details/FOXNEWSW_20111031_080000_Justice_With_Judge_Jeanine#start/2507/end/2542,10/31/2011 8:42:02,FOXNEWS,Justice With Judge Jeanine,FOXNEWSW_20111031_080000_Justice_With_Judge_Jeanine,https://archive.org/download/FOXNEWSW_20111031_080000_Justice_With_Judge_Jeanine/FOXNEWSW_20111031_080000_Justice_With_Judge_Jeanine.thumbs/FOXNEWSW_20111031_080000_Justice_With_Judge_Jeanine_002490.jpg,"reduce co 2 emissions is not the right course for us. chris: mitt romney's apparent flip flop this week on global warming. we are back now with the panel. i think we would all agree that mitt romney's potential"
https://archive.org/details/FOXNEWSW_20111031_080000_Justice_With_Judge_Jeanine#start/2521/end/2556,10/31/2011 8:42:16,FOXNEWS,Justice With Judge Jeanine,FOXNEWSW_20111031_080000_Justice_With_Judge_Jeanine,https://archive.org/download/FOXNEWSW_20111031_080000_Justice_With_Judge_Jeanine/FOXNEWSW_20111031_080000_Justice_With_Judge_Jeanine.thumbs/FOXNEWSW_20111031_080000_Justice_With_Judge_Jeanine_002520.jpg,"liability is his reputation as a flip flopper who changes h his position because of political expediency. he seemed to change his position if free choice act what he said earlier on global warming and the need to control"
https://archive.org/details/FOXNEWSW_20111011_010000_Hannity#start/1624/end/1659,10/11/2011 1:27:19,FOXNEWS,Hannity,FOXNEWSW_20111011_010000_Hannity,https://archive.org/download/FOXNEWSW_20111011_010000_Hannity/FOXNEWSW_20111011_010000_Hannity.thumbs/FOXNEWSW_20111011_010000_Hannity_001617.jpg,"want more community awareness. what does that mean? some people are there because they are against global warming. other people against corporate profits and agreed. well, corporations don't make money if people don't buy their goods and services."
https://archive.org/details/FOXNEWSW_20111008_180000_The_Journal_Editorial_Report#start/872/end/907,10/8/2011 18:14:47,FOXNEWS,The Journal Editorial Report,FOXNEWSW_20111008_180000_The_Journal_Editorial_Report,https://archive.org/download/FOXNEWSW_20111008_180000_The_Journal_Editorial_Report/FOXNEWSW_20111008_180000_The_Journal_Editorial_Report.thumbs/FOXNEWSW_20111008_180000_The_Journal_Editorial_Report_000867.jpg,"philosophically, if you look at old film clips on mitt romney from the '90s and 2000's, conservative, pro-abortion, global warming stuff, gun control he's moved off the positions now and go back and google herman cain"
https://archive.org/details/FOXNEWSW_20111009_030000_The_Journal_Editorial_Report#start/872/end/907,10/9/2011 3:14:47,FOXNEWS,The Journal Editorial Report,FOXNEWSW_20111009_030000_The_Journal_Editorial_Report,https://archive.org/download/FOXNEWSW_20111009_030000_The_Journal_Editorial_Report/FOXNEWSW_20111009_030000_The_Journal_Editorial_Report.thumbs/FOXNEWSW_20111009_030000_The_Journal_Editorial_Report_000867.jpg,"philosophically, if you look at old film clips on mitt romney from the '90s and 2000's, conservative, pro-abortion, global warming stuff, gun control he's moved off the positions now and go back and google herman cain"
https://archive.org/details/FOXNEWSW_20111011_040000_Hannity#start/1624/end/1659,10/11/2011 4:27:19,FOXNEWS,Hannity,FOXNEWSW_20111011_040000_Hannity,https://archive.org/download/FOXNEWSW_20111011_040000_Hannity/FOXNEWSW_20111011_040000_Hannity.thumbs/FOXNEWSW_20111011_040000_Hannity_001617.jpg,"want more community awareness. what does that mean? some people are there because they are against global warming. other people against corporate profits and agreed. well, corporations don't make money if people don't buy their goods and services."
https://archive.org/details/FOXNEWSW_20111003_060000_FOX_News_Sunday_With_Chris_Wallace#start/2911/end/2946,10/3/2011 6:48:46,FOXNEWS,FOX News Sunday With Chris Wallace,FOXNEWSW_20111003_060000_FOX_News_Sunday_With_Chris_Wallace,https://archive.org/download/FOXNEWSW_20111003_060000_FOX_News_Sunday_With_Chris_Wallace/FOXNEWSW_20111003_060000_FOX_News_Sunday_With_Chris_Wallace.thumbs/FOXNEWSW_20111003_060000_FOX_News_Sunday_With_Chris_Wallace_002906.jpg,"vaccine and the in state tuition, you do have his position on gay civil unions. he supports it. he also says global warming is real and at least partly man made. with all due respect to my"
https://archive.org/details/FOXNEWSW_20111018_100000_FOX_and_Friends#start/1573/end/1608,10/18/2011 10:26:28,FOXNEWS,FOX and Friends,FOXNEWSW_20111018_100000_FOX_and_Friends,https://archive.org/download/FOXNEWSW_20111018_100000_FOX_and_Friends/FOXNEWSW_20111018_100000_FOX_and_Friends.thumbs/FOXNEWSW_20111018_100000_FOX_and_Friends_001556.jpg,"yeah. it's mind-boggling to me that you have these people on the left and the environmental activists saying we need a carbon tax we need cap and trade, with where we have all this infrastructure in place"
https://archive.org/details/FOXNEWSW_20111002_050000_Stossel#start/3190/end/3225,10/2/2011 5:53:25,FOXNEWS,Stossel,FOXNEWSW_20111002_050000_Stossel,https://archive.org/download/FOXNEWSW_20111002_050000_Stossel/FOXNEWSW_20111002_050000_Stossel.thumbs/FOXNEWSW_20111002_050000_Stossel_003180.jpg,"numbers of jobs lost were flawed. when you don't like the message you shoot the messenger. at the time he was ranking member of the select committee for energy independence and global warming. in your opinion what was the point of the obama"
https://archive.org/details/FOXNEWSW_20111029_170000_Americas_News_Headquarters#start/544/end/579,10/29/2011 17:09:19,FOXNEWS,Americas News Headquarters,FOXNEWSW_20111029_170000_Americas_News_Headquarters,https://archive.org/download/FOXNEWSW_20111029_170000_Americas_News_Headquarters/FOXNEWSW_20111029_170000_Americas_News_Headquarters.thumbs/FOXNEWSW_20111029_170000_Americas_News_Headquarters_000536.jpg,"fits in with attack from the rick perry campaign which accused romney of flip-flopping on a number of issues, and the latest charge comes after romney spoke to a group in pittsburgh about global warming. my view is that we don't"
https://archive.org/details/FOXNEWSW_20111006_210000_The_Five#start/870/end/905,10/6/2011 21:14:45,FOXNEWS,The Five,FOXNEWSW_20111006_210000_The_Five,https://archive.org/download/FOXNEWSW_20111006_210000_The_Five/FOXNEWSW_20111006_210000_The_Five.thumbs/FOXNEWSW_20111006_210000_The_Five_000870.jpg,"smack beckel. dana: i won't slap him until hannity's show tonight. 15-year anniversary special and coming home, so to speak, from atlanta to do the show from here tonight. bob: it's global warming. come down here."
https://archive.org/details/FOXNEWSW_20111002_020000_Stossel#start/3190/end/3225,10/2/2011 2:53:25,FOXNEWS,Stossel,FOXNEWSW_20111002_020000_Stossel,https://archive.org/download/FOXNEWSW_20111002_020000_Stossel/FOXNEWSW_20111002_020000_Stossel.thumbs/FOXNEWSW_20111002_020000_Stossel_003180.jpg,"numbers of jobs lost were flawed. when you don't like the message you shoot the messenger. at the time he was ranking member of the select committee for energy independence and global warming. in your opinion what was the point of the obama"
https://archive.org/details/FOXNEWSW_20111002_100000_FOX_and_Friends_Sunday#start/7710/end/7745,10/2/2011 12:08:45,FOXNEWS,FOX and Friends Sunday,FOXNEWSW_20111002_100000_FOX_and_Friends_Sunday,https://archive.org/download/FOXNEWSW_20111002_100000_FOX_and_Friends_Sunday/FOXNEWSW_20111002_100000_FOX_and_Friends_Sunday.thumbs/FOXNEWSW_20111002_100000_FOX_and_Friends_Sunday_007710.jpg,"in new york, and that's when police started cuffing them for disorderly conduct. protests started about two weeks ago in the wall street area, rallying against corporate greed, global warming and social equality. many of them when interviewed don't know why they're out"
https://archive.org/details/FOXNEWSW_20111002_090000_Geraldo_at_Large#start/3188/end/3223,10/2/2011 9:53:23,FOXNEWS,Geraldo at Large,FOXNEWSW_20111002_090000_Geraldo_at_Large,https://archive.org/download/FOXNEWSW_20111002_090000_Geraldo_at_Large/FOXNEWSW_20111002_090000_Geraldo_at_Large.thumbs/FOXNEWSW_20111002_090000_Geraldo_at_Large_003177.jpg,"calculations of the precise numbers of jobs lost were flawed. when you don't like the message you shoot the messenger. at the time he was ranking member of the select committee for energy independence and global warming. in your opinion what was the"
https://archive.org/details/FOXNEWSW_20111002_160000_Americas_News_Headquarters#start/6164/end/6199,10/2/2011 17:42:59,FOXNEWS,Americas News Headquarters,FOXNEWSW_20111002_160000_Americas_News_Headquarters,https://archive.org/download/FOXNEWSW_20111002_160000_Americas_News_Headquarters/FOXNEWSW_20111002_160000_Americas_News_Headquarters.thumbs/FOXNEWSW_20111002_160000_Americas_News_Headquarters_006147.jpg,"corporate greed and social inequality to global warming. it had been peaceful until clashes is with police began yesterday after they swarmed the brooklyn bridge and shut down a lane of traffic for several hours. in other parts of the country"
https://archive.org/details/FOXNEWSW_20111007_060000_The_Five#start/878/end/913,10/7/2011 6:14:53,FOXNEWS,The Five,FOXNEWSW_20111007_060000_The_Five,https://archive.org/download/FOXNEWSW_20111007_060000_The_Five/FOXNEWSW_20111007_060000_The_Five.thumbs/FOXNEWSW_20111007_060000_The_Five_000870.jpg,"from atlanta to do the show from here tonight. bob: it's global warming. come down here. 180-degrees down here. eric: that football you're holding is the only time you touched a football. nerf football. all that stuff you tell us that you played pro football."
https://archive.org/details/FOXNEWSW_20111002_220000_FOX_News_Sunday_With_Chris_Wallace#start/230/end/265,10/2/2011 22:04:05,FOXNEWS,FOX News Sunday With Chris Wallace,FOXNEWSW_20111002_220000_FOX_News_Sunday_With_Chris_Wallace,https://archive.org/download/FOXNEWSW_20111002_220000_FOX_News_Sunday_With_Chris_Wallace/FOXNEWSW_20111002_220000_FOX_News_Sunday_With_Chris_Wallace.thumbs/FOXNEWSW_20111002_220000_FOX_News_Sunday_With_Chris_Wallace_000207.jpg,"crime and that global warming is real and it's man made. question: is he too liberal to be the republican nominee for president? yes. i believe that a lot of conservatives, once they know his position on those things that you delineated, they are"
https://archive.org/details/FOXNEWSW_20111029_200000_Americas_News_Headquarters#start/4290/end/4325,10/29/2011 21:11:45,FOXNEWS,Americas News Headquarters,FOXNEWSW_20111029_200000_Americas_News_Headquarters,https://archive.org/download/FOXNEWSW_20111029_200000_Americas_News_Headquarters/FOXNEWSW_20111029_200000_Americas_News_Headquarters.thumbs/FOXNEWSW_20111029_200000_Americas_News_Headquarters_004286.jpg,"former massachusetts governor mitt romney is again being accused of flip-flopping. tell us about it. reporter: this is on the issue of global warming. here is what he told the crowd in pittsburgh earlier this week. my view is we don't know what"
https://archive.org/details/FOXNEWSW_20111030_220000_FOX_News_Sunday_With_Chris_Wallace#start/2530/end/2565,10/30/2011 22:42:25,FOXNEWS,FOX News Sunday With Chris Wallace,FOXNEWSW_20111030_220000_FOX_News_Sunday_With_Chris_Wallace,https://archive.org/download/FOXNEWSW_20111030_220000_FOX_News_Sunday_With_Chris_Wallace/FOXNEWSW_20111030_220000_FOX_News_Sunday_With_Chris_Wallace.thumbs/FOXNEWSW_20111030_220000_FOX_News_Sunday_With_Chris_Wallace_002516.jpg,"what he said earlier on global warming and the need to control gas conditions and this was is just days after he flipped on the question of whether or not to support that ballot initiative in ohio and whether he supports the joh john kaseks"
https://archive.org/details/FOXNEWSW_20111016_030000_The_Journal_Editorial_Report#start/371/end/406,10/16/2011 3:06:26,FOXNEWS,The Journal Editorial Report,FOXNEWSW_20111016_030000_The_Journal_Editorial_Report,https://archive.org/download/FOXNEWSW_20111016_030000_The_Journal_Editorial_Report/FOXNEWSW_20111016_030000_The_Journal_Editorial_Report.thumbs/FOXNEWSW_20111016_030000_The_Journal_Editorial_Report_000357.jpg,"base out there and is looking for a candidate who reflects their values? i think his big problem people wonder if he has any core convictions? you have to wonder. and you look at all of these issues, global warming, abortion, things that a lot of"
https://archive.org/details/FOXNEWSW_20111004_100000_FOX_and_Friends#start/1034/end/1069,10/4/2011 10:17:29,FOXNEWS,FOX and Friends,FOXNEWSW_20111004_100000_FOX_and_Friends,https://archive.org/download/FOXNEWSW_20111004_100000_FOX_and_Friends/FOXNEWSW_20111004_100000_FOX_and_Friends.thumbs/FOXNEWSW_20111004_100000_FOX_and_Friends_001017.jpg,"street. they hate big oil. they hate -- they want to do something about global warming. the issues are the same. that is president obama's base. i would not be surprised if it didn't in some way embrace them. actually, you've just spelled out what they're down there"
https://archive.org/details/FOXNEWSW_20111008_070000_Red_Eye#start/1634/end/1669,10/8/2011 7:27:29,FOXNEWS,Red Eye,FOXNEWSW_20111008_070000_Red_Eye,https://archive.org/download/FOXNEWSW_20111008_070000_Red_Eye/FOXNEWSW_20111008_070000_Red_Eye.thumbs/FOXNEWSW_20111008_070000_Red_Eye_001617.jpg,"you want to get published the easiest thing you could do is be pro global waran mng because this study is so bad it proves that anything could be . pblished if you are pro global warming. i would take the opposite route and say that is so"
https://archive.org/details/FOXNEWSW_20111015_180000_The_Journal_Editorial_Report#start/371/end/406,10/15/2011 18:06:26,FOXNEWS,The Journal Editorial Report,FOXNEWSW_20111015_180000_The_Journal_Editorial_Report,https://archive.org/download/FOXNEWSW_20111015_180000_The_Journal_Editorial_Report/FOXNEWSW_20111015_180000_The_Journal_Editorial_Report.thumbs/FOXNEWSW_20111015_180000_The_Journal_Editorial_Report_000356.jpg,"base out there and is looking for a candidate who reflects their values? i think his big problem people wonder if he has any core convictions? you have to wonder. and you look at all of these issues, global warming, abortion, things that a lot of"
https://archive.org/details/FOXNEWSW_20111003_100000_FOX_and_Friends#start/7481/end/7516,10/3/2011 12:04:56,FOXNEWS,FOX and Friends,FOXNEWSW_20111003_100000_FOX_and_Friends,https://archive.org/download/FOXNEWSW_20111003_100000_FOX_and_Friends/FOXNEWSW_20111003_100000_FOX_and_Friends.thumbs/FOXNEWSW_20111003_100000_FOX_and_Friends_007466.jpg,"protesting, their emergency is muddled. global warming, they're against that, high gas prices. somebody was talking about they owed a lot for student loans and stuff like that. jesse watters from the bill o'reilly show went on on friday night and talked to some of the"
https://archive.org/details/FOXNEWSW_20111002_060000_Red_Eye#start/881/end/916,10/2/2011 6:14:56,FOXNEWS,Red Eye,FOXNEWSW_20111002_060000_Red_Eye,https://archive.org/download/FOXNEWSW_20111002_060000_Red_Eye/FOXNEWSW_20111002_060000_Red_Eye.thumbs/FOXNEWSW_20111002_060000_Red_Eye_000867.jpg,"year where they were blowing up school children who disagreed or didn't completely buy the consensus on global warming. there is quite a bit of sank tau mown knee here. if not for the fact i wanted to eat them, 90% of the cows"
https://archive.org/details/FOXNEWSW_20111004_010000_Hannity#start/156/end/191,10/4/2011 1:02:51,FOXNEWS,Hannity,FOXNEWSW_20111004_010000_Hannity,https://archive.org/download/FOXNEWSW_20111004_010000_Hannity/FOXNEWSW_20111004_010000_Hannity.thumbs/FOXNEWSW_20111004_010000_Hannity_000147.jpg,"he's got that controversial judicial appointment, he's got some issues. global warming. so he's going to are to now face the scrutiny. and i think a lot of people said perry at one moment wag going to race to the top and get the nomination."
https://archive.org/details/FOXNEWSW_20111004_040000_Hannity#start/156/end/191,10/4/2011 4:02:51,FOXNEWS,Hannity,FOXNEWSW_20111004_040000_Hannity,https://archive.org/download/FOXNEWSW_20111004_040000_Hannity/FOXNEWSW_20111004_040000_Hannity.thumbs/FOXNEWSW_20111004_040000_Hannity_000147.jpg,"he's got that controversial judicial appointment, he's got some issues. global warming. so he's going to are to now face the scrutiny. and i think a lot of people said perry at one moment wag going to race to the top and get the nomination. that's right."
https://archive.org/details/FOXNEWSW_20111002_230000_FOX_Report#start/831/end/866,10/2/2011 23:14:06,FOXNEWS,FOX Report,FOXNEWSW_20111002_230000_FOX_Report,https://archive.org/download/FOXNEWSW_20111002_230000_FOX_Report/FOXNEWSW_20111002_230000_FOX_Report.thumbs/FOXNEWSW_20111002_230000_FOX_Report_000810.jpg,"districts for two weeks now, holding signs of protest for everything, greed and social inequality to global warming. the occupy wall street demonstration started off small with less than a dozen college students, but has since grown to include thousands of people across the"
https://archive.org/details/FOXNEWSW_20111028_220000_Special_Report_With_Bret_Baier#start/1591/end/1626,10/28/2011 22:26:46,FOXNEWS,Special Report With Bret Baier,FOXNEWSW_20111028_220000_Special_Report_With_Bret_Baier,https://archive.org/download/FOXNEWSW_20111028_220000_Special_Report_With_Bret_Baier/FOXNEWSW_20111028_220000_Special_Report_With_Bret_Baier.thumbs/FOXNEWSW_20111028_220000_Special_Report_With_Bret_Baier_001586.jpg,"weather. and monitor climate change. many democrats are running away from president obama's healthcare law. that's next in the grapevine. and are the occupy wall streeters getting preferential treatment? pain."
https://archive.org/details/FOXNEWSW_20111002_100000_FOX_and_Friends_Sunday#start/5202/end/5237,10/2/2011 11:26:57,FOXNEWS,FOX and Friends Sunday,FOXNEWSW_20111002_100000_FOX_and_Friends_Sunday,https://archive.org/download/FOXNEWSW_20111002_100000_FOX_and_Friends_Sunday/FOXNEWSW_20111002_100000_FOX_and_Friends_Sunday.thumbs/FOXNEWSW_20111002_100000_FOX_and_Friends_Sunday_005190.jpg,"be a pretty sight. dave: he's relatively liberal when it comes to climate change and i immigration-- i've run a presidential campaign, to try to do it in two months, from standing"
https://archive.org/details/FOXNEWSW_20111031_060000_FOX_News_Sunday_With_Chris_Wallace#start/2529/end/2564,10/31/2011 6:42:24,FOXNEWS,FOX News Sunday With Chris Wallace,FOXNEWSW_20111031_060000_FOX_News_Sunday_With_Chris_Wallace,https://archive.org/download/FOXNEWSW_20111031_060000_FOX_News_Sunday_With_Chris_Wallace/FOXNEWSW_20111031_060000_FOX_News_Sunday_With_Chris_Wallace.thumbs/FOXNEWSW_20111031_060000_FOX_News_Sunday_With_Chris_Wallace_002517.jpg,"political expediency. he seemed to change his position if free choice act what he said earlier on global warming and the need to control gas conditions and this was is just days after he flipped on the question of whether or not to support that ballot initiative in ohio and whether"
https://archive.org/details/FOXNEWSW_20111002_100000_FOX_and_Friends_Sunday#start/3753/end/3788,10/2/2011 11:02:48,FOXNEWS,FOX and Friends Sunday,FOXNEWSW_20111002_100000_FOX_and_Friends_Sunday,https://archive.org/download/FOXNEWSW_20111002_100000_FOX_and_Friends_Sunday/FOXNEWSW_20111002_100000_FOX_and_Friends_Sunday.thumbs/FOXNEWSW_20111002_100000_FOX_and_Friends_Sunday_003750.jpg,"mainly in the wall street area, but on a much smaller scale. the rally is a demonstration against corporate greed, global warming, social equality. and boys, would you like to jump in on this one. dave: they don't know what they were doing out there. that was editorial."
https://archive.org/details/FOXNEWSW_20111002_100000_FOX_and_Friends_Sunday#start/8250/end/8285,10/2/2011 12:17:45,FOXNEWS,FOX and Friends Sunday,FOXNEWSW_20111002_100000_FOX_and_Friends_Sunday,https://archive.org/download/FOXNEWSW_20111002_100000_FOX_and_Friends_Sunday/FOXNEWSW_20111002_100000_FOX_and_Friends_Sunday.thumbs/FOXNEWSW_20111002_100000_FOX_and_Friends_Sunday_008250.jpg,"he supports the assault weapons ban. he says that he believes that global warming is real and at least in part, man made. he supports civil unions for same sex couples. i suspect a lot of the people who are telling him now to get into the race don't know that"
https://archive.org/details/FOXNEWSW_20111030_180000_FOX_News_Sunday_With_Chris_Wallace#start/2529/end/2564,10/30/2011 18:42:24,FOXNEWS,FOX News Sunday With Chris Wallace,FOXNEWSW_20111030_180000_FOX_News_Sunday_With_Chris_Wallace,https://archive.org/download/FOXNEWSW_20111030_180000_FOX_News_Sunday_With_Chris_Wallace/FOXNEWSW_20111030_180000_FOX_News_Sunday_With_Chris_Wallace.thumbs/FOXNEWSW_20111030_180000_FOX_News_Sunday_With_Chris_Wallace_002516.jpg,"political expediency. he seemed to change his position if free choice act what he said earlier on global warming and the need to control gas conditions and this was is just days after he flipped on the question of whether or not to support that ballot initiative in ohio and whether"
https://archive.org/details/FOXNEWSW_20111002_100000_FOX_and_Friends_Sunday#start/10935/end/10970,10/2/2011 13:02:30,FOXNEWS,FOX and Friends Sunday,FOXNEWSW_20111002_100000_FOX_and_Friends_Sunday,https://archive.org/download/FOXNEWSW_20111002_100000_FOX_and_Friends_Sunday/FOXNEWSW_20111002_100000_FOX_and_Friends_Sunday.thumbs/FOXNEWSW_20111002_100000_FOX_and_Friends_Sunday_010920.jpg,"protesters swarmed the brooklyn bridge and shut down traffic several hours, and police started arresting them for disorderly conduct. the protests started two weeks ago, down in the wall street area. and they are rallying against corporate greed, global warming, social in equality and other things, that they may not even"
https://archive.org/details/FOXNEWSW_20111029_200000_Americas_News_Headquarters#start/4306/end/4341,10/29/2011 21:12:01,FOXNEWS,Americas News Headquarters,FOXNEWSW_20111029_200000_Americas_News_Headquarters,https://archive.org/download/FOXNEWSW_20111029_200000_Americas_News_Headquarters/FOXNEWSW_20111029_200000_Americas_News_Headquarters.thumbs/FOXNEWSW_20111029_200000_Americas_News_Headquarters_004286.jpg,"is causing climate change on this planet. the idea of spending trillions of dollars to reduce co2 emissions is not the right course. the campaign has jumped on this saying romney said in the"
https://archive.org/details/FOXNEWSW_20111007_220000_Special_Report_With_Bret_Baier#start/588/end/623,10/7/2011 22:10:03,FOXNEWS,Special Report With Bret Baier,FOXNEWSW_20111007_220000_Special_Report_With_Bret_Baier,https://archive.org/download/FOXNEWSW_20111007_220000_Special_Report_With_Bret_Baier/FOXNEWSW_20111007_220000_Special_Report_With_Bret_Baier.thumbs/FOXNEWSW_20111007_220000_Special_Report_With_Bret_Baier_000567.jpg,"reporter: perry launched a new web attack on romney as a carbon copy of president obama when it comes to environmental regulation and climate change. i will not create jobs or hold jobs that kill people. [ applause ]  _          _"
https://archive.org/details/FOXNEWSW_20111008_070000_Red_Eye#start/76/end/111,10/8/2011 7:01:31,FOXNEWS,Red Eye,FOXNEWSW_20111008_070000_Red_Eye,https://archive.org/download/FOXNEWSW_20111008_070000_Red_Eye/FOXNEWSW_20111008_070000_Red_Eye.thumbs/FOXNEWSW_20111008_070000_Red_Eye_000056.jpg,"amputee flipper? and conservative white males are least likely to believe in climate change. one group says, 'we think conservative white males are jerky jerk sons. that statement was released by sweating penguins and polar"
https://archive.org/details/FOXNEWSW_20111029_100000_FOX_and_Friends_Saturday#start/7862/end/7897,10/29/2011 12:11:17,FOXNEWS,FOX and Friends Saturday,FOXNEWSW_20111029_100000_FOX_and_Friends_Saturday,https://archive.org/download/FOXNEWSW_20111029_100000_FOX_and_Friends_Saturday/FOXNEWSW_20111029_100000_FOX_and_Friends_Saturday.thumbs/FOXNEWSW_20111029_100000_FOX_and_Friends_Saturday_007860.jpg,"he doesn't believe human beings are the cause of climate change so it has moved romney further to the right and this is something that democrats or whoever, the opponents can seize on. dave: they already have,"
https://archive.org/details/FOXNEWSW_20111029_160000_Americas_News_Headquarters#start/315/end/350,10/29/2011 16:05:30,FOXNEWS,Americas News Headquarters,FOXNEWSW_20111029_160000_Americas_News_Headquarters,https://archive.org/download/FOXNEWSW_20111029_160000_Americas_News_Headquarters/FOXNEWSW_20111029_160000_Americas_News_Headquarters.thumbs/FOXNEWSW_20111029_160000_Americas_News_Headquarters_000297.jpg,"romney told the crowd he is not sure what caused it. my view is we don't know what is causing climate change on the planet and the idea of spending trillions to reduce co2 emissions is not the right"
https://archive.org/details/FOXNEWSW_20111008_070000_Red_Eye#start/1392/end/1427,10/8/2011 7:23:27,FOXNEWS,Red Eye,FOXNEWSW_20111008_070000_Red_Eye,https://archive.org/download/FOXNEWSW_20111008_070000_Red_Eye/FOXNEWSW_20111008_070000_Red_Eye.thumbs/FOXNEWSW_20111008_070000_Red_Eye_001287.jpg,"a new stupid report says so. public research in the latest issue of global environmental change attemkeps to explain why people like me are less likely to believe in climate change. it is called cool dudes and"
https://archive.org/details/FOXNEWSW_20111008_070000_Red_Eye#start/1423/end/1458,10/8/2011 7:23:58,FOXNEWS,Red Eye,FOXNEWSW_20111008_070000_Red_Eye,https://archive.org/download/FOXNEWSW_20111008_070000_Red_Eye/FOXNEWSW_20111008_070000_Red_Eye.thumbs/FOXNEWSW_20111008_070000_Red_Eye_001406.jpg,"conclusion? i like eggs. conservative white males ignoring the risk of climate change in this case. therefore it has to do with defending the status of their identity tied to the white male establishment. sorry about that, everyboead."
https://archive.org/details/FOXNEWSW_20111008_070000_Red_Eye#start/1491/end/1526,10/8/2011 7:25:06,FOXNEWS,Red Eye,FOXNEWSW_20111008_070000_Red_Eye,https://archive.org/download/FOXNEWSW_20111008_070000_Red_Eye/FOXNEWSW_20111008_070000_Red_Eye.thumbs/FOXNEWSW_20111008_070000_Red_Eye_001466.jpg,"i get where you are coming from. if i were a pro man made climate change i would be inisslted by this. i get it. here is what the study is. it is not about consenserative"
https://archive.org/details/FOXNEWSW_20111008_000000_The_OReilly_Factor#start/528/end/563,10/8/2011 0:09:03,FOXNEWS,The OReilly Factor,FOXNEWSW_20111008_000000_The_OReilly_Factor,https://archive.org/download/FOXNEWSW_20111008_000000_The_OReilly_Factor/FOXNEWSW_20111008_000000_The_OReilly_Factor.thumbs/FOXNEWSW_20111008_000000_The_OReilly_Factor_000507.jpg,"bill: solyndra, right now, the guy who was in charge of the money, he is out. another big, big embarrassment on president obama's doorstep, correct? i think solyndra is -- remember when during the climate change summit in denmark, i"
https://archive.org/details/FOXNEWSW_20111008_070000_Red_Eye#start/1556/end/1591,10/8/2011 7:26:11,FOXNEWS,Red Eye,FOXNEWSW_20111008_070000_Red_Eye,https://archive.org/download/FOXNEWSW_20111008_070000_Red_Eye/FOXNEWSW_20111008_070000_Red_Eye.thumbs/FOXNEWSW_20111008_070000_Red_Eye_001556.jpg,"faction of our society. we stand opposed because i think the sof oence would not prove otherwise but would put questions in terms of climate change. lo3 f back to 1950 and we thought an ice age was imminent."
https://archive.org/details/FOXNEWSW_20111008_030000_The_OReilly_Factor#start/528/end/563,10/8/2011 3:09:03,FOXNEWS,The OReilly Factor,FOXNEWSW_20111008_030000_The_OReilly_Factor,https://archive.org/download/FOXNEWSW_20111008_030000_The_OReilly_Factor/FOXNEWSW_20111008_030000_The_OReilly_Factor.thumbs/FOXNEWSW_20111008_030000_The_OReilly_Factor_000507.jpg,"bill: solyndra, right now, the guy who was in charge of the money, he is out. another big, big embarrassment on president obama's doorstep, correct? i think solyndra is -- remember when during the climate change summit in denmark, i"
https://archive.org/details/FOXNEWSW_20111031_220000_Special_Report_With_Bret_Baier#start/543/end/578,10/31/2011 22:09:18,FOXNEWS,Special Report With Bret Baier,FOXNEWSW_20111031_220000_Special_Report_With_Bret_Baier,https://archive.org/download/FOXNEWSW_20111031_220000_Special_Report_With_Bret_Baier/FOXNEWSW_20111031_220000_Special_Report_With_Bret_Baier.thumbs/FOXNEWSW_20111031_220000_Special_Report_With_Bret_Baier_000537.jpg,"he has no core. such attacks are normally handled by the democratic national committee this early. white house senior advisor david plouffe charged romney lacks conviction on everything from climate change to abortion. you need to have a true"
https://archive.org/details/FOXNEWSW_20111002_220000_FOX_News_Sunday_With_Chris_Wallace#start/262/end/297,10/2/2011 22:04:37,FOXNEWS,FOX News Sunday With Chris Wallace,FOXNEWSW_20111002_220000_FOX_News_Sunday_With_Chris_Wallace,https://archive.org/download/FOXNEWSW_20111002_220000_FOX_News_Sunday_With_Chris_Wallace/FOXNEWSW_20111002_220000_FOX_News_Sunday_With_Chris_Wallace.thumbs/FOXNEWSW_20111002_220000_FOX_News_Sunday_With_Chris_Wallace_000237.jpg,"documentation. they dont believe global warming is a crisis or a threat. yes tmight be out there, but they don't see it as a crisis or a threat. as you go right down the line, he's going to turn off a lot of conservatives with those positions. i want to ask you as a"
https://archive.org/details/FOXNEWSW_20111003_100000_FOX_and_Friends#start/9997/end/10032,10/3/2011 12:46:52,FOXNEWS,FOX and Friends,FOXNEWSW_20111003_100000_FOX_and_Friends,https://archive.org/download/FOXNEWSW_20111003_100000_FOX_and_Friends/FOXNEWSW_20111003_100000_FOX_and_Friends.thumbs/FOXNEWSW_20111003_100000_FOX_and_Friends_009986.jpg,"to back, a lot of them aren't, but wall street backed obama heavily. much more heavily than anybody else. so now they're fighting wall street, which is an interesting little dichotomy. steve: and george, it's not just wall street these guys are fighting. they're fighting global warming, high gas prices, student loans."
https://archive.org/details/FOXNEWSW_20111029_200000_Americas_News_Headquarters#start/878/end/913,10/29/2011 20:14:53,FOXNEWS,Americas News Headquarters,FOXNEWSW_20111029_200000_Americas_News_Headquarters,https://archive.org/download/FOXNEWSW_20111029_200000_Americas_News_Headquarters/FOXNEWSW_20111029_200000_Americas_News_Headquarters.thumbs/FOXNEWSW_20111029_200000_Americas_News_Headquarters_000866.jpg,"shifting positions on gay rights and global warming. here a perry. just the other night on bill o'reilly's program. here it is. you can't be for banning guns and all of a sudden you are for the second amendment. you can't be for the issue of abortion and pro-life."
https://archive.org/details/FOXNEWSW_20111031_060000_FOX_News_Sunday_With_Chris_Wallace#start/2498/end/2533,10/31/2011 6:41:53,FOXNEWS,FOX News Sunday With Chris Wallace,FOXNEWSW_20111031_060000_FOX_News_Sunday_With_Chris_Wallace,https://archive.org/download/FOXNEWSW_20111031_060000_FOX_News_Sunday_With_Chris_Wallace/FOXNEWSW_20111031_060000_FOX_News_Sunday_With_Chris_Wallace.thumbs/FOXNEWSW_20111031_060000_FOX_News_Sunday_With_Chris_Wallace_002487.jpg,"know what is causing climate change on this planet and the idea of spending trillions and trillions o of dollars to try d reduce co 2 emissions is not the right course for us. chris: mitt romney's apparent flip flop this week on"
https://archive.org/details/FOXNEWSW_20111030_180000_FOX_News_Sunday_With_Chris_Wallace#start/2498/end/2533,10/30/2011 18:41:53,FOXNEWS,FOX News Sunday With Chris Wallace,FOXNEWSW_20111030_180000_FOX_News_Sunday_With_Chris_Wallace,https://archive.org/download/FOXNEWSW_20111030_180000_FOX_News_Sunday_With_Chris_Wallace/FOXNEWSW_20111030_180000_FOX_News_Sunday_With_Chris_Wallace.thumbs/FOXNEWSW_20111030_180000_FOX_News_Sunday_With_Chris_Wallace_002486.jpg,"know what is causing climate change on this planet and the idea of spending trillions and trillions o of dollars to try d reduce co 2 emissions is not the right course for us. chris: mitt romney's apparent flip flop this week on"
https://archive.org/details/FOXNEWSW_20111030_030000_The_Journal_Editorial_Report#start/816/end/851,10/30/2011 3:13:51,FOXNEWS,The Journal Editorial Report,FOXNEWSW_20111030_030000_The_Journal_Editorial_Report,https://archive.org/download/FOXNEWSW_20111030_030000_The_Journal_Editorial_Report/FOXNEWSW_20111030_030000_The_Journal_Editorial_Report.thumbs/FOXNEWSW_20111030_030000_The_Journal_Editorial_Report_000806.jpg,"intensive, and from nasa says if we approve this pipeline it's game over for the climate. paul: the climate change activist. exactly, what trans canada is going to do if this pipeline isn't approved they will he move it through canada."
https://archive.org/details/FOXNEWSW_20111029_180000_The_Journal_Editorial_Report#start/816/end/851,10/29/2011 18:13:51,FOXNEWS,The Journal Editorial Report,FOXNEWSW_20111029_180000_The_Journal_Editorial_Report,https://archive.org/download/FOXNEWSW_20111029_180000_The_Journal_Editorial_Report/FOXNEWSW_20111029_180000_The_Journal_Editorial_Report.thumbs/FOXNEWSW_20111029_180000_The_Journal_Editorial_Report_000806.jpg,"intensive, and from nasa says if we approve this pipeline it's game over for the climate. paul: the climate change activist. exactly, what trans canada is going to do if this pipeline isn't approved they will he move it through canada."
https://archive.org/details/FOXNEWSW_20111029_100000_FOX_and_Friends_Saturday#start/7177/end/7212,10/29/2011 11:59:52,FOXNEWS,FOX and Friends Saturday,FOXNEWSW_20111029_100000_FOX_and_Friends_Saturday,https://archive.org/download/FOXNEWSW_20111029_100000_FOX_and_Friends_Saturday/FOXNEWSW_20111029_100000_FOX_and_Friends_Saturday.thumbs/FOXNEWSW_20111029_100000_FOX_and_Friends_Saturday_007170.jpg,"money for green technology. dave: romney gold cold on global warning. guest: mew view is we don't know what is causing climate change on this planet. dave: the massachusetts governor sounding like a climate critic, but, where was he a few"
https://archive.org/details/FOXNEWSW_20111001_100000_FOX_and_Friends_Saturday#start/4188/end/4223,10/1/2011 11:10:03,FOXNEWS,FOX and Friends Saturday,FOXNEWSW_20111001_100000_FOX_and_Friends_Saturday,https://archive.org/download/FOXNEWSW_20111001_100000_FOX_and_Friends_Saturday/FOXNEWSW_20111001_100000_FOX_and_Friends_Saturday.thumbs/FOXNEWSW_20111001_100000_FOX_and_Friends_Saturday_004170.jpg,"conservative enough for those in the tea party when it comes to climate change, when it comes to illegal immigration. clayton: and we learned that president george w. bush called him, got on the phone and called chris christie and actually had"
https://archive.org/details/FOXNEWSW_20111002_180000_FOX_News_Sunday_With_Chris_Wallace#start/251/end/286,10/2/2011 18:04:26,FOXNEWS,FOX News Sunday With Chris Wallace,FOXNEWSW_20111002_180000_FOX_News_Sunday_With_Chris_Wallace,https://archive.org/download/FOXNEWSW_20111002_180000_FOX_News_Sunday_With_Chris_Wallace/FOXNEWSW_20111002_180000_FOX_News_Sunday_With_Chris_Wallace.thumbs/FOXNEWSW_20111002_180000_FOX_News_Sunday_With_Chris_Wallace_000236.jpg,"a liability for him if he gets in the race. chris: why do you think that they won't be able to support him? because most of the conservatives believe that we should enforce our borders. they do not believe people should be here without documentation. they do not believe global warming is a crisis or a"
https://archive.org/details/FOXNEWSW_20111003_060000_FOX_News_Sunday_With_Chris_Wallace#start/264/end/299,10/3/2011 6:04:39,FOXNEWS,FOX News Sunday With Chris Wallace,FOXNEWSW_20111003_060000_FOX_News_Sunday_With_Chris_Wallace,https://archive.org/download/FOXNEWSW_20111003_060000_FOX_News_Sunday_With_Chris_Wallace/FOXNEWSW_20111003_060000_FOX_News_Sunday_With_Chris_Wallace.thumbs/FOXNEWSW_20111003_060000_FOX_News_Sunday_With_Chris_Wallace_000237.jpg,"they do not believe global warming is a crisis or a threat. yes, it might be a little bit out there but they don't see it as a crisis or a threat. and as you go right down the line he will turn off a lot of conservatives with those positions. chris: i want to ask you"
https://archive.org/details/FOXNEWSW_20111029_080000_Special_Report_With_Bret_Baier#start/1581/end/1616,10/29/2011 8:26:36,FOXNEWS,Special Report With Bret Baier,FOXNEWSW_20111029_080000_Special_Report_With_Bret_Baier,https://archive.org/download/FOXNEWSW_20111029_080000_Special_Report_With_Bret_Baier/FOXNEWSW_20111029_080000_Special_Report_With_Bret_Baier.thumbs/FOXNEWSW_20111029_080000_Special_Report_With_Bret_Baier_001556.jpg,"delta-2 rocket carrying the satellite took off this morning in california. the satellite will relay data that should allow scientists to improve forecast of hurricanes and other extreme weather. and monitor climate change. many democrats are running away from president obama's healthcare law."
https://archive.org/details/FOXNEWSW_20111008_080000_Special_Report_With_Bret_Baier#start/585/end/620,10/8/2011 8:10:00,FOXNEWS,Special Report With Bret Baier,FOXNEWSW_20111008_080000_Special_Report_With_Bret_Baier,https://archive.org/download/FOXNEWSW_20111008_080000_Special_Report_With_Bret_Baier/FOXNEWSW_20111008_080000_Special_Report_With_Bret_Baier.thumbs/FOXNEWSW_20111008_080000_Special_Report_With_Bret_Baier_000566.jpg,"for some candidates pro-life is election year slogan to follow prevailing political winds. reporter: perry launched a new web attack on romney as a carbon copy of president obama when it comes to environmental regulation and climate change. i will not create jobs or"
https://archive.org/details/FOXNEWSW_20111003_100000_FOX_and_Friends#start/7449/end/7484,10/3/2011 12:04:24,FOXNEWS,FOX and Friends,FOXNEWSW_20111003_100000_FOX_and_Friends,https://archive.org/download/FOXNEWSW_20111003_100000_FOX_and_Friends/FOXNEWSW_20111003_100000_FOX_and_Friends.thumbs/FOXNEWSW_20111003_100000_FOX_and_Friends_007436.jpg,"that they are upset with corporate greed, social iniquity, and the global climate change and the bottom line is they believe that wall street created all the economic problems and that they're not contributing their fair share to solve them. steve: there is a possibility that this kind of quasi anarchy"
https://archive.org/details/FOXNEWSW_20111029_100000_FOX_and_Friends_Saturday#start/7846/end/7881,10/29/2011 12:11:01,FOXNEWS,FOX and Friends Saturday,FOXNEWSW_20111029_100000_FOX_and_Friends_Saturday,https://archive.org/download/FOXNEWSW_20111029_100000_FOX_and_Friends_Saturday/FOXNEWSW_20111029_100000_FOX_and_Friends_Saturday.thumbs/FOXNEWSW_20111029_100000_FOX_and_Friends_Saturday_007830.jpg,"michael dukakis today. alisyn: and he said he does believe the climate change is happen asking he believes that humans are playing some role in it it sounds as though since rick perry got into the race in august that is when he changed his tune because rick perry said"
https://archive.org/details/FOXNEWSW_20111008_090000_The_OReilly_Factor#start/552/end/587,10/8/2011 9:09:27,FOXNEWS,The OReilly Factor,FOXNEWSW_20111008_090000_The_OReilly_Factor,https://archive.org/download/FOXNEWSW_20111008_090000_The_OReilly_Factor/FOXNEWSW_20111008_090000_The_OReilly_Factor.thumbs/FOXNEWSW_20111008_090000_The_OReilly_Factor_000536.jpg,"the result and falsified the results? that was the end of climate change's momentum toward any kind of significant cap and trade legislation, for example. solyndra will do the same thing to green energy. it's the end. bill: i hope not. i want green energy but i want"
https://archive.org/details/FOXNEWSW_20111008_070000_Red_Eye#start/1571/end/1606,10/8/2011 7:26:26,FOXNEWS,Red Eye,FOXNEWSW_20111008_070000_Red_Eye,https://archive.org/download/FOXNEWSW_20111008_070000_Red_Eye/FOXNEWSW_20111008_070000_Red_Eye.thumbs/FOXNEWSW_20111008_070000_Red_Eye_001556.jpg,"that never happened. the problem with the climate change is it seems to me they shut down the argument that completely that man doesn't influence his environment. you know who santt down the argument was people that decided it was 100% certain. there you go. that happened first. now you have the skeptics and"
https://archive.org/details/FOXNEWSW_20111002_100000_FOX_and_Friends_Sunday#start/4077/end/4112,10/2/2011 11:08:12,FOXNEWS,FOX and Friends Sunday,FOXNEWSW_20111002_100000_FOX_and_Friends_Sunday,https://archive.org/download/FOXNEWSW_20111002_100000_FOX_and_Friends_Sunday/FOXNEWSW_20111002_100000_FOX_and_Friends_Sunday.thumbs/FOXNEWSW_20111002_100000_FOX_and_Friends_Sunday_004050.jpg,"people sometimes when the other people wants to say it. whispering whether or not he's conservative enough, too, in terms of climate change, in terms of gun control, illegal immigration, so keep the e-mails coming, especially, nothing against you new jersey and new york folks, but the rest of the country we want to"
https://archive.org/details/FOXNEWSW_20111001_100000_FOX_and_Friends_Saturday#start/14075/end/14110,10/1/2011 13:54:50,FOXNEWS,FOX and Friends Saturday,FOXNEWSW_20111001_100000_FOX_and_Friends_Saturday,https://archive.org/download/FOXNEWSW_20111001_100000_FOX_and_Friends_Saturday/FOXNEWSW_20111001_100000_FOX_and_Friends_Saturday.thumbs/FOXNEWSW_20111001_100000_FOX_and_Friends_Saturday_014070.jpg,"if you're not on the ballot, doesn't matter what people think of you, can't vote for you and that's a matter of getting logistics lined up. dave: and reports that he may not be conservative enough for the tea party in terms of climate change and in terms of the illegal immigration and"
https://archive.org/details/FOXNEWSW_20111003_100000_FOX_and_Friends#start/4023/end/4058,10/3/2011 11:07:18,FOXNEWS,FOX and Friends,FOXNEWSW_20111003_100000_FOX_and_Friends,https://archive.org/download/FOXNEWSW_20111003_100000_FOX_and_Friends/FOXNEWSW_20111003_100000_FOX_and_Friends.thumbs/FOXNEWSW_20111003_100000_FOX_and_Friends_004016.jpg,"jersey. those will be hurdles for him to get over and also, dana, one other quick thing because i think a lot of people may be surprised on his positions with regard to immigration and climate change and, you know, some other very controversial topics. assault weapons ban. that haven't come up necessarily on the national scale for him."
