﻿URL,MatchDateTime,Station,Show,IAShowID,IAPreviewThumb,Snippet
https://archive.org/details/FOXNEWS_20101130_100000_The_OReilly_Factor#start/3166/end/3201,11/30/2010 10:53:01,FOXNEWS,The OReilly Factor,FOXNEWS_20101130_100000_The_OReilly_Factor,https://archive.org/download/FOXNEWS_20101130_100000_The_OReilly_Factor/FOXNEWS_20101130_100000_The_OReilly_Factor.thumbs/FOXNEWS_20101130_100000_The_OReilly_Factor_003143.jpg,"unseasonably warm. um-huh. how warm? [ laughter ] how warm has it been? like 20 degrees warmer than it should be. yes. and it's very windy. bill: that's that climate change, global warming."
https://archive.org/details/FOXNEWS_20101114_120000_FOX_and_Friends_Sunday#start/6353/end/6388,11/14/2010 13:46:08,FOXNEWS,FOX and Friends Sunday,FOXNEWS_20101114_120000_FOX_and_Friends_Sunday,https://archive.org/download/FOXNEWS_20101114_120000_FOX_and_Friends_Sunday/FOXNEWS_20101114_120000_FOX_and_Friends_Sunday.thumbs/FOXNEWS_20101114_120000_FOX_and_Friends_Sunday_006330.jpg,"they're cheaper than fossil fuel. critics have long lampooned al gore and stance ton global warming whether or not it's man made and whether the science is in on it. what's this film's stance on man made global warming rnts"
https://archive.org/details/FOXNEWS_20101127_193000_FOX_News_Watch#start/1754/end/1789,11/27/2010 19:59:29,FOXNEWS,FOX News Watch,FOXNEWS_20101127_193000_FOX_News_Watch,https://archive.org/download/FOXNEWS_20101127_193000_FOX_News_Watch/FOXNEWS_20101127_193000_FOX_News_Watch.thumbs/FOXNEWS_20101127_193000_FOX_News_Watch_001734.jpg,"dangers of nuclear power and artificial sweeteners and it cased us to grow cold and overlook real threats like terrorism. worse was global warming we saw"
https://archive.org/details/FOXNEWS_20101130_010000_The_OReilly_Factor#start/3173/end/3208,11/30/2010 1:53:08,FOXNEWS,The OReilly Factor,FOXNEWS_20101130_010000_The_OReilly_Factor,https://archive.org/download/FOXNEWS_20101130_010000_The_OReilly_Factor/FOXNEWS_20101130_010000_The_OReilly_Factor.thumbs/FOXNEWS_20101130_010000_The_OReilly_Factor_003173.jpg,"and it's very windy. bill: that's that climate change, global warming. do you believe in the chiment change and the global warming? not really. [ laughter ] [ applause ]  _          _     _"
https://archive.org/details/FOXNEWS_20101130_050000_Hannity#start/2833/end/2868,11/30/2010 5:47:28,FOXNEWS,Hannity,FOXNEWS_20101130_050000_Hannity,https://archive.org/download/FOXNEWS_20101130_050000_Hannity/FOXNEWS_20101130_050000_Hannity.thumbs/FOXNEWS_20101130_050000_Hannity_002813.jpg,"hewitt. and dana loesch is here. receiver drops the football. do you know whose fault it is? if you are a liberal you blame george w. bush. global warming."
https://archive.org/details/FOXNEWS_20101130_020000_Hannity#start/2833/end/2868,11/30/2010 2:47:28,FOXNEWS,Hannity,FOXNEWS_20101130_020000_Hannity,https://archive.org/download/FOXNEWS_20101130_020000_Hannity/FOXNEWS_20101130_020000_Hannity.thumbs/FOXNEWS_20101130_020000_Hannity_002814.jpg,"hewitt. and dana loesch is here. receiver drops the football. do you know whose fault it is? if you are a liberal you blame george w. bush. global warming."
https://archive.org/details/FOXNEWS_20101130_040000_The_OReilly_Factor#start/3179/end/3214,11/30/2010 4:53:14,FOXNEWS,The OReilly Factor,FOXNEWS_20101130_040000_The_OReilly_Factor,https://archive.org/download/FOXNEWS_20101130_040000_The_OReilly_Factor/FOXNEWS_20101130_040000_The_OReilly_Factor.thumbs/FOXNEWS_20101130_040000_The_OReilly_Factor_003173.jpg,"bill: that's that climate change, global warming. do you believe in the chiment change and the global warming? not really. [ laughter ] [ applause ] bill: i think i saw dave starting to sweat there finally"
https://archive.org/details/FOXNEWS_20101130_100000_The_OReilly_Factor#start/2413/end/2448,11/30/2010 10:40:28,FOXNEWS,The OReilly Factor,FOXNEWS_20101130_100000_The_OReilly_Factor,https://archive.org/download/FOXNEWS_20101130_100000_The_OReilly_Factor/FOXNEWS_20101130_100000_The_OReilly_Factor.thumbs/FOXNEWS_20101130_100000_The_OReilly_Factor_002394.jpg,"it or not. my gripe is not with the 'new york times' tore running it my gripe is about hypocrisy. one year ago this month, you remember, bill, those confidential emails about climate global warming were leaked."
https://archive.org/details/FOXNEWS_20101128_073000_FOX_News_Watch#start/1678/end/1713,11/28/2010 7:58:13,FOXNEWS,FOX News Watch,FOXNEWS_20101128_073000_FOX_News_Watch,https://archive.org/download/FOXNEWS_20101128_073000_FOX_News_Watch/FOXNEWS_20101128_073000_FOX_News_Watch.thumbs/FOXNEWS_20101128_073000_FOX_News_Watch_001494.jpg,"global warming. greg gutfeld takes a job at that next on news watch. jon: the united nations climate change conference is set to start in cancun, mexico and with that, we can expect the"
https://archive.org/details/FOXNEWS_20101103_170000_America_Live#start/2359/end/2394,11/3/2010 17:39:34,FOXNEWS,America Live,FOXNEWS_20101103_170000_America_Live,https://archive.org/download/FOXNEWS_20101103_170000_America_Live/FOXNEWS_20101103_170000_America_Live.thumbs/FOXNEWS_20101103_170000_America_Live_002334.jpg,"progress in the short term and polices in the long term that start giving us tools to reduce greenhouse gases and solve this problem. the epa is under a court order that says greenhouse gases are a pollutant."
https://archive.org/details/FOXNEWS_20101127_163000_Cashin_In#start/913/end/948,11/27/2010 16:45:28,FOXNEWS,Cashin In,FOXNEWS_20101127_163000_Cashin_In,https://archive.org/download/FOXNEWS_20101127_163000_Cashin_In/FOXNEWS_20101127_163000_Cashin_In.thumbs/FOXNEWS_20101127_163000_Cashin_In_000896.jpg,"the part i love is the -- climate change, you know with global warming and the environment, they don't have anything to do with each other. there is an ample evidence this is not in fact the same"
https://archive.org/details/FOXNEWS_20101114_170000_Americas_News_HQ#start/2714/end/2749,11/14/2010 17:45:29,FOXNEWS,Americas News HQ,FOXNEWS_20101114_170000_Americas_News_HQ,https://archive.org/download/FOXNEWS_20101114_170000_Americas_News_HQ/FOXNEWS_20101114_170000_Americas_News_HQ.thumbs/FOXNEWS_20101114_170000_Americas_News_HQ_002694.jpg,"shannon: new documentary is reigniting the debate over global warming and taking on al gore's 'an inconvenient truth.' we're going to hear from the film-maker who says we're brainwashing and scaring kids to thinking climate change is the greatest threat to mankind."
https://archive.org/details/FOXNEWS_20101120_120000_FOX_and_Friends_Saturday#start/2942/end/2977,11/20/2010 12:49:17,FOXNEWS,FOX and Friends Saturday,FOXNEWS_20101120_120000_FOX_and_Friends_Saturday,https://archive.org/download/FOXNEWS_20101120_120000_FOX_and_Friends_Saturday/FOXNEWS_20101120_120000_FOX_and_Friends_Saturday.thumbs/FOXNEWS_20101120_120000_FOX_and_Friends_Saturday_002940.jpg,"preaching for years and years and years this was settled science and global warming was settled science and the public is not buying it. the same people before were saying it was global cooling and now they are saying climate change so they are messed up but"
https://archive.org/details/FOXNEWS_20101102_100000_FOX_and_Friends#start/9353/end/9388,11/2/2010 12:36:08,FOXNEWS,FOX and Friends,FOXNEWS_20101102_100000_FOX_and_Friends,https://archive.org/download/FOXNEWS_20101102_100000_FOX_and_Friends/FOXNEWS_20101102_100000_FOX_and_Friends.thumbs/FOXNEWS_20101102_100000_FOX_and_Friends_009347.jpg,"you've got the one in california where greenhouse gas emissions, limit greenhouse gas emissions. i went to california recently and got the pro and con on that one. here is a couple thoughts for"
https://archive.org/details/FOXNEWS_20101112_180000_America_Live#start/6731/end/6766,11/12/2010 19:52:26,FOXNEWS,America Live,FOXNEWS_20101112_180000_America_Live,https://archive.org/download/FOXNEWS_20101112_180000_America_Live/FOXNEWS_20101112_180000_America_Live.thumbs/FOXNEWS_20101112_180000_America_Live_006710.jpg,"debate over global warming. some are calling it the antiinconvenient truth. but this doesn't suggest global warming doesn't exist. about it says when it comes to"
https://archive.org/details/FOXNEWS_20101103_170000_America_Live#start/1838/end/1873,11/3/2010 17:30:53,FOXNEWS,America Live,FOXNEWS_20101103_170000_America_Live,https://archive.org/download/FOXNEWS_20101103_170000_America_Live/FOXNEWS_20101103_170000_America_Live.thumbs/FOXNEWS_20101103_170000_America_Live_001825.jpg,"issues. there's been discussion about how we can restart our nuclear industry as a means of reducing our dependence on foreign oil and reducing greenhouse gases. is that an area where we can"
https://archive.org/details/FOXNEWS_20101103_170000_America_Live#start/2338/end/2373,11/3/2010 17:39:13,FOXNEWS,America Live,FOXNEWS_20101103_170000_America_Live,https://archive.org/download/FOXNEWS_20101103_170000_America_Live/FOXNEWS_20101103_170000_America_Live.thumbs/FOXNEWS_20101103_170000_America_Live_002334.jpg,"are serious about energy independence and serious about keeping our air clean and our water clean and dealing with the issue of greenhouse gases and seeing other ways that we can make"
https://archive.org/details/FOXNEWS_20101114_170000_Americas_News_HQ#start/3105/end/3140,11/14/2010 17:52:00,FOXNEWS,Americas News HQ,FOXNEWS_20101114_170000_Americas_News_HQ,https://archive.org/download/FOXNEWS_20101114_170000_Americas_News_HQ/FOXNEWS_20101114_170000_Americas_News_HQ.thumbs/FOXNEWS_20101114_170000_Americas_News_HQ_003083.jpg,"whether or not the science is in on that. what is this film's stance on the manmade global warming? if you ask skeptical scientists, more co2 means higher temperatures. so global warming in a basic sense is real. but the scary predictions that"
https://archive.org/details/FOXNEWS_20101112_160000_Happening_Now#start/6814/end/6849,11/12/2010 17:53:49,FOXNEWS,Happening Now,FOXNEWS_20101112_160000_Happening_Now,https://archive.org/download/FOXNEWS_20101112_160000_Happening_Now/FOXNEWS_20101112_160000_Happening_Now.thumbs/FOXNEWS_20101112_160000_Happening_Now_006650.jpg,"patti. ing up on 'america live', a prayer group, we have got the inside scoop on that. plus, an environmental activist with his own documentary, he's calling out the fakes and phonies within the global"
https://archive.org/details/FOXNEWS_20101128_043000_FOX_News_Watch#start/74/end/109,11/28/2010 4:31:29,FOXNEWS,FOX News Watch,FOXNEWS_20101128_043000_FOX_News_Watch,https://archive.org/download/FOXNEWS_20101128_043000_FOX_News_Watch/FOXNEWS_20101128_043000_FOX_News_Watch.thumbs/FOXNEWS_20101128_043000_FOX_News_Watch_000056.jpg,"death. a murder mystery capturing the media's attention for more than nine years ends with a guilty verdict in the death of chandra levy. did the press help or hurt the case. and when it comes to global"
https://archive.org/details/FOXNEWS_20101128_073000_FOX_News_Watch#start/73/end/108,11/28/2010 7:31:28,FOXNEWS,FOX News Watch,FOXNEWS_20101128_073000_FOX_News_Watch,https://archive.org/download/FOXNEWS_20101128_073000_FOX_News_Watch/FOXNEWS_20101128_073000_FOX_News_Watch.thumbs/FOXNEWS_20101128_073000_FOX_News_Watch_000056.jpg,"death. a murder mystery capturing the media's attention for more than nine years ends with a guilty verdict in the death of chandra levy. did the press help or hurt the case. and when it comes to global"
https://archive.org/details/FOXNEWS_20101126_210000_Your_World_With_Neil_Cavuto#start/3266/end/3301,11/26/2010 21:54:41,FOXNEWS,Your World With Neil Cavuto,FOXNEWS_20101126_210000_Your_World_With_Neil_Cavuto,https://archive.org/download/FOXNEWS_20101126_210000_Your_World_With_Neil_Cavuto/FOXNEWS_20101126_210000_Your_World_With_Neil_Cavuto.thumbs/FOXNEWS_20101126_210000_Your_World_With_Neil_Cavuto_003263.jpg,"and share that with poorer countries. is that because you are doing it to deal with a real issue in climate change or you are doing it just to get that done and using climate change as the reason. behalf is your view of climate change? very clear the u.n.'s view is"
https://archive.org/details/FOXNEWS_20101115_160000_Happening_Now#start/5835/end/5870,11/15/2010 17:37:30,FOXNEWS,Happening Now,FOXNEWS_20101115_160000_Happening_Now,https://archive.org/download/FOXNEWS_20101115_160000_Happening_Now/FOXNEWS_20101115_160000_Happening_Now.thumbs/FOXNEWS_20101115_160000_Happening_Now_005820.jpg,"before. he's also directer of the copenhagen consensus center, and the book is essentially now a documentary that is opening to rave reviews around the country. it is. and really it's about both cooling the conversation, you know, al gore's realizing global"
https://archive.org/details/FOXNEWS_20101124_080000_Red_Eye#start/2190/end/2225,11/24/2010 8:36:45,FOXNEWS,Red Eye,FOXNEWS_20101124_080000_Red_Eye,https://archive.org/download/FOXNEWS_20101124_080000_Red_Eye/FOXNEWS_20101124_080000_Red_Eye.thumbs/FOXNEWS_20101124_080000_Red_Eye_002184.jpg,"global warming can back you are foo. we have seen this before. like you said, it is with ice age and nuclear power. the bigger point is, is it me or does it seem like it is the exact same people that are doing it with global warming? yes, it is the same scientists who are now in the"
https://archive.org/details/FOXNEWS_20101126_210000_Your_World_With_Neil_Cavuto#start/3190/end/3225,11/26/2010 21:53:25,FOXNEWS,Your World With Neil Cavuto,FOXNEWS_20101126_210000_Your_World_With_Neil_Cavuto,https://archive.org/download/FOXNEWS_20101126_210000_Your_World_With_Neil_Cavuto/FOXNEWS_20101126_210000_Your_World_With_Neil_Cavuto.thumbs/FOXNEWS_20101126_210000_Your_World_With_Neil_Cavuto_003023.jpg,"talk about the green agenda, three days before a major united nations climate change caucus, outrage over the co-chair of a u.n. climate change panel saying and i quote, 'one must say that"
https://archive.org/details/FOXNEWS_20101126_030000_Greta_Van_Susteren#start/2827/end/2862,11/26/2010 3:47:22,FOXNEWS,Greta Van Susteren,FOXNEWS_20101126_030000_Greta_Van_Susteren,https://archive.org/download/FOXNEWS_20101126_030000_Greta_Van_Susteren/FOXNEWS_20101126_030000_Greta_Van_Susteren.thumbs/FOXNEWS_20101126_030000_Greta_Van_Susteren_002813.jpg,"wide. again, 35000 calves in a two week period. they don't have displacement habitat that's the qualitative difference with the caribou to the west. scientists tell us they are incredibly vulnerable to development and climate"
https://archive.org/details/FOXNEWS_20101126_210000_Your_World_With_Neil_Cavuto#start/2964/end/2999,11/26/2010 21:49:39,FOXNEWS,Your World With Neil Cavuto,FOXNEWS_20101126_210000_Your_World_With_Neil_Cavuto,https://archive.org/download/FOXNEWS_20101126_210000_Your_World_With_Neil_Cavuto/FOXNEWS_20101126_210000_Your_World_With_Neil_Cavuto.thumbs/FOXNEWS_20101126_210000_Your_World_With_Neil_Cavuto_002963.jpg,"guest: no matter which, you need a second vehicle to take your family on road trips in new york to florida you cannot make it on either, the volt would make it but not as much fun as a bigger vehicle. ahead of a big climate"
https://archive.org/details/FOXNEWS_20101112_180000_America_Live#start/6746/end/6781,11/12/2010 19:52:41,FOXNEWS,America Live,FOXNEWS_20101112_180000_America_Live,https://archive.org/download/FOXNEWS_20101112_180000_America_Live/FOXNEWS_20101112_180000_America_Live.thumbs/FOXNEWS_20101112_180000_America_Live_006740.jpg,"how to solve global warming the truth may be distorted. you got the documentary coming out. do you wind up taking shots from"
https://archive.org/details/FOXNEWS_20101102_080000_Special_Report_With_Bret_Baier#start/1455/end/1490,11/2/2010 8:24:30,FOXNEWS,Special Report With Bret Baier,FOXNEWS_20101102_080000_Special_Report_With_Bret_Baier,https://archive.org/download/FOXNEWS_20101102_080000_Special_Report_With_Bret_Baier/FOXNEWS_20101102_080000_Special_Report_With_Bret_Baier.thumbs/FOXNEWS_20101102_080000_Special_Report_With_Bret_Baier_001434.jpg,"contentious and expensive ballot initiatives, voters in california will decide whether to roll back limits on greenhouse gas emissions, pitting oil companies against environmentalists. missouri will decide whether to abolish puppy mills. while kansas can make bearing"
https://archive.org/details/FOXNEWS_20101125_100000_The_OReilly_Factor#start/2139/end/2174,11/25/2010 10:35:54,FOXNEWS,The OReilly Factor,FOXNEWS_20101125_100000_The_OReilly_Factor,https://archive.org/download/FOXNEWS_20101125_100000_The_OReilly_Factor/FOXNEWS_20101125_100000_The_OReilly_Factor.thumbs/FOXNEWS_20101125_100000_The_OReilly_Factor_002124.jpg,"gas-guzzling bmw and drive down my huge driveway through my beautiful lawn and go down to the local chop house for a steak. [mooing] that i then create a little greenhouse gas as i digest the"
https://archive.org/details/FOXNEWS_20101125_010000_The_OReilly_Factor#start/2140/end/2175,11/25/2010 1:35:55,FOXNEWS,The OReilly Factor,FOXNEWS_20101125_010000_The_OReilly_Factor,https://archive.org/download/FOXNEWS_20101125_010000_The_OReilly_Factor/FOXNEWS_20101125_010000_The_OReilly_Factor.thumbs/FOXNEWS_20101125_010000_The_OReilly_Factor_002124.jpg,"gas-guzzling bmw and drive down my huge driveway through my beautiful lawn and go down to the local chop house for a steak. [mooing] that i then create a little greenhouse gas as i digest the"
https://archive.org/details/FOXNEWS_20101125_040000_The_OReilly_Factor#start/2140/end/2175,11/25/2010 4:35:55,FOXNEWS,The OReilly Factor,FOXNEWS_20101125_040000_The_OReilly_Factor,https://archive.org/download/FOXNEWS_20101125_040000_The_OReilly_Factor/FOXNEWS_20101125_040000_The_OReilly_Factor.thumbs/FOXNEWS_20101125_040000_The_OReilly_Factor_002124.jpg,"gas-guzzling bmw and drive down my huge driveway through my beautiful lawn and go down to the local chop house for a steak. [mooing] that i then create a little greenhouse gas as i digest the"
https://archive.org/details/FOXNEWS_20101112_180000_America_Live#start/6488/end/6523,11/12/2010 19:48:23,FOXNEWS,America Live,FOXNEWS_20101112_180000_America_Live,https://archive.org/download/FOXNEWS_20101112_180000_America_Live/FOXNEWS_20101112_180000_America_Live.thumbs/FOXNEWS_20101112_180000_America_Live_006470.jpg,"firing up dough bait on global warming. science has been high jacked by alarmists and the public are given to believe they are to blame."
https://archive.org/details/FOXNEWS_20101130_050000_Hannity#start/1189/end/1224,11/30/2010 5:20:04,FOXNEWS,Hannity,FOXNEWS_20101130_050000_Hannity,https://archive.org/download/FOXNEWS_20101130_050000_Hannity/FOXNEWS_20101130_050000_Hannity.thumbs/FOXNEWS_20101130_050000_Hannity_001195.jpg,"should your taxpayers money fund them? and calling for world war ii style rationing to get a grip on global warming. that plus the"
https://archive.org/details/FOXNEWS_20101128_073000_FOX_News_Watch#start/1757/end/1792,11/28/2010 7:59:32,FOXNEWS,FOX News Watch,FOXNEWS_20101128_073000_FOX_News_Watch,https://archive.org/download/FOXNEWS_20101128_073000_FOX_News_Watch/FOXNEWS_20101128_073000_FOX_News_Watch.thumbs/FOXNEWS_20101128_073000_FOX_News_Watch_001734.jpg,"artificial sweeteners and it cased us to grow cold and overlook real threats like terrorism. worse was global warming we saw anyone questioning the hysteria"
https://archive.org/details/FOXNEWS_20101101_100000_FOX_and_Friends#start/9146/end/9181,11/1/2010 12:32:41,FOXNEWS,FOX and Friends,FOXNEWS_20101101_100000_FOX_and_Friends,https://archive.org/download/FOXNEWS_20101101_100000_FOX_and_Friends/FOXNEWS_20101101_100000_FOX_and_Friends.thumbs/FOXNEWS_20101101_100000_FOX_and_Friends_009137.jpg,"the passage of this will further mandate cuts that will be devastating. and in the most contentious and expensive ballot initiative, voters in california will decide whether to roll back limits on greenhouse gas emissions, pitting oil companies against"
https://archive.org/details/FOXNEWS_20101102_130000_Americas_Newsroom#start/3346/end/3381,11/2/2010 13:56:01,FOXNEWS,Americas Newsroom,FOXNEWS_20101102_130000_Americas_Newsroom,https://archive.org/download/FOXNEWS_20101102_130000_Americas_Newsroom/FOXNEWS_20101102_130000_Americas_Newsroom.thumbs/FOXNEWS_20101102_130000_Americas_Newsroom_003330.jpg,"proposals that will limit the government's ability to tax and spend. but the most expensive initiative, obviously, and of course, is in california. california prop 23 would roll back limits on greenhouse gas emissions. i went out there recently and covered that story."
https://archive.org/details/FOXNEWS_20101101_220000_Special_Report_With_Bret_Baier#start/1448/end/1483,11/1/2010 22:24:23,FOXNEWS,Special Report With Bret Baier,FOXNEWS_20101101_220000_Special_Report_With_Bret_Baier,https://archive.org/download/FOXNEWS_20101101_220000_Special_Report_With_Bret_Baier/FOXNEWS_20101101_220000_Special_Report_With_Bret_Baier.thumbs/FOXNEWS_20101101_220000_Special_Report_With_Bret_Baier_001434.jpg,"the passage of this will further mandate cuts that will be devastating. in one of the most contentious and expensive ballot initiatives, voters in california will decide whether to roll back limits on greenhouse gas emissions, pitting oil companies against"
https://archive.org/details/FOXNEWS_20101108_050000_Campaign_2010_Fight_to_the_Finish#start/919/end/954,11/8/2010 5:15:34,FOXNEWS,Campaign 2010 Fight to the Finish,FOXNEWS_20101108_050000_Campaign_2010_Fight_to_the_Finish,https://archive.org/download/FOXNEWS_20101108_050000_Campaign_2010_Fight_to_the_Finish/FOXNEWS_20101108_050000_Campaign_2010_Fight_to_the_Finish.thumbs/FOXNEWS_20101108_050000_Campaign_2010_Fight_to_the_Finish_000896.jpg,"climategate scandal the world's leading scientists were planning to suppress data and push global warming propaganda. and the countrywide mortgage scandal in which senators received sweetheart loans"
https://archive.org/details/FOXNEWS_20101130_020000_Hannity#start/1199/end/1234,11/30/2010 2:20:14,FOXNEWS,Hannity,FOXNEWS_20101130_020000_Hannity,https://archive.org/download/FOXNEWS_20101130_020000_Hannity/FOXNEWS_20101130_020000_Hannity.thumbs/FOXNEWS_20101130_020000_Hannity_001195.jpg,"style rationing to get a grip on global warming. that plus the great, great american panel. much more handty ahead. -- much more 'hannity' ahead. [ technician ] are you busy?                 _"
https://archive.org/details/FOXNEWS_20101105_040000_Hannity#start/918/end/953,11/5/2010 4:15:33,FOXNEWS,Hannity,FOXNEWS_20101105_040000_Hannity,https://archive.org/download/FOXNEWS_20101105_040000_Hannity/FOXNEWS_20101105_040000_Hannity.thumbs/FOXNEWS_20101105_040000_Hannity_000895.jpg,"climategate scandal the world's leading scientists were planning to suppress data and push global warming propaganda. and the countrywide mortgage scandal in which senators received sweetheart loans"
https://archive.org/details/FOXNEWS_20101108_090000_Campaign_2010_Fight_to_the_Finish#start/919/end/954,11/8/2010 9:15:34,FOXNEWS,Campaign 2010 Fight to the Finish,FOXNEWS_20101108_090000_Campaign_2010_Fight_to_the_Finish,https://archive.org/download/FOXNEWS_20101108_090000_Campaign_2010_Fight_to_the_Finish/FOXNEWS_20101108_090000_Campaign_2010_Fight_to_the_Finish.thumbs/FOXNEWS_20101108_090000_Campaign_2010_Fight_to_the_Finish_000895.jpg,"climategate scandal the world's leading scientists were planning to suppress data and push global warming propaganda. and the countrywide mortgage scandal in which senators received sweetheart loans"
https://archive.org/details/FOXNEWS_20101120_050000_Hannity#start/2458/end/2493,11/20/2010 5:41:13,FOXNEWS,Hannity,FOXNEWS_20101120_050000_Hannity,https://archive.org/download/FOXNEWS_20101120_050000_Hannity/FOXNEWS_20101120_050000_Hannity.thumbs/FOXNEWS_20101120_050000_Hannity_002460.jpg,"here's the report from cbs news. climategate proves that global warming is a deception if that's true it is a fraud adopted by most of the world's"
https://archive.org/details/FOXNEWS_20101120_020000_Hannity#start/2449/end/2484,11/20/2010 2:41:04,FOXNEWS,Hannity,FOXNEWS_20101120_020000_Hannity,https://archive.org/download/FOXNEWS_20101120_020000_Hannity/FOXNEWS_20101120_020000_Hannity.thumbs/FOXNEWS_20101120_020000_Hannity_002430.jpg,"we discovered they artificially altered science to hype global warming which i say and others, doesn't exist. here's the report from cbs news. climategate proves that"
https://archive.org/details/FOXNEWS_20101129_210000_Your_World_With_Neil_Cavuto#start/2645/end/2680,11/29/2010 21:44:20,FOXNEWS,Your World With Neil Cavuto,FOXNEWS_20101129_210000_Your_World_With_Neil_Cavuto,https://archive.org/download/FOXNEWS_20101129_210000_Your_World_With_Neil_Cavuto/FOXNEWS_20101129_210000_Your_World_With_Neil_Cavuto.thumbs/FOXNEWS_20101129_210000_Your_World_With_Neil_Cavuto_002634.jpg,"this may not be about global warming but a way to redistributes the world's money. take from the give. take from the rich. give to the poor."
https://archive.org/details/FOXNEWS_20101130_010000_The_OReilly_Factor#start/2449/end/2484,11/30/2010 1:41:04,FOXNEWS,The OReilly Factor,FOXNEWS_20101130_010000_The_OReilly_Factor,https://archive.org/download/FOXNEWS_20101130_010000_The_OReilly_Factor/FOXNEWS_20101130_010000_The_OReilly_Factor.thumbs/FOXNEWS_20101130_010000_The_OReilly_Factor_002454.jpg,"bill: ah-ha. all right. so we have a great concern for privacy and confident when the global warming community becomes suspect but when it's united"
https://archive.org/details/FOXNEWS_20101105_010000_Hannity#start/921/end/956,11/5/2010 1:15:36,FOXNEWS,Hannity,FOXNEWS_20101105_010000_Hannity,https://archive.org/download/FOXNEWS_20101105_010000_Hannity/FOXNEWS_20101105_010000_Hannity.thumbs/FOXNEWS_20101105_010000_Hannity_000895.jpg,"world's leading scientists were planning to suppress data and push global warming propaganda. and the countrywide mortgage scandal in which senators received sweetheart loans under friends of angelo"
https://archive.org/details/FOXNEWS_20101128_050000_Red_Eye#start/918/end/953,11/28/2010 5:15:33,FOXNEWS,Red Eye,FOXNEWS_20101128_050000_Red_Eye,https://archive.org/download/FOXNEWS_20101128_050000_Red_Eye/FOXNEWS_20101128_050000_Red_Eye.thumbs/FOXNEWS_20101128_050000_Red_Eye_000895.jpg,"predictions about global warming can backfire raising a question. how do you offer a dire prediction positively? hey, we're all going to die, lol? leading me to a theory."
https://archive.org/details/FOXNEWS_20101128_043000_FOX_News_Watch#start/1601/end/1636,11/28/2010 4:56:56,FOXNEWS,FOX News Watch,FOXNEWS_20101128_043000_FOX_News_Watch,https://archive.org/download/FOXNEWS_20101128_043000_FOX_News_Watch/FOXNEWS_20101128_043000_FOX_News_Watch.thumbs/FOXNEWS_20101128_043000_FOX_News_Watch_001495.jpg,"global warming. greg gutfeld takes a job at that next on news watch. pediatrician recommended pain reliever for children. plus, children's advil® brings fever down faster than children's tylenol®."
https://archive.org/details/FOXNEWS_20101128_043000_FOX_News_Watch#start/1743/end/1778,11/28/2010 4:59:18,FOXNEWS,FOX News Watch,FOXNEWS_20101128_043000_FOX_News_Watch,https://archive.org/download/FOXNEWS_20101128_043000_FOX_News_Watch/FOXNEWS_20101128_043000_FOX_News_Watch.thumbs/FOXNEWS_20101128_043000_FOX_News_Watch_001735.jpg,"and the fact is that people like me question global warming because we seen this media hysteria before with the coming ice age, dangers of nuclear power, and artificial"
https://archive.org/details/FOXNEWS_20101127_193000_FOX_News_Watch#start/1491/end/1526,11/27/2010 19:55:06,FOXNEWS,FOX News Watch,FOXNEWS_20101127_193000_FOX_News_Watch,https://archive.org/download/FOXNEWS_20101127_193000_FOX_News_Watch/FOXNEWS_20101127_193000_FOX_News_Watch.thumbs/FOXNEWS_20101127_193000_FOX_News_Watch_001464.jpg,"media scare tactics on global warming. greg gutfeld takes a job at that next on news watch. hosto really save you fifteen percent or more on car insurance?"
https://archive.org/details/FOXNEWS_20101124_080000_Red_Eye#start/1169/end/1204,11/24/2010 8:19:44,FOXNEWS,Red Eye,FOXNEWS_20101124_080000_Red_Eye,https://archive.org/download/FOXNEWS_20101124_080000_Red_Eye/FOXNEWS_20101124_080000_Red_Eye.thumbs/FOXNEWS_20101124_080000_Red_Eye_001165.jpg,"the global warming guys got too cocky. coming up, what is up with bubbles? brooke goldstein discusses her new book 'bubbles, the history.' should patients date their doctors?."
https://archive.org/details/FOXNEWS_20101128_050000_Red_Eye#start/2201/end/2236,11/28/2010 5:36:56,FOXNEWS,Red Eye,FOXNEWS_20101128_050000_Red_Eye,https://archive.org/download/FOXNEWS_20101128_050000_Red_Eye/FOXNEWS_20101128_050000_Red_Eye.thumbs/FOXNEWS_20101128_050000_Red_Eye_002184.jpg,"warm something. it's the same scientists now in global warming gig. there is moyer grant money. it's an industry based on lies and exaggeration. i'm feeding al gore's bank"
https://archive.org/details/FOXNEWS_20101112_180000_America_Live#start/6022/end/6057,11/12/2010 19:40:37,FOXNEWS,America Live,FOXNEWS_20101112_180000_America_Live,https://archive.org/download/FOXNEWS_20101112_180000_America_Live/FOXNEWS_20101112_180000_America_Live.thumbs/FOXNEWS_20101112_180000_America_Live_006020.jpg,"people who shout the loudest. why the film says the truth will global warming is being distorted. on our car insurance. great! at progressive, you can compare rates side by side,"
https://archive.org/details/FOXNEWS_20101114_120000_FOX_and_Friends_Sunday#start/6442/end/6477,11/14/2010 13:47:37,FOXNEWS,FOX and Friends Sunday,FOXNEWS_20101114_120000_FOX_and_Friends_Sunday,https://archive.org/download/FOXNEWS_20101114_120000_FOX_and_Friends_Sunday/FOXNEWS_20101114_120000_FOX_and_Friends_Sunday.thumbs/FOXNEWS_20101114_120000_FOX_and_Friends_Sunday_006420.jpg,"about global warming and fundamentally spend our money much smarter. you mentioned solar panels, beyond those what. how to grow your own oil field with algae and geoengineering and set the"
https://archive.org/details/FOXNEWS_20101130_040000_The_OReilly_Factor#start/2418/end/2453,11/30/2010 4:40:33,FOXNEWS,The OReilly Factor,FOXNEWS_20101130_040000_The_OReilly_Factor,https://archive.org/download/FOXNEWS_20101130_040000_The_OReilly_Factor/FOXNEWS_20101130_040000_The_OReilly_Factor.thumbs/FOXNEWS_20101130_040000_The_OReilly_Factor_002394.jpg,"remember, bill, those confidential emails about climate global warming were leaked. bill: in he can gland, right. in england, right. the 'new york times' science writer who has a 'new york"
https://archive.org/details/FOXNEWS_20101127_193000_FOX_News_Watch#start/81/end/116,11/27/2010 19:31:36,FOXNEWS,FOX News Watch,FOXNEWS_20101127_193000_FOX_News_Watch,https://archive.org/download/FOXNEWS_20101127_193000_FOX_News_Watch/FOXNEWS_20101127_193000_FOX_News_Watch.thumbs/FOXNEWS_20101127_193000_FOX_News_Watch_000056.jpg,"guilty verdict in the death of chandra levy. did the press help or hurt the case. and when it comes to global warming, greg gutfelled puts the scare tactics on ice."
https://archive.org/details/FOXNEWS_20101126_210000_Your_World_With_Neil_Cavuto#start/3329/end/3364,11/26/2010 21:55:44,FOXNEWS,Your World With Neil Cavuto,FOXNEWS_20101126_210000_Your_World_With_Neil_Cavuto,https://archive.org/download/FOXNEWS_20101126_210000_Your_World_With_Neil_Cavuto/FOXNEWS_20101126_210000_Your_World_With_Neil_Cavuto.thumbs/FOXNEWS_20101126_210000_Your_World_With_Neil_Cavuto_003323.jpg,"thoroughly debunked from scientists around the world, who have spoken up, and top u.n. scientists who used to be in the global warming camp have called it dogma, questioning the u.n."
https://archive.org/details/FOXNEWS_20101130_100000_The_OReilly_Factor#start/2461/end/2496,11/30/2010 10:41:16,FOXNEWS,The OReilly Factor,FOXNEWS_20101130_100000_The_OReilly_Factor,https://archive.org/download/FOXNEWS_20101130_100000_The_OReilly_Factor/FOXNEWS_20101130_100000_The_OReilly_Factor.thumbs/FOXNEWS_20101130_100000_The_OReilly_Factor_002453.jpg,"global warming community becomes suspect but when it's united states secrets -- bill: couldn't the argument be made that the level of importance is greater in the state department document thing"
https://archive.org/details/FOXNEWS_20101114_120000_FOX_and_Friends_Sunday#start/6010/end/6045,11/14/2010 13:40:25,FOXNEWS,FOX and Friends Sunday,FOXNEWS_20101114_120000_FOX_and_Friends_Sunday,https://archive.org/download/FOXNEWS_20101114_120000_FOX_and_Friends_Sunday/FOXNEWS_20101114_120000_FOX_and_Friends_Sunday.thumbs/FOXNEWS_20101114_120000_FOX_and_Friends_Sunday_006000.jpg,"strange, but not wrong. a new film about climate he think gang, al gore's inconvenient truth fears in propaganda surrounding global warming. we'll talk to this man next. and the lingerie football"
https://archive.org/details/FOXNEWS_20101112_180000_America_Live#start/6838/end/6873,11/12/2010 19:54:13,FOXNEWS,America Live,FOXNEWS_20101112_180000_America_Live,https://archive.org/download/FOXNEWS_20101112_180000_America_Live/FOXNEWS_20101112_180000_America_Live.thumbs/FOXNEWS_20101112_180000_America_Live_006830.jpg,"but it's not going to solve anything. imagine if we could innovate the price down below the price of fossil fuels. we will have solved global warming. so the trick is innovation."
https://archive.org/details/FOXNEWS_20101117_080000_Red_Eye#start/2261/end/2296,11/17/2010 8:37:56,FOXNEWS,Red Eye,FOXNEWS_20101117_080000_Red_Eye,https://archive.org/download/FOXNEWS_20101117_080000_Red_Eye/FOXNEWS_20101117_080000_Red_Eye.thumbs/FOXNEWS_20101117_080000_Red_Eye_002250.jpg,"i blame myself. the biggest scam perhaps in modern history is secondhand smoke, right? it needs to be perfect to say that secondhand smoke causes global warming. it is shank raw law."
https://archive.org/details/FOXNEWS_20101130_040000_The_OReilly_Factor#start/2449/end/2484,11/30/2010 4:41:04,FOXNEWS,The OReilly Factor,FOXNEWS_20101130_040000_The_OReilly_Factor,https://archive.org/download/FOXNEWS_20101130_040000_The_OReilly_Factor/FOXNEWS_20101130_040000_The_OReilly_Factor.thumbs/FOXNEWS_20101130_040000_The_OReilly_Factor_002424.jpg,"so they won't be posted here. bill: ah-ha. all right. so we have a great concern for privacy and confident when the global warming community becomes suspect but when it's united"
https://archive.org/details/FOXNEWS_20101115_140000_Americas_Newsroom#start/6156/end/6191,11/15/2010 15:42:51,FOXNEWS,Americas Newsroom,FOXNEWS_20101115_140000_Americas_Newsroom,https://archive.org/download/FOXNEWS_20101115_140000_Americas_Newsroom/FOXNEWS_20101115_140000_Americas_Newsroom.thumbs/FOXNEWS_20101115_140000_Americas_Newsroom_006150.jpg,"plus. the argument to cool it, in the global warming debate. and, judge andrew napolitano, sat down with sarah palin, all coming up on 'happening now.' rick: thank you, jon, he didn't"
https://archive.org/details/FOXNEWS_20101128_073000_FOX_News_Watch#start/1693/end/1728,11/28/2010 7:58:28,FOXNEWS,FOX News Watch,FOXNEWS_20101128_073000_FOX_News_Watch,https://archive.org/download/FOXNEWS_20101128_073000_FOX_News_Watch/FOXNEWS_20101128_073000_FOX_News_Watch.thumbs/FOXNEWS_20101128_073000_FOX_News_Watch_001644.jpg,"media to be shouting about global warming but with increasing skepticism when all the e-mails surfaced showing a lot of disagreement among scientists, many it's time for the granola crunching press to"
https://archive.org/details/FOXNEWS_20101130_100000_The_OReilly_Factor#start/3181/end/3216,11/30/2010 10:53:16,FOXNEWS,The OReilly Factor,FOXNEWS_20101130_100000_The_OReilly_Factor,https://archive.org/download/FOXNEWS_20101130_100000_The_OReilly_Factor/FOXNEWS_20101130_100000_The_OReilly_Factor.thumbs/FOXNEWS_20101130_100000_The_OReilly_Factor_003173.jpg,"do you believe in the chiment change and the global warming? not really. [ laughter ] [ applause ] bill: i think i saw dave starting to sweat there finally check 7, i will be talking with"
https://archive.org/details/FOXNEWS_20101112_180000_America_Live#start/6762/end/6797,11/12/2010 19:52:57,FOXNEWS,America Live,FOXNEWS_20101112_180000_America_Live,https://archive.org/download/FOXNEWS_20101112_180000_America_Live/FOXNEWS_20101112_180000_America_Live.thumbs/FOXNEWS_20101112_180000_America_Live_006740.jpg,"both sides. because you are not saying there isn't a problem. but you say we are not handling it correctly. we have been snuck this conversation. global warming is real, it's not a problem."
https://archive.org/details/FOXNEWS_20101128_043000_FOX_News_Watch#start/1697/end/1732,11/28/2010 4:58:32,FOXNEWS,FOX News Watch,FOXNEWS_20101128_043000_FOX_News_Watch,https://archive.org/download/FOXNEWS_20101128_043000_FOX_News_Watch/FOXNEWS_20101128_043000_FOX_News_Watch.thumbs/FOXNEWS_20101128_043000_FOX_News_Watch_001675.jpg,"global warming but with increasing skepticism when all the e-mails surfaced showing a lot of disagreement among scientists, many it's time for the granola crunching press to change the do mean and gloom"
https://archive.org/details/FOXNEWS_20101106_070000_Red_Eye#start/842/end/877,11/6/2010 7:14:17,FOXNEWS,Red Eye,FOXNEWS_20101106_070000_Red_Eye,https://archive.org/download/FOXNEWS_20101106_070000_Red_Eye/FOXNEWS_20101106_070000_Red_Eye.thumbs/FOXNEWS_20101106_070000_Red_Eye_000835.jpg,"well said, right, terry? how do i follow that? do you think this is the end of global warming legislation for awhile? yes and no. president obama said that is one way to skin it."
https://archive.org/details/FOXNEWS_20101124_080000_Red_Eye#start/919/end/954,11/24/2010 8:15:34,FOXNEWS,Red Eye,FOXNEWS_20101124_080000_Red_Eye,https://archive.org/download/FOXNEWS_20101124_080000_Red_Eye/FOXNEWS_20101124_080000_Red_Eye.thumbs/FOXNEWS_20101124_080000_Red_Eye_000896.jpg,"dire predictions about global warming can backfire if presented negatively. that raises one question, how do you of oner dire predictions positively. we are all going to die? lol. which leads me to a theory."
https://archive.org/details/FOXNEWS_20101127_193000_FOX_News_Watch#start/1689/end/1724,11/27/2010 19:58:24,FOXNEWS,FOX News Watch,FOXNEWS_20101127_193000_FOX_News_Watch,https://archive.org/download/FOXNEWS_20101127_193000_FOX_News_Watch/FOXNEWS_20101127_193000_FOX_News_Watch.thumbs/FOXNEWS_20101127_193000_FOX_News_Watch_001674.jpg,"to start in cancun, mexico and with that, we can expect the media to be shouting about global warming but with increasing skepticism when all the e-mails surfaced showing a lot of disagreement among"
https://archive.org/details/FOXNEWS_20101124_080000_Red_Eye#start/2205/end/2240,11/24/2010 8:37:00,FOXNEWS,Red Eye,FOXNEWS_20101124_080000_Red_Eye,https://archive.org/download/FOXNEWS_20101124_080000_Red_Eye/FOXNEWS_20101124_080000_Red_Eye.thumbs/FOXNEWS_20101124_080000_Red_Eye_002184.jpg,"global warming gig because they get to publish more studies and they get more grant money. it is an industry based on lies and exaggerations. and feeding al gore's bankbook. al gore is nowhere around"
https://archive.org/details/FOXNEWS_20101128_050000_Red_Eye#start/2185/end/2220,11/28/2010 5:36:40,FOXNEWS,Red Eye,FOXNEWS_20101128_050000_Red_Eye,https://archive.org/download/FOXNEWS_20101128_050000_Red_Eye/FOXNEWS_20101128_050000_Red_Eye.thumbs/FOXNEWS_20101128_050000_Red_Eye_002184.jpg,"that is what i said. greg you say messages about global warming can backfire. i agree with you. and bigger point is that does it seem like the same people are now doing witness global"
https://archive.org/details/FOXNEWS_20101102_100000_FOX_and_Friends#start/9371/end/9406,11/2/2010 12:36:26,FOXNEWS,FOX and Friends,FOXNEWS_20101102_100000_FOX_and_Friends,https://archive.org/download/FOXNEWS_20101102_100000_FOX_and_Friends/FOXNEWS_20101102_100000_FOX_and_Friends.thumbs/FOXNEWS_20101102_100000_FOX_and_Friends_009347.jpg,"you. describe exactly what this initiative would do. it's very simple. all the initiative would do would be to suspend implementation of the global warming law until the state's unemployment rate improves. it's a lose, lose situation."
https://archive.org/details/FOXNEWS_20101102_130000_Americas_Newsroom#start/3361/end/3396,11/2/2010 13:56:16,FOXNEWS,Americas Newsroom,FOXNEWS_20101102_130000_Americas_Newsroom,https://archive.org/download/FOXNEWS_20101102_130000_Americas_Newsroom/FOXNEWS_20101102_130000_Americas_Newsroom.thumbs/FOXNEWS_20101102_130000_Americas_Newsroom_003360.jpg,"here's the pro and con. describe exactly what this initiative would do. it's very simple. all the initiative would do would be to suspend limitation of the state's global warming law until the state's high unemployment"
https://archive.org/details/FOXNEWS_20101130_010000_The_OReilly_Factor#start/2421/end/2456,11/30/2010 1:40:36,FOXNEWS,The OReilly Factor,FOXNEWS_20101130_010000_The_OReilly_Factor,https://archive.org/download/FOXNEWS_20101130_010000_The_OReilly_Factor/FOXNEWS_20101130_010000_The_OReilly_Factor.thumbs/FOXNEWS_20101130_010000_The_OReilly_Factor_002394.jpg,"confidential emails about climate global warming were leaked. bill: in he can gland, right. in england, right. the 'new york times' science writer who has a 'new york times' blog about just this subject wrote this: the"
https://archive.org/details/FOXNEWS_20101114_120000_FOX_and_Friends_Sunday#start/6270/end/6305,11/14/2010 13:44:45,FOXNEWS,FOX and Friends Sunday,FOXNEWS_20101114_120000_FOX_and_Friends_Sunday,https://archive.org/download/FOXNEWS_20101114_120000_FOX_and_Friends_Sunday/FOXNEWS_20101114_120000_FOX_and_Friends_Sunday.thumbs/FOXNEWS_20101114_120000_FOX_and_Friends_Sunday_006270.jpg,"environmentalist's guide to global warming. he joins us, nice to see you. critics are saying this may be an answer to al gore's film 'an inconvenient truth' do you see it that way. it's move moving on."
https://archive.org/details/FOXNEWS_20101123_210000_Your_World_With_Neil_Cavuto#start/1561/end/1596,11/23/2010 21:26:16,FOXNEWS,Your World With Neil Cavuto,FOXNEWS_20101123_210000_Your_World_With_Neil_Cavuto,https://archive.org/download/FOXNEWS_20101123_210000_Your_World_With_Neil_Cavuto/FOXNEWS_20101123_210000_Your_World_With_Neil_Cavuto.thumbs/FOXNEWS_20101123_210000_Your_World_With_Neil_Cavuto_001554.jpg,"the stimulus pill, with -- bill, with huge subsidies and these are not, if you are concerned about global warming, because wind power and solar power are not a steady form of electricity, you need coal burn"
https://archive.org/details/FOXNEWS_20101128_050000_Red_Eye#start/978/end/1013,11/28/2010 5:16:33,FOXNEWS,Red Eye,FOXNEWS_20101128_050000_Red_Eye,https://archive.org/download/FOXNEWS_20101128_050000_Red_Eye/FOXNEWS_20101128_050000_Red_Eye.thumbs/FOXNEWS_20101128_050000_Red_Eye_000955.jpg,"solutions to global warming just assume your lies were right and push those carly light bulbs. that ain't going to work, either. the jig is up. p if you disagree with me you're a racist, globalphobe."
https://archive.org/details/FOXNEWS_20101128_043000_FOX_News_Watch#start/1760/end/1795,11/28/2010 4:59:35,FOXNEWS,FOX News Watch,FOXNEWS_20101128_043000_FOX_News_Watch,https://archive.org/download/FOXNEWS_20101128_043000_FOX_News_Watch/FOXNEWS_20101128_043000_FOX_News_Watch.thumbs/FOXNEWS_20101128_043000_FOX_News_Watch_001735.jpg,"sweeteners and ddt this, caused us to overlook real threats like terrorism and the rise of jersey shore. worse with, global warming we saw anyone questioning hysteria would be labeled a skeptic and treated like a"
https://archive.org/details/FOXNEWS_20101124_080000_Red_Eye#start/999/end/1034,11/24/2010 8:16:54,FOXNEWS,Red Eye,FOXNEWS_20101124_080000_Red_Eye,https://archive.org/download/FOXNEWS_20101124_080000_Red_Eye/FOXNEWS_20101124_080000_Red_Eye.thumbs/FOXNEWS_20101124_080000_Red_Eye_000985.jpg,"i had a little sweat under my nose. nobody told me. that's global warming. it is global cooling here. brooke, is it over? can they redefine the message now that they have stepped so far off the line?"
https://archive.org/details/FOXNEWS_20101127_163000_Cashin_In#start/883/end/918,11/27/2010 16:44:58,FOXNEWS,Cashin In,FOXNEWS_20101127_163000_Cashin_In,https://archive.org/download/FOXNEWS_20101127_163000_Cashin_In/FOXNEWS_20101127_163000_Cashin_In.thumbs/FOXNEWS_20101127_163000_Cashin_In_000866.jpg,"pacific looking to abandon donations. in washington, d.c. where i live they have to bill big walls to protect the national mall from the upcoming tides and people are pretending global warming doesn't exist. i don't care what the"
https://archive.org/details/FOXNEWS_20101127_163000_Cashin_In#start/943/end/978,11/27/2010 16:45:58,FOXNEWS,Cashin In,FOXNEWS_20101127_163000_Cashin_In,https://archive.org/download/FOXNEWS_20101127_163000_Cashin_In/FOXNEWS_20101127_163000_Cashin_In.thumbs/FOXNEWS_20101127_163000_Cashin_In_000926.jpg,"deal with the environment, another thing to deal with global warming. by the way as they reminded boxer on the committee consensus is not science my friend. should we throw money at the problem? that's the concern about this"
https://archive.org/details/FOXNEWS_20101120_020000_Hannity#start/2466/end/2501,11/20/2010 2:41:21,FOXNEWS,Hannity,FOXNEWS_20101120_020000_Hannity,https://archive.org/download/FOXNEWS_20101120_020000_Hannity/FOXNEWS_20101120_020000_Hannity.thumbs/FOXNEWS_20101120_020000_Hannity_002460.jpg,"global warming is a deception if that's true it is a fraud adopted by most of the world's leading scientists with nasa, u.n., american medical association and the national academies of science of 32 countries, including the"
https://archive.org/details/FOXNEWS_20101120_050000_Hannity#start/2442/end/2477,11/20/2010 5:40:57,FOXNEWS,Hannity,FOXNEWS_20101120_050000_Hannity,https://archive.org/download/FOXNEWS_20101120_050000_Hannity/FOXNEWS_20101120_050000_Hannity.thumbs/FOXNEWS_20101120_050000_Hannity_002430.jpg,"the issue of the environment. you guys did an interesting piece on this. today is the one year anniversary of climategate. we discovered they artificially altered science to hype global warming which i say and others, doesn't exist."
https://archive.org/details/FOXNEWS_20101112_180000_America_Live#start/6886/end/6921,11/12/2010 19:55:01,FOXNEWS,America Live,FOXNEWS_20101112_180000_America_Live,https://archive.org/download/FOXNEWS_20101112_180000_America_Live/FOXNEWS_20101112_180000_America_Live.thumbs/FOXNEWS_20101112_180000_America_Live_006860.jpg,"to tackle the problem. we'll get energy independence and we can also spend money on some of the other important problems in the world. global warming is not the only issue here. shannon: you talk about spending. are you talking about money"
https://archive.org/details/FOXNEWS_20101115_160000_Happening_Now#start/2682/end/2717,11/15/2010 16:44:57,FOXNEWS,Happening Now,FOXNEWS_20101115_160000_Happening_Now,https://archive.org/download/FOXNEWS_20101115_160000_Happening_Now/FOXNEWS_20101115_160000_Happening_Now.thumbs/FOXNEWS_20101115_160000_Happening_Now_002670.jpg,"saying. also, an insightful new documentary on global warming. this time it's a cry for turning down the volume on the debate in a return to sanity. we're going to explain that. plus, we're gearing up for our town hall usa."
https://archive.org/details/FOXNEWS_20101130_080000_Red_Eye#start/2119/end/2154,11/30/2010 8:35:34,FOXNEWS,Red Eye,FOXNEWS_20101130_080000_Red_Eye,https://archive.org/download/FOXNEWS_20101130_080000_Red_Eye/FOXNEWS_20101130_080000_Red_Eye.thumbs/FOXNEWS_20101130_080000_Red_Eye_002094.jpg,"to global warming will be the half time show. how is this possible? apparently teenage girls love them and that's all it takes to ruin a super bowl which get this is something no teenage girl has ever watched. sadly since performing in"
https://archive.org/details/FOXNEWS_20101106_070000_Red_Eye#start/735/end/770,11/6/2010 7:12:30,FOXNEWS,Red Eye,FOXNEWS_20101106_070000_Red_Eye,https://archive.org/download/FOXNEWS_20101106_070000_Red_Eye/FOXNEWS_20101106_070000_Red_Eye.thumbs/FOXNEWS_20101106_070000_Red_Eye_000715.jpg,"republicans won big, president obama ran screaming from the cap and trade program like it was a hooker with herpes. remember, this was his solution for global warming, curb carbon emission biz hiking the price of electricity and gas, forcing us to useless."
https://archive.org/details/FOXNEWS_20101125_100000_The_OReilly_Factor#start/2124/end/2159,11/25/2010 10:35:39,FOXNEWS,The OReilly Factor,FOXNEWS_20101125_100000_The_OReilly_Factor,https://archive.org/download/FOXNEWS_20101125_100000_The_OReilly_Factor/FOXNEWS_20101125_100000_The_OReilly_Factor.thumbs/FOXNEWS_20101125_100000_The_OReilly_Factor_002124.jpg,"the world hotter. leaf blowing, mowing your lawn, all of these things are killing the polar bears. you ought to be ashamed, miller. here is my feeling on this global warming thing, bill. if i can't jump into my"
https://archive.org/details/FOXNEWS_20101125_010000_The_OReilly_Factor#start/2108/end/2143,11/25/2010 1:35:23,FOXNEWS,The OReilly Factor,FOXNEWS_20101125_010000_The_OReilly_Factor,https://archive.org/download/FOXNEWS_20101125_010000_The_OReilly_Factor/FOXNEWS_20101125_010000_The_OReilly_Factor.thumbs/FOXNEWS_20101125_010000_The_OReilly_Factor_002094.jpg,"live, the university of california spends a lot of tax money. one of the things they did was they came up with a global warming villain. that is your lawn, miller. your lawn. okay? apparently miller's lawn is emoting emissions that is making"
https://archive.org/details/FOXNEWS_20101125_010000_The_OReilly_Factor#start/2124/end/2159,11/25/2010 1:35:39,FOXNEWS,The OReilly Factor,FOXNEWS_20101125_010000_The_OReilly_Factor,https://archive.org/download/FOXNEWS_20101125_010000_The_OReilly_Factor/FOXNEWS_20101125_010000_The_OReilly_Factor.thumbs/FOXNEWS_20101125_010000_The_OReilly_Factor_002124.jpg,"the world hotter. leaf blowing, mowing your lawn, all of these things are killing the polar bears. you ought to be ashamed, miller. here is my feeling on this global warming thing, bill. if i can't jump into my"
https://archive.org/details/FOXNEWS_20101124_080000_Red_Eye#start/968/end/1003,11/24/2010 8:16:23,FOXNEWS,Red Eye,FOXNEWS_20101124_080000_Red_Eye,https://archive.org/download/FOXNEWS_20101124_080000_Red_Eye/FOXNEWS_20101124_080000_Red_Eye.thumbs/FOXNEWS_20101124_080000_Red_Eye_000955.jpg,"retreat to therapy. have you seen gore lately? now they say the experts should rethink their messaging. now, note these shrinks are not telling experts to stop exaggerating consequences. instead they say present solutions to global warming. meaning just assume your lies"
https://archive.org/details/FOXNEWS_20101113_153000_Cavuto_on_Business#start/1095/end/1130,11/13/2010 15:48:30,FOXNEWS,Cavuto on Business,FOXNEWS_20101113_153000_Cavuto_on_Business,https://archive.org/download/FOXNEWS_20101113_153000_Cavuto_on_Business/FOXNEWS_20101113_153000_Cavuto_on_Business.thumbs/FOXNEWS_20101113_153000_Cavuto_on_Business_001075.jpg,"other green programs didn't work, but this one will? i would like to survive long enough to see the effects of global warming, i have an inside tip it's all about your crab. [ advisor 1 ] what do you see yourself doing one week,"
https://archive.org/details/FOXNEWS_20101125_040000_The_OReilly_Factor#start/2124/end/2159,11/25/2010 4:35:39,FOXNEWS,The OReilly Factor,FOXNEWS_20101125_040000_The_OReilly_Factor,https://archive.org/download/FOXNEWS_20101125_040000_The_OReilly_Factor/FOXNEWS_20101125_040000_The_OReilly_Factor.thumbs/FOXNEWS_20101125_040000_The_OReilly_Factor_002124.jpg,"the world hotter. leaf blowing, mowing your lawn, all of these things are killing the polar bears. you ought to be ashamed, miller. here is my feeling on this global warming thing, bill. if i can't jump into my"
https://archive.org/details/FOXNEWS_20101102_170000_America_Live#start/307/end/342,11/2/2010 17:05:22,FOXNEWS,America Live,FOXNEWS_20101102_170000_America_Live,https://archive.org/download/FOXNEWS_20101102_170000_America_Live/FOXNEWS_20101102_170000_America_Live.thumbs/FOXNEWS_20101102_170000_America_Live_000296.jpg,"in the coal state has been the democrat's effort to pass a cap and trade global warming bill. it passed in the house, not in the senate. shannon bream as an update from wharl ton, west virginia. reporter: republicans know they have got an uphill fight in"
https://archive.org/details/FOXNEWS_20101109_220000_Glenn_Beck#start/757/end/792,11/9/2010 22:12:52,FOXNEWS,Glenn Beck,FOXNEWS_20101109_220000_Glenn_Beck,https://archive.org/download/FOXNEWS_20101109_220000_Glenn_Beck/FOXNEWS_20101109_220000_Glenn_Beck.thumbs/FOXNEWS_20101109_220000_Glenn_Beck_000745.jpg,"also days after obama was elected he called for a new energy bill. i think is a great opportunity to financially heel deal with global warming and energy independence. the u.s. needs cap and trade with licensing for emissions rights. i have would use the revenue"
https://archive.org/details/FOXNEWS_20101110_070000_Glenn_Beck#start/758/end/793,11/10/2010 7:12:53,FOXNEWS,Glenn Beck,FOXNEWS_20101110_070000_Glenn_Beck,https://archive.org/download/FOXNEWS_20101110_070000_Glenn_Beck/FOXNEWS_20101110_070000_Glenn_Beck.thumbs/FOXNEWS_20101110_070000_Glenn_Beck_000745.jpg,"elected he called for a new energy bill. i think is a great opportunity to financially heel deal with global warming and energy independence. the u.s. needs cap and trade with licensing for emissions rights. i have would use the revenue from the option to launch new"
https://archive.org/details/FOXNEWS_20101115_160000_Happening_Now#start/4398/end/4433,11/15/2010 17:13:33,FOXNEWS,Happening Now,FOXNEWS_20101115_160000_Happening_Now,https://archive.org/download/FOXNEWS_20101115_160000_Happening_Now/FOXNEWS_20101115_160000_Happening_Now.thumbs/FOXNEWS_20101115_160000_Happening_Now_004380.jpg,"report from the federal courthouse next. also, we've seen the scary ads from those who want to fight global warming, but do they go too far? a brand new documentary that might make you want to see the issue in a whole different way."
https://archive.org/details/FOXNEWS_20101115_160000_Happening_Now#start/5417/end/5452,11/15/2010 17:30:32,FOXNEWS,Happening Now,FOXNEWS_20101115_160000_Happening_Now,https://archive.org/download/FOXNEWS_20101115_160000_Happening_Now/FOXNEWS_20101115_160000_Happening_Now.thumbs/FOXNEWS_20101115_160000_Happening_Now_005400.jpg,"everyone to cool it when it comes to global warming. a brand new documentary shedding new light on this issue. take a listen. science has been hijacked by alarmists, and the public are given to believe that they are to blame. we started washing our"
https://archive.org/details/FOXNEWS_20101114_120000_FOX_and_Friends_Sunday#start/6287/end/6322,11/14/2010 13:45:02,FOXNEWS,FOX and Friends Sunday,FOXNEWS_20101114_120000_FOX_and_Friends_Sunday,https://archive.org/download/FOXNEWS_20101114_120000_FOX_and_Friends_Sunday/FOXNEWS_20101114_120000_FOX_and_Friends_Sunday.thumbs/FOXNEWS_20101114_120000_FOX_and_Friends_Sunday_006270.jpg,"global warming is real, but the way al gore presented it is scary and the little kids worried about their future. that's a very bad place to be if we want to make good, smart decisions. if the icebergs are melted and coastal cities are going"
https://archive.org/details/FOXNEWS_20101107_030000_The_Journal_Editorial_Report#start/853/end/888,11/7/2010 3:14:28,FOXNEWS,The Journal Editorial Report,FOXNEWS_20101107_030000_The_Journal_Editorial_Report,https://archive.org/download/FOXNEWS_20101107_030000_The_Journal_Editorial_Report/FOXNEWS_20101107_030000_The_Journal_Editorial_Report.thumbs/FOXNEWS_20101107_030000_The_Journal_Editorial_Report_000836.jpg,"have halted the global warming business they are doing for a couple years. they have their own cap and trade law they wouldn't implement it until it was 5 and a half percent. they were out spent by 4-1."
https://archive.org/details/FOXNEWS_20101124_080000_Red_Eye#start/1107/end/1142,11/24/2010 8:18:42,FOXNEWS,Red Eye,FOXNEWS_20101124_080000_Red_Eye,https://archive.org/download/FOXNEWS_20101124_080000_Red_Eye/FOXNEWS_20101124_080000_Red_Eye.thumbs/FOXNEWS_20101124_080000_Red_Eye_001105.jpg,"people didn't get it. guess what, people are having issue with global warming because of climate gate. it was realized that there was a whole bunch of people trying to put a certain message forth and that's it. we can talk about it, and"
https://archive.org/details/FOXNEWS_20101114_170000_Americas_News_HQ#start/3090/end/3125,11/14/2010 17:51:45,FOXNEWS,Americas News HQ,FOXNEWS_20101114_170000_Americas_News_HQ,https://archive.org/download/FOXNEWS_20101114_170000_Americas_News_HQ/FOXNEWS_20101114_170000_Americas_News_HQ.thumbs/FOXNEWS_20101114_170000_Americas_News_HQ_003083.jpg,"more than foss sul fuel so a few well-meaning westerners will put them up. but we will only get everyone else to do so if they're cheaper than fossil fuels. critics long lampooned al gore and the stance on global warming that it is manmade and"
https://archive.org/details/FOXNEWS_20101124_080000_Red_Eye#start/933/end/968,11/24/2010 8:15:48,FOXNEWS,Red Eye,FOXNEWS_20101124_080000_Red_Eye,https://archive.org/download/FOXNEWS_20101124_080000_Red_Eye/FOXNEWS_20101124_080000_Red_Eye.thumbs/FOXNEWS_20101124_080000_Red_Eye_000926.jpg,"the people like me question global warming evidence because we have seen this his tear yaw before with the coming of the ice age. artificial sweeteners, and this causes us to grow cold to such crap and over look real threats like terrorism, the"
https://archive.org/details/FOXNEWS_20101120_050000_Hannity#start/640/end/675,11/20/2010 5:10:55,FOXNEWS,Hannity,FOXNEWS_20101120_050000_Hannity,https://archive.org/download/FOXNEWS_20101120_050000_Hannity/FOXNEWS_20101120_050000_Hannity.thumbs/FOXNEWS_20101120_050000_Hannity_000600.jpg,"sean: president obama was at the nato summit in portugal today to discuss climate change. his mode of transportation making held lines cadillac one no efficiency eight ton diesel"
https://archive.org/details/FOXNEWS_20101127_193000_FOX_News_Watch#start/1674/end/1709,11/27/2010 19:58:09,FOXNEWS,FOX News Watch,FOXNEWS_20101127_193000_FOX_News_Watch,https://archive.org/download/FOXNEWS_20101127_193000_FOX_News_Watch/FOXNEWS_20101127_193000_FOX_News_Watch.thumbs/FOXNEWS_20101127_193000_FOX_News_Watch_001674.jpg,"and, go to celebrex.com to learn more about how you can move ward relief. celebrex. for a body in motion. jon: the united nations climate change conference is set"
https://archive.org/details/FOXNEWS_20101120_020000_Hannity#start/639/end/674,11/20/2010 2:10:54,FOXNEWS,Hannity,FOXNEWS_20101120_020000_Hannity,https://archive.org/download/FOXNEWS_20101120_020000_Hannity/FOXNEWS_20101120_020000_Hannity.thumbs/FOXNEWS_20101120_020000_Hannity_000600.jpg,"sean: president obama was at the nato summit in portugal today to discuss climate change. his mode of transportation making held lines cadillac one no efficiency eight ton diesel"
https://archive.org/details/FOXNEWS_20101126_210000_Your_World_With_Neil_Cavuto#start/3219/end/3254,11/26/2010 21:53:54,FOXNEWS,Your World With Neil Cavuto,FOXNEWS_20101126_210000_Your_World_With_Neil_Cavuto,https://archive.org/download/FOXNEWS_20101126_210000_Your_World_With_Neil_Cavuto/FOXNEWS_20101126_210000_Your_World_With_Neil_Cavuto.thumbs/FOXNEWS_20101126_210000_Your_World_With_Neil_Cavuto_003203.jpg,"guest: a long line of claims and it is rare they are this can difficulty but you can go back and find the u.n. pushing a global carbon tax. the u.n. top advisor pushing global co2 budget for every man,"
https://archive.org/details/FOXNEWS_20101115_160000_Happening_Now#start/5791/end/5826,11/15/2010 17:36:46,FOXNEWS,Happening Now,FOXNEWS_20101115_160000_Happening_Now,https://archive.org/download/FOXNEWS_20101115_160000_Happening_Now/FOXNEWS_20101115_160000_Happening_Now.thumbs/FOXNEWS_20101115_160000_Happening_Now_005790.jpg,"does make thicks for -- things for its ally, america. back to you. jenna: dominic, thank you so much. jon: you know, for years we've seen all kinds of scary ads from those who are fighting global warming. the message is loud and clear, it is the worse problem"
https://archive.org/details/FOXNEWS_20101115_160000_Happening_Now#start/5961/end/5996,11/15/2010 17:39:36,FOXNEWS,Happening Now,FOXNEWS_20101115_160000_Happening_Now,https://archive.org/download/FOXNEWS_20101115_160000_Happening_Now/FOXNEWS_20101115_160000_Happening_Now.thumbs/FOXNEWS_20101115_160000_Happening_Now_005940.jpg,"really important things we need to fix. we should also fix global warming, but it was somewhat far down the list on what they have to do smartly. we're not right now. we're actually not tackling it at all. jon: my little daughter came home from school and said,"
https://archive.org/details/FOXNEWS_20101125_040000_The_OReilly_Factor#start/2108/end/2143,11/25/2010 4:35:23,FOXNEWS,The OReilly Factor,FOXNEWS_20101125_040000_The_OReilly_Factor,https://archive.org/download/FOXNEWS_20101125_040000_The_OReilly_Factor/FOXNEWS_20101125_040000_The_OReilly_Factor.thumbs/FOXNEWS_20101125_040000_The_OReilly_Factor_002094.jpg,"bill: you know, out where you live, the university of california spends a lot of tax money. one of the things they did was they came up with a global warming villain. that is your lawn, miller. your lawn. okay? apparently miller's lawn is emoting emissions that is making"
https://archive.org/details/FOXNEWS_20101125_100000_The_OReilly_Factor#start/2107/end/2142,11/25/2010 10:35:22,FOXNEWS,The OReilly Factor,FOXNEWS_20101125_100000_The_OReilly_Factor,https://archive.org/download/FOXNEWS_20101125_100000_The_OReilly_Factor/FOXNEWS_20101125_100000_The_OReilly_Factor.thumbs/FOXNEWS_20101125_100000_The_OReilly_Factor_002094.jpg,"bill: you know, out where you live, the university of california spends a lot of tax money. one of the things they did was they came up with a global warming villain. that is your lawn, miller. your lawn. okay? apparently miller's lawn is emoting emissions that is making"
https://archive.org/details/FOXNEWS_20101128_043000_FOX_News_Watch#start/1681/end/1716,11/28/2010 4:58:16,FOXNEWS,FOX News Watch,FOXNEWS_20101128_043000_FOX_News_Watch,https://archive.org/download/FOXNEWS_20101128_043000_FOX_News_Watch/FOXNEWS_20101128_043000_FOX_News_Watch.thumbs/FOXNEWS_20101128_043000_FOX_News_Watch_001615.jpg,"choose children'advil®. relief you can trust. jon: the united nations climate change conference is set to start in cancun, mexico and with that, we can expect the media to be shouting about"
https://archive.org/details/FOXNEWS_20101126_060000_Greta_Van_Susteren#start/2734/end/2769,11/26/2010 6:45:49,FOXNEWS,Greta Van Susteren,FOXNEWS_20101126_060000_Greta_Van_Susteren,https://archive.org/download/FOXNEWS_20101126_060000_Greta_Van_Susteren/FOXNEWS_20101126_060000_Greta_Van_Susteren.thumbs/FOXNEWS_20101126_060000_Greta_Van_Susteren_002723.jpg,"the impacts that are happening to the arctic from climate change or other activities from a wilderness perspective it is an incredible place. we've talked about wildlife. let's not forget the people."
https://archive.org/details/FOXNEWS_20101111_140000_Americas_Newsroom#start/2909/end/2944,11/11/2010 14:48:44,FOXNEWS,Americas Newsroom,FOXNEWS_20101111_140000_Americas_Newsroom,https://archive.org/download/FOXNEWS_20101111_140000_Americas_Newsroom/FOXNEWS_20101111_140000_Americas_Newsroom.thumbs/FOXNEWS_20101111_140000_Americas_Newsroom_002903.jpg,"kind of reminds me back when i was the only one who told the truth about global warming, none of the people out there were helping me on that, so i'm out alone again but i'm doing the right thing. i don't want to turn the spending function over to obama, and that's a -- you       _"
https://archive.org/details/FOXNEWS_20101115_160000_Happening_Now#start/5854/end/5889,11/15/2010 17:37:49,FOXNEWS,Happening Now,FOXNEWS_20101115_160000_Happening_Now,https://archive.org/download/FOXNEWS_20101115_160000_Happening_Now/FOXNEWS_20101115_160000_Happening_Now.thumbs/FOXNEWS_20101115_160000_Happening_Now_005850.jpg,"warming is a problem, but he did so by scaring the pants off of us. of course, we also need to cool the planet, but we need to do so smartly and, quite frankly, we're not right now. jon: all right. so you believe global warming is a man-caused event. yes."
https://archive.org/details/FOXNEWS_20101115_160000_Happening_Now#start/5946/end/5981,11/15/2010 17:39:21,FOXNEWS,Happening Now,FOXNEWS_20101115_160000_Happening_Now,https://archive.org/download/FOXNEWS_20101115_160000_Happening_Now/FOXNEWS_20101115_160000_Happening_Now.thumbs/FOXNEWS_20101115_160000_Happening_Now_005940.jpg,"people down, nobel laureates some of them, and gave them a list of the world's most intractable problems and where did global warming fall on that list in terms of ability to solve it? this. what we said was, you know, where would you spend money first? they told us there's lots of"
https://archive.org/details/FOXNEWS_20101114_120000_FOX_and_Friends_Sunday#start/6367/end/6402,11/14/2010 13:46:22,FOXNEWS,FOX and Friends Sunday,FOXNEWS_20101114_120000_FOX_and_Friends_Sunday,https://archive.org/download/FOXNEWS_20101114_120000_FOX_and_Friends_Sunday/FOXNEWS_20101114_120000_FOX_and_Friends_Sunday.thumbs/FOXNEWS_20101114_120000_FOX_and_Friends_Sunday_006360.jpg,"even if you asked a skeptical scientists. they say more in the atmosphere means higher temperatures and global warming in a basic sense is real. but the scary predictions that you very often hear and the ones you also talked about the idea that we've seen the melting icebergs and get the"
https://archive.org/details/FOXNEWS_20101114_120000_FOX_and_Friends_Sunday#start/6505/end/6540,11/14/2010 13:48:40,FOXNEWS,FOX and Friends Sunday,FOXNEWS_20101114_120000_FOX_and_Friends_Sunday,https://archive.org/download/FOXNEWS_20101114_120000_FOX_and_Friends_Sunday/FOXNEWS_20101114_120000_FOX_and_Friends_Sunday.thumbs/FOXNEWS_20101114_120000_FOX_and_Friends_Sunday_006480.jpg,"all or the scareiest thing we've ever seen. they want smart action, but also want it to be cost effective so this is really about being smart about global warming. i hope this film can start saying it's not an anti-al gore, but moving on and saying, all right, what is the"
https://archive.org/details/FOXNEWS_20101106_070000_Red_Eye#start/903/end/938,11/6/2010 7:15:18,FOXNEWS,Red Eye,FOXNEWS_20101106_070000_Red_Eye,https://archive.org/download/FOXNEWS_20101106_070000_Red_Eye/FOXNEWS_20101106_070000_Red_Eye.thumbs/FOXNEWS_20101106_070000_Red_Eye_000895.jpg,"money. you can say global warming all you want. we get 10% of our oil from venezuela, way more than the middle east. what they are doing is forcing our hand to alternative energy. alternative energy will stop us from putting billions into the pockets of our enemies. if you are against cap and"
https://archive.org/details/FOXNEWS_20101113_153000_Cavuto_on_Business#start/1495/end/1530,11/13/2010 15:55:10,FOXNEWS,Cavuto on Business,FOXNEWS_20101113_153000_Cavuto_on_Business,https://archive.org/download/FOXNEWS_20101113_153000_Cavuto_on_Business/FOXNEWS_20101113_153000_Cavuto_on_Business.thumbs/FOXNEWS_20101113_153000_Cavuto_on_Business_001494.jpg,"and the solar panels that are expensive and you've got 20 years to pay it back? no, they will add some value to your house. now, we can debate whether or not they're going to help global warming, i'm not going to get into that. i agree with what dagen said about electric cars, but"
https://archive.org/details/FOXNEWS_20101112_210000_Your_World_With_Neil_Cavuto#start/538/end/573,11/12/2010 21:09:13,FOXNEWS,Your World With Neil Cavuto,FOXNEWS_20101112_210000_Your_World_With_Neil_Cavuto,https://archive.org/download/FOXNEWS_20101112_210000_Your_World_With_Neil_Cavuto/FOXNEWS_20101112_210000_Your_World_With_Neil_Cavuto.thumbs/FOXNEWS_20101112_210000_Your_World_With_Neil_Cavuto_000535.jpg,"reporter: what you see is, to me, and with all due respect, he has been a great conservative on many issues including global warming, but, here he is out of step with the american people. the american people say enough, they want to see a ban on earmarks and it has been done in"
https://archive.org/details/FOXNEWS_20101129_210000_Your_World_With_Neil_Cavuto#start/2674/end/2709,11/29/2010 21:44:49,FOXNEWS,Your World With Neil Cavuto,FOXNEWS_20101129_210000_Your_World_With_Neil_Cavuto,https://archive.org/download/FOXNEWS_20101129_210000_Your_World_With_Neil_Cavuto/FOXNEWS_20101129_210000_Your_World_With_Neil_Cavuto.thumbs/FOXNEWS_20101129_210000_Your_World_With_Neil_Cavuto_002664.jpg,"public, this is what they say at their own meeting, and this is what they write in their books. neil: it could shock me but it did not shock me, with the carbon tax and everything else, the notion was to pay for this"
https://archive.org/details/FOXNEWS_20101108_110000_FOX_and_Friends#start/5349/end/5384,11/8/2010 12:29:24,FOXNEWS,FOX and Friends,FOXNEWS_20101108_110000_FOX_and_Friends,https://archive.org/download/FOXNEWS_20101108_110000_FOX_and_Friends/FOXNEWS_20101108_110000_FOX_and_Friends.thumbs/FOXNEWS_20101108_110000_FOX_and_Friends_005331.jpg,"and the united states is a leader in agricultural productivity and research. now, as farmers in rural areas face the effects of climate change and drought, we'll work together to spark a second more"
https://archive.org/details/FOXNEWS_20101108_110000_FOX_and_Friends#start/5158/end/5193,11/8/2010 12:26:13,FOXNEWS,FOX and Friends,FOXNEWS_20101108_110000_FOX_and_Friends,https://archive.org/download/FOXNEWS_20101108_110000_FOX_and_Friends/FOXNEWS_20101108_110000_FOX_and_Friends.thumbs/FOXNEWS_20101108_110000_FOX_and_Friends_005151.jpg,"committed to take action to confront climate change. and to stand by those actions. we salute india's long history as a leading contributor to the united nations peacekeeping missions. and we welcome india as it"
https://archive.org/details/FOXNEWS_20101104_170000_America_Live#start/1409/end/1444,11/4/2010 17:23:44,FOXNEWS,America Live,FOXNEWS_20101104_170000_America_Live,https://archive.org/download/FOXNEWS_20101104_170000_America_Live/FOXNEWS_20101104_170000_America_Live.thumbs/FOXNEWS_20101104_170000_America_Live_001404.jpg,"it's talking about the how the president can pursue an ambitious agenda without congress' help. take on the banks, climate change, immigration, use the epa to push through regulations on carbon emissions that you"
https://archive.org/details/FOXNEWS_20101127_163000_Cashin_In#start/743/end/778,11/27/2010 16:42:38,FOXNEWS,Cashin In,FOXNEWS_20101127_163000_Cashin_In,https://archive.org/download/FOXNEWS_20101127_163000_Cashin_In/FOXNEWS_20101127_163000_Cashin_In.thumbs/FOXNEWS_20101127_163000_Cashin_In_000686.jpg,"climate change pow-wow in mexico, outrage growing over the co-chair of a u.n. panel saying this, one must say clearly we redistribute the world's wealth by climate policy. jonathan you have been saying"
https://archive.org/details/FOXNEWS_20101127_193000_FOX_News_Watch#start/1705/end/1740,11/27/2010 19:58:40,FOXNEWS,FOX News Watch,FOXNEWS_20101127_193000_FOX_News_Watch,https://archive.org/download/FOXNEWS_20101127_193000_FOX_News_Watch/FOXNEWS_20101127_193000_FOX_News_Watch.thumbs/FOXNEWS_20101127_193000_FOX_News_Watch_001704.jpg,"scientists, many it's time for the granola crunching press to change the do mean and gloom message. so climate change experts got the message. the message is that their message wreaks and it was so"
https://archive.org/details/FOXNEWS_20101128_073000_FOX_News_Watch#start/1710/end/1745,11/28/2010 7:58:45,FOXNEWS,FOX News Watch,FOXNEWS_20101128_073000_FOX_News_Watch,https://archive.org/download/FOXNEWS_20101128_073000_FOX_News_Watch/FOXNEWS_20101128_073000_FOX_News_Watch.thumbs/FOXNEWS_20101128_073000_FOX_News_Watch_001704.jpg,"change the do mean and gloom message. so climate change experts got the message. the message is that their message wreaks and it was so awful, they say it undermined their mission which i thought"
https://archive.org/details/FOXNEWS_20101116_080000_Red_Eye#start/749/end/784,11/16/2010 8:12:44,FOXNEWS,Red Eye,FOXNEWS_20101116_080000_Red_Eye,https://archive.org/download/FOXNEWS_20101116_080000_Red_Eye/FOXNEWS_20101116_080000_Red_Eye.thumbs/FOXNEWS_20101116_080000_Red_Eye_000750.jpg,"climate change conference. was it organized by al gore? it is boggling about what they were doing in the first place. i have a theory. why have this guy on? why have him in a movie if you"
https://archive.org/details/FOXNEWS_20101128_043000_FOX_News_Watch#start/1712/end/1747,11/28/2010 4:58:47,FOXNEWS,FOX News Watch,FOXNEWS_20101128_043000_FOX_News_Watch,https://archive.org/download/FOXNEWS_20101128_043000_FOX_News_Watch/FOXNEWS_20101128_043000_FOX_News_Watch.thumbs/FOXNEWS_20101128_043000_FOX_News_Watch_001705.jpg,"message. so climate change experts got the message. the message is that their message wreaks and it was so awful, they say it undermined their mission which i thought was to scare the hell out of us."
https://archive.org/details/FOXNEWS_20101126_060000_Greta_Van_Susteren#start/2831/end/2866,11/26/2010 6:47:26,FOXNEWS,Greta Van Susteren,FOXNEWS_20101126_060000_Greta_Van_Susteren,https://archive.org/download/FOXNEWS_20101126_060000_Greta_Van_Susteren/FOXNEWS_20101126_060000_Greta_Van_Susteren.thumbs/FOXNEWS_20101126_060000_Greta_Van_Susteren_002813.jpg,"week period. they don't have displacement habitat that's the qualitative difference with the caribou to the west. scientists tell us they are incredibly vulnerable to development and climate change. you are right, i represent conservation groups like the"
https://archive.org/details/FOXNEWS_20101127_163000_Cashin_In#start/758/end/793,11/27/2010 16:42:53,FOXNEWS,Cashin In,FOXNEWS_20101127_163000_Cashin_In,https://archive.org/download/FOXNEWS_20101127_163000_Cashin_In/FOXNEWS_20101127_163000_Cashin_In.thumbs/FOXNEWS_20101127_163000_Cashin_In_000746.jpg,"this is the real green plan all along. what do you mean? words mean something. when the co-head of the u.n. climate change panel says it is about redistribution like the president a couple years ago, believe him."
https://archive.org/details/FOXNEWS_20101127_163000_Cashin_In#start/774/end/809,11/27/2010 16:43:09,FOXNEWS,Cashin In,FOXNEWS_20101127_163000_Cashin_In,https://archive.org/download/FOXNEWS_20101127_163000_Cashin_In/FOXNEWS_20101127_163000_Cashin_In.thumbs/FOXNEWS_20101127_163000_Cashin_In_000746.jpg,"their belief is that the wealthy industrialized countries, the capitalist countries have exploited the poor, exploited the earth that would business would poison us all if not for the climate change panel and the u.s. ows"
https://archive.org/details/FOXNEWS_20101126_030000_Greta_Van_Susteren#start/2732/end/2767,11/26/2010 3:45:47,FOXNEWS,Greta Van Susteren,FOXNEWS_20101126_030000_Greta_Van_Susteren,https://archive.org/download/FOXNEWS_20101126_030000_Greta_Van_Susteren/FOXNEWS_20101126_030000_Greta_Van_Susteren.thumbs/FOXNEWS_20101126_030000_Greta_Van_Susteren_002723.jpg,"really important, as a baseline so we can understand the impacts that are happening to the arctic from climate change or other activities from a wilderness perspective it is an incredible place. we've talked about wildlife."
https://archive.org/details/FOXNEWS_20101109_160000_Happening_Now#start/6491/end/6526,11/9/2010 17:48:26,FOXNEWS,Happening Now,FOXNEWS_20101109_160000_Happening_Now,https://archive.org/download/FOXNEWS_20101109_160000_Happening_Now/FOXNEWS_20101109_160000_Happening_Now.thumbs/FOXNEWS_20101109_160000_Happening_Now_006470.jpg,"you deal with very complex subjects, whether it's dealing with climate change or revamping in many respects our health care system, those bills do get long because the alternative is short bills to turn things over to regulators"
https://archive.org/details/FOXNEWS_20101106_180000_The_Journal_Editorial_Report#start/851/end/886,11/6/2010 18:14:26,FOXNEWS,The Journal Editorial Report,FOXNEWS_20101106_180000_The_Journal_Editorial_Report,https://archive.org/download/FOXNEWS_20101106_180000_The_Journal_Editorial_Report/FOXNEWS_20101106_180000_The_Journal_Editorial_Report.thumbs/FOXNEWS_20101106_180000_The_Journal_Editorial_Report_000835.jpg,"disappointments with the fact that prop 23 didn't pass. this was the initiative that would have halted this global warming business that they're doing for a couple of years. paul: they have their own cap and trade law and that would have essentially said we won't implement that until unemployment falls to 5 1/2%."
https://archive.org/details/FOXNEWS_20101115_160000_Happening_Now#start/5869/end/5904,11/15/2010 17:38:04,FOXNEWS,Happening Now,FOXNEWS_20101115_160000_Happening_Now,https://archive.org/download/FOXNEWS_20101115_160000_Happening_Now/FOXNEWS_20101115_160000_Happening_Now.thumbs/FOXNEWS_20101115_160000_Happening_Now_005850.jpg,"if you ask even the most skeptical scientist the terrorists, they tell us it's not the end of the world as we have been told. jon: and you think there is a better way to approach the fixing of the problem than we've had so far. absolutely. you know, listen, the only global warming policy on the"
https://archive.org/details/FOXNEWS_20101124_080000_Red_Eye#start/1094/end/1129,11/24/2010 8:18:29,FOXNEWS,Red Eye,FOXNEWS_20101124_080000_Red_Eye,https://archive.org/download/FOXNEWS_20101124_080000_Red_Eye/FOXNEWS_20101124_080000_Red_Eye.thumbs/FOXNEWS_20101124_080000_Red_Eye_001075.jpg,"is it time for a legitimate discussion about global warming now that we are on equal footing and people can respect each other? you know what this reminds me of, obama trying to sell his healthcare law. instead of understanding that people didn't want the law, what they said is well we didn't present it properly."
https://archive.org/details/FOXNEWS_20101112_180000_America_Live#start/6505/end/6540,11/12/2010 19:48:40,FOXNEWS,America Live,FOXNEWS_20101112_180000_America_Live,https://archive.org/download/FOXNEWS_20101112_180000_America_Live/FOXNEWS_20101112_180000_America_Live.thumbs/FOXNEWS_20101112_180000_America_Live_006500.jpg,"shannon: we are going to talk to the author after book that sparked that documentary about why he says the climate change debate is being distorted. to try lifting one of these. a unique sea salt added to over 40 campbell's condensed soups."
https://archive.org/details/FOXNEWS_20101126_210000_Your_World_With_Neil_Cavuto#start/3426/end/3461,11/26/2010 21:57:21,FOXNEWS,Your World With Neil Cavuto,FOXNEWS_20101126_210000_Your_World_With_Neil_Cavuto,https://archive.org/download/FOXNEWS_20101126_210000_Your_World_With_Neil_Cavuto/FOXNEWS_20101126_210000_Your_World_With_Neil_Cavuto.thumbs/FOXNEWS_20101126_210000_Your_World_With_Neil_Cavuto_003413.jpg,"post and climate change and a u.n. conference at a resort in cancun. guest: the problem is the same man who we quoted, the german economist said we need to keep fossil fuel reserves in the soil and they want to stop the"
https://archive.org/details/FOXNEWS_20101124_080000_Red_Eye#start/904/end/939,11/24/2010 8:15:19,FOXNEWS,Red Eye,FOXNEWS_20101124_080000_Red_Eye,https://archive.org/download/FOXNEWS_20101124_080000_Red_Eye/FOXNEWS_20101124_080000_Red_Eye.thumbs/FOXNEWS_20101124_080000_Red_Eye_000896.jpg,"so climate change experts got the message, and the message is their message sucks. it was so awful. researchers claim that it actually undermines their mission which i always thought was to scare the hell out of us. according to cal berkeley, the"
https://archive.org/details/FOXNEWS_20101121_120000_FOX_and_Friends_Sunday#start/1977/end/2012,11/21/2010 12:33:12,FOXNEWS,FOX and Friends Sunday,FOXNEWS_20101121_120000_FOX_and_Friends_Sunday,https://archive.org/download/FOXNEWS_20101121_120000_FOX_and_Friends_Sunday/FOXNEWS_20101121_120000_FOX_and_Friends_Sunday.thumbs/FOXNEWS_20101121_120000_FOX_and_Friends_Sunday_001950.jpg,"afghanistan, and the portugese press went to the nato summit to talk to the new eu leaders about new technology and climate change and tooling around in this and they describe as an eight ton diesel fueled behemoth of a"
https://archive.org/details/FOXNEWS_20101129_210000_Your_World_With_Neil_Cavuto#start/2532/end/2567,11/29/2010 21:42:27,FOXNEWS,Your World With Neil Cavuto,FOXNEWS_20101129_210000_Your_World_With_Neil_Cavuto,https://archive.org/download/FOXNEWS_20101129_210000_Your_World_With_Neil_Cavuto/FOXNEWS_20101129_210000_Your_World_With_Neil_Cavuto.thumbs/FOXNEWS_20101129_210000_Your_World_With_Neil_Cavuto_002514.jpg,"neil: and in cancun, mexico, the climate conference is kicking off at the moon palace resort. have you seen that place? to die for. i am talking pools, the beach, unlimited appetizers and if you think climate change is the hot"
https://archive.org/details/FOXNEWS_20101111_140000_Americas_Newsroom#start/5759/end/5794,11/11/2010 15:36:14,FOXNEWS,Americas Newsroom,FOXNEWS_20101111_140000_Americas_Newsroom,https://archive.org/download/FOXNEWS_20101111_140000_Americas_Newsroom/FOXNEWS_20101111_140000_Americas_Newsroom.thumbs/FOXNEWS_20101111_140000_Americas_Newsroom_005750.jpg,"refuse to do that. in any way. and the idea of a carbon tax is not a bad idea and you have to increase the cost of -- i mean, the age limit on social security. bill: you can raise revenue by creating jobs. but you can't get enough. that is the whole point, you"
https://archive.org/details/FOXNEWS_20101114_120000_FOX_and_Friends_Sunday#start/6398/end/6433,11/14/2010 13:46:53,FOXNEWS,FOX and Friends Sunday,FOXNEWS_20101114_120000_FOX_and_Friends_Sunday,https://archive.org/download/FOXNEWS_20101114_120000_FOX_and_Friends_Sunday/FOXNEWS_20101114_120000_FOX_and_Friends_Sunday.thumbs/FOXNEWS_20101114_120000_FOX_and_Friends_Sunday_006390.jpg,"to adulthood. that's just terrible, but also makes us make bad decisions. if we're scared we don't make senator decisions. there's an upcoming climate change summit in cancun. will they be talking about some of your solutions or be talking about al gore's solutions?"
