﻿URL,MatchDateTime,Station,Show,IAShowID,IAPreviewThumb,Snippet
https://archive.org/details/FOXNEWSW_20150721_100000_FOX_and_Friends#start/2436/end/2471,7/21/2015 10:40:51,FOXNEWS,FOX and Friends,FOXNEWSW_20150721_100000_FOX_and_Friends,https://archive.org/download/FOXNEWSW_20150721_100000_FOX_and_Friends/FOXNEWSW_20150721_100000_FOX_and_Friends.thumbs/FOXNEWSW_20150721_100000_FOX_and_Friends_002415.jpg,"former governor of maryland says the terror group was created by global warming. one of the things was the effect of climate change and the"
https://archive.org/details/FOXNEWSW_20150723_000000_The_OReilly_Factor#start/58/end/93,7/23/2015 0:01:13,FOXNEWS,The OReilly Factor,FOXNEWSW_20150723_000000_The_OReilly_Factor,https://archive.org/download/FOXNEWSW_20150723_000000_The_OReilly_Factor/FOXNEWSW_20150723_000000_The_OReilly_Factor.thumbs/FOXNEWSW_20150723_000000_The_OReilly_Factor_000045.jpg,"coast of nova scotia that pretends to be iceland. it's called vanilla iceland. also, miller back from vacation and is wondering how martin o'malley you can say isis was caused by global warming."
https://archive.org/details/FOXNEWSW_20150723_030000_The_OReilly_Factor#start/57/end/92,7/23/2015 3:01:12,FOXNEWS,The OReilly Factor,FOXNEWSW_20150723_030000_The_OReilly_Factor,https://archive.org/download/FOXNEWSW_20150723_030000_The_OReilly_Factor/FOXNEWSW_20150723_030000_The_OReilly_Factor.thumbs/FOXNEWSW_20150723_030000_The_OReilly_Factor_000045.jpg,"coast of nova scotia that pretends to be iceland. it's called vanilla iceland. also, miller back from vacation and is wondering how martin o'malley you can say isis was caused by global warming."
https://archive.org/details/FOXNEWSW_20150731_070000_Red_Eye#start/1721/end/1756,7/31/2015 7:28:56,FOXNEWS,Red Eye,FOXNEWSW_20150731_070000_Red_Eye,https://archive.org/download/FOXNEWSW_20150731_070000_Red_Eye/FOXNEWSW_20150731_070000_Red_Eye.thumbs/FOXNEWSW_20150731_070000_Red_Eye_001695.jpg,"new york. coming up, my favorite time of the day half time. but first here is what happened on this day in history. on this day in the year 2 109, global warming lead to"
https://archive.org/details/FOXNEWSW_20150713_220000_Special_Report_With_Bret_Baier#start/2516/end/2551,7/13/2015 22:42:11,FOXNEWS,Special Report With Bret Baier,FOXNEWSW_20150713_220000_Special_Report_With_Bret_Baier,https://archive.org/download/FOXNEWSW_20150713_220000_Special_Report_With_Bret_Baier/FOXNEWSW_20150713_220000_Special_Report_With_Bret_Baier.thumbs/FOXNEWSW_20150713_220000_Special_Report_With_Bret_Baier_002505.jpg,"earlier this year president obama declared -- he proclaimed greatest threat to future generations is global warming, climate change. well mr. president, i respectfully disagree."
https://archive.org/details/FOXNEWSW_20150730_050000_Hannity#start/2481/end/2516,7/30/2015 5:41:36,FOXNEWS,Hannity,FOXNEWSW_20150730_050000_Hannity,https://archive.org/download/FOXNEWSW_20150730_050000_Hannity/FOXNEWSW_20150730_050000_Hannity.thumbs/FOXNEWSW_20150730_050000_Hannity_002475.jpg,"global warming speech, climate change speech she gives. it's pretty amazing. this is not the first time we have liberal hypocrites. we caught al gore getting off his private jet in san francisco and he's lecturing us about"
https://archive.org/details/FOXNEWSW_20150702_210000_The_Five#start/263/end/298,7/2/2015 21:04:38,FOXNEWS,The Five,FOXNEWSW_20150702_210000_The_Five,https://archive.org/download/FOXNEWSW_20150702_210000_The_Five/FOXNEWSW_20150702_210000_The_Five.thumbs/FOXNEWSW_20150702_210000_The_Five_000255.jpg,"the psychological capacity to say let's get this done when we know we can do it. we have a military that's strong and willing and able and lives to def freedom and liberty. nonetheless, people are more concerned in this administration and in the state department with climate change."
https://archive.org/details/FOXNEWSW_20150725_140000_Bulls_and_Bears#start/1276/end/1311,7/25/2015 14:21:31,FOXNEWS,Bulls and Bears,FOXNEWSW_20150725_140000_Bulls_and_Bears,https://archive.org/download/FOXNEWSW_20150725_140000_Bulls_and_Bears/FOXNEWSW_20150725_140000_Bulls_and_Bears.thumbs/FOXNEWSW_20150725_140000_Bulls_and_Bears_001245.jpg,"bass pro shops. like bass pro original logo tees for under $10. save 20% on select redhead men's shorts. and save $15 on this xps stalker tackle backpack. coming up, solving global"
https://archive.org/details/FOXNEWSW_20150730_020000_Hannity#start/1939/end/1974,7/30/2015 2:32:34,FOXNEWS,Hannity,FOXNEWSW_20150730_020000_Hannity,https://archive.org/download/FOXNEWSW_20150730_020000_Hannity/FOXNEWSW_20150730_020000_Hannity.thumbs/FOXNEWSW_20150730_020000_Hannity_001935.jpg,"a real rare steak. so the blood comes out? thank you. coming up, how out of touch is hillary clinton? reportedly she's getting $600 hair cuts, shutting down department stores to get them and gives a speech of global"
https://archive.org/details/FOXNEWSW_20150730_050000_Hannity#start/2406/end/2441,7/30/2015 5:40:21,FOXNEWS,Hannity,FOXNEWSW_20150730_050000_Hannity,https://archive.org/download/FOXNEWSW_20150730_050000_Hannity/FOXNEWSW_20150730_050000_Hannity.thumbs/FOXNEWSW_20150730_050000_Hannity_002385.jpg,"you're right about climate change. it was right after a speech on climate change. that's different from the candidates on the republican side. that can trip her up again, that"
https://archive.org/details/FOXNEWSW_20150725_153000_Cashin_In#start/908/end/943,7/25/2015 15:45:23,FOXNEWS,Cashin In,FOXNEWSW_20150725_153000_Cashin_In,https://archive.org/download/FOXNEWSW_20150725_153000_Cashin_In/FOXNEWSW_20150725_153000_Cashin_In.thumbs/FOXNEWSW_20150725_153000_Cashin_In_000885.jpg,"really destructive. it really is. they would sooner blame climate change than the very real endangered philosophy of militant islam. blame the weather and climate change but anything else but the"
https://archive.org/details/FOXNEWSW_20150711_140000_Bulls_and_Bears#start/1560/end/1595,7/11/2015 14:26:15,FOXNEWS,Bulls and Bears,FOXNEWSW_20150711_140000_Bulls_and_Bears,https://archive.org/download/FOXNEWSW_20150711_140000_Bulls_and_Bears/FOXNEWSW_20150711_140000_Bulls_and_Bears.thumbs/FOXNEWSW_20150711_140000_Bulls_and_Bears_001545.jpg,"going ahead with global warming regulations after the supreme court just told her to cool it."
https://archive.org/details/FOXNEWSW_20150710_210000_The_Five#start/1331/end/1366,7/10/2015 21:22:26,FOXNEWS,The Five,FOXNEWSW_20150710_210000_The_Five,https://archive.org/download/FOXNEWSW_20150710_210000_The_Five/FOXNEWSW_20150710_210000_The_Five.thumbs/FOXNEWSW_20150710_210000_The_Five_001335.jpg,"biggest threat? the biggest threat to president obama is climate change. he says climate change is number one which is why putin and iran and north korea love him because while they're dismantling the world he's playing hacky sack"
https://archive.org/details/FOXNEWSW_20150728_180000_The_Real_Story_With_Gretchen_Carlson#start/1577/end/1612,7/28/2015 18:26:32,FOXNEWS,The Real Story With Gretchen Carlson,FOXNEWSW_20150728_180000_The_Real_Story_With_Gretchen_Carlson,https://archive.org/download/FOXNEWSW_20150728_180000_The_Real_Story_With_Gretchen_Carlson/FOXNEWSW_20150728_180000_The_Real_Story_With_Gretchen_Carlson.thumbs/FOXNEWSW_20150728_180000_The_Real_Story_With_Gretchen_Carlson_001575.jpg,"climate change. video shot by the america rising pac. after a speech on climate change she's in des moines flying to natural where she went today. a 19-seat private jet. a lot of candidates use them."
https://archive.org/details/FOXNEWSW_20150728_090000_Fox_and_Friends_First#start/1472/end/1507,7/28/2015 9:24:47,FOXNEWS,Fox and Friends First,FOXNEWSW_20150728_090000_Fox_and_Friends_First,https://archive.org/download/FOXNEWSW_20150728_090000_Fox_and_Friends_First/FOXNEWSW_20150728_090000_Fox_and_Friends_First.thumbs/FOXNEWSW_20150728_090000_Fox_and_Friends_First_001455.jpg,"hours after unveiling the new plan to solve global warming. the 19 seat jet burns up 150 gallons of fuel per hour."
https://archive.org/details/FOXNEWSW_20150728_100000_FOX__Friends#start/1443/end/1478,7/28/2015 10:24:18,FOXNEWS,FOX  Friends,FOXNEWSW_20150728_100000_FOX__Friends,https://archive.org/download/FOXNEWSW_20150728_100000_FOX__Friends/FOXNEWSW_20150728_100000_FOX__Friends.thumbs/FOXNEWSW_20150728_100000_FOX__Friends_001395.jpg,"and some quick headlines. hillary clinton spotted boarding a private jet just hours after unveiling her new plan to solve global warming through an aggressive carbon reducing"
https://archive.org/details/FOXNEWSW_20150711_210000_The_Five#start/1334/end/1369,7/11/2015 21:22:29,FOXNEWS,The Five,FOXNEWSW_20150711_210000_The_Five,https://archive.org/download/FOXNEWSW_20150711_210000_The_Five/FOXNEWSW_20150711_210000_The_Five.thumbs/FOXNEWSW_20150711_210000_The_Five_001335.jpg,"threat. can you believe it? the biggest threat to president obama is climate change. he says climate change is number one which is why putin and iran and north korea love him because while they're dismantleing the world he's playing hack i can sack with bill nye the science"
https://archive.org/details/FOXNEWSW_20150725_140000_Bulls_and_Bears#start/1362/end/1397,7/25/2015 14:22:57,FOXNEWS,Bulls and Bears,FOXNEWSW_20150725_140000_Bulls_and_Bears,https://archive.org/download/FOXNEWSW_20150725_140000_Bulls_and_Bears/FOXNEWSW_20150725_140000_Bulls_and_Bears.thumbs/FOXNEWSW_20150725_140000_Bulls_and_Bears_001275.jpg,"warming one bite at a. fighting global warming in your fridge? democratic congresswoman nita lowey tweeting pushing leftovers to the back of the refrigerator has economic and environmental"
https://archive.org/details/FOXNEWSW_20150710_070000_Red_Eye_With_Tom_Shillue#start/1380/end/1415,7/10/2015 7:23:15,FOXNEWS,Red Eye With Tom Shillue,FOXNEWSW_20150710_070000_Red_Eye_With_Tom_Shillue,https://archive.org/download/FOXNEWSW_20150710_070000_Red_Eye_With_Tom_Shillue/FOXNEWSW_20150710_070000_Red_Eye_With_Tom_Shillue.thumbs/FOXNEWSW_20150710_070000_Red_Eye_With_Tom_Shillue_001365.jpg,"there is nothing worse in the environment than water theft except flying in a private jet to lecture people on global warming. who would do that? did you how brilliantly i"
https://archive.org/details/FOXNEWSW_20150723_000000_The_OReilly_Factor#start/2696/end/2731,7/23/2015 0:45:11,FOXNEWS,The OReilly Factor,FOXNEWSW_20150723_000000_The_OReilly_Factor,https://archive.org/download/FOXNEWSW_20150723_000000_The_OReilly_Factor/FOXNEWSW_20150723_000000_The_OReilly_Factor.thumbs/FOXNEWSW_20150723_000000_The_OReilly_Factor_002685.jpg,"state absolutely beautiful. scandinavia, very mellow people. they can't come out of the house only in the summer so they are happy to be out because it's global warming hasn't hit up there. six months night. stays --  _"
https://archive.org/details/FOXNEWSW_20150723_030000_The_OReilly_Factor#start/2696/end/2731,7/23/2015 3:45:11,FOXNEWS,The OReilly Factor,FOXNEWSW_20150723_030000_The_OReilly_Factor,https://archive.org/download/FOXNEWSW_20150723_030000_The_OReilly_Factor/FOXNEWSW_20150723_030000_The_OReilly_Factor.thumbs/FOXNEWSW_20150723_030000_The_OReilly_Factor_002685.jpg,"state absolutely beautiful. scandinavia, very mellow people. they can't come out of the house only in the summer so they are happy to be out because it's global warming hasn't hit up there. six months night. stays --  _"
https://archive.org/details/FOXNEWSW_20150723_000000_The_OReilly_Factor#start/1625/end/1660,7/23/2015 0:27:20,FOXNEWS,The OReilly Factor,FOXNEWSW_20150723_000000_The_OReilly_Factor,https://archive.org/download/FOXNEWSW_20150723_000000_The_OReilly_Factor/FOXNEWSW_20150723_000000_The_OReilly_Factor.thumbs/FOXNEWSW_20150723_000000_The_OReilly_Factor_001605.jpg,"aheads as the factor moves along this evening. democratic potential contender martin o'malley saying isis was called by global warming. of course it was. dennis miller will weigh in. martha maccallum on disagreement between republican presidential"
https://archive.org/details/FOXNEWSW_20150702_210000_The_Five#start/3024/end/3059,7/2/2015 21:50:39,FOXNEWS,The Five,FOXNEWSW_20150702_210000_The_Five,https://archive.org/download/FOXNEWSW_20150702_210000_The_Five/FOXNEWSW_20150702_210000_The_Five.thumbs/FOXNEWSW_20150702_210000_The_Five_003015.jpg,"let us know. juan. i want to mention this to you, eric. we've had ten people bitten now in south carolina north carolina. six bitten in june. global warming. that's more than last year. is this where you're going"
https://archive.org/details/FOXNEWSW_20150728_090000_Fox_and_Friends_First#start/1224/end/1259,7/28/2015 9:20:39,FOXNEWS,Fox and Friends First,FOXNEWSW_20150728_090000_Fox_and_Friends_First,https://archive.org/download/FOXNEWSW_20150728_090000_Fox_and_Friends_First/FOXNEWSW_20150728_090000_Fox_and_Friends_First.thumbs/FOXNEWSW_20150728_090000_Fox_and_Friends_First_001215.jpg,"trail to take on global warming but takes off in something far more renewable. the jaw dropping details about her huge private jet. proof that treasures can't stay hidden forever. the great story where a diver"
https://archive.org/details/FOXNEWSW_20150725_153000_Cashin_In#start/859/end/894,7/25/2015 15:44:34,FOXNEWS,Cashin In,FOXNEWSW_20150725_153000_Cashin_In,https://archive.org/download/FOXNEWSW_20150725_153000_Cashin_In/FOXNEWSW_20150725_153000_Cashin_In.thumbs/FOXNEWSW_20150725_153000_Cashin_In_000855.jpg,"that. shouting against it and being outspoken against, that's wonderful. but it's a cheerleader. i wonder how tommy would feel about this martin o'malley blaming global warming for the rise of isis. he said, 'one of the things that"
https://archive.org/details/FOXNEWSW_20150728_220000_Special_Report_With_Bret_Baier#start/1643/end/1678,7/28/2015 22:27:38,FOXNEWS,Special Report With Bret Baier,FOXNEWSW_20150728_220000_Special_Report_With_Bret_Baier,https://archive.org/download/FOXNEWSW_20150728_220000_Special_Report_With_Bret_Baier/FOXNEWSW_20150728_220000_Special_Report_With_Bret_Baier.thumbs/FOXNEWSW_20150728_220000_Special_Report_With_Bret_Baier_001635.jpg,"committee tomorrow. people notice things like a candidate delivering speeches imploring you to save the planet from global warming while said candidate flies around on a private gas-guzzling jet. the story and reaction next from 'the grapevine.'"
https://archive.org/details/FOXNEWSW_20150730_070000_Red_Eye#start/2113/end/2148,7/30/2015 7:35:28,FOXNEWS,Red Eye,FOXNEWSW_20150730_070000_Red_Eye,https://archive.org/download/FOXNEWSW_20150730_070000_Red_Eye/FOXNEWSW_20150730_070000_Red_Eye.thumbs/FOXNEWSW_20150730_070000_Red_Eye_002115.jpg,"i like to make the papers dance. you are really dancing. actors make a video supporting the iran deal. kt you said if you worry about global warming a nuclear winter may be a good idea. this is not helpful to the"
https://archive.org/details/FOXNEWSW_20150723_030000_The_OReilly_Factor#start/2492/end/2527,7/23/2015 3:41:47,FOXNEWS,The OReilly Factor,FOXNEWSW_20150723_030000_The_OReilly_Factor,https://archive.org/download/FOXNEWSW_20150723_030000_The_OReilly_Factor/FOXNEWSW_20150723_030000_The_OReilly_Factor.thumbs/FOXNEWSW_20150723_030000_The_OReilly_Factor_002475.jpg,"he stepped on it there i think global warming is an effective tool in the war on terror because it's 120 degrees over in nuts town to begin with. if it goes up 20 degrees, they are all conscious ford"
https://archive.org/details/FOXNEWSW_20150715_160000_Outnumbered#start/1121/end/1156,7/15/2015 16:18:56,FOXNEWS,Outnumbered,FOXNEWSW_20150715_160000_Outnumbered,https://archive.org/download/FOXNEWSW_20150715_160000_Outnumbered/FOXNEWSW_20150715_160000_Outnumbered.thumbs/FOXNEWSW_20150715_160000_Outnumbered_001095.jpg,"fema funds with red states from governors that don't believe in global warming. the whole thing is charade. they could do it today if they want to. the president wants sanctuary cities. why? he wants a sank wear which country."
https://archive.org/details/FOXNEWSW_20150708_070000_Red_Eye_With_Tom_Shillue#start/383/end/418,7/8/2015 7:06:38,FOXNEWS,Red Eye With Tom Shillue,FOXNEWSW_20150708_070000_Red_Eye_With_Tom_Shillue,https://archive.org/download/FOXNEWSW_20150708_070000_Red_Eye_With_Tom_Shillue/FOXNEWSW_20150708_070000_Red_Eye_With_Tom_Shillue.thumbs/FOXNEWSW_20150708_070000_Red_Eye_With_Tom_Shillue_000375.jpg,"actor talking like he is the expert on global warming because he played a scientist in a movie? or you have another politician who says i can sing. i mean, even politicians in russia sing. you have ronald reagan who"
https://archive.org/details/FOXNEWSW_20150728_210000_The_Five#start/3455/end/3490,7/28/2015 21:57:50,FOXNEWS,The Five,FOXNEWSW_20150728_210000_The_Five,https://archive.org/download/FOXNEWSW_20150728_210000_The_Five/FOXNEWSW_20150728_210000_The_Five.thumbs/FOXNEWSW_20150728_210000_The_Five_003435.jpg,"some comments on global warming and the environment. and then guess what she did. she promptly boarded her desalt model falcon 900 b which burns 347 gallons of fuel per hour and like all business jets hillary's was made in france. speaking of hillary very"
https://archive.org/details/FOXNEWSW_20150730_070000_Red_Eye#start/398/end/433,7/30/2015 7:06:53,FOXNEWS,Red Eye,FOXNEWSW_20150730_070000_Red_Eye,https://archive.org/download/FOXNEWSW_20150730_070000_Red_Eye/FOXNEWSW_20150730_070000_Red_Eye.thumbs/FOXNEWSW_20150730_070000_Red_Eye_000375.jpg,"worry about global warming maybe a nuclear winter has an advantage. and can you believe they got valerie plame to do the video? she is very publicity shy. she is. she is a big spy. i know that. do you think they outed her with this?"
https://archive.org/details/FOXNEWSW_20150723_030000_The_OReilly_Factor#start/1621/end/1656,7/23/2015 3:27:16,FOXNEWS,The OReilly Factor,FOXNEWSW_20150723_030000_The_OReilly_Factor,https://archive.org/download/FOXNEWSW_20150723_030000_The_OReilly_Factor/FOXNEWSW_20150723_030000_The_OReilly_Factor.thumbs/FOXNEWSW_20150723_030000_The_OReilly_Factor_001605.jpg,"with as well. big fines for that john stossel, everybody. there he is is plenty more aheads as the factor moves along this evening. democratic potential contender martin o'malley saying isis was called by global warming. of course it was. dennis miller will weigh in."
https://archive.org/details/FOXNEWSW_20150723_000000_The_OReilly_Factor#start/2492/end/2527,7/23/2015 0:41:47,FOXNEWS,The OReilly Factor,FOXNEWSW_20150723_000000_The_OReilly_Factor,https://archive.org/download/FOXNEWSW_20150723_000000_The_OReilly_Factor/FOXNEWSW_20150723_000000_The_OReilly_Factor.thumbs/FOXNEWSW_20150723_000000_The_OReilly_Factor_002475.jpg,"crazy over the facts machine he stepped on it there i think global warming is an effective tool in the war on terror because it's 120 degrees over in nuts town to begin with. if it goes up 20 degrees, they are all conscious ford"
https://archive.org/details/FOXNEWSW_20150702_210000_The_Five#start/3052/end/3087,7/2/2015 21:51:07,FOXNEWS,The Five,FOXNEWSW_20150702_210000_The_Five,https://archive.org/download/FOXNEWSW_20150702_210000_The_Five/FOXNEWSW_20150702_210000_The_Five.thumbs/FOXNEWSW_20150702_210000_The_Five_003045.jpg,"yes, the ocean temperatures are warmer right now along the coast. but not because of global warming. because the gulf stream has changed. it pulled the warmer water closer to shore. you have more people and you have sea turtles who are also attracted to the warmer waters."
https://archive.org/details/FOXNEWSW_20150730_050000_Hannity#start/1934/end/1969,7/30/2015 5:32:29,FOXNEWS,Hannity,FOXNEWSW_20150730_050000_Hannity,https://archive.org/download/FOXNEWSW_20150730_050000_Hannity/FOXNEWSW_20150730_050000_Hannity.thumbs/FOXNEWSW_20150730_050000_Hannity_001935.jpg,"a real rare steak. so the blood comes out? yes. all right. thank you. coming up, how out of touch is hillary clinton? reportedly she's getting $600 hair cuts, shutting down department stores to get them and gives a speech of global warming and jumps in her private jet."
https://archive.org/details/FOXNEWSW_20150702_210000_The_Five#start/278/end/313,7/2/2015 21:04:53,FOXNEWS,The Five,FOXNEWSW_20150702_210000_The_Five,https://archive.org/download/FOXNEWSW_20150702_210000_The_Five/FOXNEWSW_20150702_210000_The_Five.thumbs/FOXNEWSW_20150702_210000_The_Five_000255.jpg,"with global warming. instead of children that are being executed. so is it going to take something like hitting a soft target here to wake up like to kind of give the united states of america some smelling salts for the administration so they say, you know what?"
https://archive.org/details/FOXNEWSW_20150721_100000_FOX_and_Friends#start/2467/end/2502,7/21/2015 10:41:22,FOXNEWS,FOX and Friends,FOXNEWSW_20150721_100000_FOX_and_Friends,https://archive.org/download/FOXNEWSW_20150721_100000_FOX_and_Friends/FOXNEWSW_20150721_100000_FOX_and_Friends.thumbs/FOXNEWSW_20150721_100000_FOX_and_Friends_002445.jpg,"graduates saying that climate change was a national security problem. ann romney is under attack this morning about her new book about living with multiple"
https://archive.org/details/FOXNEWSW_20150721_100000_FOX_and_Friends#start/2419/end/2454,7/21/2015 10:40:34,FOXNEWS,FOX and Friends,FOXNEWSW_20150721_100000_FOX_and_Friends,https://archive.org/download/FOXNEWSW_20150721_100000_FOX_and_Friends/FOXNEWSW_20150721_100000_FOX_and_Friends.thumbs/FOXNEWSW_20150721_100000_FOX_and_Friends_002415.jpg,"storms. a couple of headlines to bring you. climate change is to blame for isis? at least that's according to democratic presidential candidate martin o'malley, the"
https://archive.org/details/FOXNEWSW_20150727_170000_Happening_Now#start/545/end/580,7/27/2015 17:09:20,FOXNEWS,Happening Now,FOXNEWSW_20150727_170000_Happening_Now,https://archive.org/download/FOXNEWSW_20150727_170000_Happening_Now/FOXNEWSW_20150727_170000_Happening_Now.thumbs/FOXNEWSW_20150727_170000_Happening_Now_000525.jpg,"issue of the environment. she said climate change is real and dramatic action should be taken. she wants solar panels installed and more spending to boost other forms of renewable energy."
https://archive.org/details/FOXNEWSW_20150712_050000_The_Greg_Gutfeld_Show#start/955/end/990,7/12/2015 5:16:10,FOXNEWS,The Greg Gutfeld Show,FOXNEWSW_20150712_050000_The_Greg_Gutfeld_Show,https://archive.org/download/FOXNEWSW_20150712_050000_The_Greg_Gutfeld_Show/FOXNEWSW_20150712_050000_The_Greg_Gutfeld_Show.thumbs/FOXNEWSW_20150712_050000_The_Greg_Gutfeld_Show_000945.jpg,"of poop. ban horses, too. anything elts? i am proud of you for finally admitting it on fox news that you know we are to blame for climate change and we need epa"
https://archive.org/details/FOXNEWSW_20150706_050000_The_Greg_Gutfeld_Show#start/955/end/990,7/6/2015 5:16:10,FOXNEWS,The Greg Gutfeld Show,FOXNEWSW_20150706_050000_The_Greg_Gutfeld_Show,https://archive.org/download/FOXNEWSW_20150706_050000_The_Greg_Gutfeld_Show/FOXNEWSW_20150706_050000_The_Greg_Gutfeld_Show.thumbs/FOXNEWSW_20150706_050000_The_Greg_Gutfeld_Show_000945.jpg,"of poop. ban horses, too. anything elts? i am proud of you for finally admitting it on fox news that you know we are to blame for climate change and we need epa"
https://archive.org/details/FOXNEWSW_20150725_153000_Cashin_In#start/878/end/913,7/25/2015 15:44:53,FOXNEWS,Cashin In,FOXNEWSW_20150725_153000_Cashin_In,https://archive.org/download/FOXNEWSW_20150725_153000_Cashin_In/FOXNEWSW_20150725_153000_Cashin_In.thumbs/FOXNEWSW_20150725_153000_Cashin_In_000855.jpg,"proceeded the failure of the nation state of syria and the rise of i, isis was the effect of climate change created the symptoms or conditions of extreme poverty that has led now"
https://archive.org/details/FOXNEWSW_20150706_020000_The_Greg_Gutfeld_Show#start/954/end/989,7/6/2015 2:16:09,FOXNEWS,The Greg Gutfeld Show,FOXNEWSW_20150706_020000_The_Greg_Gutfeld_Show,https://archive.org/download/FOXNEWSW_20150706_020000_The_Greg_Gutfeld_Show/FOXNEWSW_20150706_020000_The_Greg_Gutfeld_Show.thumbs/FOXNEWSW_20150706_020000_The_Greg_Gutfeld_Show_000945.jpg,"of poop. ban horses, too. anything elts? i am proud of you for finally admitting it on fox news that you know we are to blame for climate change and we need epa"
https://archive.org/details/FOXNEWSW_20150730_050000_Hannity#start/830/end/865,7/30/2015 5:14:05,FOXNEWS,Hannity,FOXNEWSW_20150730_050000_Hannity,https://archive.org/download/FOXNEWSW_20150730_050000_Hannity/FOXNEWSW_20150730_050000_Hannity.thumbs/FOXNEWSW_20150730_050000_Hannity_000795.jpg,"gives a speech on global warming and hits that massive gas guzzling private jet of hers. she reportedly shut down a store in new york for a $600 hair cut. ed henry has more as we continue. you owned your car for four years. you named it brad. you loved brad. and then you totaled him. you two had been through everything together."
https://archive.org/details/FOXNEWSW_20150711_090000_Hannity#start/2629/end/2664,7/11/2015 9:44:04,FOXNEWS,Hannity,FOXNEWSW_20150711_090000_Hannity,https://archive.org/download/FOXNEWSW_20150711_090000_Hannity/FOXNEWSW_20150711_090000_Hannity.thumbs/FOXNEWSW_20150711_090000_Hannity_002625.jpg,"bad idea? bad idea. should american citizens that are law abiding have the right to carry a weapon? absolutely. i have my conceal carry in my wallet. do you think climate change is man mate?"
https://archive.org/details/FOXNEWSW_20150728_050000_Hannity#start/1821/end/1856,7/28/2015 5:30:36,FOXNEWS,Hannity,FOXNEWSW_20150728_050000_Hannity,https://archive.org/download/FOXNEWSW_20150728_050000_Hannity/FOXNEWSW_20150728_050000_Hannity.thumbs/FOXNEWSW_20150728_050000_Hannity_001815.jpg,"patients is our most important priority. joining us with reaction co-authorer of the best seller climate change the facts. mark steyn is with us. it is illegal to sell human body parts. it's illegal to manipulate the"
https://archive.org/details/FOXNEWSW_20150730_050000_Hannity#start/2298/end/2333,7/30/2015 5:38:33,FOXNEWS,Hannity,FOXNEWSW_20150730_050000_Hannity,https://archive.org/download/FOXNEWSW_20150730_050000_Hannity/FOXNEWSW_20150730_050000_Hannity.thumbs/FOXNEWSW_20150730_050000_Hannity_002295.jpg,"boarding that beautiful private jet that reportedly burns 347 gallons of fuel an hour right after she gave a speech on climate change. is this yet another example that she is way out of touch with you the voter?"
https://archive.org/details/FOXNEWSW_20150721_210000_The_Five#start/1230/end/1265,7/21/2015 21:20:45,FOXNEWS,The Five,FOXNEWSW_20150721_210000_The_Five,https://archive.org/download/FOXNEWSW_20150721_210000_The_Five/FOXNEWSW_20150721_210000_The_Five.thumbs/FOXNEWSW_20150721_210000_The_Five_001215.jpg,"o'malley who says climate change caused isis. seriously. clearly he suffers from abis or anything but islam syndrome. it's like ibs except he's the pain in the ass. not bad. sometimes i think i have it"
https://archive.org/details/FOXNEWSW_20150728_020000_Hannity#start/1818/end/1853,7/28/2015 2:30:33,FOXNEWS,Hannity,FOXNEWSW_20150728_020000_Hannity,https://archive.org/download/FOXNEWSW_20150728_020000_Hannity/FOXNEWSW_20150728_020000_Hannity.thumbs/FOXNEWSW_20150728_020000_Hannity_001815.jpg,"the healthcare and safety of our patients is our most important priority. joining us with reaction co-authorer of the best seller climate change the facts. mark steyn is with us. it is illegal to sell human body"
https://archive.org/details/FOXNEWSW_20150730_020000_Hannity#start/2415/end/2450,7/30/2015 2:40:30,FOXNEWS,Hannity,FOXNEWSW_20150730_020000_Hannity,https://archive.org/download/FOXNEWSW_20150730_020000_Hannity/FOXNEWSW_20150730_020000_Hannity.thumbs/FOXNEWSW_20150730_020000_Hannity_002415.jpg,"from climate change. that's different from the republicans. that can trip her up again, that she's saying one thing and doing another. in that case they say the campaign is buying carbon off sets so whatever fuel that the"
https://archive.org/details/FOXNEWSW_20150730_020000_Hannity#start/2482/end/2517,7/30/2015 2:41:37,FOXNEWS,Hannity,FOXNEWSW_20150730_020000_Hannity,https://archive.org/download/FOXNEWSW_20150730_020000_Hannity/FOXNEWSW_20150730_020000_Hannity.thumbs/FOXNEWSW_20150730_020000_Hannity_002475.jpg,"let's go back to hillary clinton getting on the jet after the climate change speech. this is not the first time we have liberal hypocrites. we caught al gore getting off his private jet in san francisco"
https://archive.org/details/FOXNEWSW_20150725_153000_Cashin_In#start/894/end/929,7/25/2015 15:45:09,FOXNEWS,Cashin In,FOXNEWSW_20150725_153000_Cashin_In,https://archive.org/download/FOXNEWSW_20150725_153000_Cashin_In/FOXNEWSW_20150725_153000_Cashin_In.thumbs/FOXNEWSW_20150725_153000_Cashin_In_000885.jpg,"to the rise of.' hillary clinton is not going to walk out and isis and climate change i'll connect those two. a lot of liberals think that way. this is not just something o'malley tons of liberals."
https://archive.org/details/FOXNEWSW_20150705_100000_FOX_and_Friends_Sunday#start/5012/end/5047,7/5/2015 11:23:47,FOXNEWS,FOX and Friends Sunday,FOXNEWSW_20150705_100000_FOX_and_Friends_Sunday,https://archive.org/download/FOXNEWSW_20150705_100000_FOX_and_Friends_Sunday/FOXNEWSW_20150705_100000_FOX_and_Friends_Sunday.thumbs/FOXNEWSW_20150705_100000_FOX_and_Friends_Sunday_004995.jpg,"lama is dick -- kicking off his birthday celebration in california. he will give three days of talks on global compassion creative and climate change. he will is also have an eight-foot birthday cake."
https://archive.org/details/FOXNEWSW_20150728_220000_Special_Report_With_Bret_Baier#start/1047/end/1082,7/28/2015 22:17:42,FOXNEWS,Special Report With Bret Baier,FOXNEWSW_20150728_220000_Special_Report_With_Bret_Baier,https://archive.org/download/FOXNEWSW_20150728_220000_Special_Report_With_Bret_Baier/FOXNEWSW_20150728_220000_Special_Report_With_Bret_Baier.thumbs/FOXNEWSW_20150728_220000_Special_Report_With_Bret_Baier_001035.jpg,"statement saying 'it is hard for me to understand how one can be concerned about climate change but not vigorously oppose the keystone pipeline.' still ahead, what john stewart tell you about his relationship with president"
https://archive.org/details/FOXNEWSW_20150728_220000_Special_Report_With_Bret_Baier#start/1901/end/1936,7/28/2015 22:31:56,FOXNEWS,Special Report With Bret Baier,FOXNEWSW_20150728_220000_Special_Report_With_Bret_Baier,https://archive.org/download/FOXNEWSW_20150728_220000_Special_Report_With_Bret_Baier/FOXNEWSW_20150728_220000_Special_Report_With_Bret_Baier.thumbs/FOXNEWSW_20150728_220000_Special_Report_With_Bret_Baier_001875.jpg,"private jet. the daily mail reports the french-made aircraft burns 347 gallons of fuel per hour. the 19-seater jet flew clinton to new hampshire from iowa where she characterized climate change as one of the most urgent"
https://archive.org/details/FOXNEWSW_20150728_220000_Special_Report_With_Bret_Baier#start/1886/end/1921,7/28/2015 22:31:41,FOXNEWS,Special Report With Bret Baier,FOXNEWSW_20150728_220000_Special_Report_With_Bret_Baier,https://archive.org/download/FOXNEWSW_20150728_220000_Special_Report_With_Bret_Baier/FOXNEWSW_20150728_220000_Special_Report_With_Bret_Baier.thumbs/FOXNEWSW_20150728_220000_Special_Report_With_Bret_Baier_001785.jpg,"the political grapevine. a charge of do as i say not as i do. hours after hillary clinton unveiled her climate change platform a republican opposition research firm shot this video. clinton is seen boarding a"
https://archive.org/details/FOXNEWSW_20150722_210000_The_Five#start/3200/end/3235,7/22/2015 21:53:35,FOXNEWS,The Five,FOXNEWSW_20150722_210000_The_Five,https://archive.org/download/FOXNEWSW_20150722_210000_The_Five/FOXNEWSW_20150722_210000_The_Five.thumbs/FOXNEWSW_20150722_210000_The_Five_003195.jpg,"was created by climate change. honestly he needs to back out now. all right. one more thing is coming at you. stay with us. all right.  every auto insurance policy has a number. but not every insurance company understands the life behind it."
https://archive.org/details/FOXNEWSW_20150712_050000_The_Greg_Gutfeld_Show#start/942/end/977,7/12/2015 5:15:57,FOXNEWS,The Greg Gutfeld Show,FOXNEWSW_20150712_050000_The_Greg_Gutfeld_Show,https://archive.org/download/FOXNEWSW_20150712_050000_The_Greg_Gutfeld_Show/FOXNEWSW_20150712_050000_The_Greg_Gutfeld_Show.thumbs/FOXNEWSW_20150712_050000_The_Greg_Gutfeld_Show_000915.jpg,"i would like to thank you for finally acknowledging climate change is all american. there would be no pollution without americans. there would be no problems at all. before there were cars there were horses and there was a lot"
https://archive.org/details/FOXNEWSW_20150711_020000_Hannity#start/2633/end/2668,7/11/2015 2:44:08,FOXNEWS,Hannity,FOXNEWSW_20150711_020000_Hannity,https://archive.org/download/FOXNEWSW_20150711_020000_Hannity/FOXNEWSW_20150711_020000_Hannity.thumbs/FOXNEWSW_20150711_020000_Hannity_002625.jpg,"are law abiding have the right to carry a weapon? absolutely. i have my conceal carry in my wallet. do you think climate change is man mate? i think the claimant isimate is changing. i think man has some minor part"
https://archive.org/details/FOXNEWSW_20150706_050000_The_Greg_Gutfeld_Show#start/942/end/977,7/6/2015 5:15:57,FOXNEWS,The Greg Gutfeld Show,FOXNEWSW_20150706_050000_The_Greg_Gutfeld_Show,https://archive.org/download/FOXNEWSW_20150706_050000_The_Greg_Gutfeld_Show/FOXNEWSW_20150706_050000_The_Greg_Gutfeld_Show.thumbs/FOXNEWSW_20150706_050000_The_Greg_Gutfeld_Show_000915.jpg,"i would like to thank you for finally acknowledging climate change is all american. there would be no pollution without americans. there would be no problems at all. before there were cars there were horses and there was a lot"
https://archive.org/details/FOXNEWSW_20150706_020000_The_Greg_Gutfeld_Show#start/941/end/976,7/6/2015 2:15:56,FOXNEWS,The Greg Gutfeld Show,FOXNEWSW_20150706_020000_The_Greg_Gutfeld_Show,https://archive.org/download/FOXNEWSW_20150706_020000_The_Greg_Gutfeld_Show/FOXNEWSW_20150706_020000_The_Greg_Gutfeld_Show.thumbs/FOXNEWSW_20150706_020000_The_Greg_Gutfeld_Show_000915.jpg,"i would like to thank you for finally acknowledging climate change is all american. there would be no pollution without americans. there would be no problems at all. before there were cars there were horses and there was a lot"
https://archive.org/details/FOXNEWSW_20150725_140000_Bulls_and_Bears#start/1519/end/1554,7/25/2015 14:25:34,FOXNEWS,Bulls and Bears,FOXNEWSW_20150725_140000_Bulls_and_Bears,https://archive.org/download/FOXNEWSW_20150725_140000_Bulls_and_Bears/FOXNEWSW_20150725_140000_Bulls_and_Bears.thumbs/FOXNEWSW_20150725_140000_Bulls_and_Bears_001515.jpg,"asinine, but so are president obama's comments that climate change is a bigger threat than terrorism. but the reason why they're asinine because they're rooted in left-wing fanaticism as opposed to being rooted in reality. you know what if i didn't"
https://archive.org/details/FOXNEWSW_20150724_080000_The_OReilly_Factor#start/1512/end/1547,7/24/2015 8:25:27,FOXNEWS,The OReilly Factor,FOXNEWSW_20150724_080000_The_OReilly_Factor,https://archive.org/download/FOXNEWSW_20150724_080000_The_OReilly_Factor/FOXNEWSW_20150724_080000_The_OReilly_Factor.thumbs/FOXNEWSW_20150724_080000_The_OReilly_Factor_001515.jpg,"being ripped by republicans for something else, for attributing the rise of isis to climate change in the middle east. you can hear o'malley's rationale and the response it's getting in tonight's grapevine. you can see that by going to my"
https://archive.org/details/FOXNEWSW_20150730_080000_The_Kelly_File#start/1106/end/1141,7/30/2015 8:18:41,FOXNEWS,The Kelly File,FOXNEWSW_20150730_080000_The_Kelly_File,https://archive.org/download/FOXNEWSW_20150730_080000_The_Kelly_File/FOXNEWSW_20150730_080000_The_Kelly_File.thumbs/FOXNEWSW_20150730_080000_The_Kelly_File_001095.jpg,"understand how one can be concerned about climate change but not vigorously oppose the keystone pipeline. while former maryland governor martind on twitter kwrngs i'm opposed to keystone xl because we can't have a clean energy future if we rely on"
https://archive.org/details/FOXNEWSW_20150724_210000_The_Five#start/1958/end/1993,7/24/2015 21:32:53,FOXNEWS,The Five,FOXNEWSW_20150724_210000_The_Five,https://archive.org/download/FOXNEWSW_20150724_210000_The_Five/FOXNEWSW_20150724_210000_The_Five.thumbs/FOXNEWSW_20150724_210000_The_Five_001935.jpg,"presumably it's to raise awareness about climate change. as if we were not enough aware. very good. can we move on? do it. next up rest easy america. the nicki minaj-taylor swift spat seems to have been resolved. team minaj and the swifties are"
https://archive.org/details/FOXNEWSW_20150723_000000_The_OReilly_Factor#start/2414/end/2449,7/23/2015 0:40:29,FOXNEWS,The OReilly Factor,FOXNEWSW_20150723_000000_The_OReilly_Factor,https://archive.org/download/FOXNEWSW_20150723_000000_The_OReilly_Factor/FOXNEWSW_20150723_000000_The_OReilly_Factor.thumbs/FOXNEWSW_20150723_000000_The_OReilly_Factor_002415.jpg,"nation state of syria, the rise of isis, was the effect of climate change and the mega drought that affected that range wiped out farmers, drove people to cities created a humanitarian crisis that created the symptoms or rather the conditions of extreme poverty that has led"
https://archive.org/details/FOXNEWSW_20150723_030000_The_OReilly_Factor#start/2414/end/2449,7/23/2015 3:40:29,FOXNEWS,The OReilly Factor,FOXNEWSW_20150723_030000_The_OReilly_Factor,https://archive.org/download/FOXNEWSW_20150723_030000_The_OReilly_Factor/FOXNEWSW_20150723_030000_The_OReilly_Factor.thumbs/FOXNEWSW_20150723_030000_The_OReilly_Factor_002415.jpg,"nation state of syria, the rise of isis, was the effect of climate change and the mega drought that affected that range wiped out farmers, drove people to cities created a humanitarian crisis that created the symptoms or rather the conditions of extreme poverty that has led"
https://archive.org/details/FOXNEWSW_20150712_020000_The_Greg_Gutfeld_Show#start/940/end/975,7/12/2015 2:15:55,FOXNEWS,The Greg Gutfeld Show,FOXNEWSW_20150712_020000_The_Greg_Gutfeld_Show,https://archive.org/download/FOXNEWSW_20150712_020000_The_Greg_Gutfeld_Show/FOXNEWSW_20150712_020000_The_Greg_Gutfeld_Show.thumbs/FOXNEWSW_20150712_020000_The_Greg_Gutfeld_Show_000915.jpg,"there would be no electricity and no automobiles. i would like to thank you for knowledging that climate change is all american fault. i walked into that one. there would be no pollution without americans. there would be no problems at all. actually, before there were"
https://archive.org/details/FOXNEWSW_20150731_150000_Happening_Now#start/1579/end/1614,7/31/2015 15:26:34,FOXNEWS,Happening Now,FOXNEWSW_20150731_150000_Happening_Now,https://archive.org/download/FOXNEWSW_20150731_150000_Happening_Now/FOXNEWSW_20150731_150000_Happening_Now.thumbs/FOXNEWSW_20150731_150000_Happening_Now_001575.jpg,"she is running the obama playbook. it is all about growing her support for the base of her party and the left. that is why she came out with a big climate change proposal and embracing everything on the left. i think that leads her"
https://archive.org/details/FOXNEWSW_20150728_200000_Your_World_With_Neil_Cavuto#start/3268/end/3303,7/28/2015 20:54:43,FOXNEWS,Your World With Neil Cavuto,FOXNEWSW_20150728_200000_Your_World_With_Neil_Cavuto,https://archive.org/download/FOXNEWSW_20150728_200000_Your_World_With_Neil_Cavuto/FOXNEWSW_20150728_200000_Your_World_With_Neil_Cavuto.thumbs/FOXNEWSW_20150728_200000_Your_World_With_Neil_Cavuto_003255.jpg,"ways. she came out for half a billion, 500 million solar panels. she's making climate change a big deal. quite frankly, i don't understand. she didn't ask me but i don't understand why she doesn't just say like bernie sanders and martin o'malley she's against"
https://archive.org/details/FOXNEWSW_20150723_220000_Special_Report_With_Bret_Baier#start/1509/end/1544,7/23/2015 22:25:24,FOXNEWS,Special Report With Bret Baier,FOXNEWSW_20150723_220000_Special_Report_With_Bret_Baier,https://archive.org/download/FOXNEWSW_20150723_220000_Special_Report_With_Bret_Baier/FOXNEWSW_20150723_220000_Special_Report_With_Bret_Baier.thumbs/FOXNEWSW_20150723_220000_Special_Report_With_Bret_Baier_001485.jpg,"white house has issued a veto threat. bret? ed, thank you. democratic prosecuting candidate martin o'malley is being ripped by republicans for something else, for attributing the rise of isis to climate change in the middle east. you can hear o'malley's rationale and the response it's"
https://archive.org/details/FOXNEWSW_20150728_220000_Special_Report_With_Bret_Baier#start/3254/end/3289,7/28/2015 22:54:29,FOXNEWS,Special Report With Bret Baier,FOXNEWSW_20150728_220000_Special_Report_With_Bret_Baier,https://archive.org/download/FOXNEWSW_20150728_220000_Special_Report_With_Bret_Baier/FOXNEWSW_20150728_220000_Special_Report_With_Bret_Baier.thumbs/FOXNEWSW_20150728_220000_Special_Report_With_Bret_Baier_003255.jpg,"ly not express an opinion until they have made a decision and then i will do so. her main opponent bernie sanders sending out a quote, it's hard for me to understand how one can be concerned about climate change but not vigorously oppose the keystone"
https://archive.org/details/FOXNEWSW_20150730_080000_The_Kelly_File#start/1060/end/1095,7/30/2015 8:17:55,FOXNEWS,The Kelly File,FOXNEWSW_20150730_080000_The_Kelly_File,https://archive.org/download/FOXNEWSW_20150730_080000_The_Kelly_File/FOXNEWSW_20150730_080000_The_Kelly_File.thumbs/FOXNEWSW_20150730_080000_The_Kelly_File_001035.jpg,"arctic. and i don't think it is a necessary part of our overall clean energy climate change agenda. reporter: the interview with nh 1 news, a local tv network in the pivotal state of new hampshire came after clinton took major static from two of her democratic rivals about her"
https://archive.org/details/FOXNEWSW_20150719_050000_The_Greg_Gutfeld_Show#start/3561/end/3596,7/19/2015 5:59:36,FOXNEWS,The Greg Gutfeld Show,FOXNEWSW_20150719_050000_The_Greg_Gutfeld_Show,https://archive.org/download/FOXNEWSW_20150719_050000_The_Greg_Gutfeld_Show/FOXNEWSW_20150719_050000_The_Greg_Gutfeld_Show.thumbs/FOXNEWSW_20150719_050000_The_Greg_Gutfeld_Show_003555.jpg,"over climate change. nowadays the purpose of running with the bulls is so you can brag to your friends at a bar that you did the running of the bulls. historians say this tradition will continue as long as people are dumb enough to do it, in other words, forever."
https://archive.org/details/FOXNEWSW_20150713_050000_The_Greg_Gutfeld_Show#start/3561/end/3596,7/13/2015 5:59:36,FOXNEWS,The Greg Gutfeld Show,FOXNEWSW_20150713_050000_The_Greg_Gutfeld_Show,https://archive.org/download/FOXNEWSW_20150713_050000_The_Greg_Gutfeld_Show/FOXNEWSW_20150713_050000_The_Greg_Gutfeld_Show.thumbs/FOXNEWSW_20150713_050000_The_Greg_Gutfeld_Show_003555.jpg,"over climate change. nowadays the purpose of running with the bulls is so you can brag to your friends at a bar that you did the running of the bulls. historians say this tradition will continue as long as people are dumb enough to do it, in other words, forever."
https://archive.org/details/FOXNEWSW_20150712_020000_The_Greg_Gutfeld_Show#start/956/end/991,7/12/2015 2:16:11,FOXNEWS,The Greg Gutfeld Show,FOXNEWSW_20150712_020000_The_Greg_Gutfeld_Show,https://archive.org/download/FOXNEWSW_20150712_020000_The_Greg_Gutfeld_Show/FOXNEWSW_20150712_020000_The_Greg_Gutfeld_Show.thumbs/FOXNEWSW_20150712_020000_The_Greg_Gutfeld_Show_000945.jpg,"cars there were horses and there was a lot of poop. okay. ban horses too. that's a good idea. excellent. anything else? no. i'm really proud of you for finally admitting it on fox news that you know that we're to blame for climate change and we need very strict epa"
https://archive.org/details/FOXNEWSW_20150730_020000_Hannity#start/2303/end/2338,7/30/2015 2:38:38,FOXNEWS,Hannity,FOXNEWSW_20150730_020000_Hannity,https://archive.org/download/FOXNEWSW_20150730_020000_Hannity/FOXNEWSW_20150730_020000_Hannity.thumbs/FOXNEWSW_20150730_020000_Hannity_002295.jpg,"reportedly burns 347 gallons of fuel an hour, right after she gave a speech on climate change. is this another example that she is way out of touch with you the average voter? here with the details, ed henry. before you get going, i have a couple of statistics for you."
https://archive.org/details/FOXNEWSW_20150730_080000_The_Kelly_File#start/1137/end/1172,7/30/2015 8:19:12,FOXNEWS,The Kelly File,FOXNEWSW_20150730_080000_The_Kelly_File,https://archive.org/download/FOXNEWSW_20150730_080000_The_Kelly_File/FOXNEWSW_20150730_080000_The_Kelly_File.thumbs/FOXNEWSW_20150730_080000_The_Kelly_File_001125.jpg,"fuel per hour during the same week she pitched a major plan to deal with climate change. clinton spokeswoman said there could be a political advantage to weighing in on keystone, but the former secretary of state thinks it would be disruptive to the process. though critics say that process"
https://archive.org/details/FOXNEWSW_20150704_143000_Cavuto_on_Business#start/155/end/190,7/4/2015 14:32:50,FOXNEWS,Cavuto on Business,FOXNEWSW_20150704_143000_Cavuto_on_Business,https://archive.org/download/FOXNEWSW_20150704_143000_Cavuto_on_Business/FOXNEWSW_20150704_143000_Cavuto_on_Business.thumbs/FOXNEWSW_20150704_143000_Cavuto_on_Business_000135.jpg,"the teenagers and young adults' faces. we're in an era of corporate activism where corporations are taking a lot of stance on things whether it's climate change green energy immigration. they're taking their own individual stance on these things. why so slow to attack something that affects everybody?"
https://archive.org/details/FOXNEWSW_20150713_020000_The_Greg_Gutfeld_Show#start/3561/end/3596,7/13/2015 2:59:36,FOXNEWS,The Greg Gutfeld Show,FOXNEWSW_20150713_020000_The_Greg_Gutfeld_Show,https://archive.org/download/FOXNEWSW_20150713_020000_The_Greg_Gutfeld_Show/FOXNEWSW_20150713_020000_The_Greg_Gutfeld_Show.thumbs/FOXNEWSW_20150713_020000_The_Greg_Gutfeld_Show_003555.jpg,"over climate change. nowadays the purpose of running with the bulls is so you can brag to your friends at a bar that you did the running of the bulls. historians say this tradition will continue as long as people are dumb enough to do it, in other words, forever. and that is 'news for kids.'"
https://archive.org/details/FOXNEWSW_20150711_050000_Hannity#start/2640/end/2675,7/11/2015 5:44:15,FOXNEWS,Hannity,FOXNEWSW_20150711_050000_Hannity,https://archive.org/download/FOXNEWSW_20150711_050000_Hannity/FOXNEWSW_20150711_050000_Hannity.thumbs/FOXNEWSW_20150711_050000_Hannity_002625.jpg,"do you think climate change is manning made? i think the climate is changing. i think the climate is always changing. i think the climate always will change. i think man has some minor part to play. here's what i know, if we did everything the president wanted and 80% reduction in emissions it would result in a .1 reduction."
