﻿URL,MatchDateTime,Station,Show,IAShowID,IAPreviewThumb,Snippet
https://archive.org/details/FOXNEWSW_20120413_100000_FOX_and_Friends#start/6555/end/6590,4/13/2012 11:49:30,FOXNEWS,FOX and Friends,FOXNEWSW_20120413_100000_FOX_and_Friends,https://archive.org/download/FOXNEWSW_20120413_100000_FOX_and_Friends/FOXNEWSW_20120413_100000_FOX_and_Friends.thumbs/FOXNEWSW_20120413_100000_FOX_and_Friends_006535.jpg,"so-called alarmists now came up with a hypothesis that says no, no, we're responsible for this global warming. and when that started getting questioned fairly significantly, they decided to change it to climate change. nobody can disagree with climate"
https://archive.org/details/FOXNEWSW_20120418_070000_Red_Eye#start/1086/end/1121,4/18/2012 7:18:21,FOXNEWS,Red Eye,FOXNEWSW_20120418_070000_Red_Eye,https://archive.org/download/FOXNEWSW_20120418_070000_Red_Eye/FOXNEWSW_20120418_070000_Red_Eye.thumbs/FOXNEWSW_20120418_070000_Red_Eye_001075.jpg,"we have replaced science with emotion. it is the same thing that -- okay, the reason -- global warming is the same thing. emotion trumps science. smokers don't fight back. i was wondering when we would get to global warming on"
https://archive.org/details/FOXNEWSW_20120413_030000_The_OReilly_Factor#start/3416/end/3451,4/13/2012 3:57:11,FOXNEWS,The OReilly Factor,FOXNEWSW_20120413_030000_The_OReilly_Factor,https://archive.org/download/FOXNEWSW_20120413_030000_The_OReilly_Factor/FOXNEWSW_20120413_030000_The_OReilly_Factor.thumbs/FOXNEWSW_20120413_030000_The_OReilly_Factor_003415.jpg,"brian smith, tucson, arizona. didn't say that to mike wallace, brian i remember said there is global warming and"
https://archive.org/details/FOXNEWSW_20120413_100000_FOX_and_Friends#start/6524/end/6559,4/13/2012 11:48:59,FOXNEWS,FOX and Friends,FOXNEWSW_20120413_100000_FOX_and_Friends,https://archive.org/download/FOXNEWSW_20120413_100000_FOX_and_Friends/FOXNEWSW_20120413_100000_FOX_and_Friends.thumbs/FOXNEWSW_20120413_100000_FOX_and_Friends_006505.jpg,"start talking about human cause, global warming. let's take -- let's take apart the two issues. is -- what's the cause of climate change? the cause of climate change, we've been studying climate change now for centuries."
https://archive.org/details/FOXNEWSW_20120424_070000_Red_Eye#start/602/end/637,4/24/2012 7:10:17,FOXNEWS,Red Eye,FOXNEWSW_20120424_070000_Red_Eye,https://archive.org/download/FOXNEWSW_20120424_070000_Red_Eye/FOXNEWSW_20120424_070000_Red_Eye.thumbs/FOXNEWSW_20120424_070000_Red_Eye_000595.jpg,"to pay for it? after a flurry of negative comments he meant to say people who spread false information should be held accountable. scientists are blaming global warming for this."
https://archive.org/details/FOXNEWSW_20120403_070000_Red_Eye#start/2539/end/2574,4/3/2012 7:42:34,FOXNEWS,Red Eye,FOXNEWSW_20120403_070000_Red_Eye,https://archive.org/download/FOXNEWSW_20120403_070000_Red_Eye/FOXNEWSW_20120403_070000_Red_Eye.thumbs/FOXNEWSW_20120403_070000_Red_Eye_002335.jpg,"guests on 'red eye' stay with greg's neighbor carl now offering a pull out couch, a futon and beanbag chair. he will watch you while you sleep. is global warming real or"
https://archive.org/details/FOXNEWSW_20120409_030000_Huckabee#start/566/end/601,4/9/2012 3:09:41,FOXNEWS,Huckabee,FOXNEWSW_20120409_030000_Huckabee,https://archive.org/download/FOXNEWSW_20120409_030000_Huckabee/FOXNEWSW_20120409_030000_Huckabee.thumbs/FOXNEWSW_20120409_030000_Huckabee_000565.jpg,"people. so one of the surprises that i had about her is she never -- she was a scientist. she was a chemist by training. she went to oxford in chemistry. she was an early proponent of the idea of global warming."
https://archive.org/details/FOXNEWSW_20120403_100000_FOX_and_Friends#start/8192/end/8227,4/3/2012 12:16:47,FOXNEWS,FOX and Friends,FOXNEWSW_20120403_100000_FOX_and_Friends,https://archive.org/download/FOXNEWSW_20120403_100000_FOX_and_Friends/FOXNEWSW_20120403_100000_FOX_and_Friends.thumbs/FOXNEWSW_20120403_100000_FOX_and_Friends_008190.jpg,"obama administration. so why does the white house keep going down this solar and wind road? joining us now is chris porter, a senior fellow at the competitive enterprise institute and also the author of 'the politically incorrect guide to global warming and"
https://archive.org/details/FOXNEWSW_20120430_200000_Your_World_With_Neil_Cavuto#start/2672/end/2707,4/30/2012 20:44:47,FOXNEWS,Your World With Neil Cavuto,FOXNEWSW_20120430_200000_Your_World_With_Neil_Cavuto,https://archive.org/download/FOXNEWSW_20120430_200000_Your_World_With_Neil_Cavuto/FOXNEWSW_20120430_200000_Your_World_With_Neil_Cavuto.thumbs/FOXNEWSW_20120430_200000_Your_World_With_Neil_Cavuto_002667.jpg,"wind and solar have competed and their rear ends were kicked but people still resurrecting the technologies. i am not saying they should be destroyed or stopped but the idea they with subsidize and mandate them as a way to get us out of a global warming"
https://archive.org/details/FOXNEWSW_20120413_210000_The_Five#start/3489/end/3524,4/13/2012 21:58:24,FOXNEWS,The Five,FOXNEWSW_20120413_210000_The_Five,https://archive.org/download/FOXNEWSW_20120413_210000_The_Five/FOXNEWSW_20120413_210000_The_Five.thumbs/FOXNEWSW_20120413_210000_The_Five_003480.jpg,"me and sarah palin. gregg? this is a book, where am i? over here. this book is called don't sell your coat by harold ambler, a self made expert on climate change."
https://archive.org/details/FOXNEWSW_20120413_100000_FOX_and_Friends#start/6446/end/6481,4/13/2012 11:47:41,FOXNEWS,FOX and Friends,FOXNEWSW_20120413_100000_FOX_and_Friends,https://archive.org/download/FOXNEWSW_20120413_100000_FOX_and_Friends/FOXNEWSW_20120413_100000_FOX_and_Friends.thumbs/FOXNEWSW_20120413_100000_FOX_and_Friends_006445.jpg,"has nasa lowered its scientific standards to score political points? joining us from houston, former apollo 7 astronaut walter cunningham. he signed a letter to nasa's chief condemning the agency's position on climate change."
https://archive.org/details/FOXNEWSW_20120425_220000_Special_Report_With_Bret_Baier#start/1838/end/1873,4/25/2012 22:30:53,FOXNEWS,Special Report With Bret Baier,FOXNEWSW_20120425_220000_Special_Report_With_Bret_Baier,https://archive.org/download/FOXNEWSW_20120425_220000_Special_Report_With_Bret_Baier/FOXNEWSW_20120425_220000_Special_Report_With_Bret_Baier.thumbs/FOXNEWSW_20120425_220000_Special_Report_With_Bret_Baier_001826.jpg,"were alarmist and says predictions from others like al gore were too. james lovelock who developed the guya theory that says earth is a single self-regulating organism tells msnbc that climate change is"
https://archive.org/details/FOXNEWSW_20120403_070000_Red_Eye#start/2841/end/2876,4/3/2012 7:47:36,FOXNEWS,Red Eye,FOXNEWSW_20120403_070000_Red_Eye,https://archive.org/download/FOXNEWSW_20120403_070000_Red_Eye/FOXNEWSW_20120403_070000_Red_Eye.thumbs/FOXNEWSW_20120403_070000_Red_Eye_002816.jpg,"that is the wrong michael man. is. how do you know this. this michael man did the miami advice. you know it is going to make a come back. what is the most surprising truth about climate change."
https://archive.org/details/FOXNEWSW_20120403_070000_Red_Eye#start/2709/end/2744,4/3/2012 7:45:24,FOXNEWS,Red Eye,FOXNEWSW_20120403_070000_Red_Eye,https://archive.org/download/FOXNEWSW_20120403_070000_Red_Eye/FOXNEWSW_20120403_070000_Red_Eye.thumbs/FOXNEWSW_20120403_070000_Red_Eye_002696.jpg,"attack at who ever dares question them. god forbid. isn't there money involved too? i think normal people came into affect because all of a sudden you can get millions from different organizations and study climate change."
https://archive.org/details/FOXNEWSW_20120411_210000_The_Five#start/1669/end/1704,4/11/2012 21:28:04,FOXNEWS,The Five,FOXNEWSW_20120411_210000_The_Five,https://archive.org/download/FOXNEWSW_20120411_210000_The_Five/FOXNEWSW_20120411_210000_The_Five.thumbs/FOXNEWSW_20120411_210000_The_Five_001650.jpg,"warming and all. first global warming and now climate change. i want you to look at the cover of time magazine in 1977. one of your favorite decades. you were out partying. the big freeze."
https://archive.org/details/FOXNEWSW_20120423_210000_The_Five#start/652/end/687,4/23/2012 21:11:07,FOXNEWS,The Five,FOXNEWSW_20120423_210000_The_Five,https://archive.org/download/FOXNEWSW_20120423_210000_The_Five/FOXNEWSW_20120423_210000_The_Five.thumbs/FOXNEWSW_20120423_210000_The_Five_000630.jpg,"types of pollution we dealt with. the problem is with climate change and global warming there is more going on than fact. it's about people gaining power over america. over american individualality. making money as well. greg: it increases the --  _"
https://archive.org/details/FOXNEWSW_20120430_200000_Your_World_With_Neil_Cavuto#start/2510/end/2545,4/30/2012 20:42:05,FOXNEWS,Your World With Neil Cavuto,FOXNEWSW_20120430_200000_Your_World_With_Neil_Cavuto,https://archive.org/download/FOXNEWSW_20120430_200000_Your_World_With_Neil_Cavuto/FOXNEWSW_20120430_200000_Your_World_With_Neil_Cavuto.thumbs/FOXNEWSW_20120430_200000_Your_World_With_Neil_Cavuto_002487.jpg,"addressing global warming and now they are contributing? guest: yes, this is a study published in nature climate change, the journal, by the university of new york scientists, 1.3 degrees increase in temperatures fahrenheit on the ground around all the wind"
https://archive.org/details/FOXNEWSW_20120424_060000_The_Five#start/648/end/683,4/24/2012 6:11:03,FOXNEWS,The Five,FOXNEWSW_20120424_060000_The_Five,https://archive.org/download/FOXNEWSW_20120424_060000_The_Five/FOXNEWSW_20120424_060000_The_Five.thumbs/FOXNEWSW_20120424_060000_The_Five_000630.jpg,"what president obama intends to do. greg: i think bob has a point that we had certain types of pollution we dealt with. the problem is with climate change and global warming there is more going on than fact. it's about people gaining power over america."
https://archive.org/details/FOXNEWSW_20120424_060000_The_Five#start/3009/end/3044,4/24/2012 6:50:24,FOXNEWS,The Five,FOXNEWSW_20120424_060000_The_Five,https://archive.org/download/FOXNEWSW_20120424_060000_The_Five/FOXNEWSW_20120424_060000_The_Five.thumbs/FOXNEWSW_20120424_060000_The_Five_003000.jpg,"but swearing and chewing gum is good for you. smoking is good thing. mislabeled by science for years. dana: like global warming. kimberly: there you go. bob: unproven, unlike global warming. any of these habits?"
https://archive.org/details/FOXNEWSW_20120423_210000_The_Five#start/3010/end/3045,4/23/2012 21:50:25,FOXNEWS,The Five,FOXNEWSW_20120423_210000_The_Five,https://archive.org/download/FOXNEWSW_20120423_210000_The_Five/FOXNEWSW_20120423_210000_The_Five.thumbs/FOXNEWSW_20120423_210000_The_Five_003000.jpg,"but swearing and chewing gum is good for you. smoking is good thing. mislabeled by science for years. dana: like global warming. kimberly: there you go. bob: unproven, unlike global warming. any of these habits?"
https://archive.org/details/FOXNEWSW_20120411_210000_The_Five#start/1654/end/1689,4/11/2012 21:27:49,FOXNEWS,The Five,FOXNEWSW_20120411_210000_The_Five,https://archive.org/download/FOXNEWSW_20120411_210000_The_Five/FOXNEWSW_20120411_210000_The_Five.thumbs/FOXNEWSW_20120411_210000_The_Five_001650.jpg,"andrea: did i scare you? the media is trying to scare you. are you scared? kimberly: i'm frightened of this. they don't know what they're talking about. 42% of americans say they exaggerate. big exaggerator, shame on you, about the threat of global"
https://archive.org/details/FOXNEWSW_20120411_210000_The_Five#start/1605/end/1640,4/11/2012 21:27:00,FOXNEWS,The Five,FOXNEWSW_20120411_210000_The_Five,https://archive.org/download/FOXNEWSW_20120411_210000_The_Five/FOXNEWSW_20120411_210000_The_Five.thumbs/FOXNEWSW_20120411_210000_The_Five_001380.jpg,"from the canadian border, through the mid west, to the gulf coast. benefiting hundreds of thousands of families throughout the country. this is just what our economy needs right now. andrea: welcome back to 'the five.' all right, is there a climate"
https://archive.org/details/FOXNEWSW_20120420_100000_FOX_and_Friends#start/2804/end/2839,4/20/2012 10:46:59,FOXNEWS,FOX and Friends,FOXNEWSW_20120420_100000_FOX_and_Friends,https://archive.org/download/FOXNEWSW_20120420_100000_FOX_and_Friends/FOXNEWSW_20120420_100000_FOX_and_Friends.thumbs/FOXNEWSW_20120420_100000_FOX_and_Friends_002786.jpg,"steve? bueller. bueller. thanks, brian. global warming hiss hysterics could face a cold, hard truth. some glaciers are actually"
https://archive.org/details/FOXNEWSW_20120405_170000_America_Live#start/5765/end/5800,4/5/2012 18:36:20,FOXNEWS,America Live,FOXNEWSW_20120405_170000_America_Live,https://archive.org/download/FOXNEWSW_20120405_170000_America_Live/FOXNEWSW_20120405_170000_America_Live.thumbs/FOXNEWSW_20120405_170000_America_Live_005755.jpg,"greenhouse gas he miss from vehicles. such a far-reaching impact should not be left to unelected regulators and judges. it's one thing to talk about a decision the supreme court has made and to criticize that"
https://archive.org/details/FOXNEWSW_20120406_130000_Americas_Newsroom#start/3659/end/3694,4/6/2012 14:01:14,FOXNEWS,Americas Newsroom,FOXNEWSW_20120406_130000_Americas_Newsroom,https://archive.org/download/FOXNEWSW_20120406_130000_Americas_Newsroom/FOXNEWSW_20120406_130000_Americas_Newsroom.thumbs/FOXNEWSW_20120406_130000_Americas_Newsroom_003656.jpg,"because they will be charged a huge some for all that greenhouse gas that is being emitted. under my plan of a cap and trade system the electricity rates would necessarily sky pocket. martha: great, that sounds good,"
https://archive.org/details/FOXNEWSW_20120413_000000_The_OReilly_Factor#start/3419/end/3454,4/13/2012 0:57:14,FOXNEWS,The OReilly Factor,FOXNEWSW_20120413_000000_The_OReilly_Factor,https://archive.org/download/FOXNEWSW_20120413_000000_The_OReilly_Factor/FOXNEWSW_20120413_000000_The_OReilly_Factor.thumbs/FOXNEWSW_20120413_000000_The_OReilly_Factor_003416.jpg,"brian smith, tucson, arizona. didn't say that to mike wallace, brian i remember said there is global warming and that's a fact."
https://archive.org/details/FOXNEWSW_20120426_220000_Special_Report_With_Bret_Baier#start/2667/end/2702,4/26/2012 22:44:42,FOXNEWS,Special Report With Bret Baier,FOXNEWSW_20120426_220000_Special_Report_With_Bret_Baier,https://archive.org/download/FOXNEWSW_20120426_220000_Special_Report_With_Bret_Baier/FOXNEWSW_20120426_220000_Special_Report_With_Bret_Baier.thumbs/FOXNEWSW_20120426_220000_Special_Report_With_Bret_Baier_002666.jpg,"going to be honoring global warming and killing carbon-based energy in his second term. bret: this energy issue is already being used by republicans in ads, there are"
https://archive.org/details/FOXNEWSW_20120409_100000_FOX_and_Friends#start/9430/end/9465,4/9/2012 12:37:25,FOXNEWS,FOX and Friends,FOXNEWSW_20120409_100000_FOX_and_Friends,https://archive.org/download/FOXNEWSW_20120409_100000_FOX_and_Friends/FOXNEWSW_20120409_100000_FOX_and_Friends.thumbs/FOXNEWSW_20120409_100000_FOX_and_Friends_009420.jpg,"albany? and? illinois. and virginia. and? washington, d.c. steve: does anybody think the warmer weather, global warming? just curious. you do, very good. you like it, don't you? of course you do."
https://archive.org/details/FOXNEWSW_20120412_000000_The_OReilly_Factor#start/2035/end/2070,4/12/2012 0:34:10,FOXNEWS,The OReilly Factor,FOXNEWSW_20120412_000000_The_OReilly_Factor,https://archive.org/download/FOXNEWSW_20120412_000000_The_OReilly_Factor/FOXNEWSW_20120412_000000_The_OReilly_Factor.thumbs/FOXNEWSW_20120412_000000_The_OReilly_Factor_002035.jpg,"responsible, gay home than the system with four kids. what else? any other things. environment. environment. government has got to be proactive on environment. global warming is here. all these idiots running"
https://archive.org/details/FOXNEWSW_20120413_100000_FOX_and_Friends#start/6430/end/6465,4/13/2012 11:47:25,FOXNEWS,FOX and Friends,FOXNEWSW_20120413_100000_FOX_and_Friends,https://archive.org/download/FOXNEWSW_20120413_100000_FOX_and_Friends/FOXNEWSW_20120413_100000_FOX_and_Friends.thumbs/FOXNEWSW_20120413_100000_FOX_and_Friends_006415.jpg,"some of america's most famed and heroic astronauts are upset with nasa for taking sides in the climate debate. the agency says global warming might be 'manmade'. but its own scientists disagree."
https://archive.org/details/FOXNEWSW_20120409_000000_Huckabee#start/584/end/619,4/9/2012 0:09:59,FOXNEWS,Huckabee,FOXNEWSW_20120409_000000_Huckabee,https://archive.org/download/FOXNEWSW_20120409_000000_Huckabee/FOXNEWSW_20120409_000000_Huckabee.thumbs/FOXNEWSW_20120409_000000_Huckabee_000566.jpg,"early global warming, early warning about it, was very-- that surprised me, and she also never touched the national health in britton since 1948 every person is afforded health care from the"
https://archive.org/details/FOXNEWSW_20120420_100000_FOX_and_Friends#start/2543/end/2578,4/20/2012 10:42:38,FOXNEWS,FOX and Friends,FOXNEWSW_20120420_100000_FOX_and_Friends,https://archive.org/download/FOXNEWSW_20120420_100000_FOX_and_Friends/FOXNEWSW_20120420_100000_FOX_and_Friends.thumbs/FOXNEWSW_20120420_100000_FOX_and_Friends_002546.jpg,"gore's theory on global warming. the world's largest glaciers may be growing now. the story and the evidence making for the cold, hard truth. which one is al gore? i'm a marathon runner,."
https://archive.org/details/FOXNEWSW_20120430_200000_Your_World_With_Neil_Cavuto#start/2304/end/2339,4/30/2012 20:38:39,FOXNEWS,Your World With Neil Cavuto,FOXNEWSW_20120430_200000_Your_World_With_Neil_Cavuto,https://archive.org/download/FOXNEWSW_20120430_200000_Your_World_With_Neil_Cavuto/FOXNEWSW_20120430_200000_Your_World_With_Neil_Cavuto.thumbs/FOXNEWSW_20120430_200000_Your_World_With_Neil_Cavuto_002276.jpg,"give 'em the business. are these things supposed to be fighting global warming? are they now fueling it? they look stupid and are stupid. [ male announcer ] this is corporate caterers, miami, florida."
https://archive.org/details/FOXNEWSW_20120424_070000_Red_Eye#start/920/end/955,4/24/2012 7:15:35,FOXNEWS,Red Eye,FOXNEWSW_20120424_070000_Red_Eye,https://archive.org/download/FOXNEWSW_20120424_070000_Red_Eye/FOXNEWSW_20120424_070000_Red_Eye.thumbs/FOXNEWSW_20120424_070000_Red_Eye_000896.jpg,"academics. will fighting the man take hold in iran 1234* you can't go anywhere with global warming. it is a boyaring, boring, boring topic. i want to talk about this. this is interesting."
https://archive.org/details/FOXNEWSW_20120424_070000_Red_Eye#start/2150/end/2185,4/24/2012 7:36:05,FOXNEWS,Red Eye,FOXNEWSW_20120424_070000_Red_Eye,https://archive.org/download/FOXNEWSW_20120424_070000_Red_Eye/FOXNEWSW_20120424_070000_Red_Eye.thumbs/FOXNEWSW_20120424_070000_Red_Eye_002125.jpg,"terrible joke. they should be held accountable. tucker, you said you don't know why climate change is all bad."
https://archive.org/details/FOXNEWSW_20120422_100000_FOX_and_Friends_Sunday#start/7466/end/7501,4/22/2012 12:04:41,FOXNEWS,FOX and Friends Sunday,FOXNEWSW_20120422_100000_FOX_and_Friends_Sunday,https://archive.org/download/FOXNEWSW_20120422_100000_FOX_and_Friends_Sunday/FOXNEWSW_20120422_100000_FOX_and_Friends_Sunday.thumbs/FOXNEWSW_20120422_100000_FOX_and_Friends_Sunday_007440.jpg,"problems. world and should be taxed for the sins of the past and essentially the americans should pay to resolve global warming is that kind of thing and essentially, mr. obama doesn't believe in democracy"
https://archive.org/details/FOXNEWSW_20120413_200000_Your_World_With_Neil_Cavuto#start/2399/end/2434,4/13/2012 20:40:14,FOXNEWS,Your World With Neil Cavuto,FOXNEWSW_20120413_200000_Your_World_With_Neil_Cavuto,https://archive.org/download/FOXNEWSW_20120413_200000_Your_World_With_Neil_Cavuto/FOXNEWSW_20120413_200000_Your_World_With_Neil_Cavuto.thumbs/FOXNEWSW_20120413_200000_Your_World_With_Neil_Cavuto_002395.jpg,"have to have your policies. he believes in man made global warming. he said i am not trying to return to the days of reagan and bush. we do not want a massachusetts moderate but a"
https://archive.org/details/FOXNEWSW_20120411_210000_The_Five#start/1843/end/1878,4/11/2012 21:30:58,FOXNEWS,The Five,FOXNEWSW_20120411_210000_The_Five,https://archive.org/download/FOXNEWSW_20120411_210000_The_Five/FOXNEWSW_20120411_210000_The_Five.thumbs/FOXNEWSW_20120411_210000_The_Five_001830.jpg,"it's an alarmist crisis to spend taxpayers dollars to fix. greg: can i say something about this? even if there is global warming going at a slight, you know, sliver of celsius, though scientists measure by kel vin."
https://archive.org/details/FOXNEWSW_20120412_060000_The_Five#start/2035/end/2070,4/12/2012 6:34:10,FOXNEWS,The Five,FOXNEWSW_20120412_060000_The_Five,https://archive.org/download/FOXNEWSW_20120412_060000_The_Five/FOXNEWSW_20120412_060000_The_Five.thumbs/FOXNEWSW_20120412_060000_The_Five_002010.jpg,"responsible, gay home than the system with four kids. what else? any other things. environment. environment. government has got to be proactive on environment. global warming is here. all these idiots running around saying it isn't here."
https://archive.org/details/FOXNEWSW_20120403_070000_Red_Eye#start/2572/end/2607,4/3/2012 7:43:07,FOXNEWS,Red Eye,FOXNEWSW_20120403_070000_Red_Eye,https://archive.org/download/FOXNEWSW_20120403_070000_Red_Eye/FOXNEWSW_20120403_070000_Red_Eye.thumbs/FOXNEWSW_20120403_070000_Red_Eye_002546.jpg,"we welcome back herald ambler, herald, good to see you. fun book. thank you. you believed in man made global warming, right? for a longtime, and now you don't. what changed your mind? well, i studied the science more."
https://archive.org/details/FOXNEWSW_20120421_143000_Cavuto_on_Business#start/363/end/398,4/21/2012 14:36:18,FOXNEWS,Cavuto on Business,FOXNEWSW_20120421_143000_Cavuto_on_Business,https://archive.org/download/FOXNEWSW_20120421_143000_Cavuto_on_Business/FOXNEWSW_20120421_143000_Cavuto_on_Business.thumbs/FOXNEWSW_20120421_143000_Cavuto_on_Business_000355.jpg,"dangers of global warming and environment, and let them, not demand and control of america. adam? that's fine, but we have a rich history in the united states of investing heavily in important themes, like, like"
https://archive.org/details/FOXNEWSW_20120408_070000_Huckabee#start/514/end/549,4/8/2012 7:08:49,FOXNEWS,Huckabee,FOXNEWSW_20120408_070000_Huckabee,https://archive.org/download/FOXNEWSW_20120408_070000_Huckabee/FOXNEWSW_20120408_070000_Huckabee.thumbs/FOXNEWSW_20120408_070000_Huckabee_000506.jpg,"had about her is she never -- she was a scientist. she was a chemist by training. she went to oxford in chemistry. she was an early proponent of the idea of global warming. early warning about it. was very -- that surprised me.                 _"
https://archive.org/details/FOXNEWSW_20120412_100000_FOX_and_Friends#start/6430/end/6465,4/12/2012 11:47:25,FOXNEWS,FOX and Friends,FOXNEWSW_20120412_100000_FOX_and_Friends,https://archive.org/download/FOXNEWSW_20120412_100000_FOX_and_Friends/FOXNEWSW_20120412_100000_FOX_and_Friends.thumbs/FOXNEWSW_20120412_100000_FOX_and_Friends_006416.jpg,"subjects, not just evolution or global warming or creationism or intelligent design. it's really about creating teachable moments for teachers. as i understand, senator and you can correct me if i'm incorrect, they're in tennessee which is where the scopes monkey"
https://archive.org/details/FOXNEWSW_20120409_100000_FOX_and_Friends#start/5710/end/5745,4/9/2012 11:35:25,FOXNEWS,FOX and Friends,FOXNEWSW_20120409_100000_FOX_and_Friends,https://archive.org/download/FOXNEWSW_20120409_100000_FOX_and_Friends/FOXNEWSW_20120409_100000_FOX_and_Friends.thumbs/FOXNEWSW_20120409_100000_FOX_and_Friends_005695.jpg,"states. the national oceanic and atmospheric administration say the first three months of the year were on average 6 degrees higher. while some people may be enjoying the mild weather, it has scientists concerned about global warming. were they concerned last year"
https://archive.org/details/FOXNEWSW_20120425_000000_The_OReilly_Factor#start/378/end/413,4/25/2012 0:06:33,FOXNEWS,The OReilly Factor,FOXNEWSW_20120425_000000_The_OReilly_Factor,https://archive.org/download/FOXNEWSW_20120425_000000_The_OReilly_Factor/FOXNEWSW_20120425_000000_The_OReilly_Factor.thumbs/FOXNEWSW_20120425_000000_The_OReilly_Factor_000355.jpg,"the other stuff. flat earth stuff that's gone a little too far. romney has reversed himself on global warming he didn't know what caused it recently. he is pivoting because in election. bill: that's fine. can you go to town."
https://archive.org/details/FOXNEWSW_20120412_030000_The_OReilly_Factor#start/2038/end/2073,4/12/2012 3:34:13,FOXNEWS,The OReilly Factor,FOXNEWSW_20120412_030000_The_OReilly_Factor,https://archive.org/download/FOXNEWSW_20120412_030000_The_OReilly_Factor/FOXNEWSW_20120412_030000_The_OReilly_Factor.thumbs/FOXNEWSW_20120412_030000_The_OReilly_Factor_002036.jpg,"system with four kids. what else? any other things. environment. environment. government has got to be proactive on environment. global warming is here. all these idiots running around saying it isn't here. that's ridiculous. he says is he a regular guy"
https://archive.org/details/FOXNEWSW_20120403_030000_The_OReilly_Factor#start/1662/end/1697,4/3/2012 3:27:57,FOXNEWS,The OReilly Factor,FOXNEWSW_20120403_030000_The_OReilly_Factor,https://archive.org/download/FOXNEWSW_20120403_030000_The_OReilly_Factor/FOXNEWSW_20120403_030000_The_OReilly_Factor.thumbs/FOXNEWSW_20120403_030000_The_OReilly_Factor_001644.jpg,"views on some things. he does not. that's a lie. he is the first pro-life governor new jersey has ever had and his wife is pro-life unlike either of the bush clan. bill: he believes in global warming. no he doesn't."
https://archive.org/details/FOXNEWSW_20120403_080000_Special_Report_With_Bret_Baier#start/1668/end/1703,4/3/2012 8:28:03,FOXNEWS,Special Report With Bret Baier,FOXNEWSW_20120403_080000_Special_Report_With_Bret_Baier,https://archive.org/download/FOXNEWSW_20120403_080000_Special_Report_With_Bret_Baier/FOXNEWSW_20120403_080000_Special_Report_With_Bret_Baier.thumbs/FOXNEWSW_20120403_080000_Special_Report_With_Bret_Baier_001645.jpg,"governor new jersey has ever had and his wife is pro-life unlike either of the bush clan. bill: he believes in global warming. no he doesn't. he sweats a lot and he is hot. first he vetoed some silly"
https://archive.org/details/FOXNEWSW_20120408_000000_Huckabee#start/513/end/548,4/8/2012 0:08:48,FOXNEWS,Huckabee,FOXNEWSW_20120408_000000_Huckabee,https://archive.org/download/FOXNEWSW_20120408_000000_Huckabee/FOXNEWSW_20120408_000000_Huckabee.thumbs/FOXNEWSW_20120408_000000_Huckabee_000506.jpg,"had about her is she never -- she was a scientist. she was a chemist by training. she went to oxford in chemistry. she was an early proponent of the idea of global warming. early warning about it. was very -- that surprised me.                 _"
https://archive.org/details/FOXNEWSW_20120403_000000_The_OReilly_Factor#start/1663/end/1698,4/3/2012 0:27:58,FOXNEWS,The OReilly Factor,FOXNEWSW_20120403_000000_The_OReilly_Factor,https://archive.org/download/FOXNEWSW_20120403_000000_The_OReilly_Factor/FOXNEWSW_20120403_000000_The_OReilly_Factor.thumbs/FOXNEWSW_20120403_000000_The_OReilly_Factor_001645.jpg,"views on some things. he does not. that's a lie. he is the first pro-life governor new jersey has ever had and his wife is pro-life unlike either of the bush clan. bill: he believes in global warming. no he doesn't."
https://archive.org/details/FOXNEWSW_20120430_200000_Your_World_With_Neil_Cavuto#start/2706/end/2741,4/30/2012 20:45:21,FOXNEWS,Your World With Neil Cavuto,FOXNEWSW_20120430_200000_Your_World_With_Neil_Cavuto,https://archive.org/download/FOXNEWSW_20120430_200000_Your_World_With_Neil_Cavuto/FOXNEWSW_20120430_200000_Your_World_With_Neil_Cavuto.thumbs/FOXNEWSW_20120430_200000_Your_World_With_Neil_Cavuto_002696.jpg,"replace base load electricity so even the big gurus are reconsidering wind and the reason we have the wind mandates which is fear of man made global warming. neil: so it turns out it was a lot 'hot air.' thank you very much."
https://archive.org/details/FOXNEWSW_20120424_070000_Red_Eye#start/2213/end/2248,4/24/2012 7:37:08,FOXNEWS,Red Eye,FOXNEWSW_20120424_070000_Red_Eye,https://archive.org/download/FOXNEWSW_20120424_070000_Red_Eye/FOXNEWSW_20120424_070000_Red_Eye.thumbs/FOXNEWSW_20120424_070000_Red_Eye_002185.jpg,"information. that's what he is saying. not really, but -- same thing. you disagree with me and you are lying. his second column, he even says if it turns out that global warming is a farce, then -- and the people that"
https://archive.org/details/FOXNEWSW_20120430_150000_Happening_Now#start/2012/end/2047,4/30/2012 15:33:47,FOXNEWS,Happening Now,FOXNEWSW_20120430_150000_Happening_Now,https://archive.org/download/FOXNEWSW_20120430_150000_Happening_Now/FOXNEWSW_20120430_150000_Happening_Now.thumbs/FOXNEWSW_20120430_150000_Happening_Now_002006.jpg,"manages to do things like welfare and affirmative action and global warming and stuff nobody everybody votes for. just sort of happens miraculously out of combination of judges and bureaucrats. until conservative movement and republican party gets more effective at monitoring"
https://archive.org/details/FOXNEWSW_20120430_100000_FOX_and_Friends#start/9334/end/9369,4/30/2012 12:35:49,FOXNEWS,FOX and Friends,FOXNEWSW_20120430_100000_FOX_and_Friends,https://archive.org/download/FOXNEWSW_20120430_100000_FOX_and_Friends/FOXNEWSW_20120430_100000_FOX_and_Friends.thumbs/FOXNEWSW_20120430_100000_FOX_and_Friends_009330.jpg,"been busy pushing the benefits of wind farms. but it turns out the benefits may contribute to global warming. according to a new study, temperatures increased near four of the largest wind farms in texas. the problem? the giant propellers caused the air to circulate more."
https://archive.org/details/FOXNEWSW_20120425_000000_The_OReilly_Factor#start/394/end/429,4/25/2012 0:06:49,FOXNEWS,The OReilly Factor,FOXNEWSW_20120425_000000_The_OReilly_Factor,https://archive.org/download/FOXNEWSW_20120425_000000_The_OReilly_Factor/FOXNEWSW_20120425_000000_The_OReilly_Factor.thumbs/FOXNEWSW_20120425_000000_The_OReilly_Factor_000385.jpg,"up to the media to hold him accountable. bill: i don't have any beef with that i hold him accountable. global warming human cause once he started running for president he is not sure what caused it. bill: that's not what we are talking about."
https://archive.org/details/FOXNEWSW_20120413_130000_Americas_Newsroom#start/5027/end/5062,4/13/2012 14:24:02,FOXNEWS,Americas Newsroom,FOXNEWSW_20120413_130000_Americas_Newsroom,https://archive.org/download/FOXNEWSW_20120413_130000_Americas_Newsroom/FOXNEWSW_20120413_130000_Americas_Newsroom.thumbs/FOXNEWSW_20120413_130000_Americas_Newsroom_005005.jpg,"math, science, you're going to eventually lose touch with them because you're focusing on fluffy subjects. not that they aren't important, but if you spend an awful lot of time on global warming, if you spend an awful lot of time on diversity, those are good"
https://archive.org/details/FOXNEWSW_20120413_100000_FOX_and_Friends#start/6199/end/6234,4/13/2012 11:43:34,FOXNEWS,FOX and Friends,FOXNEWSW_20120413_100000_FOX_and_Friends,https://archive.org/download/FOXNEWSW_20120413_100000_FOX_and_Friends/FOXNEWSW_20120413_100000_FOX_and_Friends.thumbs/FOXNEWSW_20120413_100000_FOX_and_Friends_006175.jpg,"problem. nasa accused by its own astronauts of putting politics before science especially when it comes to global warming. coming up, we'll talk to one of the astronauts leading that charge. and yesterday, we told you about how drinking more beer makes men smarter."
https://archive.org/details/FOXNEWSW_20120413_100000_FOX_and_Friends#start/6509/end/6544,4/13/2012 11:48:44,FOXNEWS,FOX and Friends,FOXNEWSW_20120413_100000_FOX_and_Friends,https://archive.org/download/FOXNEWSW_20120413_100000_FOX_and_Friends/FOXNEWSW_20120413_100000_FOX_and_Friends.thumbs/FOXNEWSW_20120413_100000_FOX_and_Friends_006505.jpg,"new hypothesis that the alarmists are pushing on us, whether that's valid or not. that humans are causing global warming. that's the first issue. the second issue is whether nasa should be out front taking a -- what has now become a very politicized position when you"
https://archive.org/details/FOXNEWSW_20120411_100000_FOX_and_Friends#start/6374/end/6409,4/11/2012 11:46:29,FOXNEWS,FOX and Friends,FOXNEWSW_20120411_100000_FOX_and_Friends,https://archive.org/download/FOXNEWSW_20120411_100000_FOX_and_Friends/FOXNEWSW_20120411_100000_FOX_and_Friends.thumbs/FOXNEWSW_20120411_100000_FOX_and_Friends_006355.jpg,"against the theories of evolution and global warming. the bill is set to go into law april 20th. the governor says the bill had strong bipartisan support. and how's this for a strip search? an airline passenger taking all her clothes off right in the"
https://archive.org/details/FOXNEWSW_20120403_080000_Special_Report_With_Bret_Baier#start/1683/end/1718,4/3/2012 8:28:18,FOXNEWS,Special Report With Bret Baier,FOXNEWSW_20120403_080000_Special_Report_With_Bret_Baier,https://archive.org/download/FOXNEWSW_20120403_080000_Special_Report_With_Bret_Baier/FOXNEWSW_20120403_080000_Special_Report_With_Bret_Baier.thumbs/FOXNEWSW_20120403_080000_Special_Report_With_Bret_Baier_001676.jpg,"cap and trade bill. he vetoed the next bill but in the process of vetoing t he claimed i believe in global warming. bill: christie, right. i love christie and kyl. there are a few others. i don't think we should be pandering and going for"
https://archive.org/details/FOXNEWSW_20120403_030000_The_OReilly_Factor#start/1679/end/1714,4/3/2012 3:28:14,FOXNEWS,The OReilly Factor,FOXNEWSW_20120403_030000_The_OReilly_Factor,https://archive.org/download/FOXNEWSW_20120403_030000_The_OReilly_Factor/FOXNEWSW_20120403_030000_The_OReilly_Factor.thumbs/FOXNEWSW_20120403_030000_The_OReilly_Factor_001674.jpg,"he sweats a lot and he is hot. first he vetoed some silly cap and trade bill. he vetoed the next bill but in the process of vetoing t he claimed i believe in global warming. bill: christie, right. i love christie and kyl."
https://archive.org/details/FOXNEWSW_20120412_070000_Red_Eye#start/256/end/291,4/12/2012 7:04:31,FOXNEWS,Red Eye,FOXNEWSW_20120412_070000_Red_Eye,https://archive.org/download/FOXNEWSW_20120412_070000_Red_Eye/FOXNEWSW_20120412_070000_Red_Eye.thumbs/FOXNEWSW_20120412_070000_Red_Eye_000235.jpg,"that's why they don't invent things, a dumb, dumb animal. global warming can't happen soon enough. welcome to the show. isn't it a fact that colonel west was wrong because he under estimated the number of pinkos in our government? well, i only counted 12."
https://archive.org/details/FOXNEWSW_20120403_000000_The_OReilly_Factor#start/1680/end/1715,4/3/2012 0:28:15,FOXNEWS,The OReilly Factor,FOXNEWSW_20120403_000000_The_OReilly_Factor,https://archive.org/download/FOXNEWSW_20120403_000000_The_OReilly_Factor/FOXNEWSW_20120403_000000_The_OReilly_Factor.thumbs/FOXNEWSW_20120403_000000_The_OReilly_Factor_001676.jpg,"he sweats a lot and he is hot. first he vetoed some silly cap and trade bill. he vetoed the next bill but in the process of vetoing t he claimed i believe in global warming. bill: christie, right. i love christie and kyl."
https://archive.org/details/FOXNEWSW_20120422_100000_FOX_and_Friends_Sunday#start/667/end/702,4/22/2012 10:11:22,FOXNEWS,FOX and Friends Sunday,FOXNEWSW_20120422_100000_FOX_and_Friends_Sunday,https://archive.org/download/FOXNEWSW_20120422_100000_FOX_and_Friends_Sunday/FOXNEWSW_20120422_100000_FOX_and_Friends_Sunday.thumbs/FOXNEWSW_20120422_100000_FOX_and_Friends_Sunday_000660.jpg,"problems of the world. and should be taxed for all the sins of the past and essentially the notion that americans should pay to resolve global warming is that kind of thing. it's that global government thing and eventually obama will cave when it comes to"
https://archive.org/details/FOXNEWSW_20120427_100000_FOX_and_Friends#start/4010/end/4045,4/27/2012 11:07:05,FOXNEWS,FOX and Friends,FOXNEWSW_20120427_100000_FOX_and_Friends,https://archive.org/download/FOXNEWSW_20120427_100000_FOX_and_Friends/FOXNEWSW_20120427_100000_FOX_and_Friends.thumbs/FOXNEWSW_20120427_100000_FOX_and_Friends_003986.jpg,"i'll have more room to maneuver. i'll be more flexible. imagine how flexible he's going to be in honoring global warming and in killing the carbon based energy in his second term. this is only a hint of what's to come. james inhoff deserves the"
https://archive.org/details/FOXNEWSW_20120412_080000_Special_Report_With_Bret_Baier#start/2044/end/2079,4/12/2012 8:34:19,FOXNEWS,Special Report With Bret Baier,FOXNEWSW_20120412_080000_Special_Report_With_Bret_Baier,https://archive.org/download/FOXNEWSW_20120412_080000_Special_Report_With_Bret_Baier/FOXNEWSW_20120412_080000_Special_Report_With_Bret_Baier.thumbs/FOXNEWSW_20120412_080000_Special_Report_With_Bret_Baier_002036.jpg,"environment. government has got to be proactive on environment. global warming is here. all these idiots running around saying it isn't here. that's ridiculous. he says is he a regular guy from long island. when you are a working class guy like i used to paint houses. give me a break."
https://archive.org/details/FOXNEWSW_20120421_143000_Cavuto_on_Business#start/270/end/305,4/21/2012 14:34:45,FOXNEWS,Cavuto on Business,FOXNEWSW_20120421_143000_Cavuto_on_Business,https://archive.org/download/FOXNEWSW_20120421_143000_Cavuto_on_Business/FOXNEWSW_20120421_143000_Cavuto_on_Business.thumbs/FOXNEWSW_20120421_143000_Cavuto_on_Business_000264.jpg,"would be selling them. the free market would be eating this up. i'd be walking across the street in the store, and global warming doesn't exist and science is out on it. what about the science being out on the moon being made of cheese. it's definitely out on"
https://archive.org/details/FOXNEWSW_20120403_070000_Red_Eye#start/2755/end/2790,4/3/2012 7:46:10,FOXNEWS,Red Eye,FOXNEWSW_20120403_070000_Red_Eye,https://archive.org/download/FOXNEWSW_20120403_070000_Red_Eye/FOXNEWSW_20120403_070000_Red_Eye.thumbs/FOXNEWSW_20120403_070000_Red_Eye_002756.jpg,"why should people -- we always hear this. 99% of scientists agree or 90% of scientists agree about climate change. when i have you on 'red eye' they say he is a kook."
https://archive.org/details/FOXNEWSW_20120423_210000_The_Five#start/249/end/284,4/23/2012 21:04:24,FOXNEWS,The Five,FOXNEWSW_20120423_210000_The_Five,https://archive.org/download/FOXNEWSW_20120423_210000_The_Five/FOXNEWSW_20120423_210000_The_Five.thumbs/FOXNEWSW_20120423_210000_The_Five_000240.jpg,"manifesto. greg: said almost all of that on the show. bob: it's misleading. i won't climate change with you. we have our differences on this. i won't use the word that greg"
https://archive.org/details/FOXNEWSW_20120414_060000_The_Five#start/3492/end/3527,4/14/2012 6:58:27,FOXNEWS,The Five,FOXNEWSW_20120414_060000_The_Five,https://archive.org/download/FOXNEWSW_20120414_060000_The_Five/FOXNEWSW_20120414_060000_The_Five.thumbs/FOXNEWSW_20120414_060000_The_Five_003480.jpg,"over here. this book is called don't sell your coat by harold ambler, a self made expert on climate change. a simple explanation of what's going on. he's a card-carrying liberal so"
https://archive.org/details/FOXNEWSW_20120424_070000_Red_Eye#start/671/end/706,4/24/2012 7:11:26,FOXNEWS,Red Eye,FOXNEWSW_20120424_070000_Red_Eye,https://archive.org/download/FOXNEWSW_20120424_070000_Red_Eye/FOXNEWSW_20120424_070000_Red_Eye.thumbs/FOXNEWSW_20120424_070000_Red_Eye_000656.jpg,"gone. i don't think people want to hear about it, and i think it is a consequence of getting out of the scientific method. i don't know if there is global warming or not, but when you look at the experts and the tactics they use you have to wonder if the truth"
https://archive.org/details/FOXNEWSW_20120425_130000_Americas_Newsroom#start/4084/end/4119,4/25/2012 14:08:19,FOXNEWS,Americas Newsroom,FOXNEWSW_20120425_130000_Americas_Newsroom,https://archive.org/download/FOXNEWSW_20120425_130000_Americas_Newsroom/FOXNEWSW_20120425_130000_Americas_Newsroom.thumbs/FOXNEWSW_20120425_130000_Americas_Newsroom_004076.jpg,"liberals who don't like it because they think that the more gas -- the cheaper the gas we have, the more of it we burn and more global warming occurs. i think there's a very good chance that this goes into the conference and both sides work this out, that if that were the ultimate"
https://archive.org/details/FOXNEWSW_20120421_143000_Cavuto_on_Business#start/113/end/148,4/21/2012 14:32:08,FOXNEWS,Cavuto on Business,FOXNEWSW_20120421_143000_Cavuto_on_Business,https://archive.org/download/FOXNEWSW_20120421_143000_Cavuto_on_Business/FOXNEWSW_20120421_143000_Cavuto_on_Business.thumbs/FOXNEWSW_20120421_143000_Cavuto_on_Business_000114.jpg,"the green agenda, it's a-- we're going nowhere. well, i am all in favor of a green agenda, i'm all in favor of trying to get the earth as clean as it can be, the global warming is real, and i guess it is, i want to do whatever it takes to get"
https://archive.org/details/FOXNEWSW_20120411_210000_The_Five#start/1323/end/1358,4/11/2012 21:22:18,FOXNEWS,The Five,FOXNEWSW_20120411_210000_The_Five,https://archive.org/download/FOXNEWSW_20120411_210000_The_Five/FOXNEWSW_20120411_210000_The_Five.thumbs/FOXNEWSW_20120411_210000_The_Five_001320.jpg,"kimberly: magazine liberals. say it. greg: trying to help you. if s the media trying to scare you about climate change? we show you what they are saying and examine the facts. if you leave now you won't bin"
https://archive.org/details/FOXNEWSW_20120414_190000_The_Five#start/3490/end/3525,4/14/2012 19:58:25,FOXNEWS,The Five,FOXNEWSW_20120414_190000_The_Five,https://archive.org/download/FOXNEWSW_20120414_190000_The_Five/FOXNEWSW_20120414_190000_The_Five.thumbs/FOXNEWSW_20120414_190000_The_Five_003480.jpg,"me and sarah palin. gregg? this is a book, where am i? over here. this book is called don't sell your coat by harold ambler, a self made expert on climate change. a simple explanation of what's"
https://archive.org/details/FOXNEWSW_20120405_170000_America_Live#start/5747/end/5782,4/5/2012 18:36:02,FOXNEWS,America Live,FOXNEWSW_20120405_170000_America_Live,https://archive.org/download/FOXNEWSW_20120405_170000_America_Live/FOXNEWSW_20120405_170000_America_Live.thumbs/FOXNEWSW_20120405_170000_America_Live_005725.jpg,"written more than 30 years ago to primarily address local and regional environmental effects and applying them to global climate change. under a supreme court decision last year, the clean air act could be applied to regulate"
https://archive.org/details/FOXNEWSW_20120425_220000_Special_Report_With_Bret_Baier#start/1806/end/1841,4/25/2012 22:30:21,FOXNEWS,Special Report With Bret Baier,FOXNEWSW_20120425_220000_Special_Report_With_Bret_Baier,https://archive.org/download/FOXNEWSW_20120425_220000_Special_Report_With_Bret_Baier/FOXNEWSW_20120425_220000_Special_Report_With_Bret_Baier.thumbs/FOXNEWSW_20120425_220000_Special_Report_With_Bret_Baier_001676.jpg,"learn more about the new select series x310 with power steering at johndeere.com/x310. bret: now fresh picking from the political grapevine. president obama thinks climate change will be an issue in the fall campaign. the president tells 'rolling"
https://archive.org/details/FOXNEWSW_20120402_170000_America_Live#start/3349/end/3384,4/2/2012 17:56:04,FOXNEWS,America Live,FOXNEWSW_20120402_170000_America_Live,https://archive.org/download/FOXNEWSW_20120402_170000_America_Live/FOXNEWSW_20120402_170000_America_Live.thumbs/FOXNEWSW_20120402_170000_America_Live_003326.jpg,"cheaper travel and trade, we're expanding cooperation to create clean energy jobs and combat climate change, an area in which president calderon of mexico has been a real leader. i'm pleased to announce that our three nations are launch"
https://archive.org/details/FOXNEWSW_20120413_100000_FOX_and_Friends#start/6587/end/6622,4/13/2012 11:50:02,FOXNEWS,FOX and Friends,FOXNEWSW_20120413_100000_FOX_and_Friends,https://archive.org/download/FOXNEWSW_20120413_100000_FOX_and_Friends/FOXNEWSW_20120413_100000_FOX_and_Friends.thumbs/FOXNEWSW_20120413_100000_FOX_and_Friends_006566.jpg,"couple of days ago that said basically they're presenting science. that's not really the case. this week, for example, you had jim hansen there who said climate change is the moral equivalency of slavery. he wants a worldwide tax on carbon emissions."
https://archive.org/details/FOXNEWSW_20120407_230000_FOX_Report#start/3289/end/3324,4/7/2012 23:55:04,FOXNEWS,FOX Report,FOXNEWSW_20120407_230000_FOX_Report,https://archive.org/download/FOXNEWSW_20120407_230000_FOX_Report/FOXNEWSW_20120407_230000_FOX_Report.thumbs/FOXNEWSW_20120407_230000_FOX_Report_003270.jpg,"in fact, the industry has been steadily bubble ling away for years with smaller boutique bubbly producers. climate change has made their soil hospitable to the grapes it makes sparkling. surprisingly enough to some we are starting to beat the french at champagne."
https://archive.org/details/FOXNEWSW_20120424_060000_The_Five#start/255/end/290,4/24/2012 6:04:30,FOXNEWS,The Five,FOXNEWSW_20120424_060000_The_Five,https://archive.org/download/FOXNEWSW_20120424_060000_The_Five/FOXNEWSW_20120424_060000_The_Five.thumbs/FOXNEWSW_20120424_060000_The_Five_000240.jpg,"that on the show. bob: it's misleading. i won't climate change with you. we have our differences on this. i won't use the word that greg does. we have a difference of opinion. i have science on my side and"
https://archive.org/details/FOXNEWSW_20120424_070000_Red_Eye#start/19/end/54,4/24/2012 7:00:34,FOXNEWS,Red Eye,FOXNEWSW_20120424_070000_Red_Eye,https://archive.org/download/FOXNEWSW_20120424_070000_Red_Eye/FOXNEWSW_20120424_070000_Red_Eye.thumbs/FOXNEWSW_20120424_070000_Red_Eye_000025.jpg,"school, the footlocker flapper. now to andy levy. what is coming up on tonight? turn me loose. should climate change be played alive and then forced to watch as dogs eat their intro. the shocking tease that doesn't accurately describe"
https://archive.org/details/FOXNEWSW_20120420_100000_FOX_and_Friends#start/2901/end/2936,4/20/2012 10:48:36,FOXNEWS,FOX and Friends,FOXNEWSW_20120420_100000_FOX_and_Friends,https://archive.org/download/FOXNEWSW_20120420_100000_FOX_and_Friends/FOXNEWSW_20120420_100000_FOX_and_Friends.thumbs/FOXNEWSW_20120420_100000_FOX_and_Friends_002877.jpg,"they got data on about 10 and they were claiming that the himalayan glaciers were melting and the reason they claimed that is politicians wanted to say that global warming was going to lead to global conflict because of drinking water and so on. and then we threw an awful lot of money at this issue because of all the hysteria and it -- we       _"
https://archive.org/details/FOXNEWSW_20120413_100000_FOX_and_Friends#start/6539/end/6574,4/13/2012 11:49:14,FOXNEWS,FOX and Friends,FOXNEWSW_20120413_100000_FOX_and_Friends,https://archive.org/download/FOXNEWSW_20120413_100000_FOX_and_Friends/FOXNEWSW_20120413_100000_FOX_and_Friends.thumbs/FOXNEWSW_20120413_100000_FOX_and_Friends_006535.jpg,"and there's a lot of factors that account for climate change, probably the most significant one is the sun itself and various other cycles that the earth finds itself in. but about 20 or 22 years ago, something like that, the"
https://archive.org/details/FOXNEWSW_20120425_220000_Special_Report_With_Bret_Baier#start/1821/end/1856,4/25/2012 22:30:36,FOXNEWS,Special Report With Bret Baier,FOXNEWSW_20120425_220000_Special_Report_With_Bret_Baier,https://archive.org/download/FOXNEWSW_20120425_220000_Special_Report_With_Bret_Baier/FOXNEWSW_20120425_220000_Special_Report_With_Bret_Baier.thumbs/FOXNEWSW_20120425_220000_Special_Report_With_Bret_Baier_001795.jpg,"stone' -- 'those who look at the signs of climate change are scared and corn concerned about a general lack of sufficient movement to deal with the problem.' however one scientist who was at the forefront of the environmental movement now admits his own projections"
https://archive.org/details/FOXNEWSW_20120409_100000_FOX_and_Friends#start/8166/end/8201,4/9/2012 12:16:21,FOXNEWS,FOX and Friends,FOXNEWSW_20120409_100000_FOX_and_Friends,https://archive.org/download/FOXNEWSW_20120409_100000_FOX_and_Friends/FOXNEWSW_20120409_100000_FOX_and_Friends.thumbs/FOXNEWSW_20120409_100000_FOX_and_Friends_008160.jpg,"companies challenging the epa climate change regulations. good morning to you. good morning, thank you for having me on. gretchen: so you have a big job in front of you, representing a lot of different factions here. what are you trying to do? well, we're trying to hold"
