﻿URL,MatchDateTime,Station,Show,IAShowID,IAPreviewThumb,Snippet
https://archive.org/details/FOXNEWSW_20160124_070000_Red_Eye#start/2164/end/2199,1/24/2016 7:36:19,FOXNEWS,Red Eye,FOXNEWSW_20160124_070000_Red_Eye,https://archive.org/download/FOXNEWSW_20160124_070000_Red_Eye/FOXNEWSW_20160124_070000_Red_Eye.thumbs/FOXNEWSW_20160124_070000_Red_Eye_002157.jpg,"yeah. i meant the ription. i meant the rings. i am curious why you believe this, but think scientists are worried about global warming. i said this before. i believe in global warming."
https://archive.org/details/FOXNEWSW_20160121_010000_The_OReilly_Factor#start/1188/end/1223,1/21/2016 1:20:03,FOXNEWS,The OReilly Factor,FOXNEWSW_20160121_010000_The_OReilly_Factor,https://archive.org/download/FOXNEWSW_20160121_010000_The_OReilly_Factor/FOXNEWSW_20160121_010000_The_OReilly_Factor.thumbs/FOXNEWSW_20160121_010000_The_OReilly_Factor_001185.jpg,"fast and furious chaos. this story may be about to explode again. later, stossel on politics and gamblers, also miller on global warming. up ahead."
https://archive.org/details/FOXNEWSW_20160101_220000_The_OReilly_Factor#start/2914/end/2949,1/1/2016 22:48:49,FOXNEWS,The OReilly Factor,FOXNEWSW_20160101_220000_The_OReilly_Factor,https://archive.org/download/FOXNEWSW_20160101_220000_The_OReilly_Factor/FOXNEWSW_20160101_220000_The_OReilly_Factor.thumbs/FOXNEWSW_20160101_220000_The_OReilly_Factor_002895.jpg,"water and food and other resources, fooden insecure women may be vulnerable to situations such as sex work. transactional sex. unquote. so we're linking global warming"
https://archive.org/details/FOXNEWSW_20160130_110000_Fox_and_Friends_Saturday#start/1069/end/1104,1/30/2016 11:18:04,FOXNEWS,Fox and Friends Saturday,FOXNEWSW_20160130_110000_Fox_and_Friends_Saturday,https://archive.org/download/FOXNEWSW_20160130_110000_Fox_and_Friends_Saturday/FOXNEWSW_20160130_110000_Fox_and_Friends_Saturday.thumbs/FOXNEWSW_20160130_110000_Fox_and_Friends_Saturday_001047.jpg,"different. championed obama's amnesty and led the gang of 8. on taxes? i'm in favor of a mandate that they go[ out and design a cap and trade or carbon tax program."
https://archive.org/details/FOXNEWSW_20160107_110000_FOX__Friends#start/691/end/726,1/7/2016 11:11:46,FOXNEWS,FOX  Friends,FOXNEWSW_20160107_110000_FOX__Friends,https://archive.org/download/FOXNEWSW_20160107_110000_FOX__Friends/FOXNEWSW_20160107_110000_FOX__Friends.thumbs/FOXNEWSW_20160107_110000_FOX__Friends_000675.jpg,"as far as foreign relations are concerned be when there's another year left. sure. what's our president talking about? global climate change and now gun control in this country. yeah. the report is he wants to re-emphasize climate change."
https://archive.org/details/FOXNEWSW_20160109_010000_The_OReilly_Factor#start/82/end/117,1/9/2016 1:01:37,FOXNEWS,The OReilly Factor,FOXNEWSW_20160109_010000_The_OReilly_Factor,https://archive.org/download/FOXNEWSW_20160109_010000_The_OReilly_Factor/FOXNEWSW_20160109_010000_The_OReilly_Factor.thumbs/FOXNEWSW_20160109_010000_The_OReilly_Factor_000075.jpg,"i am bill o'reilly. thanks for watching us tonight. president obama's parallel universe. that's the subject of this evening's talking points memo. economy and the terror threat posed by islamic killers. president obama apparently believes global warming and"
https://archive.org/details/FOXNEWSW_20160112_090000_Special_Report_With_Bret_Baier#start/2002/end/2037,1/12/2016 9:33:37,FOXNEWS,Special Report With Bret Baier,FOXNEWSW_20160112_090000_Special_Report_With_Bret_Baier,https://archive.org/download/FOXNEWSW_20160112_090000_Special_Report_With_Bret_Baier/FOXNEWSW_20160112_090000_Special_Report_With_Bret_Baier.thumbs/FOXNEWSW_20160112_090000_Special_Report_With_Bret_Baier_001995.jpg,"new jobs second best for job creation since 1999. also on the president's checklist, renewed relation with cuba and iran nuclear deal and initiatives on climate change."
https://archive.org/details/FOXNEWSW_20160109_010000_The_OReilly_Factor#start/386/end/421,1/9/2016 1:06:41,FOXNEWS,The OReilly Factor,FOXNEWSW_20160109_010000_The_OReilly_Factor,https://archive.org/download/FOXNEWSW_20160109_010000_The_OReilly_Factor/FOXNEWSW_20160109_010000_The_OReilly_Factor.thumbs/FOXNEWSW_20160109_010000_The_OReilly_Factor_000375.jpg,"presentation to me sounded like timing is everything in life. in paris he shouldn't have talked climate change the way he did because people were concerned about the 132 people who'd just been slaughtered. that's right. so that's about timing. but that doesn't diminish in the big picture climate change or in"
https://archive.org/details/FOXNEWSW_20160118_040000_Americas_Election_HQ#start/1692/end/1727,1/18/2016 4:28:27,FOXNEWS,Americas Election HQ,FOXNEWSW_20160118_040000_Americas_Election_HQ,https://archive.org/download/FOXNEWSW_20160118_040000_Americas_Election_HQ/FOXNEWSW_20160118_040000_Americas_Election_HQ.thumbs/FOXNEWSW_20160118_040000_Americas_Election_HQ_001665.jpg,"three? the top three i believe it was framed in initiatives we need to have wages go up and we need to ploy other people and recognize climate change is the"
https://archive.org/details/FOXNEWSW_20160118_110000_FOX__Friends#start/4149/end/4184,1/18/2016 12:09:24,FOXNEWS,FOX  Friends,FOXNEWSW_20160118_110000_FOX__Friends,https://archive.org/download/FOXNEWSW_20160118_110000_FOX__Friends/FOXNEWSW_20160118_110000_FOX__Friends.thumbs/FOXNEWSW_20160118_110000_FOX__Friends_004125.jpg,"and for the chinese in order to make u.s. manufacturing noncompetitive.' well i think climate change is just a very, very expensive form of tax. lot of people are making a lot of money. i know much about climate"
https://archive.org/details/FOXNEWSW_20160111_060000_The_Greg_Gutfeld_Show#start/389/end/424,1/11/2016 6:06:44,FOXNEWS,The Greg Gutfeld Show,FOXNEWSW_20160111_060000_The_Greg_Gutfeld_Show,https://archive.org/download/FOXNEWSW_20160111_060000_The_Greg_Gutfeld_Show/FOXNEWSW_20160111_060000_The_Greg_Gutfeld_Show.thumbs/FOXNEWSW_20160111_060000_The_Greg_Gutfeld_Show_000375.jpg,"wolf! and then, you know, it's like no one knows what to do anymore. so we have to talk about it, because everyone's in denial. yes. it's so true. it's an interesting contrast to say climate change, where you"
https://archive.org/details/FOXNEWSW_20160110_060000_The_Greg_Gutfeld_Show#start/1470/end/1505,1/10/2016 6:24:45,FOXNEWS,The Greg Gutfeld Show,FOXNEWSW_20160110_060000_The_Greg_Gutfeld_Show,https://archive.org/download/FOXNEWSW_20160110_060000_The_Greg_Gutfeld_Show/FOXNEWSW_20160110_060000_The_Greg_Gutfeld_Show.thumbs/FOXNEWSW_20160110_060000_The_Greg_Gutfeld_Show_001455.jpg,"which i'm okay with. gun sales are up. you need more background checks. if they can happen in a more timely manner and make them more efficient, i'm all for that. and jobs, great. but he's doing this, like you said, in climate change, because"
https://archive.org/details/FOXNEWSW_20160131_010000_Republican_Presidential_Debate#start/3230/end/3265,1/31/2016 1:54:05,FOXNEWS,Republican Presidential Debate,FOXNEWSW_20160131_010000_Republican_Presidential_Debate,https://archive.org/download/FOXNEWSW_20160131_010000_Republican_Presidential_Debate/FOXNEWSW_20160131_010000_Republican_Presidential_Debate.thumbs/FOXNEWSW_20160131_010000_Republican_Presidential_Debate_003207.jpg,"-- on the issue of climate change, in 2008 you wanted florida to get ahead of other states and establish a cap and trade system, a program for carbon emissions, which many republicans thought at the time would hurt the florida economy. now you're a skeptic of climate"
https://archive.org/details/FOXNEWSW_20160120_110000_FOX__Friends#start/1210/end/1245,1/20/2016 11:20:25,FOXNEWS,FOX  Friends,FOXNEWSW_20160120_110000_FOX__Friends,https://archive.org/download/FOXNEWSW_20160120_110000_FOX__Friends/FOXNEWSW_20160120_110000_FOX__Friends.thumbs/FOXNEWSW_20160120_110000_FOX__Friends_001185.jpg,"misplaced priorities. not in terms of where they're spending money. yes, you say that. but also focusing on things they shouldn't spend time on. tell me about that. well, you look at the debate that we want too have over climate change for example."
https://archive.org/details/FOXNEWSW_20160121_080000_Red_Eye#start/2177/end/2212,1/21/2016 8:36:32,FOXNEWS,Red Eye,FOXNEWSW_20160121_080000_Red_Eye,https://archive.org/download/FOXNEWSW_20160121_080000_Red_Eye/FOXNEWSW_20160121_080000_Red_Eye.thumbs/FOXNEWSW_20160121_080000_Red_Eye_002175.jpg,"global warming. i said this before. i believe in global warming. i just don't care. we are actually in 100% agreement there. i ain't gonna be around and i don't have kids. i'm a little -- you       _"
https://archive.org/details/FOXNEWSW_20160110_150000_Sunday_Morning_Futures_With_Maria_Bartiromo#start/2935/end/2970,1/10/2016 15:49:10,FOXNEWS,Sunday Morning Futures With Maria Bartiromo,FOXNEWSW_20160110_150000_Sunday_Morning_Futures_With_Maria_Bartiromo,https://archive.org/download/FOXNEWSW_20160110_150000_Sunday_Morning_Futures_With_Maria_Bartiromo/FOXNEWSW_20160110_150000_Sunday_Morning_Futures_With_Maria_Bartiromo.thumbs/FOXNEWSW_20160110_150000_Sunday_Morning_Futures_With_Maria_Bartiromo_002925.jpg,"you ask are jobs more important than climate change -- they don't have a job. the climate change agenda kills american jobs. a lot of the jobs have been created. some in construction. a lot are in the restaurant"
https://archive.org/details/FOXNEWSW_20160118_110000_FOX__Friends#start/3628/end/3663,1/18/2016 12:00:43,FOXNEWS,FOX  Friends,FOXNEWSW_20160118_110000_FOX__Friends,https://archive.org/download/FOXNEWSW_20160118_110000_FOX__Friends/FOXNEWSW_20160118_110000_FOX__Friends.thumbs/FOXNEWSW_20160118_110000_FOX__Friends_003615.jpg,"he wasn't on the stage but donald trump still attacked by the democratic candidates again. it's beyond my comprehension how we can elect a president of the united states, somebody like trump, who believes that climate"
https://archive.org/details/FOXNEWSW_20160131_070000_Republican_Presidential_Debate#start/3247/end/3282,1/31/2016 7:54:22,FOXNEWS,Republican Presidential Debate,FOXNEWSW_20160131_070000_Republican_Presidential_Debate,https://archive.org/download/FOXNEWSW_20160131_070000_Republican_Presidential_Debate/FOXNEWSW_20160131_070000_Republican_Presidential_Debate.thumbs/FOXNEWSW_20160131_070000_Republican_Presidential_Debate_003237.jpg,"now you're a skeptic of climate change science and in fact, you warn that federal efforts to fight climate change will u.s. the hurt economy and cost jobs. why the change? first, that's not entirely the story. at the time, the liberal governor of florida, charlie"
https://archive.org/details/FOXNEWSW_20160129_020000_Republican_Presidential_Debate#start/3247/end/3282,1/29/2016 2:54:22,FOXNEWS,Republican Presidential Debate,FOXNEWSW_20160129_020000_Republican_Presidential_Debate,https://archive.org/download/FOXNEWSW_20160129_020000_Republican_Presidential_Debate/FOXNEWSW_20160129_020000_Republican_Presidential_Debate.thumbs/FOXNEWSW_20160129_020000_Republican_Presidential_Debate_003237.jpg,"now you're a skeptic of climate change science and in fact, you warn that federal efforts to fight climate change will u.s. the hurt economy and cost jobs. why the change? first, that's not entirely the story. at the time, the liberal governor of florida, charlie"
https://archive.org/details/FOXNEWSW_20160115_170000_Outnumbered#start/2141/end/2176,1/15/2016 17:35:56,FOXNEWS,Outnumbered,FOXNEWSW_20160115_170000_Outnumbered,https://archive.org/download/FOXNEWSW_20160115_170000_Outnumbered/FOXNEWSW_20160115_170000_Outnumbered.thumbs/FOXNEWSW_20160115_170000_Outnumbered_002115.jpg,"have well above and beyond a concern much more of a concern than isis is, as is climate change. isis and homeland security is well below guns certainly gun safety but certainly below even climate change. that is why you see that. he is talking to -- audience you            _"
https://archive.org/details/FOXNEWSW_20160129_060000_Republican_Presidential_Debate#start/3234/end/3269,1/29/2016 6:54:09,FOXNEWS,Republican Presidential Debate,FOXNEWSW_20160129_060000_Republican_Presidential_Debate,https://archive.org/download/FOXNEWSW_20160129_060000_Republican_Presidential_Debate/FOXNEWSW_20160129_060000_Republican_Presidential_Debate.thumbs/FOXNEWSW_20160129_060000_Republican_Presidential_Debate_003207.jpg,"change, in 2008 you wanted florida to get ahead of other states and establish a cap and trade system, a program for carbon emissions, which many republicans thought at the time would hurt the florida economy. now you're a skeptic of climate"
https://archive.org/details/FOXNEWSW_20160129_060000_Republican_Presidential_Debate#start/3218/end/3253,1/29/2016 6:53:53,FOXNEWS,Republican Presidential Debate,FOXNEWSW_20160129_060000_Republican_Presidential_Debate,https://archive.org/download/FOXNEWSW_20160129_060000_Republican_Presidential_Debate/FOXNEWSW_20160129_060000_Republican_Presidential_Debate.thumbs/FOXNEWSW_20160129_060000_Republican_Presidential_Debate_003207.jpg,"people, the people don't work for us, and we have to have an attitude when we're in government of servanthood that's what matters. we serve you, you don't serve us. we listen to you. and then we act. senator rubio -- [ applause ] -- on the issue of climate"
https://archive.org/details/FOXNEWSW_20160121_040000_The_OReilly_Factor#start/1189/end/1224,1/21/2016 4:20:04,FOXNEWS,The OReilly Factor,FOXNEWSW_20160121_040000_The_OReilly_Factor,https://archive.org/download/FOXNEWSW_20160121_040000_The_OReilly_Factor/FOXNEWSW_20160121_040000_The_OReilly_Factor.thumbs/FOXNEWSW_20160121_040000_The_OReilly_Factor_001185.jpg,"fast and furious chaos. this story may be about to explode again. later, stossel on politics and gamblers, also miller on global warming. up ahead. 73% of americans try."
https://archive.org/details/FOXNEWSW_20160112_050000_The_Kelly_File#start/909/end/944,1/12/2016 5:15:24,FOXNEWS,The Kelly File,FOXNEWSW_20160112_050000_The_Kelly_File,https://archive.org/download/FOXNEWSW_20160112_050000_The_Kelly_File/FOXNEWSW_20160112_050000_The_Kelly_File.thumbs/FOXNEWSW_20160112_050000_The_Kelly_File_000885.jpg,"control and climate change have ignored a storm of criticism. chris stirewalt tavis smiley"
https://archive.org/details/FOXNEWSW_20160121_010000_The_OReilly_Factor#start/57/end/92,1/21/2016 1:01:12,FOXNEWS,The OReilly Factor,FOXNEWSW_20160121_010000_The_OReilly_Factor,https://archive.org/download/FOXNEWSW_20160121_010000_The_OReilly_Factor/FOXNEWSW_20160121_010000_The_OReilly_Factor.thumbs/FOXNEWSW_20160121_010000_The_OReilly_Factor_000045.jpg,"call the presidential winner. miller on global warming and black lives matter blocking a bridge in san francisco. caution, you are about to enter the no spin zone. the factor begins right now."
https://archive.org/details/FOXNEWSW_20160120_180000_Happening_Now#start/729/end/764,1/20/2016 18:12:24,FOXNEWS,Happening Now,FOXNEWSW_20160120_180000_Happening_Now,https://archive.org/download/FOXNEWSW_20160120_180000_Happening_Now/FOXNEWSW_20160120_180000_Happening_Now.thumbs/FOXNEWSW_20160120_180000_Happening_Now_000705.jpg,"you have seen jeb push p the conservative policies. john kasich attacked republicans on immigration and conservatives over global warming and stressed how he is a different candidate and reading in the interviews"
https://archive.org/details/FOXNEWSW_20160122_220000_The_Five#start/3433/end/3468,1/22/2016 22:57:28,FOXNEWS,The Five,FOXNEWSW_20160122_220000_The_Five,https://archive.org/download/FOXNEWSW_20160122_220000_The_Five/FOXNEWSW_20160122_220000_The_Five.thumbs/FOXNEWSW_20160122_220000_The_Five_003417.jpg,"if you live in an igloo made of snow, what's the worst thing about global warming? no privacy. drowning. no privacy. all right. jesse, this one's for you. what do you call an old snowman?"
https://archive.org/details/FOXNEWSW_20160112_020000_The_Kelly_File#start/908/end/943,1/12/2016 2:15:23,FOXNEWS,The Kelly File,FOXNEWSW_20160112_020000_The_Kelly_File,https://archive.org/download/FOXNEWSW_20160112_020000_The_Kelly_File/FOXNEWSW_20160112_020000_The_Kelly_File.thumbs/FOXNEWSW_20160112_020000_The_Kelly_File_000885.jpg,"actions on immigration, gun control and climate change have ignored a storm of criticism. chris stirewalt tavis smiley"
https://archive.org/details/FOXNEWSW_20160129_020000_Republican_Presidential_Debate#start/2744/end/2779,1/29/2016 2:45:59,FOXNEWS,Republican Presidential Debate,FOXNEWSW_20160129_020000_Republican_Presidential_Debate,https://archive.org/download/FOXNEWSW_20160129_020000_Republican_Presidential_Debate/FOXNEWSW_20160129_020000_Republican_Presidential_Debate.thumbs/FOXNEWSW_20160129_020000_Republican_Presidential_Debate_002727.jpg,"we can end our dependence on foreign oil. spark new innovation. and create millions of new jobs. solving our climate crisis starts with 50% clean energy by 2030. so, what are we waiting for?."
https://archive.org/details/FOXNEWSW_20160126_070000_The_OReilly_Factor#start/3421/end/3456,1/26/2016 7:57:16,FOXNEWS,The OReilly Factor,FOXNEWSW_20160126_070000_The_OReilly_Factor,https://archive.org/download/FOXNEWSW_20160126_070000_The_OReilly_Factor/FOXNEWSW_20160126_070000_The_OReilly_Factor.thumbs/FOXNEWSW_20160126_070000_The_OReilly_Factor_003417.jpg,"liberals do not like the debate, they like to smear. they use that in the global warming controversy.' 'may god bless america and forgive the far left for their intolerance and hatred toward a country that affords them"
https://archive.org/details/FOXNEWSW_20160125_220000_The_Five#start/1768/end/1803,1/25/2016 22:29:43,FOXNEWS,The Five,FOXNEWSW_20160125_220000_The_Five,https://archive.org/download/FOXNEWSW_20160125_220000_The_Five/FOXNEWSW_20160125_220000_The_Five.thumbs/FOXNEWSW_20160125_220000_The_Five_001767.jpg,"hurt the republicans. he has strong views on global warming, on guns, on big gulps and the like. people in new york have a lot of affection for him. would that translate across the country? would he be conservative"
https://archive.org/details/FOXNEWSW_20160126_010000_The_OReilly_Factor#start/3422/end/3457,1/26/2016 1:57:17,FOXNEWS,The OReilly Factor,FOXNEWSW_20160126_010000_The_OReilly_Factor,https://archive.org/download/FOXNEWSW_20160126_010000_The_OReilly_Factor/FOXNEWSW_20160126_010000_The_OReilly_Factor.thumbs/FOXNEWSW_20160126_010000_The_OReilly_Factor_003417.jpg,"liberals do not like the debate, they like to smear. they use that in the global warming controversy.' 'may god bless america and forgive the far left for their intolerance and hatred toward a country that affords them"
https://archive.org/details/FOXNEWSW_20160121_040000_The_OReilly_Factor#start/71/end/106,1/21/2016 4:01:26,FOXNEWS,The OReilly Factor,FOXNEWSW_20160121_040000_The_OReilly_Factor,https://archive.org/download/FOXNEWSW_20160121_040000_The_OReilly_Factor/FOXNEWSW_20160121_040000_The_OReilly_Factor.thumbs/FOXNEWSW_20160121_040000_The_OReilly_Factor_000045.jpg,"winner. miller on global warming and black lives matter blocking a bridge in san francisco. caution, you are about to enter the no spin zone. the factor begins right now. hi, i'm bill o'reilly. thanks for watching us"
https://archive.org/details/FOXNEWSW_20160101_220000_The_OReilly_Factor#start/3026/end/3061,1/1/2016 22:50:41,FOXNEWS,The OReilly Factor,FOXNEWSW_20160101_220000_The_OReilly_Factor,https://archive.org/download/FOXNEWSW_20160101_220000_The_OReilly_Factor/FOXNEWSW_20160101_220000_The_OReilly_Factor.thumbs/FOXNEWSW_20160101_220000_The_OReilly_Factor_003015.jpg,"oh, the humanity! little hamsters running in the engine. i heard a rumor that the bunny ranch in nevada is now just candlelight because of global warming. they're not using any more light bulbs. putin, another good friend of"
https://archive.org/details/FOXNEWSW_20160130_110000_Fox_and_Friends_Saturday#start/7679/end/7714,1/30/2016 13:08:14,FOXNEWS,Fox and Friends Saturday,FOXNEWSW_20160130_110000_Fox_and_Friends_Saturday,https://archive.org/download/FOXNEWSW_20160130_110000_Fox_and_Friends_Saturday/FOXNEWSW_20160130_110000_Fox_and_Friends_Saturday.thumbs/FOXNEWSW_20160130_110000_Fox_and_Friends_Saturday_007677.jpg,"i'm in favor of a mandate that they go out and design a cap and trade or carbon tax program. tax hikes, amnesty, the republican obama. that's marco rubio. one hits him on immigration. the other one paints him as the republican obama. it's tough."
https://archive.org/details/FOXNEWSW_20160101_220000_The_OReilly_Factor#start/2946/end/2981,1/1/2016 22:49:21,FOXNEWS,The OReilly Factor,FOXNEWSW_20160101_220000_The_OReilly_Factor,https://archive.org/download/FOXNEWSW_20160101_220000_The_OReilly_Factor/FOXNEWSW_20160101_220000_The_OReilly_Factor.thumbs/FOXNEWSW_20160101_220000_The_OReilly_Factor_002925.jpg,"is not going to get happy until we have a carbon tax. and that is the big, that is the big deal. because the left wants to eliminate fossil fuels and i do, too. but i don't want to ruin the economy and take people's"
https://archive.org/details/FOXNEWSW_20160131_010000_Republican_Presidential_Debate#start/3246/end/3281,1/31/2016 1:54:21,FOXNEWS,Republican Presidential Debate,FOXNEWSW_20160131_010000_Republican_Presidential_Debate,https://archive.org/download/FOXNEWSW_20160131_010000_Republican_Presidential_Debate/FOXNEWSW_20160131_010000_Republican_Presidential_Debate.thumbs/FOXNEWSW_20160131_010000_Republican_Presidential_Debate_003237.jpg,"change science and in fact, you warn that federal efforts to fight climate change will u.s. hurt the economy and cost jobs."
https://archive.org/details/FOXNEWSW_20160106_040000_The_OReilly_Factor#start/1451/end/1486,1/6/2016 4:24:26,FOXNEWS,The OReilly Factor,FOXNEWSW_20160106_040000_The_OReilly_Factor,https://archive.org/download/FOXNEWSW_20160106_040000_The_OReilly_Factor/FOXNEWSW_20160106_040000_The_OReilly_Factor.thumbs/FOXNEWSW_20160106_040000_The_OReilly_Factor_001425.jpg,"atmospheric responses. that doesn't have anything to do with global warming because el nino has been around for ever. yeah it happens every several years. do you know what el nino means. the child. happened around christmas time for the fishermen."
https://archive.org/details/FOXNEWSW_20160107_040000_The_OReilly_Factor#start/317/end/352,1/7/2016 4:05:32,FOXNEWS,The OReilly Factor,FOXNEWSW_20160107_040000_The_OReilly_Factor,https://archive.org/download/FOXNEWSW_20160107_040000_The_OReilly_Factor/FOXNEWSW_20160107_040000_The_OReilly_Factor.thumbs/FOXNEWSW_20160107_040000_The_OReilly_Factor_000315.jpg,"obama. you think so? in foreign policy know, global warming over the he economy? that's what it's all about. you get down and you pull your shirt sleeves up and say i'm going to fix the economy by promoting the"
https://archive.org/details/FOXNEWSW_20160107_010000_The_OReilly_Factor#start/316/end/351,1/7/2016 1:05:31,FOXNEWS,The OReilly Factor,FOXNEWSW_20160107_010000_The_OReilly_Factor,https://archive.org/download/FOXNEWSW_20160107_010000_The_OReilly_Factor/FOXNEWSW_20160107_010000_The_OReilly_Factor.thumbs/FOXNEWSW_20160107_010000_The_OReilly_Factor_000315.jpg,"obama. you think so? in foreign policy and, you know, global warming over the he economy? that's what it's all about. you get down and you pull your shirt sleeves up and say i'm going to fix the economy by promoting the"
https://archive.org/details/FOXNEWSW_20160101_220000_The_OReilly_Factor#start/529/end/564,1/1/2016 22:09:04,FOXNEWS,The OReilly Factor,FOXNEWSW_20160101_220000_The_OReilly_Factor,https://archive.org/download/FOXNEWSW_20160101_220000_The_OReilly_Factor/FOXNEWSW_20160101_220000_The_OReilly_Factor.thumbs/FOXNEWSW_20160101_220000_The_OReilly_Factor_000525.jpg,"the fiords and the western part of that state, absolutely beautiful. scandinavia, very mellow people. they can't come out of the house, only in the summer so they're happy to be out. it's global warming hasn't hit there."
https://archive.org/details/FOXNEWSW_20160114_010000_The_OReilly_Factor#start/2085/end/2120,1/14/2016 1:35:00,FOXNEWS,The OReilly Factor,FOXNEWSW_20160114_010000_The_OReilly_Factor,https://archive.org/download/FOXNEWSW_20160114_010000_The_OReilly_Factor/FOXNEWSW_20160114_010000_The_OReilly_Factor.thumbs/FOXNEWSW_20160114_010000_The_OReilly_Factor_002085.jpg,"harry reid, elizabeth warren who will likely be the vice presidential choice and governor jerry brown. i don't think that's a coincidence. brown would be a global warming play as welling if they turn to him. getting awful late to do that though. that's true but the"
https://archive.org/details/FOXNEWSW_20160106_010000_The_OReilly_Factor#start/1455/end/1490,1/6/2016 1:24:30,FOXNEWS,The OReilly Factor,FOXNEWSW_20160106_010000_The_OReilly_Factor,https://archive.org/download/FOXNEWSW_20160106_010000_The_OReilly_Factor/FOXNEWSW_20160106_010000_The_OReilly_Factor.thumbs/FOXNEWSW_20160106_010000_The_OReilly_Factor_001455.jpg,"that doesn't have anything to do with global warming because el nino has been around for ever. yeah it happens every several years. do you know what el nino means. the child. happened around christmas time for the fishermen. in the west they are"
https://archive.org/details/FOXNEWSW_20160118_110000_FOX__Friends#start/4138/end/4173,1/18/2016 12:09:13,FOXNEWS,FOX  Friends,FOXNEWSW_20160118_110000_FOX__Friends,https://archive.org/download/FOXNEWSW_20160118_110000_FOX__Friends/FOXNEWSW_20160118_110000_FOX__Friends.thumbs/FOXNEWSW_20160118_110000_FOX__Friends_004125.jpg,"people by faith. can he start with me and i will sign up as one who is totally opposed to his fascist appeals that wants to villify american muslims. they're responding to this tweet, mr. trump 'the concept of global warming was created by"
https://archive.org/details/FOXNEWSW_20160118_040000_Americas_Election_HQ#start/902/end/937,1/18/2016 4:15:17,FOXNEWS,Americas Election HQ,FOXNEWSW_20160118_040000_Americas_Election_HQ,https://archive.org/download/FOXNEWSW_20160118_040000_Americas_Election_HQ/FOXNEWSW_20160118_040000_Americas_Election_HQ.thumbs/FOXNEWSW_20160118_040000_Americas_Election_HQ_000885.jpg,"as op yub why yous to me i am sure the african motion. climate change kirsten. there was definitely some pumping at the gop saying on"
https://archive.org/details/FOXNEWSW_20160118_050000_Americas_Election_HQ#start/2914/end/2949,1/18/2016 5:48:49,FOXNEWS,Americas Election HQ,FOXNEWSW_20160118_050000_Americas_Election_HQ,https://archive.org/download/FOXNEWSW_20160118_050000_Americas_Election_HQ/FOXNEWSW_20160118_050000_Americas_Election_HQ.thumbs/FOXNEWSW_20160118_050000_Americas_Election_HQ_002895.jpg,"even have the courage, the decency to listen to the scientists. it's beyond my comprehension. somebody like trump who believes that climate change is a hoax"
https://archive.org/details/FOXNEWSW_20160121_010000_The_OReilly_Factor#start/2137/end/2172,1/21/2016 1:35:52,FOXNEWS,The OReilly Factor,FOXNEWSW_20160121_010000_The_OReilly_Factor,https://archive.org/download/FOXNEWSW_20160121_010000_The_OReilly_Factor/FOXNEWSW_20160121_010000_The_OReilly_Factor.thumbs/FOXNEWSW_20160121_010000_The_OReilly_Factor_002115.jpg,"you are a scam artist. you are a gangster. there is stossel, everybody. and he won't take the bet. that's all you need to know. when we come right back, it will be miller time. he is going to talk about global warming among other things. miller is next."
https://archive.org/details/FOXNEWSW_20160121_040000_The_OReilly_Factor#start/2137/end/2172,1/21/2016 4:35:52,FOXNEWS,The OReilly Factor,FOXNEWSW_20160121_040000_The_OReilly_Factor,https://archive.org/download/FOXNEWSW_20160121_040000_The_OReilly_Factor/FOXNEWSW_20160121_040000_The_OReilly_Factor.thumbs/FOXNEWSW_20160121_040000_The_OReilly_Factor_002115.jpg,"you are a gangster. you are a scam artist. you are a gangster. there is stossel, everybody. and he won't take the bet. that's all you need to know. when we come right back, it will be miller time. he is going to talk about global warming among other things."
https://archive.org/details/FOXNEWSW_20160111_230000_Special_Report_With_Bret_Baier#start/2004/end/2039,1/11/2016 23:33:39,FOXNEWS,Special Report With Bret Baier,FOXNEWSW_20160111_230000_Special_Report_With_Bret_Baier,https://archive.org/download/FOXNEWSW_20160111_230000_Special_Report_With_Bret_Baier/FOXNEWSW_20160111_230000_Special_Report_With_Bret_Baier.thumbs/FOXNEWSW_20160111_230000_Special_Report_With_Bret_Baier_001995.jpg,"new jobs second best for job creation since 1999. also on the president's checklist, renewed relation with cuba and iran nuclear deal and initiatives on climate change. the bigger things will make"
https://archive.org/details/FOXNEWSW_20160110_030000_The_Greg_Gutfeld_Show#start/393/end/428,1/10/2016 3:06:48,FOXNEWS,The Greg Gutfeld Show,FOXNEWSW_20160110_030000_The_Greg_Gutfeld_Show,https://archive.org/download/FOXNEWSW_20160110_030000_The_Greg_Gutfeld_Show/FOXNEWSW_20160110_030000_The_Greg_Gutfeld_Show.thumbs/FOXNEWSW_20160110_030000_The_Greg_Gutfeld_Show_000375.jpg,"so we have to talk about it, because everyone's in denial. yes. it's so true. it's an interesting contrast to say climate change, where you are encouraged, encouraged to see the apocalyptic consequences"
https://archive.org/details/FOXNEWSW_20160110_060000_The_Greg_Gutfeld_Show#start/393/end/428,1/10/2016 6:06:48,FOXNEWS,The Greg Gutfeld Show,FOXNEWSW_20160110_060000_The_Greg_Gutfeld_Show,https://archive.org/download/FOXNEWSW_20160110_060000_The_Greg_Gutfeld_Show/FOXNEWSW_20160110_060000_The_Greg_Gutfeld_Show.thumbs/FOXNEWSW_20160110_060000_The_Greg_Gutfeld_Show_000375.jpg,"so we have to talk about it, because everyone's in denial. yes. it's so true. it's an interesting contrast to say climate change, where you are encouraged, encouraged to see the apocalyptic consequences"
https://archive.org/details/FOXNEWSW_20160110_150000_Sunday_Morning_Futures_With_Maria_Bartiromo#start/2919/end/2954,1/10/2016 15:48:54,FOXNEWS,Sunday Morning Futures With Maria Bartiromo,FOXNEWSW_20160110_150000_Sunday_Morning_Futures_With_Maria_Bartiromo,https://archive.org/download/FOXNEWSW_20160110_150000_Sunday_Morning_Futures_With_Maria_Bartiromo/FOXNEWSW_20160110_150000_Sunday_Morning_Futures_With_Maria_Bartiromo.thumbs/FOXNEWSW_20160110_150000_Sunday_Morning_Futures_With_Maria_Bartiromo_002895.jpg,"if you look at polling, and ask people what are your major concerns and the top 25 things, climate change is close to number 25 on the list. except for young people."
https://archive.org/details/FOXNEWSW_20160129_000000_Republican_Presidential_Debate#start/890/end/925,1/29/2016 0:15:05,FOXNEWS,Republican Presidential Debate,FOXNEWSW_20160129_000000_Republican_Presidential_Debate,https://archive.org/download/FOXNEWSW_20160129_000000_Republican_Presidential_Debate/FOXNEWSW_20160129_000000_Republican_Presidential_Debate.thumbs/FOXNEWSW_20160129_000000_Republican_Presidential_Debate_000867.jpg,"ability to survive as a nation? let me tell you this, news flash, president obama, news flash, mrs. clinton, climate change is not our most pressing national security threat. [cheers and applause]"
https://archive.org/details/FOXNEWSW_20160112_100000_Fox_and_Friends_First#start/568/end/603,1/12/2016 10:09:43,FOXNEWS,Fox and Friends First,FOXNEWSW_20160112_100000_Fox_and_Friends_First,https://archive.org/download/FOXNEWSW_20160112_100000_Fox_and_Friends_First/FOXNEWSW_20160112_100000_Fox_and_Friends_First.thumbs/FOXNEWSW_20160112_100000_Fox_and_Friends_First_000555.jpg,"address tonight. renewed regulations with kaub bau the iran nuclear deal and initiatives on climate change. among the 23 hand picked guests spencer stone the u.s. airman who helped stop an attack kim"
https://archive.org/details/FOXNEWSW_20160112_100000_Fox_and_Friends_First#start/3553/end/3588,1/12/2016 10:59:28,FOXNEWS,Fox and Friends First,FOXNEWSW_20160112_100000_Fox_and_Friends_First,https://archive.org/download/FOXNEWSW_20160112_100000_Fox_and_Friends_First/FOXNEWSW_20160112_100000_Fox_and_Friends_First.thumbs/FOXNEWSW_20160112_100000_Fox_and_Friends_First_003525.jpg,"and climate change. you can watch it tonight at 8:55 p.m. eastern. weigh in now on our facebook page #keep talking. now it's time for the good, the bad and the ugly."
https://archive.org/details/FOXNEWSW_20160111_030000_The_Greg_Gutfeld_Show#start/408/end/443,1/11/2016 3:07:03,FOXNEWS,The Greg Gutfeld Show,FOXNEWSW_20160111_030000_The_Greg_Gutfeld_Show,https://archive.org/download/FOXNEWSW_20160111_030000_The_Greg_Gutfeld_Show/FOXNEWSW_20160111_030000_The_Greg_Gutfeld_Show.thumbs/FOXNEWSW_20160111_030000_The_Greg_Gutfeld_Show_000405.jpg,"climate change. in this case it is like you have nothing to do with this at all it's gun crime. it doesn't make us any safer. it will happened in the street."
https://archive.org/details/FOXNEWSW_20160101_220000_The_OReilly_Factor#start/2900/end/2935,1/1/2016 22:48:35,FOXNEWS,The OReilly Factor,FOXNEWSW_20160101_220000_The_OReilly_Factor,https://archive.org/download/FOXNEWSW_20160101_220000_The_OReilly_Factor/FOXNEWSW_20160101_220000_The_OReilly_Factor.thumbs/FOXNEWSW_20160101_220000_The_OReilly_Factor_002895.jpg,"she says quote women will disproportionately face harmful impacts from climate change, particularly in poor and developing nations where women regularly assume increased responsibility for growing the family's food and collecting the"
https://archive.org/details/FOXNEWSW_20160110_030000_The_Greg_Gutfeld_Show#start/1508/end/1543,1/10/2016 3:25:23,FOXNEWS,The Greg Gutfeld Show,FOXNEWSW_20160110_030000_The_Greg_Gutfeld_Show,https://archive.org/download/FOXNEWSW_20160110_030000_The_Greg_Gutfeld_Show/FOXNEWSW_20160110_030000_The_Greg_Gutfeld_Show.thumbs/FOXNEWSW_20160110_030000_The_Greg_Gutfeld_Show_001485.jpg,"it's almost -- if he's looking at his legacy of climate change and guns, ignoring maybe national security stuff, it's a bit selfish. but maybe he truly believes in these things. kat, were there many things"
https://archive.org/details/FOXNEWSW_20160118_110000_FOX__Friends#start/4121/end/4156,1/18/2016 12:08:56,FOXNEWS,FOX  Friends,FOXNEWSW_20160118_110000_FOX__Friends,https://archive.org/download/FOXNEWSW_20160118_110000_FOX__Friends/FOXNEWSW_20160118_110000_FOX__Friends.thumbs/FOXNEWSW_20160118_110000_FOX__Friends_004095.jpg,"how question elect a president of the united states, somebody like trump, who believes that climate change is a hoax invented by the chinese. donald trump wants to start a registry in our country of"
https://archive.org/details/FOXNEWSW_20160129_020000_Republican_Presidential_Debate#start/2729/end/2764,1/29/2016 2:45:44,FOXNEWS,Republican Presidential Debate,FOXNEWSW_20160129_020000_Republican_Presidential_Debate,https://archive.org/download/FOXNEWSW_20160129_020000_Republican_Presidential_Debate/FOXNEWSW_20160129_020000_Republican_Presidential_Debate.thumbs/FOXNEWSW_20160129_020000_Republican_Presidential_Debate_002697.jpg,"and the republican presidential debate in a moment. america's never been it's not who we are.ers. we don't ignore threats like climate change. we face our problems head-on. with american-made clean energy,"
https://archive.org/details/FOXNEWSW_20160129_140000_Americas_Newsroom_With_Bill_Hemmer_and_Martha_MacCallum#start/2029/end/2064,1/29/2016 14:34:04,FOXNEWS,Americas Newsroom With Bill Hemmer and Martha MacCallum,FOXNEWSW_20160129_140000_Americas_Newsroom_With_Bill_Hemmer_and_Martha_MacCallum,https://archive.org/download/FOXNEWSW_20160129_140000_Americas_Newsroom_With_Bill_Hemmer_and_Martha_MacCallum/FOXNEWSW_20160129_140000_Americas_Newsroom_With_Bill_Hemmer_and_Martha_MacCallum.thumbs/FOXNEWSW_20160129_140000_Americas_Newsroom_With_Bill_Hemmer_and_Martha_MacCallum_002007.jpg,"climate change is not our most pressing national security threat it's isis followed closely by iran. the truth is under this president we are on iran's side, not our allies who would help us defeat isis."
https://archive.org/details/FOXNEWSW_20160112_210000_Your_World_With_Neil_Cavuto#start/152/end/187,1/12/2016 21:02:47,FOXNEWS,Your World With Neil Cavuto,FOXNEWSW_20160112_210000_Your_World_With_Neil_Cavuto,https://archive.org/download/FOXNEWSW_20160112_210000_Your_World_With_Neil_Cavuto/FOXNEWSW_20160112_210000_Your_World_With_Neil_Cavuto.thumbs/FOXNEWSW_20160112_210000_Your_World_With_Neil_Cavuto_000135.jpg,"chair next to the first lady, to represent all the people who have been killed in gun violence. we will also then talk about climate change as the great usual of our time rather than the question of american"
https://archive.org/details/FOXNEWSW_20160109_010000_The_OReilly_Factor#start/355/end/390,1/9/2016 1:06:10,FOXNEWS,The OReilly Factor,FOXNEWSW_20160109_010000_The_OReilly_Factor,https://archive.org/download/FOXNEWSW_20160109_010000_The_OReilly_Factor/FOXNEWSW_20160109_010000_The_OReilly_Factor.thumbs/FOXNEWSW_20160109_010000_The_OReilly_Factor_000345.jpg,"when all that climate change talk was happening. and i said she's never come to any other issue -- because they scare the hell out of the kids. but isn't it a legitimate concern? it's legitimate but it isn't"
https://archive.org/details/FOXNEWSW_20160124_110000_Fox_and_Friends_Sunday#start/4779/end/4814,1/24/2016 12:19:54,FOXNEWS,Fox and Friends Sunday,FOXNEWSW_20160124_110000_Fox_and_Friends_Sunday,https://archive.org/download/FOXNEWSW_20160124_110000_Fox_and_Friends_Sunday/FOXNEWSW_20160124_110000_Fox_and_Friends_Sunday.thumbs/FOXNEWSW_20160124_110000_Fox_and_Friends_Sunday_004767.jpg,"he wans wants to ban. it's unclear. obviously he's invested a lot of money, pushed gun control, climate change and other issues that don't always run with the grain of the establishment. it's unclear whether even this"
https://archive.org/details/FOXNEWSW_20160131_040000_Republican_Presidential_Debate#start/3236/end/3271,1/31/2016 4:54:11,FOXNEWS,Republican Presidential Debate,FOXNEWSW_20160131_040000_Republican_Presidential_Debate,https://archive.org/download/FOXNEWSW_20160131_040000_Republican_Presidential_Debate/FOXNEWSW_20160131_040000_Republican_Presidential_Debate.thumbs/FOXNEWSW_20160131_040000_Republican_Presidential_Debate_003237.jpg,"states and establish a cap and trade system, a program for carbon emissions, which many republicans thought at the time would hurt the florida economy. now you're a skeptic of climate change science and in fact, you warn that federal efforts to"
https://archive.org/details/FOXNEWSW_20160129_140000_Americas_Newsroom_With_Bill_Hemmer_and_Martha_MacCallum#start/5605/end/5640,1/29/2016 15:33:40,FOXNEWS,Americas Newsroom With Bill Hemmer and Martha MacCallum,FOXNEWSW_20160129_140000_Americas_Newsroom_With_Bill_Hemmer_and_Martha_MacCallum,https://archive.org/download/FOXNEWSW_20160129_140000_Americas_Newsroom_With_Bill_Hemmer_and_Martha_MacCallum/FOXNEWSW_20160129_140000_Americas_Newsroom_With_Bill_Hemmer_and_Martha_MacCallum.thumbs/FOXNEWSW_20160129_140000_Americas_Newsroom_With_Bill_Hemmer_and_Martha_MacCallum_005607.jpg,"hispanics, muslims, any women, african-americans, anyone. if that becomes the future of the republican party, i don't want to be a part of that. you want to solve global climate change, take two million jobs from move them back here to the"
https://archive.org/details/FOXNEWSW_20160129_060000_Republican_Presidential_Debate#start/3248/end/3283,1/29/2016 6:54:23,FOXNEWS,Republican Presidential Debate,FOXNEWSW_20160129_060000_Republican_Presidential_Debate,https://archive.org/download/FOXNEWSW_20160129_060000_Republican_Presidential_Debate/FOXNEWSW_20160129_060000_Republican_Presidential_Debate.thumbs/FOXNEWSW_20160129_060000_Republican_Presidential_Debate_003237.jpg,"change science and in fact, you warn that federal efforts to fight climate change will u.s. the hurt economy and cost jobs. why the change? first, that's not entirely the story. at the time, the liberal governor of florida, charlie"
https://archive.org/details/FOXNEWSW_20160120_230000_Special_Report_With_Bret_Baier#start/666/end/701,1/20/2016 23:11:21,FOXNEWS,Special Report With Bret Baier,FOXNEWSW_20160120_230000_Special_Report_With_Bret_Baier,https://archive.org/download/FOXNEWSW_20160120_230000_Special_Report_With_Bret_Baier/FOXNEWSW_20160120_230000_Special_Report_With_Bret_Baier.thumbs/FOXNEWSW_20160120_230000_Special_Report_With_Bret_Baier_000645.jpg,"billionaire tom styer, a big doan tore clinton and other democrats, said he's open to backing sanders. styer told 'reuters' that on the big focus of climate change quote i don't find what she said inadequate. but i don't think it's complete"
https://archive.org/details/FOXNEWSW_20160109_010000_The_OReilly_Factor#start/340/end/375,1/9/2016 1:05:55,FOXNEWS,The OReilly Factor,FOXNEWSW_20160109_010000_The_OReilly_Factor,https://archive.org/download/FOXNEWSW_20160109_010000_The_OReilly_Factor/FOXNEWSW_20160109_010000_The_OReilly_Factor.thumbs/FOXNEWSW_20160109_010000_The_OReilly_Factor_000315.jpg,"with isis and allowing what's going on at the southern border -- i agree with you about isis. but ask your children ask your teenagers about climate change. my 10-year-old came to me and said dad, should i be afraid"
https://archive.org/details/FOXNEWSW_20160118_050000_Americas_Election_HQ#start/903/end/938,1/18/2016 5:15:18,FOXNEWS,Americas Election HQ,FOXNEWSW_20160118_050000_Americas_Election_HQ,https://archive.org/download/FOXNEWSW_20160118_050000_Americas_Election_HQ/FOXNEWSW_20160118_050000_Americas_Election_HQ.thumbs/FOXNEWSW_20160118_050000_Americas_Election_HQ_000885.jpg,"they are pretty assume that the african-american voters can be bought and that's disturbing to me. there was a lengthy discussion on several of those topics. also, climate change. and there was definitely some punching at the gop saying on"
https://archive.org/details/FOXNEWSW_20160131_070000_Republican_Presidential_Debate#start/3231/end/3266,1/31/2016 7:54:06,FOXNEWS,Republican Presidential Debate,FOXNEWSW_20160131_070000_Republican_Presidential_Debate,https://archive.org/download/FOXNEWSW_20160131_070000_Republican_Presidential_Debate/FOXNEWSW_20160131_070000_Republican_Presidential_Debate.thumbs/FOXNEWSW_20160131_070000_Republican_Presidential_Debate_003207.jpg,"-- on the issue of climate change, in 2008 you wanted florida to get ahead of other states and establish a cap and trade system, a program for carbon emissions, which many republicans thought at the time would hurt the florida economy."
https://archive.org/details/FOXNEWSW_20160129_020000_Republican_Presidential_Debate#start/3230/end/3265,1/29/2016 2:54:05,FOXNEWS,Republican Presidential Debate,FOXNEWSW_20160129_020000_Republican_Presidential_Debate,https://archive.org/download/FOXNEWSW_20160129_020000_Republican_Presidential_Debate/FOXNEWSW_20160129_020000_Republican_Presidential_Debate.thumbs/FOXNEWSW_20160129_020000_Republican_Presidential_Debate_003207.jpg,"-- on the issue of climate change, in 2008 you wanted florida to get ahead of other states and establish a cap and trade system, a program for carbon emissions, which many republicans thought at the time would hurt the florida economy."
https://archive.org/details/FOXNEWSW_20160131_040000_Republican_Presidential_Debate#start/3221/end/3256,1/31/2016 4:53:56,FOXNEWS,Republican Presidential Debate,FOXNEWSW_20160131_040000_Republican_Presidential_Debate,https://archive.org/download/FOXNEWSW_20160131_040000_Republican_Presidential_Debate/FOXNEWSW_20160131_040000_Republican_Presidential_Debate.thumbs/FOXNEWSW_20160131_040000_Republican_Presidential_Debate_003207.jpg,"attitude when we're in government of servanthood that's what matters. we serve you, you don't serve us. we listen to you. and then we act. senator rubio -- [ applause ] -- on the issue of climate change, in 2008 you wanted florida to get ahead of other"
https://archive.org/details/FOXNEWSW_20160110_030000_The_Greg_Gutfeld_Show#start/1479/end/1514,1/10/2016 3:24:54,FOXNEWS,The Greg Gutfeld Show,FOXNEWSW_20160110_030000_The_Greg_Gutfeld_Show,https://archive.org/download/FOXNEWSW_20160110_030000_The_Greg_Gutfeld_Show/FOXNEWSW_20160110_030000_The_Greg_Gutfeld_Show.thumbs/FOXNEWSW_20160110_030000_The_Greg_Gutfeld_Show_001455.jpg,"efficient, i'm all for that. and jobs, great. but he's doing this, like you said, in climate change, because it appeals to emotions more than terror or national security i think does unfortunately. i think we're all very concerned about it. where most of the country is"
https://archive.org/details/FOXNEWSW_20160107_110000_FOX__Friends#start/7655/end/7690,1/7/2016 13:07:50,FOXNEWS,FOX  Friends,FOXNEWSW_20160107_110000_FOX__Friends,https://archive.org/download/FOXNEWSW_20160107_110000_FOX__Friends/FOXNEWSW_20160107_110000_FOX__Friends.thumbs/FOXNEWSW_20160107_110000_FOX__Friends_007635.jpg,"global climate change, very worried about that. and of course, the scourge of guns in the u.s. as for as the assad regime the white house saying that they don't believe assad will be out of the power until 2017 that's well after president obama"
https://archive.org/details/FOXNEWSW_20160121_090000_Special_Report_With_Bret_Baier#start/669/end/704,1/21/2016 9:11:24,FOXNEWS,Special Report With Bret Baier,FOXNEWSW_20160121_090000_Special_Report_With_Bret_Baier,https://archive.org/download/FOXNEWSW_20160121_090000_Special_Report_With_Bret_Baier/FOXNEWSW_20160121_090000_Special_Report_With_Bret_Baier.thumbs/FOXNEWSW_20160121_090000_Special_Report_With_Bret_Baier_000645.jpg,"doan tore clinton and other democrats, said he's open to backing sanders. styer told 'reuters' that on the big focus of climate change quote i don't find what she said inadequate. but i don't think it's complete yet. why bill clinton was easy on"
https://archive.org/details/FOXNEWSW_20160109_010000_The_OReilly_Factor#start/296/end/331,1/9/2016 1:05:11,FOXNEWS,The OReilly Factor,FOXNEWSW_20160109_010000_The_OReilly_Factor,https://archive.org/download/FOXNEWSW_20160109_010000_The_OReilly_Factor/FOXNEWSW_20160109_010000_The_OReilly_Factor.thumbs/FOXNEWSW_20160109_010000_The_OReilly_Factor_000285.jpg,"two legacies. it's the climate change issue and the gun issue because he has to look away because the real legacy that he should be worried about, the economy, isn't working for him. 292000 jobs last month. sure sure -- you want to talk about -- hold it.            _"
https://archive.org/details/FOXNEWSW_20160131_040000_Republican_Presidential_Debate#start/3253/end/3288,1/31/2016 4:54:28,FOXNEWS,Republican Presidential Debate,FOXNEWSW_20160131_040000_Republican_Presidential_Debate,https://archive.org/download/FOXNEWSW_20160131_040000_Republican_Presidential_Debate/FOXNEWSW_20160131_040000_Republican_Presidential_Debate.thumbs/FOXNEWSW_20160131_040000_Republican_Presidential_Debate_003237.jpg,"fight climate change will u.s. the hurt economy and cost jobs. why the change? first, that's not entirely the story. at the time, the liberal governor of florida, charlie crist, he wanted to impose cap and trade on florida and i was the first person out of the box"
https://archive.org/details/FOXNEWSW_20160110_060000_The_Greg_Gutfeld_Show#start/1409/end/1444,1/10/2016 6:23:44,FOXNEWS,The Greg Gutfeld Show,FOXNEWSW_20160110_060000_The_Greg_Gutfeld_Show,https://archive.org/download/FOXNEWSW_20160110_060000_The_Greg_Gutfeld_Show/FOXNEWSW_20160110_060000_The_Greg_Gutfeld_Show.thumbs/FOXNEWSW_20160110_060000_The_Greg_Gutfeld_Show_001395.jpg,"bernardino, which seemed incredibly incorrect. and where is the one on terror? where is the town hall on terror? i know. obviously he doesn't want to have a town hall on terror. he's obsessed with guns and climate change. that's what he'll ride to the end of his presidency."
https://archive.org/details/FOXNEWSW_20160129_000000_Republican_Presidential_Debate#start/1764/end/1799,1/29/2016 0:29:39,FOXNEWS,Republican Presidential Debate,FOXNEWSW_20160129_000000_Republican_Presidential_Debate,https://archive.org/download/FOXNEWSW_20160129_000000_Republican_Presidential_Debate/FOXNEWSW_20160129_000000_Republican_Presidential_Debate.thumbs/FOXNEWSW_20160129_000000_Republican_Presidential_Debate_001737.jpg,"china is start something to reorganizing itself away from manufacturing dumping products overseas to providing services to its people. it's an opportunity for america to get those jobs back. by the way, do you want to solve global climate change? take 2 million jobs from china in manufacturing and"
https://archive.org/details/FOXNEWSW_20160106_140000_Americas_Newsroom_With_Bill_Hemmer_and_Martha_MacCallum#start/3908/end/3943,1/6/2016 15:05:23,FOXNEWS,Americas Newsroom With Bill Hemmer and Martha MacCallum,FOXNEWSW_20160106_140000_Americas_Newsroom_With_Bill_Hemmer_and_Martha_MacCallum,https://archive.org/download/FOXNEWSW_20160106_140000_Americas_Newsroom_With_Bill_Hemmer_and_Martha_MacCallum/FOXNEWSW_20160106_140000_Americas_Newsroom_With_Bill_Hemmer_and_Martha_MacCallum.thumbs/FOXNEWSW_20160106_140000_Americas_Newsroom_With_Bill_Hemmer_and_Martha_MacCallum_003885.jpg,"and burning them in cages he says climate change is our greatest threat. martha: a little bit of that. mike warren joins us now, staff writer for 'the weekly standard.' mike, good morning. good to have you here. morning martha. martha: your evaluation of, obviously this is becoming very"
https://archive.org/details/FOXNEWSW_20160118_050000_Americas_Election_HQ#start/1702/end/1737,1/18/2016 5:28:37,FOXNEWS,Americas Election HQ,FOXNEWSW_20160118_050000_Americas_Election_HQ,https://archive.org/download/FOXNEWSW_20160118_050000_Americas_Election_HQ/FOXNEWSW_20160118_050000_Americas_Election_HQ.thumbs/FOXNEWSW_20160118_050000_Americas_Election_HQ_001695.jpg,"new agenda for american citizens to employ our people, and i believe that we need to recognize that climate change is a greatest business opportunity to come to us in a hundred years. all of those things are the things that make us strong at home that fund the better"
https://archive.org/details/FOXNEWSW_20160110_060000_The_Greg_Gutfeld_Show#start/1499/end/1534,1/10/2016 6:25:14,FOXNEWS,The Greg Gutfeld Show,FOXNEWSW_20160110_060000_The_Greg_Gutfeld_Show,https://archive.org/download/FOXNEWSW_20160110_060000_The_Greg_Gutfeld_Show/FOXNEWSW_20160110_060000_The_Greg_Gutfeld_Show.thumbs/FOXNEWSW_20160110_060000_The_Greg_Gutfeld_Show_001485.jpg,"and i think that he realizes his time is running out and he just wants to really have his name on something, and he realizes it can only be these insignificant small changes. it's almost -- if he's looking at his legacy of climate change and guns, ignoring maybe"
https://archive.org/details/FOXNEWSW_20160110_150000_Sunday_Morning_Futures_With_Maria_Bartiromo#start/2906/end/2941,1/10/2016 15:48:41,FOXNEWS,Sunday Morning Futures With Maria Bartiromo,FOXNEWSW_20160110_150000_Sunday_Morning_Futures_With_Maria_Bartiromo,https://archive.org/download/FOXNEWSW_20160110_150000_Sunday_Morning_Futures_With_Maria_Bartiromo/FOXNEWSW_20160110_150000_Sunday_Morning_Futures_With_Maria_Bartiromo.thumbs/FOXNEWSW_20160110_150000_Sunday_Morning_Futures_With_Maria_Bartiromo_002895.jpg,"main street media. you're not going to. it is extraordinary. with due respect to donald trump, obama will talk about how he's made the country great again. and he's going to talk about the unfinished agenda on -- he'll talk about climate change. that's going to be a big part."
https://archive.org/details/FOXNEWSW_20160124_190000_Fox_News_Sunday_With_Chris_Wallace#start/2950/end/2985,1/24/2016 19:49:25,FOXNEWS,Fox News Sunday With Chris Wallace,FOXNEWSW_20160124_190000_Fox_News_Sunday_With_Chris_Wallace,https://archive.org/download/FOXNEWSW_20160124_190000_Fox_News_Sunday_With_Chris_Wallace/FOXNEWSW_20160124_190000_Fox_News_Sunday_With_Chris_Wallace.thumbs/FOXNEWSW_20160124_190000_Fox_News_Sunday_With_Chris_Wallace_002937.jpg,"scenarios and why you see him emerging as someone talked nabt a third party context and make much more support from the left and this is a guy talking mainly nationally about gun control, climate change and the candidacy impacts hillary in a very negative way. he understands the polls and"
https://archive.org/details/FOXNEWSW_20160111_060000_The_Greg_Gutfeld_Show#start/405/end/440,1/11/2016 6:07:00,FOXNEWS,The Greg Gutfeld Show,FOXNEWSW_20160111_060000_The_Greg_Gutfeld_Show,https://archive.org/download/FOXNEWSW_20160111_060000_The_Greg_Gutfeld_Show/FOXNEWSW_20160111_060000_The_Greg_Gutfeld_Show.thumbs/FOXNEWSW_20160111_060000_The_Greg_Gutfeld_Show_000405.jpg,"are encouraged, encouraged to see the apocalyptic consequences of climate change. but in this case, it's like, you know what, it has nothing to do with this at all. it's gun crime. i mean, yeah, you can call it whatever you want. it doesn't make us any safer."
https://archive.org/details/FOXNEWSW_20160111_060000_The_Greg_Gutfeld_Show#start/1484/end/1519,1/11/2016 6:24:59,FOXNEWS,The Greg Gutfeld Show,FOXNEWSW_20160111_060000_The_Greg_Gutfeld_Show,https://archive.org/download/FOXNEWSW_20160111_060000_The_Greg_Gutfeld_Show/FOXNEWSW_20160111_060000_The_Greg_Gutfeld_Show.thumbs/FOXNEWSW_20160111_060000_The_Greg_Gutfeld_Show_001485.jpg,"said, in climate change, because it appeals to emotions more than terror or national security i think does unfortunately. i think we're all very concerned about it. where most of the country is more tied to what the media shows, which is, you know, these awful shootings that happen."
https://archive.org/details/FOXNEWSW_20160111_060000_The_Greg_Gutfeld_Show#start/1499/end/1534,1/11/2016 6:25:14,FOXNEWS,The Greg Gutfeld Show,FOXNEWSW_20160111_060000_The_Greg_Gutfeld_Show,https://archive.org/download/FOXNEWSW_20160111_060000_The_Greg_Gutfeld_Show/FOXNEWSW_20160111_060000_The_Greg_Gutfeld_Show.thumbs/FOXNEWSW_20160111_060000_The_Greg_Gutfeld_Show_001485.jpg,"and i think that he realizes his time is running out and he just wants to really have his name on something, and he realizes it can only be these insignificant small changes. it's almost -- if he's looking at his legacy of climate change and guns, ignoring maybe"
https://archive.org/details/FOXNEWSW_20160110_030000_The_Greg_Gutfeld_Show#start/410/end/445,1/10/2016 3:07:05,FOXNEWS,The Greg Gutfeld Show,FOXNEWSW_20160110_030000_The_Greg_Gutfeld_Show,https://archive.org/download/FOXNEWSW_20160110_030000_The_Greg_Gutfeld_Show/FOXNEWSW_20160110_030000_The_Greg_Gutfeld_Show.thumbs/FOXNEWSW_20160110_030000_The_Greg_Gutfeld_Show_000405.jpg,"of climate change. but in this case, it's like, you know what, it has nothing to do with this at all. it's gun crime. i mean, yeah, you can call it whatever you want. it doesn't make us any safer. you can say it's road rage. because it happened in the streets. true."
https://archive.org/details/FOXNEWSW_20160110_030000_The_Greg_Gutfeld_Show#start/1416/end/1451,1/10/2016 3:23:51,FOXNEWS,The Greg Gutfeld Show,FOXNEWSW_20160110_030000_The_Greg_Gutfeld_Show,https://archive.org/download/FOXNEWSW_20160110_030000_The_Greg_Gutfeld_Show/FOXNEWSW_20160110_030000_The_Greg_Gutfeld_Show.thumbs/FOXNEWSW_20160110_030000_The_Greg_Gutfeld_Show_001395.jpg,"have a town hall on terror. he's obsessed with guns and climate change. that's what he'll ride to the end of his presidency. in watching this q&a session, so-called, it made me realize that americans are really good now, because of people like you and me, they're really good at"
https://archive.org/details/FOXNEWSW_20160110_060000_The_Greg_Gutfeld_Show#start/410/end/445,1/10/2016 6:07:05,FOXNEWS,The Greg Gutfeld Show,FOXNEWSW_20160110_060000_The_Greg_Gutfeld_Show,https://archive.org/download/FOXNEWSW_20160110_060000_The_Greg_Gutfeld_Show/FOXNEWSW_20160110_060000_The_Greg_Gutfeld_Show.thumbs/FOXNEWSW_20160110_060000_The_Greg_Gutfeld_Show_000405.jpg,"of climate change. but in this case, it's like, you know what, it has nothing to do with this at all. it's gun crime. i mean, yeah, you can call it whatever you want. it doesn't make us any safer. you can say it's road rage. because it happened in the streets. true."
https://archive.org/details/FOXNEWSW_20160118_110000_FOX__Friends#start/4171/end/4206,1/18/2016 12:09:46,FOXNEWS,FOX  Friends,FOXNEWSW_20160118_110000_FOX__Friends,https://archive.org/download/FOXNEWSW_20160118_110000_FOX__Friends/FOXNEWSW_20160118_110000_FOX__Friends.thumbs/FOXNEWSW_20160118_110000_FOX__Friends_004155.jpg,"change. many environmental awards. obviously i joke but this is done for the benefit of china because china does not do anything to help climate change. they burn everything could you burn, they couldn't care less. their standards are nothing, but in the meantime they can undercut us in price so it's"
https://archive.org/details/FOXNEWSW_20160111_030000_The_Greg_Gutfeld_Show#start/1415/end/1450,1/11/2016 3:23:50,FOXNEWS,The Greg Gutfeld Show,FOXNEWSW_20160111_030000_The_Greg_Gutfeld_Show,https://archive.org/download/FOXNEWSW_20160111_030000_The_Greg_Gutfeld_Show/FOXNEWSW_20160111_030000_The_Greg_Gutfeld_Show.thumbs/FOXNEWSW_20160111_030000_The_Greg_Gutfeld_Show_001395.jpg,"he doesn't want to have a town hall he was obsessed with guns and climate change. that's where he is going to rise to the end of his presidency. watching this q and a session so-called it made me realize that americans are really good now because of people like you and me."
https://archive.org/details/FOXNEWSW_20160111_060000_The_Greg_Gutfeld_Show#start/1420/end/1455,1/11/2016 6:23:55,FOXNEWS,The Greg Gutfeld Show,FOXNEWSW_20160111_060000_The_Greg_Gutfeld_Show,https://archive.org/download/FOXNEWSW_20160111_060000_The_Greg_Gutfeld_Show/FOXNEWSW_20160111_060000_The_Greg_Gutfeld_Show.thumbs/FOXNEWSW_20160111_060000_The_Greg_Gutfeld_Show_001395.jpg,"climate change. that's what he'll ride to the end of his presidency. in watching this q&a session, so-called, it made me realize that americans are really good now, because of people like you and me, they're really good at just stating their opinion at the question, and they say, why"
https://archive.org/details/FOXNEWSW_20160112_110000_FOX__Friends#start/10145/end/10180,1/12/2016 13:49:20,FOXNEWS,FOX  Friends,FOXNEWSW_20160112_110000_FOX__Friends,https://archive.org/download/FOXNEWSW_20160112_110000_FOX__Friends/FOXNEWSW_20160112_110000_FOX__Friends.thumbs/FOXNEWSW_20160112_110000_FOX__Friends_010125.jpg,"those five terrorists. typical stuff, close guantanamo, climate change and how that's the biggest threat. he won't mention where there was a poll out where half the american public worries that one of their family members will be a victim of islamic terrorism. i would love to hear him say that. i'm always trying to be optimistic about it but i don't"
