﻿URL,MatchDateTime,Station,Show,IAShowID,IAPreviewThumb,Snippet
https://archive.org/details/FOXNEWS_20110419_170000_America_Live#start/6002/end/6037,4/19/2011 18:40:17,FOXNEWS,America Live,FOXNEWS_20110419_170000_America_Live,https://archive.org/download/FOXNEWS_20110419_170000_America_Live/FOXNEWS_20110419_170000_America_Live.thumbs/FOXNEWS_20110419_170000_America_Live_005990.jpg,"good to have you with us today. james chilton. thank you for coming in. all right, well, the supreme court has been taking up a special landmark global warming case today. at stake is whether states can sue power plants over greenhouse gas emissions, okay?"
https://archive.org/details/FOXNEWS_20110419_170000_America_Live#start/6065/end/6100,4/19/2011 18:41:20,FOXNEWS,America Live,FOXNEWS_20110419_170000_America_Live,https://archive.org/download/FOXNEWS_20110419_170000_America_Live/FOXNEWS_20110419_170000_America_Live.thumbs/FOXNEWS_20110419_170000_America_Live_006050.jpg,"many of the justices did seem receptive to that idea asking why they should reroute congressional authority to a judge in a courtroom who doesn't necessarily have a scientific background or experience to do something like regulate greenhouse gases."
https://archive.org/details/FOXNEWS_20110429_200000_Your_World_With_Neil_Cavuto#start/2223/end/2258,4/29/2011 20:37:18,FOXNEWS,Your World With Neil Cavuto,FOXNEWS_20110429_200000_Your_World_With_Neil_Cavuto,https://archive.org/download/FOXNEWS_20110429_200000_Your_World_With_Neil_Cavuto/FOXNEWS_20110429_200000_Your_World_With_Neil_Cavuto.thumbs/FOXNEWS_20110429_200000_Your_World_With_Neil_Cavuto_002214.jpg,"on climate change? and blame the tsunami on climate change, the blizzards and record snow, and record ice on climate change, and blaming any weather event on climate change, the latest."
https://archive.org/details/FOXNEWS_20110420_130000_Americas_Newsroom#start/5058/end/5093,4/20/2011 14:24:33,FOXNEWS,Americas Newsroom,FOXNEWS_20110420_130000_Americas_Newsroom,https://archive.org/download/FOXNEWS_20110420_130000_Americas_Newsroom/FOXNEWS_20110420_130000_Americas_Newsroom.thumbs/FOXNEWS_20110420_130000_Americas_Newsroom_005040.jpg,"like the supreme court might throw out the case, senior judicial analyst, judge andrew napolitano is here now. judge, this wasn't about whether greenhouse gases cause climate change but, rather, who should regulate? exactly, gregg."
https://archive.org/details/FOXNEWS_20110419_220000_Special_Report_With_Bret_Baier#start/1956/end/1991,4/19/2011 22:32:51,FOXNEWS,Special Report With Bret Baier,FOXNEWS_20110419_220000_Special_Report_With_Bret_Baier,https://archive.org/download/FOXNEWS_20110419_220000_Special_Report_With_Bret_Baier/FOXNEWS_20110419_220000_Special_Report_With_Bret_Baier.thumbs/FOXNEWS_20110419_220000_Special_Report_With_Bret_Baier_001944.jpg,"the state seems to doubt they're living up to the responsibility to regulate the greenhouse gases and argue companies they are suing cause devastating climate change. resulting in heat-related death and stunting crops."
https://archive.org/details/FOXNEWS_20110429_200000_Your_World_With_Neil_Cavuto#start/2382/end/2417,4/29/2011 20:39:57,FOXNEWS,Your World With Neil Cavuto,FOXNEWS_20110429_200000_Your_World_With_Neil_Cavuto,https://archive.org/download/FOXNEWS_20110429_200000_Your_World_With_Neil_Cavuto/FOXNEWS_20110429_200000_Your_World_With_Neil_Cavuto.thumbs/FOXNEWS_20110429_200000_Your_World_With_Neil_Cavuto_002364.jpg,"disasters and there are in trends. everyone wants to say this is exceptional and this never happened but we are about to hit a period in hurricanes which, remember, when katrina hit, that was the big one, global warming."
https://archive.org/details/FOXNEWS_20110420_210000_Glenn_Beck#start/2459/end/2494,4/20/2011 21:41:14,FOXNEWS,Glenn Beck,FOXNEWS_20110420_210000_Glenn_Beck,https://archive.org/download/FOXNEWS_20110420_210000_Glenn_Beck/FOXNEWS_20110420_210000_Glenn_Beck.thumbs/FOXNEWS_20110420_210000_Glenn_Beck_002454.jpg,"over the global warming case to the epa the lawsuit in six states and new york city to force major power companies to reduce greenhouse gas emissions. because of evil coal. the sick little british"
https://archive.org/details/FOXNEWS_20110418_130000_Americas_Newsroom#start/1012/end/1047,4/18/2011 13:17:07,FOXNEWS,Americas Newsroom,FOXNEWS_20110418_130000_Americas_Newsroom,https://archive.org/download/FOXNEWS_20110418_130000_Americas_Newsroom/FOXNEWS_20110418_130000_Americas_Newsroom.thumbs/FOXNEWS_20110418_130000_Americas_Newsroom_000990.jpg,"garden gardener? most of the czars have quit, anyway, so -- bill: one has been resigned, one promoted, one left, one will not be affected by the language. these were czars for health care, climate change, cars,"
https://archive.org/details/FOXNEWS_20110422_000000_The_OReilly_Factor#start/2000/end/2035,4/22/2011 0:33:35,FOXNEWS,The OReilly Factor,FOXNEWS_20110422_000000_The_OReilly_Factor,https://archive.org/download/FOXNEWS_20110422_000000_The_OReilly_Factor/FOXNEWS_20110422_000000_The_OReilly_Factor.thumbs/FOXNEWS_20110422_000000_The_OReilly_Factor_001980.jpg,"maybe he just cares. it's been 20 years since he did an actual interview. for vanity fair spain. bill: vanity fair spain. this is how smart man son is. to get to the heart of an editor talk about climate change and"
https://archive.org/details/FOXNEWS_20110428_150000_Happening_Now#start/6596/end/6631,4/28/2011 16:50:11,FOXNEWS,Happening Now,FOXNEWS_20110428_150000_Happening_Now,https://archive.org/download/FOXNEWS_20110428_150000_Happening_Now/FOXNEWS_20110428_150000_Happening_Now.thumbs/FOXNEWS_20110428_150000_Happening_Now_006590.jpg,"noaa has this on its web site, a chart of strong to violent tornadoes from 1950 to 2005, 1974 sticks out as we've been discussing. but in the quarter century from 1980 to 2005, a period where climate change advocates would"
https://archive.org/details/FOXNEWS_20110430_140000_Cost_of_Freedom#start/4551/end/4586,4/30/2011 15:16:06,FOXNEWS,Cost of Freedom,FOXNEWS_20110430_140000_Cost_of_Freedom,https://archive.org/download/FOXNEWS_20110430_140000_Cost_of_Freedom/FOXNEWS_20110430_140000_Cost_of_Freedom.thumbs/FOXNEWS_20110430_140000_Cost_of_Freedom_004530.jpg,"one. we'll see more and more as climate change creates them imbalances. we'll rebuild once but not 20 times. global warming costs too much. i think al gore admitted"
https://archive.org/details/FOXNEWS_20110414_090000_The_OReilly_Factor#start/2640/end/2675,4/14/2011 9:44:15,FOXNEWS,The OReilly Factor,FOXNEWS_20110414_090000_The_OReilly_Factor,https://archive.org/download/FOXNEWS_20110414_090000_The_OReilly_Factor/FOXNEWS_20110414_090000_The_OReilly_Factor.thumbs/FOXNEWS_20110414_090000_The_OReilly_Factor_002640.jpg,"this poor girl looks le she is being led away to the tower of london for god's sake by alfred e. newman. that one never felt good to me. this one feel as little good. i would keep charles away from that toast afterwards at the reception because he is so nuts with the global warming now."
https://archive.org/details/FOXNEWS_20110420_130000_Americas_Newsroom#start/5042/end/5077,4/20/2011 14:24:17,FOXNEWS,Americas Newsroom,FOXNEWS_20110420_130000_Americas_Newsroom,https://archive.org/download/FOXNEWS_20110420_130000_Americas_Newsroom/FOXNEWS_20110420_130000_Americas_Newsroom.thumbs/FOXNEWS_20110420_130000_Americas_Newsroom_005040.jpg,"resources, during their orbits. gregg: new developments in the supreme court battle over climate change, a number of states suing power companies, trying to force cuts in greenhouse gas emissions. but, it is beginning to look"
https://archive.org/details/FOXNEWS_20110427_010000_Hannity#start/1684/end/1719,4/27/2011 1:28:19,FOXNEWS,Hannity,FOXNEWS_20110427_010000_Hannity,https://archive.org/download/FOXNEWS_20110427_010000_Hannity/FOXNEWS_20110427_010000_Hannity.thumbs/FOXNEWS_20110427_010000_Hannity_001680.jpg,"weather conditions in arkansas, alabama, 5600 severe weather events in april alone in this country -- sean: global warming, right? mother nature is screaming at us to pay attention to climate change. why are you denying it?"
https://archive.org/details/FOXNEWS_20110422_100000_FOX_and_Friends#start/1320/end/1355,4/22/2011 10:22:15,FOXNEWS,FOX and Friends,FOXNEWS_20110422_100000_FOX_and_Friends,https://archive.org/download/FOXNEWS_20110422_100000_FOX_and_Friends/FOXNEWS_20110422_100000_FOX_and_Friends.thumbs/FOXNEWS_20110422_100000_FOX_and_Friends_001320.jpg,"steve? are we headed for a climate crisis? is the end of the world as we know it around the corner? our next guest says the threat of global warming has been oversold to the american public and the public around the world with scare tactics that couldn't be further from the truth. just in time for earth day,"
https://archive.org/details/FOXNEWS_20110429_030000_The_OReilly_Factor#start/889/end/924,4/29/2011 3:15:04,FOXNEWS,The OReilly Factor,FOXNEWS_20110429_030000_The_OReilly_Factor,https://archive.org/download/FOXNEWS_20110429_030000_The_OReilly_Factor/FOXNEWS_20110429_030000_The_OReilly_Factor.thumbs/FOXNEWS_20110429_030000_The_OReilly_Factor_000870.jpg,"global warming. does it not? well, somebody has got to give me answer that a global warming person. no matter what happens snows too much, global warming. doesn't snow global warming. the atmosphere has a natural"
https://archive.org/details/FOXNEWS_20110429_000000_The_OReilly_Factor#start/889/end/924,4/29/2011 0:15:04,FOXNEWS,The OReilly Factor,FOXNEWS_20110429_000000_The_OReilly_Factor,https://archive.org/download/FOXNEWS_20110429_000000_The_OReilly_Factor/FOXNEWS_20110429_000000_The_OReilly_Factor.thumbs/FOXNEWS_20110429_000000_The_OReilly_Factor_000870.jpg,"global warming. does it not? well, somebody has got to give me answer that a global warming person. no matter what happens snows too much, global warming. doesn't snow global warming. the atmosphere has a natural"
https://archive.org/details/FOXNEWS_20110423_200000_Americas_News_HQ#start/4048/end/4083,4/23/2011 21:07:43,FOXNEWS,Americas News HQ,FOXNEWS_20110423_200000_Americas_News_HQ,https://archive.org/download/FOXNEWS_20110423_200000_Americas_News_HQ/FOXNEWS_20110423_200000_Americas_News_HQ.thumbs/FOXNEWS_20110423_200000_Americas_News_HQ_004020.jpg,"prices in a midterm in the long term. but not in a way that is going to lose jobs. the obama administration proposing regulation of greenhouse gases that will help hemorrhage jobs in the"
https://archive.org/details/FOXNEWS_20110404_150000_Happening_Now#start/5950/end/5985,4/4/2011 16:39:25,FOXNEWS,Happening Now,FOXNEWS_20110404_150000_Happening_Now,https://archive.org/download/FOXNEWS_20110404_150000_Happening_Now/FOXNEWS_20110404_150000_Happening_Now.thumbs/FOXNEWS_20110404_150000_Happening_Now_005930.jpg,"among them who is insisting we do this -- to totally eliminate the health care bill, totally eliminate the power of the epa, basically, to do anything about greenhouse gases, then you making a very difficult challenge almost impossible."
https://archive.org/details/FOXNEWS_20110430_140000_Cost_of_Freedom#start/6130/end/6165,4/30/2011 15:42:25,FOXNEWS,Cost of Freedom,FOXNEWS_20110430_140000_Cost_of_Freedom,https://archive.org/download/FOXNEWS_20110430_140000_Cost_of_Freedom/FOXNEWS_20110430_140000_Cost_of_Freedom.thumbs/FOXNEWS_20110430_140000_Cost_of_Freedom_006030.jpg,"blaming global warming for the global warming . it is the reason to rush hear spending. johnathon are they write or wrong? it is unbelievable offensive to use the tragedy and lives lost and billion in"
https://archive.org/details/FOXNEWS_20110419_070000_Red_Eye#start/993/end/1028,4/19/2011 7:16:48,FOXNEWS,Red Eye,FOXNEWS_20110419_070000_Red_Eye,https://archive.org/download/FOXNEWS_20110419_070000_Red_Eye/FOXNEWS_20110419_070000_Red_Eye.thumbs/FOXNEWS_20110419_070000_Red_Eye_000990.jpg,"and over. why do people, a, care? yeah, obama won and it is like why do we listen to that? why does he care what is going on in the outside. he will literally never see. it why does he care 3w* global"
https://archive.org/details/FOXNEWS_20110426_220000_Special_Report_With_Bret_Baier#start/1515/end/1550,4/26/2011 22:25:30,FOXNEWS,Special Report With Bret Baier,FOXNEWS_20110426_220000_Special_Report_With_Bret_Baier,https://archive.org/download/FOXNEWS_20110426_220000_Special_Report_With_Bret_Baier/FOXNEWS_20110426_220000_Special_Report_With_Bret_Baier.thumbs/FOXNEWS_20110426_220000_Special_Report_With_Bret_Baier_001495.jpg,"on another channel i was asked if i want to be donnel trump's runningmate. i said i'm running for president and the next paragraph i said exploratory exe but they only ran the first sentence. reporter: he's announcing cap and trade to reduce global"
https://archive.org/details/FOXNEWS_20110429_200000_Your_World_With_Neil_Cavuto#start/1879/end/1914,4/29/2011 20:31:34,FOXNEWS,Your World With Neil Cavuto,FOXNEWS_20110429_200000_Your_World_With_Neil_Cavuto,https://archive.org/download/FOXNEWS_20110429_200000_Your_World_With_Neil_Cavuto/FOXNEWS_20110429_200000_Your_World_With_Neil_Cavuto.thumbs/FOXNEWS_20110429_200000_Your_World_With_Neil_Cavuto_001884.jpg,"pieces environmentalists picking up the global warming blame game. stay tuned."
https://archive.org/details/FOXNEWS_20110421_100000_FOX_and_Friends#start/7800/end/7835,4/21/2011 12:10:15,FOXNEWS,FOX and Friends,FOXNEWS_20110421_100000_FOX_and_Friends,https://archive.org/download/FOXNEWS_20110421_100000_FOX_and_Friends/FOXNEWS_20110421_100000_FOX_and_Friends.thumbs/FOXNEWS_20110421_100000_FOX_and_Friends_007800.jpg,"going to pose a real challenge and a real alternative to the democratic ticket. peter: when we talk about alternative, you talk about what's going on in our government now and so now we know that the epa is trying to educate kids with a climate"
https://archive.org/details/FOXNEWS_20110420_220000_Special_Report_With_Bret_Baier#start/1743/end/1778,4/20/2011 22:29:18,FOXNEWS,Special Report With Bret Baier,FOXNEWS_20110420_220000_Special_Report_With_Bret_Baier,https://archive.org/download/FOXNEWS_20110420_220000_Special_Report_With_Bret_Baier/FOXNEWS_20110420_220000_Special_Report_With_Bret_Baier.thumbs/FOXNEWS_20110420_220000_Special_Report_With_Bret_Baier_001675.jpg,"the obama administration has some surprising news about greenhouse gas emissions. the president comes up with a medical diagnose foe analysis that may not be what the doctor ordered. grapevine is next. the 3.6-lite pentastar engine"
https://archive.org/details/FOXNEWS_20110421_080000_Special_Report_With_Bret_Baier#start/1900/end/1935,4/21/2011 8:31:55,FOXNEWS,Special Report With Bret Baier,FOXNEWS_20110421_080000_Special_Report_With_Bret_Baier,https://archive.org/download/FOXNEWS_20110421_080000_Special_Report_With_Bret_Baier/FOXNEWS_20110421_080000_Special_Report_With_Bret_Baier.thumbs/FOXNEWS_20110421_080000_Special_Report_With_Bret_Baier_001675.jpg,"the obama administration has some surprising news about greenhouse gas emissions. the president comes up with a medical diagnose foe analysis that may not be what the doctor ordered. grapevine is next. bret: now some fresh"
https://archive.org/details/FOXNEWS_20110421_060000_Glenn_Beck#start/2460/end/2495,4/21/2011 6:41:15,FOXNEWS,Glenn Beck,FOXNEWS_20110421_060000_Glenn_Beck,https://archive.org/download/FOXNEWS_20110421_060000_Glenn_Beck/FOXNEWS_20110421_060000_Glenn_Beck.thumbs/FOXNEWS_20110421_060000_Glenn_Beck_002454.jpg,"the lawsuit in six states and new york city to force major power companies to reduce greenhouse gas emissions. because of evil coal. the sick little british children without any pets or a dog and they're walking with a"
https://archive.org/details/FOXNEWS_20110429_200000_Your_World_With_Neil_Cavuto#start/2428/end/2463,4/29/2011 20:40:43,FOXNEWS,Your World With Neil Cavuto,FOXNEWS_20110429_200000_Your_World_With_Neil_Cavuto,https://archive.org/download/FOXNEWS_20110429_200000_Your_World_With_Neil_Cavuto/FOXNEWS_20110429_200000_Your_World_With_Neil_Cavuto.thumbs/FOXNEWS_20110429_200000_Your_World_With_Neil_Cavuto_002424.jpg,"of man made global warming so in many ways this is purely a propaganda tool of the environmentalists. it is shameful. hundreds of demonstrators"
https://archive.org/details/FOXNEWS_20110419_070000_Red_Eye#start/925/end/960,4/19/2011 7:15:40,FOXNEWS,Red Eye,FOXNEWS_20110419_070000_Red_Eye,https://archive.org/download/FOXNEWS_20110419_070000_Red_Eye/FOXNEWS_20110419_070000_Red_Eye.thumbs/FOXNEWS_20110419_070000_Red_Eye_000900.jpg,"murdering fiend has apparently gone green. i speak of charles mann son who broke an interview to speak out against global warming. he still looks wonderful."
https://archive.org/details/FOXNEWS_20110430_140000_Cost_of_Freedom#start/6270/end/6305,4/30/2011 15:44:45,FOXNEWS,Cost of Freedom,FOXNEWS_20110430_140000_Cost_of_Freedom,https://archive.org/download/FOXNEWS_20110430_140000_Cost_of_Freedom/FOXNEWS_20110430_140000_Cost_of_Freedom.thumbs/FOXNEWS_20110430_140000_Cost_of_Freedom_006270.jpg,"4000 egypt was built because of global warming at that time and that turned it is sahara in to a desert. christian is 100 percent. we need to separate the"
https://archive.org/details/FOXNEWS_20110429_200000_Your_World_With_Neil_Cavuto#start/2399/end/2434,4/29/2011 20:40:14,FOXNEWS,Your World With Neil Cavuto,FOXNEWS_20110429_200000_Your_World_With_Neil_Cavuto,https://archive.org/download/FOXNEWS_20110429_200000_Your_World_With_Neil_Cavuto/FOXNEWS_20110429_200000_Your_World_With_Neil_Cavuto.thumbs/FOXNEWS_20110429_200000_Your_World_With_Neil_Cavuto_002394.jpg,"we will hit the longest period since the civil war with no landfall hurricanes hit the united states and now the scientists say global warming could reduce the intensity of"
https://archive.org/details/FOXNEWS_20110428_220000_Special_Report_With_Bret_Baier#start/279/end/314,4/28/2011 22:04:54,FOXNEWS,Special Report With Bret Baier,FOXNEWS_20110428_220000_Special_Report_With_Bret_Baier,https://archive.org/download/FOXNEWS_20110428_220000_Special_Report_With_Bret_Baier/FOXNEWS_20110428_220000_Special_Report_With_Bret_Baier.thumbs/FOXNEWS_20110428_220000_Special_Report_With_Bret_Baier_000266.jpg,"the u.s. we need to be careful not to jump to conclusion to say it's because of global warming. the they say the last 60 years have been increase in reporting weak tornadoes but"
https://archive.org/details/FOXNEWS_20110428_220000_Special_Report_With_Bret_Baier#start/340/end/375,4/28/2011 22:05:55,FOXNEWS,Special Report With Bret Baier,FOXNEWS_20110428_220000_Special_Report_With_Bret_Baier,https://archive.org/download/FOXNEWS_20110428_220000_Special_Report_With_Bret_Baier/FOXNEWS_20110428_220000_Special_Report_With_Bret_Baier.thumbs/FOXNEWS_20110428_220000_Special_Report_With_Bret_Baier_000326.jpg,"tornado of wind sheer. we know we have a warning going on, he told fox news, but added:30 there -- but added there is no scientific consensus or connection between global warming and tornadic activity."
https://archive.org/details/FOXNEWS_20110419_150000_Happening_Now#start/3685/end/3720,4/19/2011 16:01:40,FOXNEWS,Happening Now,FOXNEWS_20110419_150000_Happening_Now,https://archive.org/download/FOXNEWS_20110419_150000_Happening_Now/FOXNEWS_20110419_150000_Happening_Now.thumbs/FOXNEWS_20110419_150000_Happening_Now_003682.jpg,"greg: well america's energy policy is on trial today in the nation's highest court, a battle over climate change. hello, everybody i'm greg"
https://archive.org/details/FOXNEWS_20110426_060000_Glenn_Beck#start/2976/end/3011,4/26/2011 6:49:51,FOXNEWS,Glenn Beck,FOXNEWS_20110426_060000_Glenn_Beck,https://archive.org/download/FOXNEWS_20110426_060000_Glenn_Beck/FOXNEWS_20110426_060000_Glenn_Beck.thumbs/FOXNEWS_20110426_060000_Glenn_Beck_002964.jpg,"poor to very poor condition. last year it was 6%. not good. but the food prices are not because of global warming and gas prices are not because of speculators. it's the fed printing more money."
https://archive.org/details/FOXNEWS_20110419_150000_Happening_Now#start/3803/end/3838,4/19/2011 16:03:38,FOXNEWS,Happening Now,FOXNEWS_20110419_150000_Happening_Now,https://archive.org/download/FOXNEWS_20110419_150000_Happening_Now/FOXNEWS_20110419_150000_Happening_Now.thumbs/FOXNEWS_20110419_150000_Happening_Now_003802.jpg,"the same side, very skeptical about the states pursuing this lawsuit saying we have a federal agency that does this. that regulates these emissions. there is a lot of continu contry over global warming. in addition to that sometimes"
https://archive.org/details/FOXNEWS_20110424_100000_The_Journal_Editorial_Report#start/715/end/750,4/24/2011 10:12:10,FOXNEWS,The Journal Editorial Report,FOXNEWS_20110424_100000_The_Journal_Editorial_Report,https://archive.org/download/FOXNEWS_20110424_100000_The_Journal_Editorial_Report/FOXNEWS_20110424_100000_The_Journal_Editorial_Report.thumbs/FOXNEWS_20110424_100000_The_Journal_Editorial_Report_000716.jpg,"prices for a long time one of the things people wanted to do was to try to raise prices and he could demand dincrease global warming. kind of fizzled at this point. and in 2010, as you"
https://archive.org/details/FOXNEWS_20110428_210000_Glenn_Beck#start/1192/end/1227,4/28/2011 21:20:07,FOXNEWS,Glenn Beck,FOXNEWS_20110428_210000_Glenn_Beck,https://archive.org/download/FOXNEWS_20110428_210000_Glenn_Beck/FOXNEWS_20110428_210000_Glenn_Beck.thumbs/FOXNEWS_20110428_210000_Glenn_Beck_001165.jpg,"that's when the laws began to change. glenn: he said this many times. don't listen to your kids on global warming. van jones said it. we have to get the kids, got to get the kids."
https://archive.org/details/FOXNEWS_20110429_030000_The_OReilly_Factor#start/610/end/645,4/29/2011 3:10:25,FOXNEWS,The OReilly Factor,FOXNEWS_20110429_030000_The_OReilly_Factor,https://archive.org/download/FOXNEWS_20110429_030000_The_OReilly_Factor/FOXNEWS_20110429_030000_The_OReilly_Factor.thumbs/FOXNEWS_20110429_030000_The_OReilly_Factor_000570.jpg,"killer tornadoes to hit six states. is global warming behind this? later some left wingers now promoting the race card in a big way. getting ready to plant?. chances are your soil is like th: compacted, drained of nutrits"
https://archive.org/details/FOXNEWS_20110401_200000_Your_World_With_Neil_Cavuto#start/672/end/707,4/1/2011 20:11:27,FOXNEWS,Your World With Neil Cavuto,FOXNEWS_20110401_200000_Your_World_With_Neil_Cavuto,https://archive.org/download/FOXNEWS_20110401_200000_Your_World_With_Neil_Cavuto/FOXNEWS_20110401_200000_Your_World_With_Neil_Cavuto.thumbs/FOXNEWS_20110401_200000_Your_World_With_Neil_Cavuto_000655.jpg,"this is an offer ju like refuse much like the government pailout a few years back. this is a managed economy and it does -- i know that you are global warming skeptic. having said that, would you"
https://archive.org/details/FOXNEWS_20110420_220000_Special_Report_With_Bret_Baier#start/1947/end/1982,4/20/2011 22:32:42,FOXNEWS,Special Report With Bret Baier,FOXNEWS_20110420_220000_Special_Report_With_Bret_Baier,https://archive.org/download/FOXNEWS_20110420_220000_Special_Report_With_Bret_Baier/FOXNEWS_20110420_220000_Special_Report_With_Bret_Baier.thumbs/FOXNEWS_20110420_220000_Special_Report_With_Bret_Baier_001945.jpg,"dirty. and it can create the kinds of air pollution that not only is contributing to climate change but is creating asthma for kids nearby."
https://archive.org/details/FOXNEWS_20110421_080000_Special_Report_With_Bret_Baier#start/1946/end/1981,4/21/2011 8:32:41,FOXNEWS,Special Report With Bret Baier,FOXNEWS_20110421_080000_Special_Report_With_Bret_Baier,https://archive.org/download/FOXNEWS_20110421_080000_Special_Report_With_Bret_Baier/FOXNEWS_20110421_080000_Special_Report_With_Bret_Baier.thumbs/FOXNEWS_20110421_080000_Special_Report_With_Bret_Baier_001944.jpg,"dirty. and it can create the kinds of air pollution that not only is contributing to climate change but is creating asthma for kids nearby."
https://archive.org/details/FOXNEWS_20110428_220000_Special_Report_With_Bret_Baier#start/356/end/391,4/28/2011 22:06:11,FOXNEWS,Special Report With Bret Baier,FOXNEWS_20110428_220000_Special_Report_With_Bret_Baier,https://archive.org/download/FOXNEWS_20110428_220000_Special_Report_With_Bret_Baier/FOXNEWS_20110428_220000_Special_Report_With_Bret_Baier.thumbs/FOXNEWS_20110428_220000_Special_Report_With_Bret_Baier_000356.jpg,"i ask if the climate change, were a defendant in the jury industrial, would it be acquitted? he said it would be the right verdict."
https://archive.org/details/FOXNEWS_20110421_090000_The_OReilly_Factor#start/1596/end/1631,4/21/2011 9:26:51,FOXNEWS,The OReilly Factor,FOXNEWS_20110421_090000_The_OReilly_Factor,https://archive.org/download/FOXNEWS_20110421_090000_The_OReilly_Factor/FOXNEWS_20110421_090000_The_OReilly_Factor.thumbs/FOXNEWS_20110421_090000_The_OReilly_Factor_001590.jpg,"big global warming event in washington. jesse watters showed up. you don't want to miss what happened there dennis miller will critique jesse's performance and talk about british troops on the ground in libya. whoa. we hope you stay tuned to those reports."
https://archive.org/details/FOXNEWS_20110421_150000_Happening_Now#start/2925/end/2960,4/21/2011 15:49:00,FOXNEWS,Happening Now,FOXNEWS_20110421_150000_Happening_Now,https://archive.org/download/FOXNEWS_20110421_150000_Happening_Now/FOXNEWS_20110421_150000_Happening_Now.thumbs/FOXNEWS_20110421_150000_Happening_Now_002904.jpg,"what's going to fix the problem of global warming. rick: you talk about in the book and movie, feel good versus do good, things that can make a difference, versus things that make us feel like we're potentially doing something positive."
https://archive.org/details/FOXNEWS_20110421_150000_Happening_Now#start/2876/end/2911,4/21/2011 15:48:11,FOXNEWS,Happening Now,FOXNEWS_20110421_150000_Happening_Now,https://archive.org/download/FOXNEWS_20110421_150000_Happening_Now/FOXNEWS_20110421_150000_Happening_Now.thumbs/FOXNEWS_20110421_150000_Happening_Now_002874.jpg,"joining this movie, 'cool '', based on your book by the same name t. seems to me there are a lot of people who are alarmist when it comes to global warming, talking about this being the end of the world, then there"
https://archive.org/details/FOXNEWS_20110405_010000_Hannity#start/472/end/507,4/5/2011 1:08:07,FOXNEWS,Hannity,FOXNEWS_20110405_010000_Hannity,https://archive.org/download/FOXNEWS_20110405_010000_Hannity/FOXNEWS_20110405_010000_Hannity.thumbs/FOXNEWS_20110405_010000_Hannity_000446.jpg,"reaction to him. stop rising, global warming. sean: exactly. what do you make of eric hold area announcing the department of justice is giving up the idea of trying khalid sheikh mohammed? one of his biggest promises -- i think he's buying himself"
https://archive.org/details/FOXNEWS_20110405_040000_Hannity#start/471/end/506,4/5/2011 4:08:06,FOXNEWS,Hannity,FOXNEWS_20110405_040000_Hannity,https://archive.org/download/FOXNEWS_20110405_040000_Hannity/FOXNEWS_20110405_040000_Hannity.thumbs/FOXNEWS_20110405_040000_Hannity_000445.jpg,"reaction to him. stop rising, global warming. sean: exactly. what do you make of eric hold area announcing the department of justice is giving up the idea of trying khalid sheikh mohammed? one of his biggest promises -- i think he's buying himself"
https://archive.org/details/FOXNEWS_20110419_150000_Happening_Now#start/3707/end/3742,4/19/2011 16:02:02,FOXNEWS,Happening Now,FOXNEWS_20110419_150000_Happening_Now,https://archive.org/download/FOXNEWS_20110419_150000_Happening_Now/FOXNEWS_20110419_150000_Happening_Now.thumbs/FOXNEWS_20110419_150000_Happening_Now_003682.jpg,"jarrett. jenna: i'm jenna lee. they are fighting to block a global warming lawsuit aimed at cutting gas emissions. shannon bream is back with us. shannon a number of states are going after power companies. do they have the legal right to"
https://archive.org/details/FOXNEWS_20110420_100000_FOX_and_Friends#start/6341/end/6376,4/20/2011 11:45:56,FOXNEWS,FOX and Friends,FOXNEWS_20110420_100000_FOX_and_Friends,https://archive.org/download/FOXNEWS_20110420_100000_FOX_and_Friends/FOXNEWS_20110420_100000_FOX_and_Friends.thumbs/FOXNEWS_20110420_100000_FOX_and_Friends_006300.jpg,"some quick headlines now. 1960's cult leader charles manson breaking his silence after 20 years to warn everyone about global warming! he sent the message from prison where he's starting an environmental action group. no word of how signups are going."
https://archive.org/details/FOXNEWS_20110427_010000_Hannity#start/1570/end/1605,4/27/2011 1:26:25,FOXNEWS,Hannity,FOXNEWS_20110427_010000_Hannity,https://archive.org/download/FOXNEWS_20110427_010000_Hannity/FOXNEWS_20110427_010000_Hannity.thumbs/FOXNEWS_20110427_010000_Hannity_001560.jpg,"global warming is a serious or somewhat serious threat. putting those believers in the distinct minority. i'm guessing americans are not going to be eager to extend bill of rights to mother nature. joining me with reaction the author of 'power grab' chris"
https://archive.org/details/FOXNEWS_20110430_170000_Americas_News_HQ#start/2070/end/2105,4/30/2011 17:34:45,FOXNEWS,Americas News HQ,FOXNEWS_20110430_170000_Americas_News_HQ,https://archive.org/download/FOXNEWS_20110430_170000_Americas_News_HQ/FOXNEWS_20110430_170000_Americas_News_HQ.thumbs/FOXNEWS_20110430_170000_Americas_News_HQ_002070.jpg,"the tornado drills when you're in a school and they save people's lives. people have one other question and almost 800 tornados in the month of april alone and people are asking what's going on. is this global warming, the storms getting worse?"
https://archive.org/details/FOXNEWS_20110425_210000_Glenn_Beck#start/2975/end/3010,4/25/2011 21:49:50,FOXNEWS,Glenn Beck,FOXNEWS_20110425_210000_Glenn_Beck,https://archive.org/download/FOXNEWS_20110425_210000_Glenn_Beck/FOXNEWS_20110425_210000_Glenn_Beck.thumbs/FOXNEWS_20110425_210000_Glenn_Beck_002963.jpg,"helping. 30% of the wheat corrob are in poor to very poor condition. last year it was 6%. not good. but the food prices are not because of global warming and gas prices are not because of speculators. it's the fed printing more"
https://archive.org/details/FOXNEWS_20110428_150000_Happening_Now#start/1681/end/1716,4/28/2011 15:28:16,FOXNEWS,Happening Now,FOXNEWS_20110428_150000_Happening_Now,https://archive.org/download/FOXNEWS_20110428_150000_Happening_Now/FOXNEWS_20110428_150000_Happening_Now.thumbs/FOXNEWS_20110428_150000_Happening_Now_001675.jpg,"something to do with global warming. it's about people getting the notice, that they get safe, that they get their provisions, that they have a place to go. that we make sure we deal with adaptation before we focus on cutting carbon emissions."
https://archive.org/details/FOXNEWS_20110430_220000_Americas_News_HQ#start/1927/end/1962,4/30/2011 22:32:22,FOXNEWS,Americas News HQ,FOXNEWS_20110430_220000_Americas_News_HQ,https://archive.org/download/FOXNEWS_20110430_220000_Americas_News_HQ/FOXNEWS_20110430_220000_Americas_News_HQ.thumbs/FOXNEWS_20110430_220000_Americas_News_HQ_001920.jpg,"1925, more than 80 years, people might be scratching their heads and thinking, what's happening? why are these storms so powerful? is it something going on in the atmosphere? maybe people are saying, it's global warming. the earth is a little warmer"
https://archive.org/details/FOXNEWS_20110420_210000_Glenn_Beck#start/2301/end/2336,4/20/2011 21:38:36,FOXNEWS,Glenn Beck,FOXNEWS_20110420_210000_Glenn_Beck,https://archive.org/download/FOXNEWS_20110420_210000_Glenn_Beck/FOXNEWS_20110420_210000_Glenn_Beck.thumbs/FOXNEWS_20110420_210000_Glenn_Beck_002274.jpg,"it's also dirty. and it can create the kinds of air pollution that not only is contributing to climate change but is also creating asthma for kids nearby."
https://archive.org/details/FOXNEWS_20110419_070000_Red_Eye#start/1091/end/1126,4/19/2011 7:18:26,FOXNEWS,Red Eye,FOXNEWS_20110419_070000_Red_Eye,https://archive.org/download/FOXNEWS_20110419_070000_Red_Eye/FOXNEWS_20110419_070000_Red_Eye.thumbs/FOXNEWS_20110419_070000_Red_Eye_001080.jpg,"has charms man son convinced you to stop jeting around from the u.s. to your tiny island. he is not the ideal climate change scientist to inform me."
https://archive.org/details/FOXNEWS_20110427_040000_Hannity#start/1890/end/1925,4/27/2011 4:31:45,FOXNEWS,Hannity,FOXNEWS_20110427_040000_Hannity,https://archive.org/download/FOXNEWS_20110427_040000_Hannity/FOXNEWS_20110427_040000_Hannity.thumbs/FOXNEWS_20110427_040000_Hannity_001884.jpg,"to let us know who you really are. there is a climate change conference, one your fellow conservatives, called disconnect. d.r. tucker, she convert. it's in some forum -- and he            _"
https://archive.org/details/FOXNEWS_20110421_150000_Happening_Now#start/2892/end/2927,4/21/2011 15:48:27,FOXNEWS,Happening Now,FOXNEWS_20110421_150000_Happening_Now,https://archive.org/download/FOXNEWS_20110421_150000_Happening_Now/FOXNEWS_20110421_150000_Happening_Now.thumbs/FOXNEWS_20110421_150000_Happening_Now_002874.jpg,"are those who don't believe in global warming. you're in the middle. absolutely. there's lots of scientists telling us the earth is warming up, but they're not telling us this is not the end of the world commonly being portrayed. if we're scared witless, we"
https://archive.org/details/FOXNEWS_20110422_100000_FOX_and_Friends#start/1055/end/1090,4/22/2011 10:17:50,FOXNEWS,FOX and Friends,FOXNEWS_20110422_100000_FOX_and_Friends,https://archive.org/download/FOXNEWS_20110422_100000_FOX_and_Friends/FOXNEWS_20110422_100000_FOX_and_Friends.thumbs/FOXNEWS_20110422_100000_FOX_and_Friends_001050.jpg,"network. there he is. stuart varney, varney & company. 9:20 eastern time on the fox business network. today is earth day as well as good friday. we wanted to know, did al gore have it all right about global warming? our next guest separates facts"
https://archive.org/details/FOXNEWS_20110422_100000_FOX_and_Friends#start/1353/end/1388,4/22/2011 10:22:48,FOXNEWS,FOX and Friends,FOXNEWS_20110422_100000_FOX_and_Friends,https://archive.org/download/FOXNEWS_20110422_100000_FOX_and_Friends/FOXNEWS_20110422_100000_FOX_and_Friends.thumbs/FOXNEWS_20110422_100000_FOX_and_Friends_001350.jpg,"overhyped. well, certainly overhyped. it's important to say, you know, there are people telling us it's not happening at all or it's the end of the world. neither is right. global warming is a real problem but it's been dramatically oversold and that's wrong for two reasons."
https://archive.org/details/FOXNEWS_20110430_030000_The_OReilly_Factor#start/1125/end/1160,4/30/2011 3:19:00,FOXNEWS,The OReilly Factor,FOXNEWS_20110430_030000_The_OReilly_Factor,https://archive.org/download/FOXNEWS_20110430_030000_The_OReilly_Factor/FOXNEWS_20110430_030000_The_OReilly_Factor.thumbs/FOXNEWS_20110430_030000_The_OReilly_Factor_001110.jpg,"dobbs. give him a hard time if you see him on the street. muslim woman poses for playboy. her life may be in danger. geraldo with that story. did nbc news anchor brian williams blame the tornadoes on global warming? is that possible? we wil."
https://archive.org/details/FOXNEWS_20110429_200000_Your_World_With_Neil_Cavuto#start/2207/end/2242,4/29/2011 20:37:02,FOXNEWS,Your World With Neil Cavuto,FOXNEWS_20110429_200000_Your_World_With_Neil_Cavuto,https://archive.org/download/FOXNEWS_20110429_200000_Your_World_With_Neil_Cavuto/FOXNEWS_20110429_200000_Your_World_With_Neil_Cavuto.thumbs/FOXNEWS_20110429_200000_Your_World_With_Neil_Cavuto_002184.jpg,"twisters prove that global warming is here, deadly and americans need to spend more money going green. and our next guest is seeing red. and now what do you think of the people and i have seen something written about this, to blame it"
https://archive.org/details/FOXNEWS_20110430_060000_Glenn_Beck#start/1125/end/1160,4/30/2011 6:19:00,FOXNEWS,Glenn Beck,FOXNEWS_20110430_060000_Glenn_Beck,https://archive.org/download/FOXNEWS_20110430_060000_Glenn_Beck/FOXNEWS_20110430_060000_Glenn_Beck.thumbs/FOXNEWS_20110430_060000_Glenn_Beck_001105.jpg,"dobbs. give him a hard time if you see him on the street. muslim woman poses for playboy. her life may be in danger. geraldo with that story. did nbc news anchor brian williams blame the tornadoes on global warming? is that possible? we wil."
https://archive.org/details/FOXNEWS_20110428_150000_Happening_Now#start/1617/end/1652,4/28/2011 15:27:12,FOXNEWS,Happening Now,FOXNEWS_20110428_150000_Happening_Now,https://archive.org/download/FOXNEWS_20110428_150000_Happening_Now/FOXNEWS_20110428_150000_Happening_Now.thumbs/FOXNEWS_20110428_150000_Happening_Now_001615.jpg,"risen we've actually seen fewer tornadoes. so we need to be very careful not just to jump to the conclusion and say, oh, then it's because of global warming. jon: this tuscaloosa tornado that we're looking at there, thought to be a mile wide,"
https://archive.org/details/FOXNEWS_20110428_150000_Happening_Now#start/1712/end/1747,4/28/2011 15:28:47,FOXNEWS,Happening Now,FOXNEWS_20110428_150000_Happening_Now,https://archive.org/download/FOXNEWS_20110428_150000_Happening_Now/FOXNEWS_20110428_150000_Happening_Now.thumbs/FOXNEWS_20110428_150000_Happening_Now_001705.jpg,"withstand the wind. yes, we node to recognize, we've dealt with these problems for a very longtime. we know it's very simple adaptation measures we need to focus on first. that doesn't mean that we shouldn't be concerned about global warming for a lot of"
https://archive.org/details/FOXNEWS_20110421_040000_Hannity#start/135/end/170,4/21/2011 4:02:30,FOXNEWS,Hannity,FOXNEWS_20110421_040000_Hannity,https://archive.org/download/FOXNEWS_20110421_040000_Hannity/FOXNEWS_20110421_040000_Hannity.thumbs/FOXNEWS_20110421_040000_Hannity_000116.jpg,"air pollution that not only is contributing to climate change but is also creating asthma for kids nearby. you got asthma, okay. and so, sucking that stuff in is not ideal."
https://archive.org/details/FOXNEWS_20110421_060000_Glenn_Beck#start/2307/end/2342,4/21/2011 6:38:42,FOXNEWS,Glenn Beck,FOXNEWS_20110421_060000_Glenn_Beck,https://archive.org/download/FOXNEWS_20110421_060000_Glenn_Beck/FOXNEWS_20110421_060000_Glenn_Beck.thumbs/FOXNEWS_20110421_060000_Glenn_Beck_002304.jpg,"air pollution that not only is contributing to climate change but is also creating asthma for kids nearby. glenn: kids nearby. okay. and so, plugging that stuff is not ideal."
https://archive.org/details/FOXNEWS_20110422_070000_Red_Eye#start/740/end/775,4/22/2011 7:12:35,FOXNEWS,Red Eye,FOXNEWS_20110422_070000_Red_Eye,https://archive.org/download/FOXNEWS_20110422_070000_Red_Eye/FOXNEWS_20110422_070000_Red_Eye.thumbs/FOXNEWS_20110422_070000_Red_Eye_000720.jpg,"joint teaching kids how to fight climate change.  the usa is where we are  to kick a new trend and to raise the bar   the climate is changing, and that's a fact"
https://archive.org/details/FOXNEWS_20110421_100000_FOX_and_Friends#start/7819/end/7854,4/21/2011 12:10:34,FOXNEWS,FOX and Friends,FOXNEWS_20110421_100000_FOX_and_Friends,https://archive.org/download/FOXNEWS_20110421_100000_FOX_and_Friends/FOXNEWS_20110421_100000_FOX_and_Friends.thumbs/FOXNEWS_20110421_100000_FOX_and_Friends_007800.jpg,"change rap. is that the best use of taxpayer dollars at this point, michelle, a climate change rap? certainly not. i hope you're not going to play it again. gretchen: hold on"
https://archive.org/details/FOXNEWS_20110422_030000_The_OReilly_Factor#start/1991/end/2026,4/22/2011 3:33:26,FOXNEWS,The OReilly Factor,FOXNEWS_20110422_030000_The_OReilly_Factor,https://archive.org/download/FOXNEWS_20110422_030000_The_OReilly_Factor/FOXNEWS_20110422_030000_The_OReilly_Factor.thumbs/FOXNEWS_20110422_030000_The_OReilly_Factor_001980.jpg,"california. very worried about global warming. my question first of all is how would he know? he is in jail. that's a good point. i don't know. maybe he just cares. maybe he just cares. it's been 20 years since he did an actual interview. for vanity fair spain."
https://archive.org/details/FOXNEWS_20110422_000000_The_OReilly_Factor#start/1984/end/2019,4/22/2011 0:33:19,FOXNEWS,The OReilly Factor,FOXNEWS_20110422_000000_The_OReilly_Factor,https://archive.org/download/FOXNEWS_20110422_000000_The_OReilly_Factor/FOXNEWS_20110422_000000_The_OReilly_Factor.thumbs/FOXNEWS_20110422_000000_The_OReilly_Factor_001980.jpg,"bill: all right. the third one is charles charles manson. he is in jail for life out in california. very worried about global warming. my question first of all is how would he know? he is in jail. that's a good point. i don't know. maybe he just cares."
https://archive.org/details/FOXNEWS_20110422_090000_The_OReilly_Factor#start/1991/end/2026,4/22/2011 9:33:26,FOXNEWS,The OReilly Factor,FOXNEWS_20110422_090000_The_OReilly_Factor,https://archive.org/download/FOXNEWS_20110422_090000_The_OReilly_Factor/FOXNEWS_20110422_090000_The_OReilly_Factor.thumbs/FOXNEWS_20110422_090000_The_OReilly_Factor_001980.jpg,"california. very worried about global warming. my question first of all is how would he know? he is in jail. that's a good point. i don't know. maybe he just cares. maybe he just cares. it's been 20 years since he did an actual interview. for vanity fair spain."
https://archive.org/details/FOXNEWS_20110422_100000_FOX_and_Friends#start/1338/end/1373,4/22/2011 10:22:33,FOXNEWS,FOX and Friends,FOXNEWS_20110422_100000_FOX_and_Friends,https://archive.org/download/FOXNEWS_20110422_100000_FOX_and_Friends/FOXNEWS_20110422_100000_FOX_and_Friends.thumbs/FOXNEWS_20110422_100000_FOX_and_Friends_001320.jpg,"today, climate skeptic separates fact from fiction in his film called 'cool it' and he joins us live. good morning you to. good morning. good to have you. so, you know, we hear a lot about global warming here in the united states of america. you say that is completely"
https://archive.org/details/FOXNEWS_20110430_000000_The_OReilly_Factor#start/1125/end/1160,4/30/2011 0:19:00,FOXNEWS,The OReilly Factor,FOXNEWS_20110430_000000_The_OReilly_Factor,https://archive.org/download/FOXNEWS_20110430_000000_The_OReilly_Factor/FOXNEWS_20110430_000000_The_OReilly_Factor.thumbs/FOXNEWS_20110430_000000_The_OReilly_Factor_001110.jpg,"dobbs. give him a hard time if you see him on the street. muslim woman poses for playboy. her life may be in danger. geraldo with that story. did nbc news anchor brian williams blame the tornadoes on global warming? is that possible? we will show you the tape in"
https://archive.org/details/FOXNEWS_20110430_000000_The_OReilly_Factor#start/1734/end/1769,4/30/2011 0:29:09,FOXNEWS,The OReilly Factor,FOXNEWS_20110430_000000_The_OReilly_Factor,https://archive.org/download/FOXNEWS_20110430_000000_The_OReilly_Factor/FOXNEWS_20110430_000000_The_OReilly_Factor.thumbs/FOXNEWS_20110430_000000_The_OReilly_Factor_001680.jpg,"then did nbc news anchor brian williams blame the killer tornadoes on global warming? we will take a look at it we hope you stay tuned to those reports. also get a free flight. you know that comes with a private island. really? no. it comes with a hat."
https://archive.org/details/FOXNEWS_20110428_150000_Happening_Now#start/1585/end/1620,4/28/2011 15:26:40,FOXNEWS,Happening Now,FOXNEWS_20110428_150000_Happening_Now,https://archive.org/download/FOXNEWS_20110428_150000_Happening_Now/FOXNEWS_20110428_150000_Happening_Now.thumbs/FOXNEWS_20110428_150000_Happening_Now_001585.jpg,"people who are yelling the sky is falling. absolutely. there is a tendency every time we see something terrible, and this is terrible, absolutely. when we see that we say, oh, it must be global warming. and we certainly need to, you know, pause and step back and"
https://archive.org/details/FOXNEWS_20110428_150000_Happening_Now#start/1743/end/1778,4/28/2011 15:29:18,FOXNEWS,Happening Now,FOXNEWS_20110428_150000_Happening_Now,https://archive.org/download/FOXNEWS_20110428_150000_Happening_Now/FOXNEWS_20110428_150000_Happening_Now.thumbs/FOXNEWS_20110428_150000_Happening_Now_001735.jpg,"make the most sense. if we are going to talk about how we are going to deal with global warming let's not put up a few solar panels to feel good, let's make sure solar panels become so cheap everyone wants to buy them. this i not going to help people"
https://archive.org/details/FOXNEWS_20110423_100000_FOX_and_Friends_Saturday#start/8362/end/8397,4/23/2011 12:19:37,FOXNEWS,FOX and Friends Saturday,FOXNEWS_20110423_100000_FOX_and_Friends_Saturday,https://archive.org/download/FOXNEWS_20110423_100000_FOX_and_Friends_Saturday/FOXNEWS_20110423_100000_FOX_and_Friends_Saturday.thumbs/FOXNEWS_20110423_100000_FOX_and_Friends_Saturday_008340.jpg,"we suffer the consequences of his campaign promise. is there job growth? people would not care what the president's position is on climate change. this is a problem with the republican message they have"
https://archive.org/details/FOXNEWS_20110421_010000_Hannity#start/138/end/173,4/21/2011 1:02:33,FOXNEWS,Hannity,FOXNEWS_20110421_010000_Hannity,https://archive.org/download/FOXNEWS_20110421_010000_Hannity/FOXNEWS_20110421_010000_Hannity.thumbs/FOXNEWS_20110421_010000_Hannity_000116.jpg,"contributing to climate change but is also creating asthma for kids nearby. you got asthma, okay. and so, sucking that stuff in is not ideal. sean: the only problem is the national institute of"
https://archive.org/details/FOXNEWS_20110430_140000_Cost_of_Freedom#start/6240/end/6275,4/30/2011 15:44:15,FOXNEWS,Cost of Freedom,FOXNEWS_20110430_140000_Cost_of_Freedom,https://archive.org/download/FOXNEWS_20110430_140000_Cost_of_Freedom/FOXNEWS_20110430_140000_Cost_of_Freedom.thumbs/FOXNEWS_20110430_140000_Cost_of_Freedom_006240.jpg,"devastation in the southeast needs its own attention . green conversation is an important one to have. they are the ones and climate change group bloged about it and this is the reason we need green"
https://archive.org/details/FOXNEWS_20110430_140000_Cost_of_Freedom#start/6254/end/6289,4/30/2011 15:44:29,FOXNEWS,Cost of Freedom,FOXNEWS_20110430_140000_Cost_of_Freedom,https://archive.org/download/FOXNEWS_20110430_140000_Cost_of_Freedom/FOXNEWS_20110430_140000_Cost_of_Freedom.thumbs/FOXNEWS_20110430_140000_Cost_of_Freedom_006240.jpg,"initiative . they have crossed the line here. but scientist were warning that we were going to have severe storms because of climate change. do you agree? we have something going on with crazy weather."
https://archive.org/details/FOXNEWS_20110430_140000_Cost_of_Freedom#start/6427/end/6462,4/30/2011 15:47:22,FOXNEWS,Cost of Freedom,FOXNEWS_20110430_140000_Cost_of_Freedom,https://archive.org/download/FOXNEWS_20110430_140000_Cost_of_Freedom/FOXNEWS_20110430_140000_Cost_of_Freedom.thumbs/FOXNEWS_20110430_140000_Cost_of_Freedom_006420.jpg,"the tornados with any definitive about climate change and unfair to castigate the environmentalist as part of this as well. they are separate, separate issues and maybe it is right that our climate changes are"
https://archive.org/details/FOXNEWS_20110422_030000_The_OReilly_Factor#start/2006/end/2041,4/22/2011 3:33:41,FOXNEWS,The OReilly Factor,FOXNEWS_20110422_030000_The_OReilly_Factor,https://archive.org/download/FOXNEWS_20110422_030000_The_OReilly_Factor/FOXNEWS_20110422_030000_The_OReilly_Factor.thumbs/FOXNEWS_20110422_030000_The_OReilly_Factor_001980.jpg,"bill: vanity fair spain. this is how smart man son is. to get to the heart of an editor talk about climate change and new respect. he may be a mass murderer but he cares about the environment."
https://archive.org/details/FOXNEWS_20110422_090000_The_OReilly_Factor#start/2006/end/2041,4/22/2011 9:33:41,FOXNEWS,The OReilly Factor,FOXNEWS_20110422_090000_The_OReilly_Factor,https://archive.org/download/FOXNEWS_20110422_090000_The_OReilly_Factor/FOXNEWS_20110422_090000_The_OReilly_Factor.thumbs/FOXNEWS_20110422_090000_The_OReilly_Factor_001980.jpg,"bill: vanity fair spain. this is how smart man son is. to get to the heart of an editor talk about climate change and new respect. he may be a mass murderer but he cares about the environment."
https://archive.org/details/FOXNEWS_20110428_150000_Happening_Now#start/1568/end/1603,4/28/2011 15:26:23,FOXNEWS,Happening Now,FOXNEWS_20110428_150000_Happening_Now,https://archive.org/download/FOXNEWS_20110428_150000_Happening_Now/FOXNEWS_20110428_150000_Happening_Now.thumbs/FOXNEWS_20110428_150000_Happening_Now_001555.jpg,"'cool it.' he's featured in that book. he is the doctor at the cope pen haig gwen census center. you believe there is climate change going on, but you believe that there are, what, too many"
https://archive.org/details/FOXNEWS_20110428_220000_Special_Report_With_Bret_Baier#start/246/end/281,4/28/2011 22:04:21,FOXNEWS,Special Report With Bret Baier,FOXNEWS_20110428_220000_Special_Report_With_Bret_Baier,https://archive.org/download/FOXNEWS_20110428_220000_Special_Report_With_Bret_Baier/FOXNEWS_20110428_220000_Special_Report_With_Bret_Baier.thumbs/FOXNEWS_20110428_220000_Special_Report_With_Bret_Baier_000236.jpg,"devastating. when tragedy strikes on a large scale, victims are left wondering if they were unlucky or whether darker forces were at work. the tornado horrors ravaging the house reignited the debate over climate change. carbon emissions are"
https://archive.org/details/FOXNEWS_20110427_010000_Hannity#start/1805/end/1840,4/27/2011 1:30:20,FOXNEWS,Hannity,FOXNEWS_20110427_010000_Hannity,https://archive.org/download/FOXNEWS_20110427_010000_Hannity/FOXNEWS_20110427_010000_Hannity.thumbs/FOXNEWS_20110427_010000_Hannity_001800.jpg,"governor rick perry -- ask president obama for emergency funding he doesn't believe in climate change half of his state was on fire after record drought. are you not paying attention? [ talking over each other ] sean: i'm asking a question,"
https://archive.org/details/FOXNEWS_20110429_200000_Your_World_With_Neil_Cavuto#start/2320/end/2355,4/29/2011 20:38:55,FOXNEWS,Your World With Neil Cavuto,FOXNEWS_20110429_200000_Your_World_With_Neil_Cavuto,https://archive.org/download/FOXNEWS_20110429_200000_Your_World_With_Neil_Cavuto/FOXNEWS_20110429_200000_Your_World_With_Neil_Cavuto.thumbs/FOXNEWS_20110429_200000_Your_World_With_Neil_Cavuto_002304.jpg,"can you rule it out? well, right now, scientists are on record saying it is in the linked to any climate change or warming and a scientist from the university of georgia said if anything warming will mean"
https://archive.org/details/FOXNEWS_20110421_000000_The_OReilly_Factor#start/1598/end/1633,4/21/2011 0:26:53,FOXNEWS,The OReilly Factor,FOXNEWS_20110421_000000_The_OReilly_Factor,https://archive.org/download/FOXNEWS_20110421_000000_The_OReilly_Factor/FOXNEWS_20110421_000000_The_OReilly_Factor.thumbs/FOXNEWS_20110421_000000_The_OReilly_Factor_001590.jpg,"big global warming event in washington. jesse watters showed up. you don't want to miss what happened there dennis miller will critique jesse's performance and talk about british troops on the ground in libya. whoa. we hope you stay tuned to those reports. i'm gonna take allison jenkins to the senior prom"
https://archive.org/details/FOXNEWS_20110421_030000_The_OReilly_Factor#start/1597/end/1632,4/21/2011 3:26:52,FOXNEWS,The OReilly Factor,FOXNEWS_20110421_030000_The_OReilly_Factor,https://archive.org/download/FOXNEWS_20110421_030000_The_OReilly_Factor/FOXNEWS_20110421_030000_The_OReilly_Factor.thumbs/FOXNEWS_20110421_030000_The_OReilly_Factor_001590.jpg,"big global warming event in washington. jesse watters showed up. you don't want to miss what happened there dennis miller will critique jesse's performance and talk about british troops on the ground in libya. whoa. we hope you stay tuned to those reports. i'm gonna take allison jenkins to the senior prom"
https://archive.org/details/FOXNEWS_20110419_170000_America_Live#start/6033/end/6068,4/19/2011 18:40:48,FOXNEWS,America Live,FOXNEWS_20110419_170000_America_Live,https://archive.org/download/FOXNEWS_20110419_170000_America_Live/FOXNEWS_20110419_170000_America_Live.thumbs/FOXNEWS_20110419_170000_America_Live_006020.jpg,"reporter: it boils down to this, can a handful of states get together with private environmental groups and sue five power companies they say are destroying the world through global warming? that is the arguments the states made to the justices saying they have every right to sue pause those emissions -- because those            _"
https://archive.org/details/FOXNEWS_20110421_060000_Glenn_Beck#start/2444/end/2479,4/21/2011 6:40:59,FOXNEWS,Glenn Beck,FOXNEWS_20110421_060000_Glenn_Beck,https://archive.org/download/FOXNEWS_20110421_060000_Glenn_Beck/FOXNEWS_20110421_060000_Glenn_Beck.thumbs/FOXNEWS_20110421_060000_Glenn_Beck_002424.jpg,"can i ask you a question? do you think there is any chance at all this might be the end of the line for all nukes? do you think? maybe? then we get the happy news today from the supreme court that they are about to turn over the global warming case to the epa"
https://archive.org/details/FOXNEWS_20110419_150000_Happening_Now#start/3740/end/3775,4/19/2011 16:02:35,FOXNEWS,Happening Now,FOXNEWS_20110419_150000_Happening_Now,https://archive.org/download/FOXNEWS_20110419_150000_Happening_Now/FOXNEWS_20110419_150000_Happening_Now.thumbs/FOXNEWS_20110419_150000_Happening_Now_003712.jpg,"their greenhouse emissions. the companies they say are causing all kinds of global warming and are causing heat-related deaths in los angeles and in new york. and in the middle of the country they are reducing crops and livestock industries in places like iowa among other things. they say the epa is not getting"
https://archive.org/details/FOXNEWS_20110422_100000_FOX_and_Friends#start/1491/end/1526,4/22/2011 10:25:06,FOXNEWS,FOX and Friends,FOXNEWS_20110422_100000_FOX_and_Friends,https://archive.org/download/FOXNEWS_20110422_100000_FOX_and_Friends/FOXNEWS_20110422_100000_FOX_and_Friends.thumbs/FOXNEWS_20110422_100000_FOX_and_Friends_001470.jpg,"so the scare tactics that we have seen in media or from the administration and the president talking about the green house gases and global warming and stuff like that, that's not the right approach. clearly it's not. we've been trying that approach for 20 years. all it's managed to do is two"
https://archive.org/details/FOXNEWS_20110429_000000_The_OReilly_Factor#start/598/end/633,4/29/2011 0:10:13,FOXNEWS,The OReilly Factor,FOXNEWS_20110429_000000_The_OReilly_Factor,https://archive.org/download/FOXNEWS_20110429_000000_The_OReilly_Factor/FOXNEWS_20110429_000000_The_OReilly_Factor.thumbs/FOXNEWS_20110429_000000_The_OReilly_Factor_000570.jpg,"states. is global warming behind this? later some left wingers now promoting the race card in a big way. disturbing sound bites for you upcoming. [ male announcer ] this is charlie whose morning flight. to london starts with arthritis pain. and a choice. take tylenol now, and maybe up to 8 in a day."
https://archive.org/details/FOXNEWS_20110428_220000_Special_Report_With_Bret_Baier#start/293/end/328,4/28/2011 22:05:08,FOXNEWS,Special Report With Bret Baier,FOXNEWS_20110428_220000_Special_Report_With_Bret_Baier,https://archive.org/download/FOXNEWS_20110428_220000_Special_Report_With_Bret_Baier/FOXNEWS_20110428_220000_Special_Report_With_Bret_Baier.thumbs/FOXNEWS_20110428_220000_Special_Report_With_Bret_Baier_000266.jpg,"no change in the number of severe to violent ones. heif casualties of 2011 recall the super outbreak of april of 1974 that killed more than 300 people. today, fema chief asked about the climate change told reporters, 'actually, what"
https://archive.org/details/FOXNEWS_20110430_030000_The_OReilly_Factor#start/1709/end/1744,4/30/2011 3:28:44,FOXNEWS,The OReilly Factor,FOXNEWS_20110430_030000_The_OReilly_Factor,https://archive.org/download/FOXNEWS_20110430_030000_The_OReilly_Factor/FOXNEWS_20110430_030000_The_OReilly_Factor.thumbs/FOXNEWS_20110430_030000_The_OReilly_Factor_001710.jpg,"tornadoes on global warming? we will take a look at it we hope you stay tuned to those reports. also get a free flight. you know that comes with a private island. really? no. it comes with a hat. you see, airline credit cards promise flights for 2500miles, but. [ man ] there's never any seats for ,000 miles."
https://archive.org/details/FOXNEWS_20110430_060000_Glenn_Beck#start/1709/end/1744,4/30/2011 6:28:44,FOXNEWS,Glenn Beck,FOXNEWS_20110430_060000_Glenn_Beck,https://archive.org/download/FOXNEWS_20110430_060000_Glenn_Beck/FOXNEWS_20110430_060000_Glenn_Beck.thumbs/FOXNEWS_20110430_060000_Glenn_Beck_001704.jpg,"tornadoes on global warming? we will take a look at it we hope you stay tuned to those reports. you never know when, but thieves can steal your identity. turning your life upside down in a matter of seconds. hi. hi. you know i can save you 15% today if you open up a charge card account with us."
https://archive.org/details/FOXNEWS_20110430_140000_Cost_of_Freedom#start/6412/end/6447,4/30/2011 15:47:07,FOXNEWS,Cost of Freedom,FOXNEWS_20110430_140000_Cost_of_Freedom,https://archive.org/download/FOXNEWS_20110430_140000_Cost_of_Freedom/FOXNEWS_20110430_140000_Cost_of_Freedom.thumbs/FOXNEWS_20110430_140000_Cost_of_Freedom_006390.jpg,"christian 20 seconds left with you. do you think we can do a good climate change as far as green energy and not have the debate now but in a couple of monthings? i think we have to. just like it is unfair to link"
https://archive.org/details/FOXNEWS_20110428_150000_Happening_Now#start/6580/end/6615,4/28/2011 16:49:55,FOXNEWS,Happening Now,FOXNEWS_20110428_150000_Happening_Now,https://archive.org/download/FOXNEWS_20110428_150000_Happening_Now/FOXNEWS_20110428_150000_Happening_Now.thumbs/FOXNEWS_20110428_150000_Happening_Now_006560.jpg,"highly technical questions like climate change and you get two experts battling against each other, how's a person who doesn't have, you know, formal scientific training, how are you supposed to come to a conclusion? reporter: it's very difficult. but i think if you look, and"
https://archive.org/details/FOXNEWS_20110428_150000_Happening_Now#start/6518/end/6553,4/28/2011 16:48:53,FOXNEWS,Happening Now,FOXNEWS_20110428_150000_Happening_Now,https://archive.org/download/FOXNEWS_20110428_150000_Happening_Now/FOXNEWS_20110428_150000_Happening_Now.thumbs/FOXNEWS_20110428_150000_Happening_Now_006500.jpg,"the head of fema has long experience with seve weather. craig fugate served for eight years as the director of florida's state emergency management division, and when asked if climate change is to blame for what we're seeing today, he said, quote, actually what we're seeing is springtime."
https://archive.org/details/FOXNEWS_20110429_200000_Your_World_With_Neil_Cavuto#start/2303/end/2338,4/29/2011 20:38:38,FOXNEWS,Your World With Neil Cavuto,FOXNEWS_20110429_200000_Your_World_With_Neil_Cavuto,https://archive.org/download/FOXNEWS_20110429_200000_Your_World_With_Neil_Cavuto/FOXNEWS_20110429_200000_Your_World_With_Neil_Cavuto.thumbs/FOXNEWS_20110429_200000_Your_World_With_Neil_Cavuto_002304.jpg,"we did not have the data to go back hundreds of years and look at patterns 500 years ago. our data does not go back long enough to draw conclusions so it is difficult to know if it is climate change or, at the same time, whether it is in the."
https://archive.org/details/FOXNEWS_20110422_100000_FOX_and_Friends#start/1384/end/1419,4/22/2011 10:23:19,FOXNEWS,FOX and Friends,FOXNEWS_20110422_100000_FOX_and_Friends,https://archive.org/download/FOXNEWS_20110422_100000_FOX_and_Friends/FOXNEWS_20110422_100000_FOX_and_Friends.thumbs/FOXNEWS_20110422_100000_FOX_and_Friends_001380.jpg,"something is the wrong way to go. if you look at what we're doing with climate change, we're trying to say, oh, let's subsidize extra solar panels or windmills. that makes us feel good. that's not the solution to cut a few tons of co-2. it's about getting everybody to use these green technologies and"
