﻿URL,MatchDateTime,Station,Show,IAShowID,IAPreviewThumb,Snippet
https://archive.org/details/MSNBCW_20180524_040000_The_Rachel_Maddow_Show#start/2244/end/2279,5/24/2018 4:37:39,MSNBC,The Rachel Maddow Show,MSNBCW_20180524_040000_The_Rachel_Maddow_Show,https://archive.org/download/MSNBCW_20180524_040000_The_Rachel_Maddow_Show/MSNBCW_20180524_040000_The_Rachel_Maddow_Show.thumbs/MSNBCW_20180524_040000_The_Rachel_Maddow_Show_002247.jpg,"californians are leading against donald trump. our senator should, too. kevin de león is the only candidate for senate who passed laws protecting immigrants from trump. and helped dreamers stay in school. he led bold action against climate change."
https://archive.org/details/MSNBCW_20180530_230000_Hardball_With_Chris_Matthews#start/2499/end/2534,5/30/2018 23:41:54,MSNBC,Hardball With Chris Matthews,MSNBCW_20180530_230000_Hardball_With_Chris_Matthews,https://archive.org/download/MSNBCW_20180530_230000_Hardball_With_Chris_Matthews/MSNBCW_20180530_230000_Hardball_With_Chris_Matthews.thumbs/MSNBCW_20180530_230000_Hardball_With_Chris_Matthews_002488.jpg,"californians are leading against donald trump. our senator should, too. kevin de león is the only candidate for senate who passed laws protecting immigrants from trump. and helped dreamers stay in school. he led bold action against climate change."
https://archive.org/details/MSNBCW_20180521_100000_Morning_Joe#start/9290/end/9325,5/21/2018 12:35:05,MSNBC,Morning Joe,MSNBCW_20180521_100000_Morning_Joe,https://archive.org/download/MSNBCW_20180521_100000_Morning_Joe/MSNBCW_20180521_100000_Morning_Joe.thumbs/MSNBCW_20180521_100000_Morning_Joe_009268.jpg,"californians are leading against donald trump. our senator should, too. kevin de león is the only candidate for senate who passed laws protecting immigrants from trump. and helped dreamers stay in school. he led bold action against climate change."
https://archive.org/details/MSNBCW_20180526_123000_MSNBC_Live#start/1366/end/1401,5/26/2018 12:53:01,MSNBC,MSNBC Live,MSNBCW_20180526_123000_MSNBC_Live,https://archive.org/download/MSNBCW_20180526_123000_MSNBC_Live/MSNBCW_20180526_123000_MSNBC_Live.thumbs/MSNBCW_20180526_123000_MSNBC_Live_001347.jpg,"californians are leading against donald trump. our senator should, too. kevin de león is the only candidate for senate who passed laws protecting immigrants from trump. and helped dreamers stay in school. he led bold action against climate change."
https://archive.org/details/MSNBCW_20180529_220000_The_Beat_With_Ari_Melber#start/2476/end/2511,5/29/2018 22:41:31,MSNBC,The Beat With Ari Melber,MSNBCW_20180529_220000_The_Beat_With_Ari_Melber,https://archive.org/download/MSNBCW_20180529_220000_The_Beat_With_Ari_Melber/MSNBCW_20180529_220000_The_Beat_With_Ari_Melber.thumbs/MSNBCW_20180529_220000_The_Beat_With_Ari_Melber_002453.jpg,"at office depot and office californians are leading against donald trump. our senator should, too. kevin de león is the only candidate for senate who passed laws protecting immigrants from trump. and helped dreamers stay in school. he led bold action against climate change."
https://archive.org/details/MSNBCW_20180531_200000_Deadline_White_House#start/2043/end/2078,5/31/2018 20:34:18,MSNBC,Deadline White House,MSNBCW_20180531_200000_Deadline_White_House,https://archive.org/download/MSNBCW_20180531_200000_Deadline_White_House/MSNBCW_20180531_200000_Deadline_White_House.thumbs/MSNBCW_20180531_200000_Deadline_White_House_002037.jpg,"say no to the nra and yes to common-sense gun laws. californians are leading against donald trump. our senator should, too. kevin de león is the only candidate for senate who passed laws protecting immigrants from trump. and helped dreamers stay in school. he led bold action against climate change."
https://archive.org/details/MSNBCW_20180528_100000_Morning_Joe#start/10395/end/10430,5/28/2018 12:53:30,MSNBC,Morning Joe,MSNBCW_20180528_100000_Morning_Joe,https://archive.org/download/MSNBCW_20180528_100000_Morning_Joe/MSNBCW_20180528_100000_Morning_Joe.thumbs/MSNBCW_20180528_100000_Morning_Joe_010377.jpg,"facing a major lawsuit on climate change and you're not going to believe who the plaintiffs are. 21 kids across the nation are seeking to end the use of fossil fuels contributing to global warming. they want to hold the federal government accountable for it. nbc's tammy litner sat down with"
https://archive.org/details/MSNBCW_20180528_100000_Morning_Joe#start/10426/end/10461,5/28/2018 12:54:01,MSNBC,Morning Joe,MSNBCW_20180528_100000_Morning_Joe,https://archive.org/download/MSNBCW_20180528_100000_Morning_Joe/MSNBCW_20180528_100000_Morning_Joe.thumbs/MSNBCW_20180528_100000_Morning_Joe_010407.jpg,"knows more about climate change than many adults. i worry about it basically every day. reporter: and he's worried that rising sea levels could mean his home along the florida coast could disappear completely. if climate change does not stop, then we will probably have"
https://archive.org/details/MSNBCW_20180515_080000_The_11th_Hour_With_Brian_Williams#start/3379/end/3414,5/15/2018 8:56:34,MSNBC,The 11th Hour With Brian Williams,MSNBCW_20180515_080000_The_11th_Hour_With_Brian_Williams,https://archive.org/download/MSNBCW_20180515_080000_The_11th_Hour_With_Brian_Williams/MSNBCW_20180515_080000_The_11th_Hour_With_Brian_Williams.thumbs/MSNBCW_20180515_080000_The_11th_Hour_With_Brian_Williams_003358.jpg,"shut up. he started the birther movement. you did. he says climate change is a hoax invented by china. remember that?"
https://archive.org/details/MSNBCW_20180518_000000_All_In_With_Chris_Hayes#start/2613/end/2648,5/18/2018 0:43:48,MSNBC,All In With Chris Hayes,MSNBCW_20180518_000000_All_In_With_Chris_Hayes,https://archive.org/download/MSNBCW_20180518_000000_All_In_With_Chris_Hayes/MSNBCW_20180518_000000_All_In_With_Chris_Hayes.thumbs/MSNBCW_20180518_000000_All_In_With_Chris_Hayes_002607.jpg,"starting at $7.99. republican congressman mo brooks of alabama is well-known climate change skeptic but he took it to"
https://archive.org/details/MSNBCW_20180506_200000_MSNBC_Live_With_Yasmin_Vossoughian#start/752/end/787,5/6/2018 20:12:47,MSNBC,MSNBC Live With Yasmin Vossoughian,MSNBCW_20180506_200000_MSNBC_Live_With_Yasmin_Vossoughian,https://archive.org/download/MSNBCW_20180506_200000_MSNBC_Live_With_Yasmin_Vossoughian/MSNBCW_20180506_200000_MSNBC_Live_With_Yasmin_Vossoughian.thumbs/MSNBCW_20180506_200000_MSNBC_Live_With_Yasmin_Vossoughian_000748.jpg,"cooperating. i know you don't believe in climate change, but a storm's a-comin', baby. then one night, a truck didn't stop."
https://archive.org/details/MSNBCW_20180515_060000_The_11th_Hour_With_Brian_Williams#start/3438/end/3473,5/15/2018 6:57:33,MSNBC,The 11th Hour With Brian Williams,MSNBCW_20180515_060000_The_11th_Hour_With_Brian_Williams,https://archive.org/download/MSNBCW_20180515_060000_The_11th_Hour_With_Brian_Williams/MSNBCW_20180515_060000_The_11th_Hour_With_Brian_Williams.thumbs/MSNBCW_20180515_060000_The_11th_Hour_With_Brian_Williams_003417.jpg,"gina. huge gina. he is a bully. shut up. he started the birther movement. you did. he says climate change is a hoax invented by china. it's pronounced jina."
https://archive.org/details/MSNBCW_20180522_100000_Morning_Joe#start/6141/end/6176,5/22/2018 11:42:36,MSNBC,Morning Joe,MSNBCW_20180522_100000_Morning_Joe,https://archive.org/download/MSNBCW_20180522_100000_Morning_Joe/MSNBCW_20180522_100000_Morning_Joe.thumbs/MSNBCW_20180522_100000_Morning_Joe_006118.jpg,"republican. i'myou're a conservative? yes. what was your acu rating? i have no idea. but i talked ant marriage equality and climate change and gun control and all these other"
https://archive.org/details/MSNBCW_20180506_210000_MSNBC_Live_With_Ayman_Mohyeldin#start/665/end/700,5/6/2018 21:11:20,MSNBC,MSNBC Live With Ayman Mohyeldin,MSNBCW_20180506_210000_MSNBC_Live_With_Ayman_Mohyeldin,https://archive.org/download/MSNBCW_20180506_210000_MSNBC_Live_With_Ayman_Mohyeldin/MSNBCW_20180506_210000_MSNBC_Live_With_Ayman_Mohyeldin.thumbs/MSNBCW_20180506_210000_MSNBC_Live_With_Ayman_Mohyeldin_000657.jpg,"a resignation. i solved north and south korea. why can't i solve us? sorry, donald, it's too late for that. i know you don't believe in climate change but a storm's a"
https://archive.org/details/MSNBCW_20180506_130000_MSNBC_Live_With_Alex_Witt#start/751/end/786,5/6/2018 13:12:46,MSNBC,MSNBC Live With Alex Witt,MSNBCW_20180506_130000_MSNBC_Live_With_Alex_Witt,https://archive.org/download/MSNBCW_20180506_130000_MSNBC_Live_With_Alex_Witt/MSNBCW_20180506_130000_MSNBC_Live_With_Alex_Witt.thumbs/MSNBCW_20180506_130000_MSNBC_Live_With_Alex_Witt_000748.jpg,"i solved north and south korea, why can't i solve us? sorry, donald. it's too late for that. i know you don't believe in climate change, but a storm's"
https://archive.org/details/MSNBCW_20180518_070000_All_In_With_Chris_Hayes#start/2571/end/2606,5/18/2018 7:43:06,MSNBC,All In With Chris Hayes,MSNBCW_20180518_070000_All_In_With_Chris_Hayes,https://archive.org/download/MSNBCW_20180518_070000_All_In_With_Chris_Hayes/MSNBCW_20180518_070000_All_In_With_Chris_Hayes.thumbs/MSNBCW_20180518_070000_All_In_With_Chris_Hayes_002518.jpg,"dates, deals, done! tripadvisor. visit tripadvisor.com. republican congressman mo brooks of alabama is well-known climate change skeptic but he took it to a new level yesterday. what about the white cliffs"
https://archive.org/details/MSNBCW_20180507_170000_MSNBC_Live_With_Craig_Melvin#start/2857/end/2892,5/7/2018 17:47:52,MSNBC,MSNBC Live With Craig Melvin,MSNBCW_20180507_170000_MSNBC_Live_With_Craig_Melvin,https://archive.org/download/MSNBCW_20180507_170000_MSNBC_Live_With_Craig_Melvin/MSNBCW_20180507_170000_MSNBC_Live_With_Craig_Melvin.thumbs/MSNBCW_20180507_170000_MSNBC_Live_With_Craig_Melvin_002847.jpg,"sorry, donald. it's too late for that. i know you don't believe in climate change, but a storm's a comin', baby. [ applause ]an the best. which egg tastes more farm-fresh and delicious?"
https://archive.org/details/MSNBCW_20180506_200000_MSNBC_Live_With_Yasmin_Vossoughian#start/3258/end/3293,5/6/2018 20:54:33,MSNBC,MSNBC Live With Yasmin Vossoughian,MSNBCW_20180506_200000_MSNBC_Live_With_Yasmin_Vossoughian,https://archive.org/download/MSNBCW_20180506_200000_MSNBC_Live_With_Yasmin_Vossoughian/MSNBCW_20180506_200000_MSNBC_Live_With_Yasmin_Vossoughian.thumbs/MSNBCW_20180506_200000_MSNBC_Live_With_Yasmin_Vossoughian_003238.jpg,"only with europe. so to that effect, you'll have issues like climate change where we're different from our european allies, tpp, and here's another issue where this white house is separating us from our"
https://archive.org/details/MSNBCW_20180517_000000_All_In_With_Chris_Hayes#start/13/end/48,5/17/2018 0:00:28,MSNBC,All In With Chris Hayes,MSNBCW_20180517_000000_All_In_With_Chris_Hayes,https://archive.org/download/MSNBCW_20180517_000000_All_In_With_Chris_Hayes/MSNBCW_20180517_000000_All_In_With_Chris_Hayes.thumbs/MSNBCW_20180517_000000_All_In_With_Chris_Hayes_000058.jpg,"climate change and world supply of fresh water. hets that's 'hardball' for now. all in with chris hayes starts right now. tonight on 'all in.' did you know about the $130000 payment to stormy"
https://archive.org/details/MSNBCW_20180516_230000_Hardball_With_Chris_Matthews#start/3613/end/3648,5/17/2018 0:00:28,MSNBC,Hardball With Chris Matthews,MSNBCW_20180516_230000_Hardball_With_Chris_Matthews,https://archive.org/download/MSNBCW_20180516_230000_Hardball_With_Chris_Matthews/MSNBCW_20180516_230000_Hardball_With_Chris_Matthews.thumbs/MSNBCW_20180516_230000_Hardball_With_Chris_Matthews_003598.jpg,"climate change and world supply of fresh water. hets that's 'hardball' for now. all in with chris hayes starts right now. tonight on 'all in.' did you know about the $130000 payment to stormy"
https://archive.org/details/MSNBCW_20180529_100000_Morning_Joe#start/9372/end/9407,5/29/2018 12:36:27,MSNBC,Morning Joe,MSNBCW_20180529_100000_Morning_Joe,https://archive.org/download/MSNBCW_20180529_100000_Morning_Joe/MSNBCW_20180529_100000_Morning_Joe.thumbs/MSNBCW_20180529_100000_Morning_Joe_009358.jpg,"who passed laws protecting immigrants from trump. and helped dreamers stay in school. he led bold action against climate change. and only de león fought for universal, medicare for all. democrat kevin de león"
https://archive.org/details/MSNBCW_20180531_130000_MSNBC_Live_With_Stephanie_Ruhle#start/1635/end/1670,5/31/2018 13:27:30,MSNBC,MSNBC Live With Stephanie Ruhle,MSNBCW_20180531_130000_MSNBC_Live_With_Stephanie_Ruhle,https://archive.org/download/MSNBCW_20180531_130000_MSNBC_Live_With_Stephanie_Ruhle/MSNBCW_20180531_130000_MSNBC_Live_With_Stephanie_Ruhle.thumbs/MSNBCW_20180531_130000_MSNBC_Live_With_Stephanie_Ruhle_001618.jpg,"who passed laws protecting immigrants from trump. and helped dreamers stay in school. he led bold action against climate change. and only de león fought for universal, medicare for all. democrat kevin de león the only true progressive"
https://archive.org/details/MSNBCW_20180522_100000_Morning_Joe#start/8920/end/8955,5/22/2018 12:28:55,MSNBC,Morning Joe,MSNBCW_20180522_100000_Morning_Joe,https://archive.org/download/MSNBCW_20180522_100000_Morning_Joe/MSNBCW_20180522_100000_Morning_Joe.thumbs/MSNBCW_20180522_100000_Morning_Joe_008908.jpg,"who passed laws protecting immigrants from trump. and helped dreamers stay in school. he led bold action against climate change. and only de león fought for universal, medicare for all. democrat kevin de león the only true progressive"
https://archive.org/details/MSNBCW_20180523_100000_Morning_Joe#start/6332/end/6367,5/23/2018 11:45:47,MSNBC,Morning Joe,MSNBCW_20180523_100000_Morning_Joe,https://archive.org/download/MSNBCW_20180523_100000_Morning_Joe/MSNBCW_20180523_100000_Morning_Joe.thumbs/MSNBCW_20180523_100000_Morning_Joe_006327.jpg,"going to face real challenges in their life, climate change, debt, the disappearance of jobs. they have to get involved. they could make a difference. they have to get involved. they had to become first informed citizens."
https://archive.org/details/MSNBCW_20180523_100000_Morning_Joe#start/8865/end/8900,5/23/2018 12:28:00,MSNBC,Morning Joe,MSNBCW_20180523_100000_Morning_Joe,https://archive.org/download/MSNBCW_20180523_100000_Morning_Joe/MSNBCW_20180523_100000_Morning_Joe.thumbs/MSNBCW_20180523_100000_Morning_Joe_008847.jpg,"and helped dreamers stay in school. he led bold action against climate change. and only de león fought for universal, medicare for all. democrat kevin de león the only true progressive for senate. change california now"
https://archive.org/details/MSNBCW_20180522_140000_MSNBC_Live_With_Hallie_Jackson#start/1670/end/1705,5/22/2018 14:28:05,MSNBC,MSNBC Live With Hallie Jackson,MSNBCW_20180522_140000_MSNBC_Live_With_Hallie_Jackson,https://archive.org/download/MSNBCW_20180522_140000_MSNBC_Live_With_Hallie_Jackson/MSNBCW_20180522_140000_MSNBC_Live_With_Hallie_Jackson.thumbs/MSNBCW_20180522_140000_MSNBC_Live_With_Hallie_Jackson_001649.jpg,"who passed laws protecting immigrants from trump. and helped dreamers stay in school. he led bold action against climate change. and only de león fought for universal, medicare for all. democrat kevin de león the only true progressive"
https://archive.org/details/MSNBCW_20180524_100000_Morning_Joe#start/8806/end/8841,5/24/2018 12:27:01,MSNBC,Morning Joe,MSNBCW_20180524_100000_Morning_Joe,https://archive.org/download/MSNBCW_20180524_100000_Morning_Joe/MSNBCW_20180524_100000_Morning_Joe.thumbs/MSNBCW_20180524_100000_Morning_Joe_008788.jpg,"who passed laws protecting immigrants from trump. and helped dreamers stay in school. he led bold action against climate change. and only de león fought for universal, medicare for all. democrat kevin de león the only true progressive"
https://archive.org/details/MSNBCW_20180507_160000_Andrea_Mitchell_Reports#start/120/end/155,5/7/2018 16:02:15,MSNBC,Andrea Mitchell Reports,MSNBCW_20180507_160000_Andrea_Mitchell_Reports,https://archive.org/download/MSNBCW_20180507_160000_Andrea_Mitchell_Reports/MSNBCW_20180507_160000_Andrea_Mitchell_Reports.thumbs/MSNBCW_20180507_160000_Andrea_Mitchell_Reports_000117.jpg,"i solved north and south korea, why can't i solve us? sorry, donald, it's too late for that. i know you don't believe in climate change, but a storm's a coming, baby. and good day, everybody."
https://archive.org/details/MSNBCW_20180507_090000_First_Look#start/440/end/475,5/7/2018 9:07:35,MSNBC,First Look,MSNBCW_20180507_090000_First_Look,https://archive.org/download/MSNBCW_20180507_090000_First_Look/MSNBCW_20180507_090000_First_Look.thumbs/MSNBCW_20180507_090000_First_Look_000417.jpg,"i solve north and south korea but can i solve us? sorry, donald it's too late for that. i know you don't believe in climate change but a storm's a coming baby. starting off with what up"
https://archive.org/details/MSNBCW_20180512_220000_All_In_With_Chris_Hayes#start/2015/end/2050,5/12/2018 22:33:50,MSNBC,All In With Chris Hayes,MSNBCW_20180512_220000_All_In_With_Chris_Hayes,https://archive.org/download/MSNBCW_20180512_220000_All_In_With_Chris_Hayes/MSNBCW_20180512_220000_All_In_With_Chris_Hayes.thumbs/MSNBCW_20180512_220000_All_In_With_Chris_Hayes_002007.jpg,"the vatican, a climate change skeptic. what happens when you ask for documents of the cabinet secretary's schedule. what happens is a few weeks later when he was subject to suspected criminal charges in australia, back at the agency"
https://archive.org/details/MSNBCW_20180512_070000_All_In_With_Chris_Hayes#start/1848/end/1883,5/12/2018 7:31:03,MSNBC,All In With Chris Hayes,MSNBCW_20180512_070000_All_In_With_Chris_Hayes,https://archive.org/download/MSNBCW_20180512_070000_All_In_With_Chris_Hayes/MSNBCW_20180512_070000_All_In_With_Chris_Hayes.thumbs/MSNBCW_20180512_070000_All_In_With_Chris_Hayes_001708.jpg,"latest one may take the case. on a six-figure trip to italy last year, pruitt had dinnered a a five-star restaurant with a cardinal, not just a climate change skeptic, but he was under"
https://archive.org/details/MSNBCW_20180523_190000_MSNBC_Live_With_Ali_Velshi#start/1830/end/1865,5/23/2018 19:30:45,MSNBC,MSNBC Live With Ali Velshi,MSNBCW_20180523_190000_MSNBC_Live_With_Ali_Velshi,https://archive.org/download/MSNBCW_20180523_190000_MSNBC_Live_With_Ali_Velshi/MSNBCW_20180523_190000_MSNBC_Live_With_Ali_Velshi.thumbs/MSNBCW_20180523_190000_MSNBC_Live_With_Ali_Velshi_001827.jpg,"and helped dreamers stay in school. he led bold action against climate change. and only de león fought for universal, medicare for all. democrat kevin de león the only true progressive for senate. change california now"
https://archive.org/details/MSNBCW_20180519_060000_The_11th_Hour_With_Brian_Williams#start/2018/end/2053,5/19/2018 6:33:53,MSNBC,The 11th Hour With Brian Williams,MSNBCW_20180519_060000_The_11th_Hour_With_Brian_Williams,https://archive.org/download/MSNBCW_20180519_060000_The_11th_Hour_With_Brian_Williams/MSNBCW_20180519_060000_The_11th_Hour_With_Brian_Williams.thumbs/MSNBCW_20180519_060000_The_11th_Hour_With_Brian_Williams_002007.jpg,"and helped dreamers stay in school. he led bold action against climate change. and only de león fought for universal, medicare for all. democrat kevin de león the only true progressive for senate. change california now"
https://archive.org/details/MSNBCW_20180519_000000_All_In_With_Chris_Hayes#start/3146/end/3181,5/19/2018 0:52:41,MSNBC,All In With Chris Hayes,MSNBCW_20180519_000000_All_In_With_Chris_Hayes,https://archive.org/download/MSNBCW_20180519_000000_All_In_With_Chris_Hayes/MSNBCW_20180519_000000_All_In_With_Chris_Hayes.thumbs/MSNBCW_20180519_000000_All_In_With_Chris_Hayes_003118.jpg,"he led bold action against climate change. and only de león fought for universal, medicare for all. democrat kevin de león the only true progressive for senate. change california now is responsible for the content of this advertising."
https://archive.org/details/MSNBCW_20180518_070000_All_In_With_Chris_Hayes#start/2220/end/2255,5/18/2018 7:37:15,MSNBC,All In With Chris Hayes,MSNBCW_20180518_070000_All_In_With_Chris_Hayes,https://archive.org/download/MSNBCW_20180518_070000_All_In_With_Chris_Hayes/MSNBCW_20180518_070000_All_In_With_Chris_Hayes.thumbs/MSNBCW_20180518_070000_All_In_With_Chris_Hayes_002218.jpg,"coming up next, a republican congressman revolutionary climate change idea. plus all in exclusive video you don't want to miss. hear one of the richest men on earth talking about what it's like meeting president trump."
https://archive.org/details/MSNBCW_20180522_000000_All_In_With_Chris_Hayes#start/3180/end/3215,5/22/2018 0:53:15,MSNBC,All In With Chris Hayes,MSNBCW_20180522_000000_All_In_With_Chris_Hayes,https://archive.org/download/MSNBCW_20180522_000000_All_In_With_Chris_Hayes/MSNBCW_20180522_000000_All_In_With_Chris_Hayes.thumbs/MSNBCW_20180522_000000_All_In_With_Chris_Hayes_003178.jpg,"and helped dreamers stay in school. he led bold action against climate change. and only de león fought for universal, medicare for all. democrat kevin de león the only true progressive for senate. change california now"
https://archive.org/details/MSNBCW_20180521_200000_Deadline_White_House#start/3082/end/3117,5/21/2018 20:51:37,MSNBC,Deadline White House,MSNBCW_20180521_200000_Deadline_White_House,https://archive.org/download/MSNBCW_20180521_200000_Deadline_White_House/MSNBCW_20180521_200000_Deadline_White_House.thumbs/MSNBCW_20180521_200000_Deadline_White_House_003057.jpg,"and helped dreamers stay in school. he led bold action against climate change. and only de león fought for universal, medicare for all. democrat kevin de león the only true progressive for senate. change california now"
https://archive.org/details/MSNBCW_20180528_140000_MSNBC_Live_With_Hallie_Jackson#start/1473/end/1508,5/28/2018 14:24:48,MSNBC,MSNBC Live With Hallie Jackson,MSNBCW_20180528_140000_MSNBC_Live_With_Hallie_Jackson,https://archive.org/download/MSNBCW_20180528_140000_MSNBC_Live_With_Hallie_Jackson/MSNBCW_20180528_140000_MSNBC_Live_With_Hallie_Jackson.thumbs/MSNBCW_20180528_140000_MSNBC_Live_With_Hallie_Jackson_001467.jpg,"who passed laws protecting immigrants from trump. and helped dreamers stay in school. he led bold action against climate change. and only de león fought for universal, medicare for all. democrat kevin de león the only true progressive"
https://archive.org/details/MSNBCW_20180526_160000_MSNBC_Live_With_Alex_Witt#start/1860/end/1895,5/26/2018 16:31:15,MSNBC,MSNBC Live With Alex Witt,MSNBCW_20180526_160000_MSNBC_Live_With_Alex_Witt,https://archive.org/download/MSNBCW_20180526_160000_MSNBC_Live_With_Alex_Witt/MSNBCW_20180526_160000_MSNBC_Live_With_Alex_Witt.thumbs/MSNBCW_20180526_160000_MSNBC_Live_With_Alex_Witt_001857.jpg,"who passed laws protecting immigrants from trump. and helped dreamers stay in school. he led bold action against climate change. and only de león fought for universal, medicare for all. democrat kevin de león the only true progressive"
https://archive.org/details/MSNBCW_20180528_190000_MSNBC_Live_With_Ali_Velshi#start/1658/end/1693,5/28/2018 19:27:53,MSNBC,MSNBC Live With Ali Velshi,MSNBCW_20180528_190000_MSNBC_Live_With_Ali_Velshi,https://archive.org/download/MSNBCW_20180528_190000_MSNBC_Live_With_Ali_Velshi/MSNBCW_20180528_190000_MSNBC_Live_With_Ali_Velshi.thumbs/MSNBCW_20180528_190000_MSNBC_Live_With_Ali_Velshi_001647.jpg,"who passed laws protecting immigrants from trump. and helped dreamers stay in school. he led bold action against climate change. and only de león fought for universal, medicare for all. democrat kevin de león the only true progressive"
https://archive.org/details/MSNBCW_20180528_160000_Andrea_Mitchell_Reports#start/3442/end/3477,5/28/2018 16:57:37,MSNBC,Andrea Mitchell Reports,MSNBCW_20180528_160000_Andrea_Mitchell_Reports,https://archive.org/download/MSNBCW_20180528_160000_Andrea_Mitchell_Reports/MSNBCW_20180528_160000_Andrea_Mitchell_Reports.thumbs/MSNBCW_20180528_160000_Andrea_Mitchell_Reports_003418.jpg,"the trump opposition to climate change policies is challenged in court. tammy leitner has the story of 20 kids taking matters into their own hands trying to make the world a better place for everyone. what's in here?"
https://archive.org/details/MSNBCW_20180528_160000_Andrea_Mitchell_Reports#start/3539/end/3574,5/28/2018 16:59:14,MSNBC,Andrea Mitchell Reports,MSNBCW_20180528_160000_Andrea_Mitchell_Reports,https://archive.org/download/MSNBCW_20180528_160000_Andrea_Mitchell_Reports/MSNBCW_20180528_160000_Andrea_Mitchell_Reports.thumbs/MSNBCW_20180528_160000_Andrea_Mitchell_Reports_003538.jpg,"children, there's no fundamental right to be protected from climate change. in this case, the government, ironically, is on the defense. reporter: legal analyst david hackett is surprised the case made it this far. the plaintiffs bucked the odds."
https://archive.org/details/MSNBCW_20180530_130000_MSNBC_Live_With_Stephanie_Ruhle#start/1946/end/1981,5/30/2018 13:32:41,MSNBC,MSNBC Live With Stephanie Ruhle,MSNBCW_20180530_130000_MSNBC_Live_With_Stephanie_Ruhle,https://archive.org/download/MSNBCW_20180530_130000_MSNBC_Live_With_Stephanie_Ruhle/MSNBCW_20180530_130000_MSNBC_Live_With_Stephanie_Ruhle.thumbs/MSNBCW_20180530_130000_MSNBC_Live_With_Stephanie_Ruhle_001947.jpg,"and helped dreamers stay in school. he led bold action against climate change. and only de león fought for universal, medicare for all. democrat kevin de león the only true progressive for senate. change california now"
https://archive.org/details/MSNBCW_20180529_180000_MSNBC_Live_With_Katy_Tur#start/2453/end/2488,5/29/2018 18:41:08,MSNBC,MSNBC Live With Katy Tur,MSNBCW_20180529_180000_MSNBC_Live_With_Katy_Tur,https://archive.org/download/MSNBCW_20180529_180000_MSNBC_Live_With_Katy_Tur/MSNBCW_20180529_180000_MSNBC_Live_With_Katy_Tur.thumbs/MSNBCW_20180529_180000_MSNBC_Live_With_Katy_Tur_002419.jpg,"kevin de león is the only candidate for senate who passed laws protecting immigrants from trump. and helped dreamers stay in school. he led bold action against climate change. and only de león fought for universal, medicare for all."
https://archive.org/details/MSNBCW_20180526_000000_All_In_With_Chris_Hayes#start/3148/end/3183,5/26/2018 0:52:43,MSNBC,All In With Chris Hayes,MSNBCW_20180526_000000_All_In_With_Chris_Hayes,https://archive.org/download/MSNBCW_20180526_000000_All_In_With_Chris_Hayes/MSNBCW_20180526_000000_All_In_With_Chris_Hayes.thumbs/MSNBCW_20180526_000000_All_In_With_Chris_Hayes_003148.jpg,"he led bold action against climate change. and only de león fought for universal, medicare for all. democrat kevin de león the only true progressive for senate. change california now is responsible for the content of this advertising."
https://archive.org/details/MSNBCW_20180520_130000_MSNBC_Live_With_Alex_Witt#start/2212/end/2247,5/20/2018 13:37:07,MSNBC,MSNBC Live With Alex Witt,MSNBCW_20180520_130000_MSNBC_Live_With_Alex_Witt,https://archive.org/download/MSNBCW_20180520_130000_MSNBC_Live_With_Alex_Witt/MSNBCW_20180520_130000_MSNBC_Live_With_Alex_Witt.thumbs/MSNBCW_20180520_130000_MSNBC_Live_With_Alex_Witt_002188.jpg,"and helped dreamers stay in school. he led bold action against climate change. and only de león fought for universal, medicare for all. democrat kevin de león the only true progressive for senate. change california now"
https://archive.org/details/MSNBCW_20180520_230000_Kasie_DC#start/5361/end/5396,5/21/2018 0:29:36,MSNBC,Kasie DC,MSNBCW_20180520_230000_Kasie_DC,https://archive.org/download/MSNBCW_20180520_230000_Kasie_DC/MSNBCW_20180520_230000_Kasie_DC.thumbs/MSNBCW_20180520_230000_Kasie_DC_005337.jpg,"and helped dreamers stay in school. he led bold action against climate change. and only de león fought for universal, medicare for all. democrat kevin de león the only true progressive for senate. change california now"
https://archive.org/details/MSNBCW_20180521_030000_Dateline_Extra#start/1793/end/1828,5/21/2018 3:30:08,MSNBC,Dateline Extra,MSNBCW_20180521_030000_Dateline_Extra,https://archive.org/download/MSNBCW_20180521_030000_Dateline_Extra/MSNBCW_20180521_030000_Dateline_Extra.thumbs/MSNBCW_20180521_030000_Dateline_Extra_001768.jpg,"who passed laws protecting immigrants from trump. and helped dreamers stay in school. he led bold action against climate change. and only de león fought for universal, medicare for all. democrat kevin de león the only true progressive"
https://archive.org/details/MSNBCW_20180520_030000_Hardball_With_Chris_Matthews#start/2707/end/2742,5/20/2018 3:45:22,MSNBC,Hardball With Chris Matthews,MSNBCW_20180520_030000_Hardball_With_Chris_Matthews,https://archive.org/download/MSNBCW_20180520_030000_Hardball_With_Chris_Matthews/MSNBCW_20180520_030000_Hardball_With_Chris_Matthews.thumbs/MSNBCW_20180520_030000_Hardball_With_Chris_Matthews_002698.jpg,"and helped dreamers stay in school. he led bold action against climate change. and only de león fought for universal, medicare for all. democrat kevin de león the only true progressive for senate. change california now"
https://archive.org/details/MSNBCW_20180528_020000_Richard_Engel_on_Assignment#start/1890/end/1925,5/28/2018 2:31:45,MSNBC,Richard Engel on Assignment,MSNBCW_20180528_020000_Richard_Engel_on_Assignment,https://archive.org/download/MSNBCW_20180528_020000_Richard_Engel_on_Assignment/MSNBCW_20180528_020000_Richard_Engel_on_Assignment.thumbs/MSNBCW_20180528_020000_Richard_Engel_on_Assignment_001887.jpg,"who passed laws protecting immigrants from trump. and helped dreamers stay in school. he led bold action against climate change. and only de león fought for universal, medicare for all. democrat kevin de león the only true progressive"
https://archive.org/details/MSNBCW_20180527_180000_MSNBC_Live_With_David_Gura#start/2737/end/2772,5/27/2018 18:45:52,MSNBC,MSNBC Live With David Gura,MSNBCW_20180527_180000_MSNBC_Live_With_David_Gura,https://archive.org/download/MSNBCW_20180527_180000_MSNBC_Live_With_David_Gura/MSNBCW_20180527_180000_MSNBC_Live_With_David_Gura.thumbs/MSNBCW_20180527_180000_MSNBC_Live_With_David_Gura_002727.jpg,"$1000. half of those candidates have medicare for all in their literature. the democratic party platform. that includes a $15 minimum wage. calls for substantial action on climate change. you've seen $15 minimum wage moving around the country."
https://archive.org/details/MSNBCW_20180526_230000_Hardball_With_Chris_Matthews#start/3068/end/3103,5/26/2018 23:51:23,MSNBC,Hardball With Chris Matthews,MSNBCW_20180526_230000_Hardball_With_Chris_Matthews,https://archive.org/download/MSNBCW_20180526_230000_Hardball_With_Chris_Matthews/MSNBCW_20180526_230000_Hardball_With_Chris_Matthews.thumbs/MSNBCW_20180526_230000_Hardball_With_Chris_Matthews_003057.jpg,"kevin de león is the only candidate for senate who passed laws protecting immigrants from trump. and helped dreamers stay in school. he led bold action against climate change. and only de león fought for universal, medicare for all."
https://archive.org/details/MSNBCW_20180525_060000_The_11th_Hour_With_Brian_Williams#start/1743/end/1778,5/25/2018 6:29:18,MSNBC,The 11th Hour With Brian Williams,MSNBCW_20180525_060000_The_11th_Hour_With_Brian_Williams,https://archive.org/download/MSNBCW_20180525_060000_The_11th_Hour_With_Brian_Williams/MSNBCW_20180525_060000_The_11th_Hour_With_Brian_Williams.thumbs/MSNBCW_20180525_060000_The_11th_Hour_With_Brian_Williams_001737.jpg,"and helped dreamers stay in school. he led bold action against climate change. and only de león fought for universal, medicare for all. democrat kevin de león the only true progressive for senate. change california now is responsible for the content"
https://archive.org/details/MSNBCW_20180524_060000_The_11th_Hour_With_Brian_Williams#start/2006/end/2041,5/24/2018 6:33:41,MSNBC,The 11th Hour With Brian Williams,MSNBCW_20180524_060000_The_11th_Hour_With_Brian_Williams,https://archive.org/download/MSNBCW_20180524_060000_The_11th_Hour_With_Brian_Williams/MSNBCW_20180524_060000_The_11th_Hour_With_Brian_Williams.thumbs/MSNBCW_20180524_060000_The_11th_Hour_With_Brian_Williams_002008.jpg,"our senator should, too. kevin de león is the only candidate for senate who passed laws protecting immigrants from trump. and helped dreamers stay in school. he led bold action against climate change. and only de león fought for universal,"
https://archive.org/details/MSNBCW_20180524_170000_MSNBC_Live_With_Craig_Melvin#start/3171/end/3206,5/24/2018 17:53:06,MSNBC,MSNBC Live With Craig Melvin,MSNBCW_20180524_170000_MSNBC_Live_With_Craig_Melvin,https://archive.org/download/MSNBCW_20180524_170000_MSNBC_Live_With_Craig_Melvin/MSNBCW_20180524_170000_MSNBC_Live_With_Craig_Melvin.thumbs/MSNBCW_20180524_170000_MSNBC_Live_With_Craig_Melvin_003148.jpg,"equivalent of climate change. it is extreme weather. one day it is 90 degrees, one day it is 40 degrees. one of my favorite movies is 'armageddon.' big '90s blockbuster. they're on an asteroid and everything's flying at them all"
https://archive.org/details/MSNBCW_20180524_200000_Deadline_White_House#start/2180/end/2215,5/24/2018 20:36:35,MSNBC,Deadline White House,MSNBCW_20180524_200000_Deadline_White_House,https://archive.org/download/MSNBCW_20180524_200000_Deadline_White_House/MSNBCW_20180524_200000_Deadline_White_House.thumbs/MSNBCW_20180524_200000_Deadline_White_House_002158.jpg,"our senator should, too. kevin de león is the only candidate for senate who passed laws protecting immigrants from trump. and helped dreamers stay in school. he led bold action against climate change. and only de león fought for universal,"
https://archive.org/details/MSNBCW_20180508_160000_Andrea_Mitchell_Reports#start/716/end/751,5/8/2018 16:12:11,MSNBC,Andrea Mitchell Reports,MSNBCW_20180508_160000_Andrea_Mitchell_Reports,https://archive.org/download/MSNBCW_20180508_160000_Andrea_Mitchell_Reports/MSNBCW_20180508_160000_Andrea_Mitchell_Reports.thumbs/MSNBCW_20180508_160000_Andrea_Mitchell_Reports_000688.jpg,"it seems he's just intent on tearing something down that president obama built up just with paris climate change and with transpacific partnership. he tears down major international agreements and suggests nothing to put in their place. that's weak leadership."
https://archive.org/details/MSNBCW_20180515_030000_The_11th_Hour_With_Brian_Williams#start/3448/end/3483,5/15/2018 3:57:43,MSNBC,The 11th Hour With Brian Williams,MSNBCW_20180515_030000_The_11th_Hour_With_Brian_Williams,https://archive.org/download/MSNBCW_20180515_030000_The_11th_Hour_With_Brian_Williams/MSNBCW_20180515_030000_The_11th_Hour_With_Brian_Williams.thumbs/MSNBCW_20180515_030000_The_11th_Hour_With_Brian_Williams_003447.jpg,"he says climate change is a hoax invented by china. remember that? it was all in good fun and long ago and then came this from the president this weekend. president xi of china and i are working together to give massive"
https://archive.org/details/MSNBCW_20180512_000000_All_In_With_Chris_Hayes#start/1861/end/1896,5/12/2018 0:31:16,MSNBC,All In With Chris Hayes,MSNBCW_20180512_000000_All_In_With_Chris_Hayes,https://archive.org/download/MSNBCW_20180512_000000_All_In_With_Chris_Hayes/MSNBCW_20180512_000000_All_In_With_Chris_Hayes.thumbs/MSNBCW_20180512_000000_All_In_With_Chris_Hayes_001858.jpg,"involving scott pru kit, the latest one may take the case. on a six-figure trip to italy last year, pruitt had dinnered a a five-star restaurant with a cardinal, not just a climate change skeptic, but he was under"
https://archive.org/details/MSNBCW_20180512_220000_All_In_With_Chris_Hayes#start/1857/end/1892,5/12/2018 22:31:12,MSNBC,All In With Chris Hayes,MSNBCW_20180512_220000_All_In_With_Chris_Hayes,https://archive.org/download/MSNBCW_20180512_220000_All_In_With_Chris_Hayes/MSNBCW_20180512_220000_All_In_With_Chris_Hayes.thumbs/MSNBCW_20180512_220000_All_In_With_Chris_Hayes_001857.jpg,"the 'new york times' reporting on a now infamous six figure trip to ittelly last year he had dinner at a five star restaurant with a roman catholic cardinal who was not just a climate change skeptic, he was also"
https://archive.org/details/MSNBCW_20180512_070000_All_In_With_Chris_Hayes#start/2006/end/2041,5/12/2018 7:33:41,MSNBC,All In With Chris Hayes,MSNBCW_20180512_070000_All_In_With_Chris_Hayes,https://archive.org/download/MSNBCW_20180512_070000_All_In_With_Chris_Hayes/MSNBCW_20180512_070000_All_In_With_Chris_Hayes.thumbs/MSNBCW_20180512_070000_All_In_With_Chris_Hayes_002008.jpg,"he's a roman catholic cardinal at the vatvatican. he's a climate change skeptic. then what happens when you ask for documents of the cabinet secretary's schedule? well, what happens is a few weeks later when he was criminally, when he was subject"
https://archive.org/details/MSNBCW_20180506_160000_MSNBC_Live_With_Alex_Witt#start/770/end/805,5/6/2018 16:13:05,MSNBC,MSNBC Live With Alex Witt,MSNBCW_20180506_160000_MSNBC_Live_With_Alex_Witt,https://archive.org/download/MSNBCW_20180506_160000_MSNBC_Live_With_Alex_Witt/MSNBCW_20180506_160000_MSNBC_Live_With_Alex_Witt.thumbs/MSNBCW_20180506_160000_MSNBC_Live_With_Alex_Witt_000747.jpg,"sorry, donald, it is too late for that. i know you don't believe in climate change, but a storm's a coming, baby. for both of you, different perspectives. alex, to you. smart strategy by stormy daniels to come on and play this part,"
https://archive.org/details/MSNBCW_20180506_140000_AM_Joy#start/5543/end/5578,5/6/2018 15:32:38,MSNBC,AM Joy,MSNBCW_20180506_140000_AM_Joy,https://archive.org/download/MSNBCW_20180506_140000_AM_Joy/MSNBCW_20180506_140000_AM_Joy.thumbs/MSNBCW_20180506_140000_AM_Joy_005517.jpg,"once you do it, it's hard to do anything else. myself, north and south korea. why can't i solve us? sorry, donald. it's too late for ta. i know you don't believe in climate change, but a storm's acoming, baby."
https://archive.org/details/MSNBCW_20180524_000000_All_In_With_Chris_Hayes#start/3236/end/3271,5/24/2018 0:54:11,MSNBC,All In With Chris Hayes,MSNBCW_20180524_000000_All_In_With_Chris_Hayes,https://archive.org/download/MSNBCW_20180524_000000_All_In_With_Chris_Hayes/MSNBCW_20180524_000000_All_In_With_Chris_Hayes.thumbs/MSNBCW_20180524_000000_All_In_With_Chris_Hayes_003237.jpg,"kevin de león is the only candidate for senate who passed laws protecting immigrants from trump. and helped dreamers stay in school. he led bold action against climate change. and only de león fought for universal, medicare for all. democrat kevin de león"
https://archive.org/details/MSNBCW_20180523_020000_The_Last_Word_With_Lawrence_ODonnell#start/2146/end/2181,5/23/2018 2:36:01,MSNBC,The Last Word With Lawrence ODonnell,MSNBCW_20180523_020000_The_Last_Word_With_Lawrence_ODonnell,https://archive.org/download/MSNBCW_20180523_020000_The_Last_Word_With_Lawrence_ODonnell/MSNBCW_20180523_020000_The_Last_Word_With_Lawrence_ODonnell.thumbs/MSNBCW_20180523_020000_The_Last_Word_With_Lawrence_ODonnell_002127.jpg,"kevin de león is the only candidate for senate who passed laws protecting immigrants from trump. and helped dreamers stay in school. he led bold action against climate change. and only de león fought for universal, medicare for all. democrat kevin de león"
https://archive.org/details/MSNBCW_20180523_000000_All_In_With_Chris_Hayes#start/1807/end/1842,5/23/2018 0:30:22,MSNBC,All In With Chris Hayes,MSNBCW_20180523_000000_All_In_With_Chris_Hayes,https://archive.org/download/MSNBCW_20180523_000000_All_In_With_Chris_Hayes/MSNBCW_20180523_000000_All_In_With_Chris_Hayes.thumbs/MSNBCW_20180523_000000_All_In_With_Chris_Hayes_001798.jpg,"and helped dreamers stay in school. he led bold action against climate change. and only de león fought for universal, medicare for all. democrat kevin de león the only true progressive for senate. change california now is responsible for the content"
https://archive.org/details/MSNBCW_20180522_180000_MSNBC_Live_With_Katy_Tur#start/3468/end/3503,5/22/2018 18:58:03,MSNBC,MSNBC Live With Katy Tur,MSNBCW_20180522_180000_MSNBC_Live_With_Katy_Tur,https://archive.org/download/MSNBCW_20180522_180000_MSNBC_Live_With_Katy_Tur/MSNBCW_20180522_180000_MSNBC_Live_With_Katy_Tur.thumbs/MSNBCW_20180522_180000_MSNBC_Live_With_Katy_Tur_003447.jpg,"kevin de león is the only candidate for senate who passed laws protecting immigrants from trump. and helped dreamers stay in school. he led bold action against climate change. and only de león fought for universal, medicare for all. democrat kevin de león"
https://archive.org/details/MSNBCW_20180517_100000_Morning_Joe#start/6686/end/6721,5/17/2018 11:51:41,MSNBC,Morning Joe,MSNBCW_20180517_100000_Morning_Joe,https://archive.org/download/MSNBCW_20180517_100000_Morning_Joe/MSNBCW_20180517_100000_Morning_Joe.thumbs/MSNBCW_20180517_100000_Morning_Joe_006687.jpg,"states. he cannot stop me from passing a net neutrality bill, and did not. he didn't stop me from adopting clean energy policies so we can fight climate change. he cannot stop us from having the largest infrastructure package in our state's hess"
https://archive.org/details/MSNBCW_20180519_200000_MSNBC_Live#start/3542/end/3577,5/19/2018 20:59:17,MSNBC,MSNBC Live,MSNBCW_20180519_200000_MSNBC_Live,https://archive.org/download/MSNBCW_20180519_200000_MSNBC_Live/MSNBCW_20180519_200000_MSNBC_Live.thumbs/MSNBCW_20180519_200000_MSNBC_Live_003537.jpg,"and helped dreamers stay in school. he led bold action against climate change. and only de león fought for universal, medicare for all. democrat kevin de león the only true progressive for senate. change california now is responsible for the content"
https://archive.org/details/MSNBCW_20180518_000000_All_In_With_Chris_Hayes#start/2271/end/2306,5/18/2018 0:38:06,MSNBC,All In With Chris Hayes,MSNBCW_20180518_000000_All_In_With_Chris_Hayes,https://archive.org/download/MSNBCW_20180518_000000_All_In_With_Chris_Hayes/MSNBCW_20180518_000000_All_In_With_Chris_Hayes.thumbs/MSNBCW_20180518_000000_All_In_With_Chris_Hayes_002247.jpg,"congressman revolutionary climate change idea. plus all in exclusive video you don't want to miss. hear one of the richest men on earth talking about what it's like meeting president trump. both times he wanted to know if there was a difference"
https://archive.org/details/MSNBCW_20180522_060000_The_11th_Hour_With_Brian_Williams#start/1856/end/1891,5/22/2018 6:31:11,MSNBC,The 11th Hour With Brian Williams,MSNBCW_20180522_060000_The_11th_Hour_With_Brian_Williams,https://archive.org/download/MSNBCW_20180522_060000_The_11th_Hour_With_Brian_Williams/MSNBCW_20180522_060000_The_11th_Hour_With_Brian_Williams.thumbs/MSNBCW_20180522_060000_The_11th_Hour_With_Brian_Williams_001828.jpg,"and helped dreamers stay in school. he led bold action against climate change. and only de león fought for universal, medicare for all. democrat kevin de león the only true progressive for senate. change california now is responsible for the content"
https://archive.org/details/MSNBCW_20180520_050000_Dateline_Extra#start/1833/end/1868,5/20/2018 5:30:48,MSNBC,Dateline Extra,MSNBCW_20180520_050000_Dateline_Extra,https://archive.org/download/MSNBCW_20180520_050000_Dateline_Extra/MSNBCW_20180520_050000_Dateline_Extra.thumbs/MSNBCW_20180520_050000_Dateline_Extra_001828.jpg,"and helped dreamers stay in school. he led bold action against climate change. and only de león fought for universal, medicare for all. democrat kevin de león the only true progressive for senate. change california now is responsible for the content"
https://archive.org/details/MSNBCW_20180529_060000_The_11th_Hour_With_Brian_Williams#start/3492/end/3527,5/29/2018 6:58:27,MSNBC,The 11th Hour With Brian Williams,MSNBCW_20180529_060000_The_11th_Hour_With_Brian_Williams,https://archive.org/download/MSNBCW_20180529_060000_The_11th_Hour_With_Brian_Williams/MSNBCW_20180529_060000_The_11th_Hour_With_Brian_Williams.thumbs/MSNBCW_20180529_060000_The_11th_Hour_With_Brian_Williams_003478.jpg,"our senator should, too. kevin de león is the only candidate for senate who passed laws protecting immigrants from trump. and helped dreamers stay in school. he led bold action against climate change. and only de león fought for universal,"
https://archive.org/details/MSNBCW_20180528_100000_Morning_Joe#start/10503/end/10538,5/28/2018 12:55:18,MSNBC,Morning Joe,MSNBCW_20180528_100000_Morning_Joe,https://archive.org/download/MSNBCW_20180528_100000_Morning_Joe/MSNBCW_20180528_100000_Morning_Joe.thumbs/MSNBCW_20180528_100000_Morning_Joe_010497.jpg,"right to be protected from climate change. in this case, the government, ironically, is on the defense team -- reporter: he's surprised the case has made it this far. a highly unlikely case that has become a very personal cause for"
https://archive.org/details/MSNBCW_20180528_150000_MSNBC_Live_With_Velshi_and_Ruhle#start/2392/end/2427,5/28/2018 15:40:07,MSNBC,MSNBC Live With Velshi and Ruhle,MSNBCW_20180528_150000_MSNBC_Live_With_Velshi_and_Ruhle,https://archive.org/download/MSNBCW_20180528_150000_MSNBC_Live_With_Velshi_and_Ruhle/MSNBCW_20180528_150000_MSNBC_Live_With_Velshi_and_Ruhle.thumbs/MSNBCW_20180528_150000_MSNBC_Live_With_Velshi_and_Ruhle_002368.jpg,"our senator should, too. kevin de león is the only candidate for senate who passed laws protecting immigrants from trump. and helped dreamers stay in school. he led bold action against climate change. and only de león fought for universal,"
https://archive.org/details/MSNBCW_20180528_160000_Andrea_Mitchell_Reports#start/3457/end/3492,5/28/2018 16:57:52,MSNBC,Andrea Mitchell Reports,MSNBCW_20180528_160000_Andrea_Mitchell_Reports,https://archive.org/download/MSNBCW_20180528_160000_Andrea_Mitchell_Reports/MSNBCW_20180528_160000_Andrea_Mitchell_Reports.thumbs/MSNBCW_20180528_160000_Andrea_Mitchell_Reports_003448.jpg,"my pet hermit crab. reporter: lehigh seems like any other 10-year-old, but this precocious science geek knows more about climate change than many adults. i worry about it basically every day. reporter: he's worried rising sea levels could mean his home"
https://archive.org/details/MSNBCW_20180528_160000_Andrea_Mitchell_Reports#start/3473/end/3508,5/28/2018 16:58:08,MSNBC,Andrea Mitchell Reports,MSNBCW_20180528_160000_Andrea_Mitchell_Reports,https://archive.org/download/MSNBCW_20180528_160000_Andrea_Mitchell_Reports/MSNBCW_20180528_160000_Andrea_Mitchell_Reports.thumbs/MSNBCW_20180528_160000_Andrea_Mitchell_Reports_003448.jpg,"along the florida coast could disappear completely. if climate change does not stop we will probably have very little beach. we all have a stake in this case. reporter: levigh and 20 others from across the country decided to do something."
https://archive.org/details/MSNBCW_20180530_050000_The_Last_Word_With_Lawrence_ODonnell#start/2048/end/2083,5/30/2018 5:34:23,MSNBC,The Last Word With Lawrence ODonnell,MSNBCW_20180530_050000_The_Last_Word_With_Lawrence_ODonnell,https://archive.org/download/MSNBCW_20180530_050000_The_Last_Word_With_Lawrence_ODonnell/MSNBCW_20180530_050000_The_Last_Word_With_Lawrence_ODonnell.thumbs/MSNBCW_20180530_050000_The_Last_Word_With_Lawrence_ODonnell_002037.jpg,"and helped dreamers stay in school. he led bold action against climate change. and only de león fought for universal, medicare for all. democrat kevin de león the only true progressive for senate. change california now is responsible for the content"
https://archive.org/details/MSNBCW_20180530_170000_MSNBC_Live_With_Craig_Melvin#start/1614/end/1649,5/30/2018 17:27:09,MSNBC,MSNBC Live With Craig Melvin,MSNBCW_20180530_170000_MSNBC_Live_With_Craig_Melvin,https://archive.org/download/MSNBCW_20180530_170000_MSNBC_Live_With_Craig_Melvin/MSNBCW_20180530_170000_MSNBC_Live_With_Craig_Melvin.thumbs/MSNBCW_20180530_170000_MSNBC_Live_With_Craig_Melvin_001587.jpg,"kevin de león is the only candidate for senate who passed laws protecting immigrants from trump. and helped dreamers stay in school. he led bold action against climate change. and only de león fought for universal, medicare for all. democrat kevin de león"
https://archive.org/details/MSNBCW_20180529_150000_MSNBC_Live_With_Velshi_and_Ruhle#start/1659/end/1694,5/29/2018 15:27:54,MSNBC,MSNBC Live With Velshi and Ruhle,MSNBCW_20180529_150000_MSNBC_Live_With_Velshi_and_Ruhle,https://archive.org/download/MSNBCW_20180529_150000_MSNBC_Live_With_Velshi_and_Ruhle/MSNBCW_20180529_150000_MSNBC_Live_With_Velshi_and_Ruhle.thumbs/MSNBCW_20180529_150000_MSNBC_Live_With_Velshi_and_Ruhle_001647.jpg,"and helped dreamers stay in school. he led bold action against climate change. and only de león fought for universal, medicare for all. democrat kevin de león the only true progressive for senate. change california now is responsible for the content"
https://archive.org/details/MSNBCW_20180525_200000_Deadline_White_House#start/461/end/496,5/25/2018 20:07:56,MSNBC,Deadline White House,MSNBCW_20180525_200000_Deadline_White_House,https://archive.org/download/MSNBCW_20180525_200000_Deadline_White_House/MSNBCW_20180525_200000_Deadline_White_House.thumbs/MSNBCW_20180525_200000_Deadline_White_House_000447.jpg,"on iran, on climate change, on trade. again and again, there was this criticism. even from president putin who, as we know, is reluctant always to criticize president trump in public, and he didn't directly criticize him, but joined the"
https://archive.org/details/MSNBCW_20180520_140000_AM_Joy#start/5546/end/5581,5/20/2018 15:32:41,MSNBC,AM Joy,MSNBCW_20180520_140000_AM_Joy,https://archive.org/download/MSNBCW_20180520_140000_AM_Joy/MSNBCW_20180520_140000_AM_Joy.thumbs/MSNBCW_20180520_140000_AM_Joy_005547.jpg,"kevin de león is the only candidate for senate who passed laws protecting immigrants from trump. and helped dreamers stay in school. he led bold action against climate change. and only de león fought for universal, medicare for all. democrat kevin de león"
https://archive.org/details/MSNBCW_20180520_200000_MSNBC_Live_With_Yasmin_Vossoughian#start/1849/end/1884,5/20/2018 20:31:04,MSNBC,MSNBC Live With Yasmin Vossoughian,MSNBCW_20180520_200000_MSNBC_Live_With_Yasmin_Vossoughian,https://archive.org/download/MSNBCW_20180520_200000_MSNBC_Live_With_Yasmin_Vossoughian/MSNBCW_20180520_200000_MSNBC_Live_With_Yasmin_Vossoughian.thumbs/MSNBCW_20180520_200000_MSNBC_Live_With_Yasmin_Vossoughian_001827.jpg,"kevin de león is the only candidate for senate who passed laws protecting immigrants from trump. and helped dreamers stay in school. he led bold action against climate change. and only de león fought for universal, medicare for all. democrat kevin de león"
https://archive.org/details/MSNBCW_20180520_120000_PoliticsNation_With_Al_Sharpton#start/1214/end/1249,5/20/2018 12:20:29,MSNBC,PoliticsNation With Al Sharpton,MSNBCW_20180520_120000_PoliticsNation_With_Al_Sharpton,https://archive.org/download/MSNBCW_20180520_120000_PoliticsNation_With_Al_Sharpton/MSNBCW_20180520_120000_PoliticsNation_With_Al_Sharpton.thumbs/MSNBCW_20180520_120000_PoliticsNation_With_Al_Sharpton_001197.jpg,"democratic mayors and independent mayors, republican mayors of san diego and miami leading on climate change, the mayor of atlanta is doing fantastic work putting exoffenders back to work. the mayor of houston you mentioned earlier, amazing work creating small businesses in"
https://archive.org/details/MSNBCW_20180527_130000_MSNBC_Live_With_Alex_Witt#start/2469/end/2504,5/27/2018 13:41:24,MSNBC,MSNBC Live With Alex Witt,MSNBCW_20180527_130000_MSNBC_Live_With_Alex_Witt,https://archive.org/download/MSNBCW_20180527_130000_MSNBC_Live_With_Alex_Witt/MSNBCW_20180527_130000_MSNBC_Live_With_Alex_Witt.thumbs/MSNBCW_20180527_130000_MSNBC_Live_With_Alex_Witt_002458.jpg,"skeptical for good reasons. last year, there were numerous headlines that relied on noncredible sources. 'the new york times' printed a false headline on their front cover about the administration having a secret climate change report and then cnn ran multiple"
https://archive.org/details/MSNBCW_20180527_050000_Dateline_Extra#start/1940/end/1975,5/27/2018 5:32:35,MSNBC,Dateline Extra,MSNBCW_20180527_050000_Dateline_Extra,https://archive.org/download/MSNBCW_20180527_050000_Dateline_Extra/MSNBCW_20180527_050000_Dateline_Extra.thumbs/MSNBCW_20180527_050000_Dateline_Extra_001918.jpg,"our senator should, too. kevin de león is the only candidate for senate who passed laws protecting immigrants from trump. and helped dreamers stay in school. he led bold action against climate change. and only de león fought for universal,"
https://archive.org/details/MSNBCW_20180527_210000_MSNBC_Live_With_Ayman_Mohyeldin#start/1924/end/1959,5/27/2018 21:32:19,MSNBC,MSNBC Live With Ayman Mohyeldin,MSNBCW_20180527_210000_MSNBC_Live_With_Ayman_Mohyeldin,https://archive.org/download/MSNBCW_20180527_210000_MSNBC_Live_With_Ayman_Mohyeldin/MSNBCW_20180527_210000_MSNBC_Live_With_Ayman_Mohyeldin.thumbs/MSNBCW_20180527_210000_MSNBC_Live_With_Ayman_Mohyeldin_001917.jpg,"kevin de león is the only candidate for senate who passed laws protecting immigrants from trump. and helped dreamers stay in school. he led bold action against climate change. and only de león fought for universal, medicare for all. democrat kevin de león"
https://archive.org/details/MSNBCW_20180527_020000_Deadline_White_House#start/447/end/482,5/27/2018 2:07:42,MSNBC,Deadline White House,MSNBCW_20180527_020000_Deadline_White_House,https://archive.org/download/MSNBCW_20180527_020000_Deadline_White_House/MSNBCW_20180527_020000_Deadline_White_House.thumbs/MSNBCW_20180527_020000_Deadline_White_House_000448.jpg,"toward peace in north korea. but nicole, on so many other subjects as you mentioned, what we saw was them being unified in criticism without naming president trump on iran on climate change, on trade, again and again there was this"
https://archive.org/details/MSNBCW_20180527_020000_Deadline_White_House#start/3159/end/3194,5/27/2018 2:52:54,MSNBC,Deadline White House,MSNBCW_20180527_020000_Deadline_White_House,https://archive.org/download/MSNBCW_20180527_020000_Deadline_White_House/MSNBCW_20180527_020000_Deadline_White_House.thumbs/MSNBCW_20180527_020000_Deadline_White_House_003148.jpg,"our senator should, too. kevin de león is the only candidate for senate who passed laws protecting immigrants from trump. and helped dreamers stay in school. he led bold action against climate change. and only de león fought for universal,"
https://archive.org/details/MSNBCW_20180531_160000_Andrea_Mitchell_Reports#start/1993/end/2028,5/31/2018 16:33:28,MSNBC,Andrea Mitchell Reports,MSNBCW_20180531_160000_Andrea_Mitchell_Reports,https://archive.org/download/MSNBCW_20180531_160000_Andrea_Mitchell_Reports/MSNBCW_20180531_160000_Andrea_Mitchell_Reports.thumbs/MSNBCW_20180531_160000_Andrea_Mitchell_Reports_001977.jpg,"californians are leading against donald trump. our senator should, too. kevin de león is the only candidate for senate who passed laws protecting immigrants from trump. and helped dreamers stay in school. he led bold action against climate change. and only de león fought for universal,"
https://archive.org/details/MSNBCW_20180525_100000_Morning_Joe#start/9201/end/9236,5/25/2018 12:33:36,MSNBC,Morning Joe,MSNBCW_20180525_100000_Morning_Joe,https://archive.org/download/MSNBCW_20180525_100000_Morning_Joe/MSNBCW_20180525_100000_Morning_Joe.thumbs/MSNBCW_20180525_100000_Morning_Joe_009178.jpg,"californians are leading against donald trump. our senator should, too. kevin de león is the only candidate for senate who passed laws protecting immigrants from trump. and helped dreamers stay in school. he led bold action against climate change. and only de león fought for universal,"
https://archive.org/details/MSNBCW_20180507_230000_Hardball_With_Chris_Matthews#start/1149/end/1184,5/7/2018 23:19:24,MSNBC,Hardball With Chris Matthews,MSNBCW_20180507_230000_Hardball_With_Chris_Matthews,https://archive.org/download/MSNBCW_20180507_230000_Hardball_With_Chris_Matthews/MSNBCW_20180507_230000_Hardball_With_Chris_Matthews.thumbs/MSNBCW_20180507_230000_Hardball_With_Chris_Matthews_001137.jpg,"need for this to all go away? a resignation. i solved north and south korea. why can't i solve us? sorry, donald, it's too late for that. i know you don't believe in climate change. but a storm's a-coming, baby."
https://archive.org/details/MSNBCW_20180507_200000_Deadline_White_House#start/2166/end/2201,5/7/2018 20:36:21,MSNBC,Deadline White House,MSNBCW_20180507_200000_Deadline_White_House,https://archive.org/download/MSNBCW_20180507_200000_Deadline_White_House/MSNBCW_20180507_200000_Deadline_White_House.thumbs/MSNBCW_20180507_200000_Deadline_White_House_002158.jpg,"climate change, but a storm's a coming, baby. imagine how the president must have felt seeing that on saturday night. what i wouldn't have paid to be a fly on the wall. watching the woman responsible for allegedly he cans posing a secret hush money operation"
https://archive.org/details/MSNBCW_20180512_000000_All_In_With_Chris_Hayes#start/2017/end/2052,5/12/2018 0:33:52,MSNBC,All In With Chris Hayes,MSNBCW_20180512_000000_All_In_With_Chris_Hayes,https://archive.org/download/MSNBCW_20180512_000000_All_In_With_Chris_Hayes/MSNBCW_20180512_000000_All_In_With_Chris_Hayes.thumbs/MSNBCW_20180512_000000_All_In_With_Chris_Hayes_002008.jpg,"fascinating guy. he's a roman catholic cardinal at the vatvatican. he's a climate change skeptic. then what happens when you ask for documents of the cabinet secretary's schedule? well, what happens is a few weeks later when he was criminally, when he was subject"
https://archive.org/details/MSNBCW_20180518_100000_Morning_Joe#start/6707/end/6742,5/18/2018 11:52:02,MSNBC,Morning Joe,MSNBCW_20180518_100000_Morning_Joe,https://archive.org/download/MSNBCW_20180518_100000_Morning_Joe/MSNBCW_20180518_100000_Morning_Joe.thumbs/MSNBCW_20180518_100000_Morning_Joe_006688.jpg,"nato allies on climate change or trade issues or the iran deal, but i'm saying we have seen these kind of differences before. the crisis in the '50s or the iraq war in 2003. despite those differences, we have been able to overcome them"
https://archive.org/details/MSNBCW_20180523_030000_The_11th_Hour_With_Brian_Williams#start/1982/end/2017,5/23/2018 3:33:17,MSNBC,The 11th Hour With Brian Williams,MSNBCW_20180523_030000_The_11th_Hour_With_Brian_Williams,https://archive.org/download/MSNBCW_20180523_030000_The_11th_Hour_With_Brian_Williams/MSNBCW_20180523_030000_The_11th_Hour_With_Brian_Williams.thumbs/MSNBCW_20180523_030000_The_11th_Hour_With_Brian_Williams_001977.jpg,"californians are leading against donald trump. our senator should, too. kevin de león is the only candidate for senate who passed laws protecting immigrants from trump. and helped dreamers stay in school. he led bold action against climate change. and only de león fought for universal,"
https://archive.org/details/MSNBCW_20180518_130000_MSNBC_Live_With_Stephanie_Ruhle#start/3547/end/3582,5/18/2018 13:59:22,MSNBC,MSNBC Live With Stephanie Ruhle,MSNBCW_20180518_130000_MSNBC_Live_With_Stephanie_Ruhle,https://archive.org/download/MSNBCW_20180518_130000_MSNBC_Live_With_Stephanie_Ruhle/MSNBCW_20180518_130000_MSNBC_Live_With_Stephanie_Ruhle.thumbs/MSNBCW_20180518_130000_MSNBC_Live_With_Stephanie_Ruhle_003538.jpg,"californians are leading against donald trump. our senator should, too. kevin de león is the only candidate for senate who passed laws protecting immigrants from trump. and helped dreamers stay in school. he led bold action against climate change. and only de león fought for universal,"
https://archive.org/details/MSNBCW_20180522_020000_The_Last_Word_With_Lawrence_ODonnell#start/2199/end/2234,5/22/2018 2:36:54,MSNBC,The Last Word With Lawrence ODonnell,MSNBCW_20180522_020000_The_Last_Word_With_Lawrence_ODonnell,https://archive.org/download/MSNBCW_20180522_020000_The_Last_Word_With_Lawrence_ODonnell/MSNBCW_20180522_020000_The_Last_Word_With_Lawrence_ODonnell.thumbs/MSNBCW_20180522_020000_The_Last_Word_With_Lawrence_ODonnell_002187.jpg,"californians are leading against donald trump. our senator should, too. kevin de león is the only candidate for senate who passed laws protecting immigrants from trump. and helped dreamers stay in school. he led bold action against climate change. and only de león fought for universal,"
https://archive.org/details/MSNBCW_20180521_150000_MSNBC_Live_With_Velshi_and_Ruhle#start/2382/end/2417,5/21/2018 15:39:57,MSNBC,MSNBC Live With Velshi and Ruhle,MSNBCW_20180521_150000_MSNBC_Live_With_Velshi_and_Ruhle,https://archive.org/download/MSNBCW_20180521_150000_MSNBC_Live_With_Velshi_and_Ruhle/MSNBCW_20180521_150000_MSNBC_Live_With_Velshi_and_Ruhle.thumbs/MSNBCW_20180521_150000_MSNBC_Live_With_Velshi_and_Ruhle_002367.jpg,"californians are leading against donald trump. our senator should, too. kevin de león is the only candidate for senate who passed laws protecting immigrants from trump. and helped dreamers stay in school. he led bold action against climate change. and only de león fought for universal,"
https://archive.org/details/MSNBCW_20180526_050000_The_Last_Word_With_Lawrence_ODonnell#start/2046/end/2081,5/26/2018 5:34:21,MSNBC,The Last Word With Lawrence ODonnell,MSNBCW_20180526_050000_The_Last_Word_With_Lawrence_ODonnell,https://archive.org/download/MSNBCW_20180526_050000_The_Last_Word_With_Lawrence_ODonnell/MSNBCW_20180526_050000_The_Last_Word_With_Lawrence_ODonnell.thumbs/MSNBCW_20180526_050000_The_Last_Word_With_Lawrence_ODonnell_002037.jpg,"californians are leading against donald trump. our senator should, too. kevin de león is the only candidate for senate who passed laws protecting immigrants from trump. and helped dreamers stay in school. he led bold action against climate change. and only de león fought for universal,"
https://archive.org/details/MSNBCW_20180525_200000_Deadline_White_House#start/914/end/949,5/25/2018 20:15:29,MSNBC,Deadline White House,MSNBCW_20180525_200000_Deadline_White_House,https://archive.org/download/MSNBCW_20180525_200000_Deadline_White_House/MSNBCW_20180525_200000_Deadline_White_House.thumbs/MSNBCW_20180525_200000_Deadline_White_House_000897.jpg,"whether it's obviously the fact that we are now sacrificing not just a potential to transform our economy in a great way, but also the well-being of the next generation by pulling out on climate change. on issue after issue, he has not"
https://archive.org/details/MSNBCW_20180525_220000_The_Beat_With_Ari_Melber#start/3042/end/3077,5/25/2018 22:50:57,MSNBC,The Beat With Ari Melber,MSNBCW_20180525_220000_The_Beat_With_Ari_Melber,https://archive.org/download/MSNBCW_20180525_220000_The_Beat_With_Ari_Melber/MSNBCW_20180525_220000_The_Beat_With_Ari_Melber.thumbs/MSNBCW_20180525_220000_The_Beat_With_Ari_Melber_003028.jpg,"californians are leading against donald trump. our senator should, too. kevin de león is the only candidate for senate who passed laws protecting immigrants from trump. and helped dreamers stay in school. he led bold action against climate change. and only de león fought for universal,"
https://archive.org/details/MSNBCW_20180522_140000_MSNBC_Live_With_Hallie_Jackson#start/2308/end/2343,5/22/2018 14:38:43,MSNBC,MSNBC Live With Hallie Jackson,MSNBCW_20180522_140000_MSNBC_Live_With_Hallie_Jackson,https://archive.org/download/MSNBCW_20180522_140000_MSNBC_Live_With_Hallie_Jackson/MSNBCW_20180522_140000_MSNBC_Live_With_Hallie_Jackson.thumbs/MSNBCW_20180522_140000_MSNBC_Live_With_Hallie_Jackson_002309.jpg,"woman said, it will happen again. what are we doing to safeguard our city and acknowledge that climate change is real and our city is going to be very affected very adversely if we don't rethink how we approach flooding. i know hallie jackson wants to ask you a question, hallie,"
https://archive.org/details/MSNBCW_20180528_200000_Deadline_White_House#start/1653/end/1688,5/28/2018 20:27:48,MSNBC,Deadline White House,MSNBCW_20180528_200000_Deadline_White_House,https://archive.org/download/MSNBCW_20180528_200000_Deadline_White_House/MSNBCW_20180528_200000_Deadline_White_House.thumbs/MSNBCW_20180528_200000_Deadline_White_House_001617.jpg,"cardiologist-prescribed blood thinner. californians are leading against donald trump. our senator should, too. kevin de león is the only candidate for senate who passed laws protecting immigrants from trump. and helped dreamers stay in school. he led bold action against climate change. and only de león fought for universal,"
https://archive.org/details/MSNBCW_20180528_160000_Andrea_Mitchell_Reports#start/3215/end/3250,5/28/2018 16:53:50,MSNBC,Andrea Mitchell Reports,MSNBCW_20180528_160000_Andrea_Mitchell_Reports,https://archive.org/download/MSNBCW_20180528_160000_Andrea_Mitchell_Reports/MSNBCW_20180528_160000_Andrea_Mitchell_Reports.thumbs/MSNBCW_20180528_160000_Andrea_Mitchell_Reports_003208.jpg,"generation. how a group of kids are leading the fight against climate change. you're watching 'andrea mitchell reports' on msnbc. ow older, your brain naturally begins to change which may cause trouble with recall. - learning from him is great. when i can keep up! - anncr: thankfully, prevagen helps your brain"
https://archive.org/details/MSNBCW_20180527_020000_Deadline_White_House#start/920/end/955,5/27/2018 2:15:35,MSNBC,Deadline White House,MSNBCW_20180527_020000_Deadline_White_House,https://archive.org/download/MSNBCW_20180527_020000_Deadline_White_House/MSNBCW_20180527_020000_Deadline_White_House.thumbs/MSNBCW_20180527_020000_Deadline_White_House_000898.jpg,"our economy in a great way but also the well-being of the next generation by pulling out on climate change. on issue after issue, he has not been able to say that america first, other than being a psychic boost to say, we are still the best in the world,"
https://archive.org/details/MSNBCW_20180523_140000_MSNBC_Live_With_Hallie_Jackson#start/1783/end/1818,5/23/2018 14:29:58,MSNBC,MSNBC Live With Hallie Jackson,MSNBCW_20180523_140000_MSNBC_Live_With_Hallie_Jackson,https://archive.org/download/MSNBCW_20180523_140000_MSNBC_Live_With_Hallie_Jackson/MSNBCW_20180523_140000_MSNBC_Live_With_Hallie_Jackson.thumbs/MSNBCW_20180523_140000_MSNBC_Live_With_Hallie_Jackson_001768.jpg,"to negotiate the price of drugs. californians are leading against donald trump. our senator should, too. kevin de león is the only candidate for senate who passed laws protecting immigrants from trump. and helped dreamers stay in school. he led bold action against climate change. and only de león fought for universal,"
https://archive.org/details/MSNBCW_20180520_180000_MSNBC_Live_With_David_Gura#start/2256/end/2291,5/20/2018 18:37:51,MSNBC,MSNBC Live With David Gura,MSNBCW_20180520_180000_MSNBC_Live_With_David_Gura,https://archive.org/download/MSNBCW_20180520_180000_MSNBC_Live_With_David_Gura/MSNBCW_20180520_180000_MSNBC_Live_With_David_Gura.thumbs/MSNBCW_20180520_180000_MSNBC_Live_With_David_Gura_002247.jpg,"to negotiate the price of drugs. californians are leading against donald trump. our senator should, too. kevin de león is the only candidate for senate who passed laws protecting immigrants from trump. and helped dreamers stay in school. he led bold action against climate change. and only de león fought for universal,"
https://archive.org/details/MSNBCW_20180531_020000_The_Last_Word_With_Lawrence_ODonnell#start/2072/end/2107,5/31/2018 2:34:47,MSNBC,The Last Word With Lawrence ODonnell,MSNBCW_20180531_020000_The_Last_Word_With_Lawrence_ODonnell,https://archive.org/download/MSNBCW_20180531_020000_The_Last_Word_With_Lawrence_ODonnell/MSNBCW_20180531_020000_The_Last_Word_With_Lawrence_ODonnell.thumbs/MSNBCW_20180531_020000_The_Last_Word_With_Lawrence_ODonnell_002068.jpg,"say no to the nra and yes to common-sense gun laws. californians are leading against donald trump. our senator should, too. kevin de león is the only candidate for senate who passed laws protecting immigrants from trump. and helped dreamers stay in school. he led bold action against climate change. and only de león fought for universal,"
https://archive.org/details/MSNBCW_20180509_100000_Morning_Joe#start/1351/end/1386,5/9/2018 10:22:46,MSNBC,Morning Joe,MSNBCW_20180509_100000_Morning_Joe,https://archive.org/download/MSNBCW_20180509_100000_Morning_Joe/MSNBCW_20180509_100000_Morning_Joe.thumbs/MSNBCW_20180509_100000_Morning_Joe_001348.jpg,"ascendency. rouhani and foreign minister zarif were taken in by the united states and the united states has not kept its word. you got to watch that. but you know there's a pattern here. the president pulled us out of the climate change agreement. with no alternative. he pulled us out of the"
https://archive.org/details/MSNBCW_20180530_210000_MTP_Daily#start/2231/end/2266,5/30/2018 21:37:26,MSNBC,MTP Daily,MSNBCW_20180530_210000_MTP_Daily,https://archive.org/download/MSNBCW_20180530_210000_MTP_Daily/MSNBCW_20180530_210000_MTP_Daily.thumbs/MSNBCW_20180530_210000_MTP_Daily_002157.jpg,"now with 5 times more detail than other dna tests. californians are leading against donald trump. our senator should, too. kevin de león is the only candidate for senate who passed laws protecting immigrants from trump. and helped dreamers stay in school. he led bold action against climate change. and only de león fought for universal,"
https://archive.org/details/MSNBCW_20180520_000000_The_Last_Word_With_Lawrence_ODonnell#start/2939/end/2974,5/20/2018 0:49:14,MSNBC,The Last Word With Lawrence ODonnell,MSNBCW_20180520_000000_The_Last_Word_With_Lawrence_ODonnell,https://archive.org/download/MSNBCW_20180520_000000_The_Last_Word_With_Lawrence_ODonnell/MSNBCW_20180520_000000_The_Last_Word_With_Lawrence_ODonnell.thumbs/MSNBCW_20180520_000000_The_Last_Word_With_Lawrence_ODonnell_002938.jpg,"say no to the nra and yes to common-sense gun laws. californians are leading against donald trump. our senator should, too. kevin de león is the only candidate for senate who passed laws protecting immigrants from trump. and helped dreamers stay in school. he led bold action against climate change. and only de león fought for universal,"
