﻿URL,MatchDateTime,Station,Show,IAShowID,IAPreviewThumb,Snippet
https://archive.org/details/MSNBCW_20180421_220000_All_In_With_Chris_Hayes#start/2631/end/2666,4/21/2018 22:44:06,MSNBC,All In With Chris Hayes,MSNBCW_20180421_220000_All_In_With_Chris_Hayes,https://archive.org/download/MSNBCW_20180421_220000_All_In_With_Chris_Hayes/MSNBCW_20180421_220000_All_In_With_Chris_Hayes.thumbs/MSNBCW_20180421_220000_All_In_With_Chris_Hayes_002607.jpg,"climate change will lead the $20 billion bur i don't care -- bur charged with studying the man-made effects of climate change."
https://archive.org/details/MSNBCW_20180408_230000_Kasie_DC#start/4320/end/4355,4/9/2018 0:12:15,MSNBC,Kasie DC,MSNBCW_20180408_230000_Kasie_DC,https://archive.org/download/MSNBCW_20180408_230000_Kasie_DC/MSNBCW_20180408_230000_Kasie_DC.thumbs/MSNBCW_20180408_230000_Kasie_DC_004318.jpg,"certainty years in the future about what kind of cars should be produced that will not just reduce greenhouse gases out of fuel and climate change, but actually save families money. up to $8000 over the life of a"
https://archive.org/details/MSNBCW_20180421_070000_All_In_With_Chris_Hayes#start/2629/end/2664,4/21/2018 7:44:04,MSNBC,All In With Chris Hayes,MSNBCW_20180421_070000_All_In_With_Chris_Hayes,https://archive.org/download/MSNBCW_20180421_070000_All_In_With_Chris_Hayes/MSNBCW_20180421_070000_All_In_With_Chris_Hayes.thumbs/MSNBCW_20180421_070000_All_In_With_Chris_Hayes_002607.jpg,"bridenstein who has no background in science just squeaked by the senate on a peter line vote, and now a republican congressman who says he's not sure humans are the primary drivers of climate change will lead the $20 billion bureaucracy charged with studying the man-made effects of climate change."
https://archive.org/details/MSNBCW_20180421_220000_All_In_With_Chris_Hayes#start/2851/end/2886,4/21/2018 22:47:46,MSNBC,All In With Chris Hayes,MSNBCW_20180421_220000_All_In_With_Chris_Hayes,https://archive.org/download/MSNBCW_20180421_220000_All_In_With_Chris_Hayes/MSNBCW_20180421_220000_All_In_With_Chris_Hayes.thumbs/MSNBCW_20180421_220000_All_In_With_Chris_Hayes_002847.jpg,"what do you think? i think that the data that we are collecting is valuable, it's real, it's showing changes that are happening and regardless of what some people might believe, the facts are the facts. they speak for themselves. reporter: climate change is real. climate change is real."
https://archive.org/details/MSNBCW_20180401_030000_Hardball_With_Chris_Matthews#start/2937/end/2972,4/1/2018 3:49:12,MSNBC,Hardball With Chris Matthews,MSNBCW_20180401_030000_Hardball_With_Chris_Matthews,https://archive.org/download/MSNBCW_20180401_030000_Hardball_With_Chris_Matthews/MSNBCW_20180401_030000_Hardball_With_Chris_Matthews.thumbs/MSNBCW_20180401_030000_Hardball_With_Chris_Matthews_002937.jpg,"pope francis is more than a religious leader. holy father is not just another guy with an opinion. he is an advocate and activist offering a strong voice on climate change."
https://archive.org/details/MSNBCW_20180409_160000_Andrea_Mitchell_Reports#start/2771/end/2806,4/9/2018 16:46:26,MSNBC,Andrea Mitchell Reports,MSNBCW_20180409_160000_Andrea_Mitchell_Reports,https://archive.org/download/MSNBCW_20180409_160000_Andrea_Mitchell_Reports/MSNBCW_20180409_160000_Andrea_Mitchell_Reports.thumbs/MSNBCW_20180409_160000_Andrea_Mitchell_Reports_002758.jpg,"but when you get into the -- how all these things come together and form our sea ice pack and how that is changing, all that is pointing to thinning ice, shrinking ice cover. and that leads to climate change?"
https://archive.org/details/MSNBCW_20180418_170000_MSNBC_Live_With_Craig_Melvin#start/2186/end/2221,4/18/2018 17:36:41,MSNBC,MSNBC Live With Craig Melvin,MSNBCW_20180418_170000_MSNBC_Live_With_Craig_Melvin,https://archive.org/download/MSNBCW_20180418_170000_MSNBC_Live_With_Craig_Melvin/MSNBCW_20180418_170000_MSNBC_Live_With_Craig_Melvin.thumbs/MSNBCW_20180418_170000_MSNBC_Live_With_Craig_Melvin_002187.jpg,"finger on it. this isn't the first time that the president and defense secretary mattis has been on the opposite sides of an issue. in the previous context, which included the iran deal, included the paris climate change"
https://archive.org/details/MSNBCW_20180402_160000_Andrea_Mitchell_Reports#start/2414/end/2449,4/2/2018 16:40:29,MSNBC,Andrea Mitchell Reports,MSNBCW_20180402_160000_Andrea_Mitchell_Reports,https://archive.org/download/MSNBCW_20180402_160000_Andrea_Mitchell_Reports/MSNBCW_20180402_160000_Andrea_Mitchell_Reports.thumbs/MSNBCW_20180402_160000_Andrea_Mitchell_Reports_002398.jpg,"pruitt is going, i guess, for the gold medal. i just can't see how he can last. now, the reason he can last is because the president likes his deregulation on climate issues, which of course is one of your passions, dealing with climate change."
https://archive.org/details/MSNBCW_20180422_230000_Kasie_DC#start/28/end/63,4/22/2018 23:00:43,MSNBC,Kasie DC,MSNBCW_20180422_230000_Kasie_DC,https://archive.org/download/MSNBCW_20180422_230000_Kasie_DC/MSNBCW_20180422_230000_Kasie_DC.thumbs/MSNBCW_20180422_230000_Kasie_DC_000057.jpg,"welcome to 'kasie d.c.' i'm kasie hunt. we are live from washington every sunday from 7:00 to 9:00 p.m. eastern. tonight it turns out the most consequential thing released from james comey this week was probably not his book. plus, climate change and the"
https://archive.org/details/MSNBCW_20180422_220000_Meet_the_Press#start/1111/end/1146,4/22/2018 22:18:46,MSNBC,Meet the Press,MSNBCW_20180422_220000_Meet_the_Press,https://archive.org/download/MSNBCW_20180422_220000_Meet_the_Press/MSNBCW_20180422_220000_Meet_the_Press.thumbs/MSNBCW_20180422_220000_Meet_the_Press_002487.jpg,"welcome to 'kasie d.c.' i'm kasie hunt. we are live from washington every sunday from 7:00 to 9:00 p.m. eastern. tonight it turns out the most consequential thing released from james comey this week was probably not his book. plus, climate change and the"
https://archive.org/details/MSNBCW_20180407_170000_MSNBC_Live_With_Alex_Witt#start/1204/end/1239,4/7/2018 17:20:19,MSNBC,MSNBC Live With Alex Witt,MSNBCW_20180407_170000_MSNBC_Live_With_Alex_Witt,https://archive.org/download/MSNBCW_20180407_170000_MSNBC_Live_With_Alex_Witt/MSNBCW_20180407_170000_MSNBC_Live_With_Alex_Witt.thumbs/MSNBCW_20180407_170000_MSNBC_Live_With_Alex_Witt_001197.jpg,"abuse, a symbol of the pattern of corruption in the trump cabinet. there's no reason he should remain at the epa. why do you think the president seems so reluctant to fire scott pruitt? i have no idea. there are many people who don't believe in climate change and"
https://archive.org/details/MSNBCW_20180401_030000_Hardball_With_Chris_Matthews#start/2148/end/2183,4/1/2018 3:36:03,MSNBC,Hardball With Chris Matthews,MSNBCW_20180401_030000_Hardball_With_Chris_Matthews,https://archive.org/download/MSNBCW_20180401_030000_Hardball_With_Chris_Matthews/MSNBCW_20180401_030000_Hardball_With_Chris_Matthews.thumbs/MSNBCW_20180401_030000_Hardball_With_Chris_Matthews_002127.jpg,"for each party. these are interesting. for republicans, they would be ready to protest for protecting borders and limiting immigration. that was their top choice. also maintaining the right to purchase firearms. those are the two top issues republicans say would get them protesting for democrats increasing racial equality and addressing climate change,"
https://archive.org/details/MSNBCW_20180403_000000_All_In_With_Chris_Hayes#start/2292/end/2327,4/3/2018 0:38:27,MSNBC,All In With Chris Hayes,MSNBCW_20180403_000000_All_In_With_Chris_Hayes,https://archive.org/download/MSNBCW_20180403_000000_All_In_With_Chris_Hayes/MSNBCW_20180403_000000_All_In_With_Chris_Hayes.thumbs/MSNBCW_20180403_000000_All_In_With_Chris_Hayes_002278.jpg,"asked zinke last month asking that they remove scientific language if there a news release. your department released the press release on this report, but it excluded the climate"
https://archive.org/details/MSNBCW_20180402_160000_Andrea_Mitchell_Reports#start/2546/end/2581,4/2/2018 16:42:41,MSNBC,Andrea Mitchell Reports,MSNBCW_20180402_160000_Andrea_Mitchell_Reports,https://archive.org/download/MSNBCW_20180402_160000_Andrea_Mitchell_Reports/MSNBCW_20180402_160000_Andrea_Mitchell_Reports.thumbs/MSNBCW_20180402_160000_Andrea_Mitchell_Reports_002518.jpg,"he is doing because he is deregulating and going forward with policies at the epa, at energy department, and other places, which follow the president's criticism of climate"
https://archive.org/details/MSNBCW_20180403_070000_All_In_With_Chris_Hayes#start/2288/end/2323,4/3/2018 7:38:23,MSNBC,All In With Chris Hayes,MSNBCW_20180403_070000_All_In_With_Chris_Hayes,https://archive.org/download/MSNBCW_20180403_070000_All_In_With_Chris_Hayes/MSNBCW_20180403_070000_All_In_With_Chris_Hayes.thumbs/MSNBCW_20180403_070000_All_In_With_Chris_Hayes_002277.jpg,"your department released the press release on this report, but it excluded the climate change dry sea level rise. this is why i ask the question. reports that use the terms climate change, do you edit those out? do you sensor? i don't believe the report"
https://archive.org/details/MSNBCW_20180409_190000_MSNBC_Live_With_Ali_Velshi#start/3451/end/3486,4/9/2018 19:57:46,MSNBC,MSNBC Live With Ali Velshi,MSNBCW_20180409_190000_MSNBC_Live_With_Ali_Velshi,https://archive.org/download/MSNBCW_20180409_190000_MSNBC_Live_With_Ali_Velshi/MSNBCW_20180409_190000_MSNBC_Live_With_Ali_Velshi.thumbs/MSNBCW_20180409_190000_MSNBC_Live_With_Ali_Velshi_003447.jpg,"to the climate for sometime. he is a friend of the oil and gas industry. well, he has questioned exactly how much humans contribute to climate change and how quickly climate change is happening. part of the issue, though, is if you are the oil and gas"
https://archive.org/details/MSNBCW_20180405_000000_All_In_With_Chris_Hayes#start/1821/end/1856,4/5/2018 0:30:36,MSNBC,All In With Chris Hayes,MSNBCW_20180405_000000_All_In_With_Chris_Hayes,https://archive.org/download/MSNBCW_20180405_000000_All_In_With_Chris_Hayes/MSNBCW_20180405_000000_All_In_With_Chris_Hayes.thumbs/MSNBCW_20180405_000000_All_In_With_Chris_Hayes_001798.jpg,"when the new administration came in, we knew we would be under the gun a little bit, issues of science. that's my background. it was a very intimidating environment for us. a lot of people were looking over their shoulders wondering how would they address climate"
https://archive.org/details/MSNBCW_20180421_000000_All_In_With_Chris_Hayes#start/2881/end/2916,4/21/2018 0:48:16,MSNBC,All In With Chris Hayes,MSNBCW_20180421_000000_All_In_With_Chris_Hayes,https://archive.org/download/MSNBCW_20180421_000000_All_In_With_Chris_Hayes/MSNBCW_20180421_000000_All_In_With_Chris_Hayes.thumbs/MSNBCW_20180421_000000_All_In_With_Chris_Hayes_002877.jpg,"i think that the data that we are collecting is valuable, it's real, it's showing changes that are happening and regardless of what some people might believe, the facts are the facts. they speak for themselves. reporter: climate change is real. climate change is real. jacob soboroff is back in"
https://archive.org/details/MSNBCW_20180421_070000_All_In_With_Chris_Hayes#start/2870/end/2905,4/21/2018 7:48:05,MSNBC,All In With Chris Hayes,MSNBCW_20180421_070000_All_In_With_Chris_Hayes,https://archive.org/download/MSNBCW_20180421_070000_All_In_With_Chris_Hayes/MSNBCW_20180421_070000_All_In_With_Chris_Hayes.thumbs/MSNBCW_20180421_070000_All_In_With_Chris_Hayes_002847.jpg,"are collecting is valuable, it's real, it's showing changes that are happening and regardless of what some people might believe, the facts are the facts. they speak for themselves. reporter: climate change is real. climate change is real. jacob soboroff is back in l.a., joins me now. jacob, trump's nominee was just"
https://archive.org/details/MSNBCW_20180421_000000_All_In_With_Chris_Hayes#start/2647/end/2682,4/21/2018 0:44:22,MSNBC,All In With Chris Hayes,MSNBCW_20180421_000000_All_In_With_Chris_Hayes,https://archive.org/download/MSNBCW_20180421_000000_All_In_With_Chris_Hayes/MSNBCW_20180421_000000_All_In_With_Chris_Hayes.thumbs/MSNBCW_20180421_000000_All_In_With_Chris_Hayes_002637.jpg,"squeaked by the senate on a peter line vote, and now a republican congressman who says he's not sure humans are the primary drivers of climate change will lead the $20 billion bureaucracy charged with studying the man-made effects of climate change. one of the nasa programs is called operation ice bridge,"
https://archive.org/details/MSNBCW_20180403_100000_Morning_Joe#start/6265/end/6300,4/3/2018 11:44:40,MSNBC,Morning Joe,MSNBCW_20180403_100000_Morning_Joe,https://archive.org/download/MSNBCW_20180403_100000_Morning_Joe/MSNBCW_20180403_100000_Morning_Joe.thumbs/MSNBCW_20180403_100000_Morning_Joe_006267.jpg,"yeah, i'm for corporate tax cuts, i'm for getting rid of all corporate taxes but pair them with a carbon tax, a tax on sugar. we cannot afford diabetes anymore. it's going to bankrupt our financial system. a tax on bullets and a financial"
https://archive.org/details/MSNBCW_20180406_190000_MSNBC_Live_With_Ali_Velshi#start/2255/end/2290,4/6/2018 19:37:50,MSNBC,MSNBC Live With Ali Velshi,MSNBCW_20180406_190000_MSNBC_Live_With_Ali_Velshi,https://archive.org/download/MSNBCW_20180406_190000_MSNBC_Live_With_Ali_Velshi/MSNBCW_20180406_190000_MSNBC_Live_With_Ali_Velshi.thumbs/MSNBCW_20180406_190000_MSNBC_Live_With_Ali_Velshi_002247.jpg,"about carbon dioxide and human activity. he said measuring with precision human activity on the climate is challenging and tremendous disagreement about the degree of impact. so no, i would not agree it is a primary contributor to the global warming that we see."
https://archive.org/details/MSNBCW_20180409_140000_MSNBC_Live_With_Hallie_Jackson#start/3015/end/3050,4/9/2018 14:50:30,MSNBC,MSNBC Live With Hallie Jackson,MSNBCW_20180409_140000_MSNBC_Live_With_Hallie_Jackson,https://archive.org/download/MSNBCW_20180409_140000_MSNBC_Live_With_Hallie_Jackson/MSNBCW_20180409_140000_MSNBC_Live_With_Hallie_Jackson.thumbs/MSNBCW_20180409_140000_MSNBC_Live_With_Hallie_Jackson_002998.jpg,"climate change. that has not stopped nasa from doing its work to study our changingcob soboroff did a seri"
https://archive.org/details/MSNBCW_20180405_080000_The_11th_Hour_With_Brian_Williams#start/2836/end/2871,4/5/2018 8:47:31,MSNBC,The 11th Hour With Brian Williams,MSNBCW_20180405_080000_The_11th_Hour_With_Brian_Williams,https://archive.org/download/MSNBCW_20180405_080000_The_11th_Hour_With_Brian_Williams/MSNBCW_20180405_080000_The_11th_Hour_With_Brian_Williams.thumbs/MSNBCW_20180405_080000_The_11th_Hour_With_Brian_Williams_002817.jpg,"he's just -- left and right, he's gotten the epa out of the business of fighting climate change, which many people believe is an existential threat"
https://archive.org/details/MSNBCW_20180408_000000_The_Last_Word_With_Lawrence_ODonnell#start/1483/end/1518,4/8/2018 0:24:58,MSNBC,The Last Word With Lawrence ODonnell,MSNBCW_20180408_000000_The_Last_Word_With_Lawrence_ODonnell,https://archive.org/download/MSNBCW_20180408_000000_The_Last_Word_With_Lawrence_ODonnell/MSNBCW_20180408_000000_The_Last_Word_With_Lawrence_ODonnell.thumbs/MSNBCW_20180408_000000_The_Last_Word_With_Lawrence_ODonnell_001469.jpg,"he doesn't believe in climate change. that's not typically a position held by the person who holds that office. is this is one of the key"
https://archive.org/details/MSNBCW_20180403_000000_All_In_With_Chris_Hayes#start/2279/end/2314,4/3/2018 0:38:14,MSNBC,All In With Chris Hayes,MSNBCW_20180403_000000_All_In_With_Chris_Hayes,https://archive.org/download/MSNBCW_20180403_000000_All_In_With_Chris_Hayes/MSNBCW_20180403_000000_All_In_With_Chris_Hayes.thumbs/MSNBCW_20180403_000000_All_In_With_Chris_Hayes_002098.jpg,"thing 1 tonight is the department of interior under trump's secretary ryan zinke editing scientific studies to remove mention of human activity of climate change? hawaii's senator mazie hirono"
https://archive.org/details/MSNBCW_20180424_130000_MSNBC_Live_With_Stephanie_Ruhle#start/2912/end/2947,4/24/2018 13:48:47,MSNBC,MSNBC Live With Stephanie Ruhle,MSNBCW_20180424_130000_MSNBC_Live_With_Stephanie_Ruhle,https://archive.org/download/MSNBCW_20180424_130000_MSNBC_Live_With_Stephanie_Ruhle/MSNBCW_20180424_130000_MSNBC_Live_With_Stephanie_Ruhle.thumbs/MSNBCW_20180424_130000_MSNBC_Live_With_Stephanie_Ruhle_002907.jpg,"the french do, to disagreements like climate change, but he is positioning himself quite deftly i think as someone who can be a figure in the world of trump."
https://archive.org/details/MSNBCW_20180425_170000_MSNBC_Live_With_Craig_Melvin#start/1490/end/1525,4/25/2018 17:25:05,MSNBC,MSNBC Live With Craig Melvin,MSNBCW_20180425_170000_MSNBC_Live_With_Craig_Melvin,https://archive.org/download/MSNBCW_20180425_170000_MSNBC_Live_With_Craig_Melvin/MSNBCW_20180425_170000_MSNBC_Live_With_Craig_Melvin.thumbs/MSNBCW_20180425_170000_MSNBC_Live_With_Craig_Melvin_001467.jpg,"trump's positions on globalization, on climate change. maybe on the iran deal. on syria, and he has to try to -- has to try to kraecreate personal his personal chemistry"
https://archive.org/details/MSNBCW_20180409_160000_Andrea_Mitchell_Reports#start/2677/end/2712,4/9/2018 16:44:52,MSNBC,Andrea Mitchell Reports,MSNBCW_20180409_160000_Andrea_Mitchell_Reports,https://archive.org/download/MSNBCW_20180409_160000_Andrea_Mitchell_Reports/MSNBCW_20180409_160000_Andrea_Mitchell_Reports.thumbs/MSNBCW_20180409_160000_Andrea_Mitchell_Reports_002608.jpg,"in clinical trials, prevagen has been shown to improve short-term memory. prevagen. the name to remember. president trump has called climate change a chinese hoax. and his administration has"
https://archive.org/details/MSNBCW_20180409_160000_Andrea_Mitchell_Reports#start/2816/end/2851,4/9/2018 16:47:11,MSNBC,Andrea Mitchell Reports,MSNBCW_20180409_160000_Andrea_Mitchell_Reports,https://archive.org/download/MSNBCW_20180409_160000_Andrea_Mitchell_Reports/MSNBCW_20180409_160000_Andrea_Mitchell_Reports.thumbs/MSNBCW_20180409_160000_Andrea_Mitchell_Reports_002818.jpg,"this is pretty nice. the man responsible for making sure the plane stays on course is johns sontag, mission scientist. this is what climate change looks like? yeah, that's right."
https://archive.org/details/MSNBCW_20180425_170000_MSNBC_Live_With_Craig_Melvin#start/31/end/66,4/25/2018 17:00:46,MSNBC,MSNBC Live With Craig Melvin,MSNBCW_20180425_170000_MSNBC_Live_With_Craig_Melvin,https://archive.org/download/MSNBCW_20180425_170000_MSNBC_Live_With_Craig_Melvin/MSNBCW_20180425_170000_MSNBC_Live_With_Craig_Melvin.thumbs/MSNBCW_20180425_170000_MSNBC_Live_With_Craig_Melvin_000057.jpg,"care of our veterans? and charm offensive. the french president takes his message directly to congress. he talked to iran, climate change, fake news and at times rebuked president trump's viewpoints."
https://archive.org/details/MSNBCW_20180425_150000_MSNBC_Live_With_Velshi_and_Ruhle#start/1340/end/1375,4/25/2018 15:22:35,MSNBC,MSNBC Live With Velshi and Ruhle,MSNBCW_20180425_150000_MSNBC_Live_With_Velshi_and_Ruhle,https://archive.org/download/MSNBCW_20180425_150000_MSNBC_Live_With_Velshi_and_Ruhle/MSNBCW_20180425_150000_MSNBC_Live_With_Velshi_and_Ruhle.thumbs/MSNBCW_20180425_150000_MSNBC_Live_With_Velshi_and_Ruhle_001318.jpg,"years. some people think that securing current industries and their jobs is more urgent than transforming our economies to meet the global challenge of climate change. i hear these concerns."
https://archive.org/details/MSNBCW_20180403_000000_All_In_With_Chris_Hayes#start/2468/end/2503,4/3/2018 0:41:23,MSNBC,All In With Chris Hayes,MSNBCW_20180403_000000_All_In_With_Chris_Hayes,https://archive.org/download/MSNBCW_20180403_000000_All_In_With_Chris_Hayes/MSNBCW_20180403_000000_All_In_With_Chris_Hayes.thumbs/MSNBCW_20180403_000000_All_In_With_Chris_Hayes_002458.jpg,"surge. they have the receipts. the drafts they reviewed included changes the phrase due to climate change, meaning human impact was deleted entirely from the executive summary. suddenly it says sea level rise"
https://archive.org/details/MSNBCW_20180403_070000_All_In_With_Chris_Hayes#start/2359/end/2394,4/3/2018 7:39:34,MSNBC,All In With Chris Hayes,MSNBCW_20180403_070000_All_In_With_Chris_Hayes,https://archive.org/download/MSNBCW_20180403_070000_All_In_With_Chris_Hayes/MSNBCW_20180403_070000_All_In_With_Chris_Hayes.thumbs/MSNBCW_20180403_070000_All_In_With_Chris_Hayes_002337.jpg,"you hear that? secretary zinke's indignant challenge to find evidence of the interior department depleting climate change references from a specific scientific report. well, that evidence is thing 2 in 60 seconds."
https://archive.org/details/MSNBCW_20180409_140000_MSNBC_Live_With_Hallie_Jackson#start/3181/end/3216,4/9/2018 14:53:16,MSNBC,MSNBC Live With Hallie Jackson,MSNBCW_20180409_140000_MSNBC_Live_With_Hallie_Jackson,https://archive.org/download/MSNBCW_20180409_140000_MSNBC_Live_With_Hallie_Jackson/MSNBCW_20180409_140000_MSNBC_Live_With_Hallie_Jackson.thumbs/MSNBCW_20180409_140000_MSNBC_Live_With_Hallie_Jackson_003178.jpg,"is john sontag, mission scientist. this is the front lines of climate change. reporter: sea level rise here is what we all feel down at home. you take away some of the sea"
https://archive.org/details/MSNBCW_20180419_070000_All_In_With_Chris_Hayes#start/3428/end/3463,4/19/2018 7:57:23,MSNBC,All In With Chris Hayes,MSNBCW_20180419_070000_All_In_With_Chris_Hayes,https://archive.org/download/MSNBCW_20180419_070000_All_In_With_Chris_Hayes/MSNBCW_20180419_070000_All_In_With_Chris_Hayes.thumbs/MSNBCW_20180419_070000_All_In_With_Chris_Hayes_003417.jpg,"movement. took a big risk, talked about the need to confront climate change. he is somebody on affirmative platform. aspiring candidate. he didn't spend all of his time running against donald trump."
https://archive.org/details/MSNBCW_20180401_040000_Dateline_Extra#start/6766/end/6801,4/1/2018 5:53:01,MSNBC,Dateline Extra,MSNBCW_20180401_040000_Dateline_Extra,https://archive.org/download/MSNBCW_20180401_040000_Dateline_Extra/MSNBCW_20180401_040000_Dateline_Extra.thumbs/MSNBCW_20180401_040000_Dateline_Extra_006748.jpg,"we start with another rollback of an obama policy, this time targeting climate change. an announcement will detail cuts to emission standards, which require car manufacturers to reduce carbon dioxide and increase fuel efficiency further."
https://archive.org/details/MSNBCW_20180405_000000_All_In_With_Chris_Hayes#start/1883/end/1918,4/5/2018 0:31:38,MSNBC,All In With Chris Hayes,MSNBCW_20180405_000000_All_In_With_Chris_Hayes,https://archive.org/download/MSNBCW_20180405_000000_All_In_With_Chris_Hayes/MSNBCW_20180405_000000_All_In_With_Chris_Hayes.thumbs/MSNBCW_20180405_000000_All_In_With_Chris_Hayes_001858.jpg,"certainly there has been as we've seen been some explicit censorship of climate change related matters in the department. we had a report that came from a reveal which is an investigative unit that showed"
https://archive.org/details/MSNBCW_20180409_160000_Andrea_Mitchell_Reports#start/2928/end/2963,4/9/2018 16:49:03,MSNBC,Andrea Mitchell Reports,MSNBCW_20180409_160000_Andrea_Mitchell_Reports,https://archive.org/download/MSNBCW_20180409_160000_Andrea_Mitchell_Reports/MSNBCW_20180409_160000_Andrea_Mitchell_Reports.thumbs/MSNBCW_20180409_160000_Andrea_Mitchell_Reports_002908.jpg,"ice, climate change. translator: it will be very sad when the sea ice melts. reporter: with that, marcus set off on a three-day journey home, careful to avoid ice that's been slowly melting the"
https://archive.org/details/MSNBCW_20180409_140000_MSNBC_Live_With_Hallie_Jackson#start/3087/end/3122,4/9/2018 14:51:42,MSNBC,MSNBC Live With Hallie Jackson,MSNBCW_20180409_140000_MSNBC_Live_With_Hallie_Jackson,https://archive.org/download/MSNBCW_20180409_140000_MSNBC_Live_With_Hallie_Jackson/MSNBCW_20180409_140000_MSNBC_Live_With_Hallie_Jackson.thumbs/MSNBCW_20180409_140000_MSNBC_Live_With_Hallie_Jackson_003088.jpg,"sea ice of green laland, there no debate at all. climate change is real. it is happening. this is ground zero. this is the ice layer down here. you were to lick it -- reporter: tastes like                 _"
https://archive.org/details/MSNBCW_20180407_230000_The_Rachel_Maddow_Show#start/3323/end/3358,4/7/2018 23:55:38,MSNBC,The Rachel Maddow Show,MSNBCW_20180407_230000_The_Rachel_Maddow_Show,https://archive.org/download/MSNBCW_20180407_230000_The_Rachel_Maddow_Show/MSNBCW_20180407_230000_The_Rachel_Maddow_Show.thumbs/MSNBCW_20180407_230000_The_Rachel_Maddow_Show_003297.jpg,"has been fairly defiant of congress. he's turned blind eye to ethics. as long as scott pruitt is turning a blind eye to climate change, he's doing what donald trump wants him to do."
https://archive.org/details/MSNBCW_20180425_160000_Andrea_Mitchell_Reports#start/3628/end/3663,4/25/2018 17:00:43,MSNBC,Andrea Mitchell Reports,MSNBCW_20180425_160000_Andrea_Mitchell_Reports,https://archive.org/download/MSNBCW_20180425_160000_Andrea_Mitchell_Reports/MSNBCW_20180425_160000_Andrea_Mitchell_Reports.thumbs/MSNBCW_20180425_160000_Andrea_Mitchell_Reports_003628.jpg,"largest government agency taking care of our veterans? and charm offensive. the french president takes his message directly to congress. he talked to iran, climate change, fake news and at times rebuked president trump's"
https://archive.org/details/MSNBCW_20180428_190000_MSNBC_Live_With_David_Gura#start/710/end/745,4/28/2018 19:12:05,MSNBC,MSNBC Live With David Gura,MSNBCW_20180428_190000_MSNBC_Live_With_David_Gura,https://archive.org/download/MSNBCW_20180428_190000_MSNBC_Live_With_David_Gura/MSNBCW_20180428_190000_MSNBC_Live_With_David_Gura.thumbs/MSNBCW_20180428_190000_MSNBC_Live_With_David_Gura_000687.jpg,"head, pruitt. trey gowdy i think will demand that he comes. i'm on scenes and natural resources committee. they tend to be all climate change deniers or skeptics. they like what pruitt is doing"
https://archive.org/details/MSNBCW_20180403_190000_MSNBC_Live_With_Ali_Velshi#start/724/end/759,4/3/2018 19:12:19,MSNBC,MSNBC Live With Ali Velshi,MSNBCW_20180403_190000_MSNBC_Live_With_Ali_Velshi,https://archive.org/download/MSNBCW_20180403_190000_MSNBC_Live_With_Ali_Velshi/MSNBCW_20180403_190000_MSNBC_Live_With_Ali_Velshi.thumbs/MSNBCW_20180403_190000_MSNBC_Live_With_Ali_Velshi_000718.jpg,"head of the epa, has a history of climate change denial. despite appearing to have the president's support, pruitt faces a barrage of negative headlines. the inspector general investigating his travel habits, including flights in first class"
https://archive.org/details/MSNBCW_20180403_070000_All_In_With_Chris_Hayes#start/2453/end/2488,4/3/2018 7:41:08,MSNBC,All In With Chris Hayes,MSNBCW_20180403_070000_All_In_With_Chris_Hayes,https://archive.org/download/MSNBCW_20180403_070000_All_In_With_Chris_Hayes/MSNBCW_20180403_070000_All_In_With_Chris_Hayes.thumbs/MSNBCW_20180403_070000_All_In_With_Chris_Hayes_002427.jpg,"on sea level rise and storm surge. they have the receipts. the drafts they reviewed included changes the phrase due to climate change, meaning human impact was deleted entirely from the executive summary. suddenly it says sea level rise"
https://archive.org/details/MSNBCW_20180430_090000_First_Look#start/3471/end/3506,4/30/2018 9:58:06,MSNBC,First Look,MSNBCW_20180430_090000_First_Look,https://archive.org/download/MSNBCW_20180430_090000_First_Look/MSNBCW_20180430_090000_First_Look.thumbs/MSNBCW_20180430_090000_First_Look_003447.jpg,"as you said, maybe not unifying the republican party. so before we let you go, axios is also looking at how climate change is always taken a backseat to other issues they say they care ability, why does"
https://archive.org/details/MSNBCW_20180405_000000_All_In_With_Chris_Hayes#start/1976/end/2011,4/5/2018 0:33:11,MSNBC,All In With Chris Hayes,MSNBCW_20180405_000000_All_In_With_Chris_Hayes,https://archive.org/download/MSNBCW_20180405_000000_All_In_With_Chris_Hayes/MSNBCW_20180405_000000_All_In_With_Chris_Hayes.thumbs/MSNBCW_20180405_000000_All_In_With_Chris_Hayes_001948.jpg,"climate change. for that reason, i filed au whistleblower complaint last summer. there's related news. there's been a lot of reorganization among senior career folks like yourself. this headline stuck out to me. zinke's interior diplomat"
https://archive.org/details/MSNBCW_20180409_160000_Andrea_Mitchell_Reports#start/1743/end/1778,4/9/2018 16:29:18,MSNBC,Andrea Mitchell Reports,MSNBCW_20180409_160000_Andrea_Mitchell_Reports,https://archive.org/download/MSNBCW_20180409_160000_Andrea_Mitchell_Reports/MSNBCW_20180409_160000_Andrea_Mitchell_Reports.thumbs/MSNBCW_20180409_160000_Andrea_Mitchell_Reports_001738.jpg,"climate change, as much as susan collins is a lonely voice in the republican caucus saying that she disagrees with him more on substance than his ethics problems. it's partly policy, why pruitt continues to hang on as"
https://archive.org/details/MSNBCW_20180409_160000_Andrea_Mitchell_Reports#start/2723/end/2758,4/9/2018 16:45:38,MSNBC,Andrea Mitchell Reports,MSNBCW_20180409_160000_Andrea_Mitchell_Reports,https://archive.org/download/MSNBCW_20180409_160000_Andrea_Mitchell_Reports/MSNBCW_20180409_160000_Andrea_Mitchell_Reports.thumbs/MSNBCW_20180409_160000_Andrea_Mitchell_Reports_002698.jpg,"of the arctic circle on the sea ice of greenland, there's no debate at all. climate change is real, it's happening, and this is ground zero. this is the iceland down here. so if you were to lick it --  _"
https://archive.org/details/MSNBCW_20180409_140000_MSNBC_Live_With_Hallie_Jackson#start/3118/end/3153,4/9/2018 14:52:13,MSNBC,MSNBC Live With Hallie Jackson,MSNBCW_20180409_140000_MSNBC_Live_With_Hallie_Jackson,https://archive.org/download/MSNBCW_20180409_140000_MSNBC_Live_With_Hallie_Jackson/MSNBCW_20180409_140000_MSNBC_Live_With_Hallie_Jackson.thumbs/MSNBCW_20180409_140000_MSNBC_Live_With_Hallie_Jackson_003118.jpg,"the global climate. without a doubt, this is the coldest moment i've ever experienced. how is this ground zero for climate change? snow, ice, it doesn't seem complex. when you start getting into the -- how all these things come"
https://archive.org/details/MSNBCW_20180409_190000_MSNBC_Live_With_Ali_Velshi#start/3513/end/3548,4/9/2018 19:58:48,MSNBC,MSNBC Live With Ali Velshi,MSNBCW_20180409_190000_MSNBC_Live_With_Ali_Velshi,https://archive.org/download/MSNBCW_20180409_190000_MSNBC_Live_With_Ali_Velshi/MSNBCW_20180409_190000_MSNBC_Live_With_Ali_Velshi.thumbs/MSNBCW_20180409_190000_MSNBC_Live_With_Ali_Velshi_003507.jpg,"coming. emily, good to talk with you. good reporting. emily is a climate change reporter. we have a new report, the fbi is reportedly raiding the office of president trump's long-time personal lawyer michael cohen, seizing records"
https://archive.org/details/MSNBCW_20180423_210000_MTP_Daily#start/3206/end/3241,4/23/2018 21:53:41,MSNBC,MTP Daily,MSNBCW_20180423_210000_MTP_Daily,https://archive.org/download/MSNBCW_20180423_210000_MTP_Daily/MSNBCW_20180423_210000_MTP_Daily.thumbs/MSNBCW_20180423_210000_MTP_Daily_003208.jpg,"me, as a democrat but also someone who cares be it the environment. you have someone wasting money for soundproof booths, and going all around the country. we're also in a moment where climate change is a very"
https://archive.org/details/MSNBCW_20180419_000000_All_In_With_Chris_Hayes#start/3435/end/3470,4/19/2018 0:57:30,MSNBC,All In With Chris Hayes,MSNBCW_20180419_000000_All_In_With_Chris_Hayes,https://archive.org/download/MSNBCW_20180419_000000_All_In_With_Chris_Hayes/MSNBCW_20180419_000000_All_In_With_Chris_Hayes.thumbs/MSNBCW_20180419_000000_All_In_With_Chris_Hayes_003417.jpg,"his position on gun control to suggest he was in support of background checks. supportive of the labor movement. took a big risk, talked about the need to confront climate change. he is somebody on affirmative platform."
https://archive.org/details/MSNBCW_20180426_090000_First_Look#start/452/end/487,4/26/2018 9:07:47,MSNBC,First Look,MSNBCW_20180426_090000_First_Look,https://archive.org/download/MSNBCW_20180426_090000_First_Look/MSNBCW_20180426_090000_First_Look.thumbs/MSNBCW_20180426_090000_First_Look_000447.jpg,"dandruff of the shoulder of macron, they have a stark difference on several issues and policies and ideas regarding everything from really from trade to climate change to even america's place in the world. take a listen."
https://archive.org/details/MSNBCW_20180428_200000_MSNBC_Live#start/2614/end/2649,4/28/2018 20:43:49,MSNBC,MSNBC Live,MSNBCW_20180428_200000_MSNBC_Live,https://archive.org/download/MSNBCW_20180428_200000_MSNBC_Live/MSNBCW_20180428_200000_MSNBC_Live.thumbs/MSNBCW_20180428_200000_MSNBC_Live_002608.jpg,"agenda on climate change, which he does not agree with. so he gets a huge amount of extra scrutiny from the press. but, you know, he also invites this kind of hostile relationship by being very"
https://archive.org/details/MSNBCW_20180403_190000_MSNBC_Live_With_Ali_Velshi#start/975/end/1010,4/3/2018 19:16:30,MSNBC,MSNBC Live With Ali Velshi,MSNBCW_20180403_190000_MSNBC_Live_With_Ali_Velshi,https://archive.org/download/MSNBCW_20180403_190000_MSNBC_Live_With_Ali_Velshi/MSNBCW_20180403_190000_MSNBC_Live_With_Ali_Velshi.thumbs/MSNBCW_20180403_190000_MSNBC_Live_With_Ali_Velshi_000958.jpg,"back emission standards, does not seem to believe in human inputs into climate change. that's separate. these are policy issues. given that he is already a lightning rod for people that care about the environment, what's wrong with scott pruitt"
https://archive.org/details/MSNBCW_20180403_000000_All_In_With_Chris_Hayes#start/2373/end/2408,4/3/2018 0:39:48,MSNBC,All In With Chris Hayes,MSNBCW_20180403_000000_All_In_With_Chris_Hayes,https://archive.org/download/MSNBCW_20180403_000000_All_In_With_Chris_Hayes/MSNBCW_20180403_000000_All_In_With_Chris_Hayes.thumbs/MSNBCW_20180403_000000_All_In_With_Chris_Hayes_002368.jpg,"you hear that? secretary zinke's indignant challenge to find evidence of the interior department depleting climate change references from a specific scientific report. well, that evidence is thing 2 in 60 seconds. and you don't have time for a cracked windshield."
https://archive.org/details/MSNBCW_20180429_210000_MSNBC_Live_With_Ayman_Mohyeldin#start/1824/end/1859,4/29/2018 21:30:39,MSNBC,MSNBC Live With Ayman Mohyeldin,MSNBCW_20180429_210000_MSNBC_Live_With_Ayman_Mohyeldin,https://archive.org/download/MSNBCW_20180429_210000_MSNBC_Live_With_Ayman_Mohyeldin/MSNBCW_20180429_210000_MSNBC_Live_With_Ayman_Mohyeldin.thumbs/MSNBCW_20180429_210000_MSNBC_Live_With_Ayman_Mohyeldin_001797.jpg,"visit and it seemed like the honeymoon was over. in a speech to congress macron chastised trump for his america first policy. got to the things they don't have in common, really digging in over climate change and the iran deal."
https://archive.org/details/MSNBCW_20180429_180000_MSNBC_Live_With_David_Gura#start/3273/end/3308,4/29/2018 18:54:48,MSNBC,MSNBC Live With David Gura,MSNBCW_20180429_180000_MSNBC_Live_With_David_Gura,https://archive.org/download/MSNBCW_20180429_180000_MSNBC_Live_With_David_Gura/MSNBCW_20180429_180000_MSNBC_Live_With_David_Gura.thumbs/MSNBCW_20180429_180000_MSNBC_Live_With_David_Gura_003267.jpg,"sewer, water, drainage, of course as climate change is happening, so there's other ways we have to live with water, but i tell you our people want a better quality of life. they want their streets free of potholes and debris."
https://archive.org/details/MSNBCW_20180407_010000_The_Rachel_Maddow_Show#start/3358/end/3393,4/7/2018 1:56:13,MSNBC,The Rachel Maddow Show,MSNBCW_20180407_010000_The_Rachel_Maddow_Show,https://archive.org/download/MSNBCW_20180407_010000_The_Rachel_Maddow_Show/MSNBCW_20180407_010000_The_Rachel_Maddow_Show.thumbs/MSNBCW_20180407_010000_The_Rachel_Maddow_Show_003357.jpg,"said, he's turned a blind eye to ethics, as long as scott pruett is doing serious damage to clean air, clean water, turning a blind eye to climate change, he's doing what donald trump wants him to do. we can never normalize this"
https://archive.org/details/MSNBCW_20180407_020000_The_Last_Word_With_Lawrence_ODonnell#start/1516/end/1551,4/7/2018 2:25:31,MSNBC,The Last Word With Lawrence ODonnell,MSNBCW_20180407_020000_The_Last_Word_With_Lawrence_ODonnell,https://archive.org/download/MSNBCW_20180407_020000_The_Last_Word_With_Lawrence_ODonnell/MSNBCW_20180407_020000_The_Last_Word_With_Lawrence_ODonnell.thumbs/MSNBCW_20180407_020000_The_Last_Word_With_Lawrence_ODonnell_001497.jpg,"to the environment. scott pruett doesn't seem to care, he doesn't believe in climate change, he's set the science is not clear on this. that's not typically a position held by the person who holds that office. absolutely. this is actually -- i think one                 _"
https://archive.org/details/MSNBCW_20180406_160000_Andrea_Mitchell_Reports#start/3190/end/3225,4/6/2018 16:53:25,MSNBC,Andrea Mitchell Reports,MSNBCW_20180406_160000_Andrea_Mitchell_Reports,https://archive.org/download/MSNBCW_20180406_160000_Andrea_Mitchell_Reports/MSNBCW_20180406_160000_Andrea_Mitchell_Reports.thumbs/MSNBCW_20180406_160000_Andrea_Mitchell_Reports_003177.jpg,"going against climate change. all of the things he's doing that are in themselves controversial, and kelly saying these conflicts of interest are just too serious to ignore. exactly. as jonathan hinted at, there's a divide right now between many"
https://archive.org/details/MSNBCW_20180405_000000_All_In_With_Chris_Hayes#start/1837/end/1872,4/5/2018 0:30:52,MSNBC,All In With Chris Hayes,MSNBCW_20180405_000000_All_In_With_Chris_Hayes,https://archive.org/download/MSNBCW_20180405_000000_All_In_With_Chris_Hayes/MSNBCW_20180405_000000_All_In_With_Chris_Hayes.thumbs/MSNBCW_20180405_000000_All_In_With_Chris_Hayes_001828.jpg,"change and other issues. morale ras already, people were on pins and needles from the start. the interior secretary has been really adamant no one's making they changes to scientific documents about climate change. i want to play you some of his"
https://archive.org/details/MSNBCW_20180404_000000_All_In_With_Chris_Hayes#start/869/end/904,4/4/2018 0:14:44,MSNBC,All In With Chris Hayes,MSNBCW_20180404_000000_All_In_With_Chris_Hayes,https://archive.org/download/MSNBCW_20180404_000000_All_In_With_Chris_Hayes/MSNBCW_20180404_000000_All_In_With_Chris_Hayes.thumbs/MSNBCW_20180404_000000_All_In_With_Chris_Hayes_000867.jpg,"terms of climate change. what's not to like? it also creates additional jobs. and you have lots of people working in the clean energy industry. this is where the world is heading. coal is not coming back. really fuel inefficient cars are"
https://archive.org/details/MSNBCW_20180405_030000_The_11th_Hour_With_Brian_Williams#start/2839/end/2874,4/5/2018 3:47:34,MSNBC,The 11th Hour With Brian Williams,MSNBCW_20180405_030000_The_11th_Hour_With_Brian_Williams,https://archive.org/download/MSNBCW_20180405_030000_The_11th_Hour_With_Brian_Williams/MSNBCW_20180405_030000_The_11th_Hour_With_Brian_Williams.thumbs/MSNBCW_20180405_030000_The_11th_Hour_With_Brian_Williams_002817.jpg,"he's just -- left and right, he's gotten the epa out of the business of fighting climate change, which many people believe is an existential threat to the planet. he is working on clean water rules now. getting rid of fuel economy standards."
https://archive.org/details/MSNBCW_20180409_160000_Andrea_Mitchell_Reports#start/2439/end/2474,4/9/2018 16:40:54,MSNBC,Andrea Mitchell Reports,MSNBCW_20180409_160000_Andrea_Mitchell_Reports,https://archive.org/download/MSNBCW_20180409_160000_Andrea_Mitchell_Reports/MSNBCW_20180409_160000_Andrea_Mitchell_Reports.thumbs/MSNBCW_20180409_160000_Andrea_Mitchell_Reports_002428.jpg,"run. that's just a child's eye view. thank you so much, bill cohen. coming up, a perfect segue. top of the world, a look at how nasa is tracking climate change north of the arctic circle. you're watching 'andrea mitchell"
https://archive.org/details/MSNBCW_20180409_160000_Andrea_Mitchell_Reports#start/2756/end/2791,4/9/2018 16:46:11,MSNBC,Andrea Mitchell Reports,MSNBCW_20180409_160000_Andrea_Mitchell_Reports,https://archive.org/download/MSNBCW_20180409_160000_Andrea_Mitchell_Reports/MSNBCW_20180409_160000_Andrea_Mitchell_Reports.thumbs/MSNBCW_20180409_160000_Andrea_Mitchell_Reports_002728.jpg,"polar ice to understand its connection to the global climate. without a doubt, this is the coldest moment i've ever experienced in my entire life. how is this ground zero for climate change? snow, ice, it doesn't seem very complex."
https://archive.org/details/MSNBCW_20180409_140000_MSNBC_Live_With_Hallie_Jackson#start/3134/end/3169,4/9/2018 14:52:29,MSNBC,MSNBC Live With Hallie Jackson,MSNBCW_20180409_140000_MSNBC_Live_With_Hallie_Jackson,https://archive.org/download/MSNBCW_20180409_140000_MSNBC_Live_With_Hallie_Jackson/MSNBCW_20180409_140000_MSNBC_Live_With_Hallie_Jackson.thumbs/MSNBCW_20180409_140000_MSNBC_Live_With_Hallie_Jackson_003118.jpg,"together and form our sea ice pack and then how that is changing, all it is pointing to is thinking ice, shrinking ice cover. reporter: it leads to climate change. yes. reporter: during the coldest part of the year, the arctic"
https://archive.org/details/MSNBCW_20180409_190000_MSNBC_Live_With_Ali_Velshi#start/3360/end/3395,4/9/2018 19:56:15,MSNBC,MSNBC Live With Ali Velshi,MSNBCW_20180409_190000_MSNBC_Live_With_Ali_Velshi,https://archive.org/download/MSNBCW_20180409_190000_MSNBC_Live_With_Ali_Velshi/MSNBCW_20180409_190000_MSNBC_Live_With_Ali_Velshi.thumbs/MSNBCW_20180409_190000_MSNBC_Live_With_Ali_Velshi_003357.jpg,"holden, she covers climate change and is out with the latest report on the more . i spoke with t -- morale. she said the good work that the epa has done is going to be hard for one guy to dismantle if the"
https://archive.org/details/MSNBCW_20180407_230000_The_Rachel_Maddow_Show#start/2964/end/2999,4/7/2018 23:49:39,MSNBC,The Rachel Maddow Show,MSNBCW_20180407_230000_The_Rachel_Maddow_Show,https://archive.org/download/MSNBCW_20180407_230000_The_Rachel_Maddow_Show/MSNBCW_20180407_230000_The_Rachel_Maddow_Show.thumbs/MSNBCW_20180407_230000_The_Rachel_Maddow_Show_002937.jpg,"one of the leading experts on climate change. while doing that expert work, he was also pretending to be moonlighting as a cia agency. for more than ten years, he told his epa supervisors, i'm going to need some time off, because i"
https://archive.org/details/MSNBCW_20180423_130000_MSNBC_Live_With_Stephanie_Ruhle#start/2161/end/2196,4/23/2018 13:36:16,MSNBC,MSNBC Live With Stephanie Ruhle,MSNBCW_20180423_130000_MSNBC_Live_With_Stephanie_Ruhle,https://archive.org/download/MSNBCW_20180423_130000_MSNBC_Live_With_Stephanie_Ruhle/MSNBCW_20180423_130000_MSNBC_Live_With_Stephanie_Ruhle.thumbs/MSNBCW_20180423_130000_MSNBC_Live_With_Stephanie_Ruhle_002157.jpg,"mayor mike bloomberg said he will hand over $4.5 million for the paris accords on climate change. president trump withdrew from last year. bloomberg says, quote, i'm going to send them a check for the moneys that america had promised"
https://archive.org/details/MSNBCW_20180421_070000_All_In_With_Chris_Hayes#start/2674/end/2709,4/21/2018 7:44:49,MSNBC,All In With Chris Hayes,MSNBCW_20180421_070000_All_In_With_Chris_Hayes,https://archive.org/download/MSNBCW_20180421_070000_All_In_With_Chris_Hayes/MSNBCW_20180421_070000_All_In_With_Chris_Hayes.thumbs/MSNBCW_20180421_070000_All_In_With_Chris_Hayes_002667.jpg,"cover. and that leads to climate change? yes. reporter: this year, during the coldest part of the year, the ark ticker experienced its warmest temperatures ever recorded and the second lowest sea levels. greenland is ground zero for these radical changes."
https://archive.org/details/MSNBCW_20180421_000000_All_In_With_Chris_Hayes#start/2662/end/2697,4/21/2018 0:44:37,MSNBC,All In With Chris Hayes,MSNBCW_20180421_000000_All_In_With_Chris_Hayes,https://archive.org/download/MSNBCW_20180421_000000_All_In_With_Chris_Hayes/MSNBCW_20180421_000000_All_In_With_Chris_Hayes.thumbs/MSNBCW_20180421_000000_All_In_With_Chris_Hayes_002637.jpg,"which tracks how climate change is affecting the earth's all-important polar regions. msnbc's jacob soboroff went to greenland to see how nasa collects this crucial information. reporter: the arctic sea ice has been changing dramatically in the last several decades."
https://archive.org/details/MSNBCW_20180421_000000_All_In_With_Chris_Hayes#start/2865/end/2900,4/21/2018 0:48:00,MSNBC,All In With Chris Hayes,MSNBCW_20180421_000000_All_In_With_Chris_Hayes,https://archive.org/download/MSNBCW_20180421_000000_All_In_With_Chris_Hayes/MSNBCW_20180421_000000_All_In_With_Chris_Hayes.thumbs/MSNBCW_20180421_000000_All_In_With_Chris_Hayes_002847.jpg,"nasa to be analyzed. and its findings made public later this year. when you hear politicians back in washington, d.c. say, you know, the science is inconclusive about climate change, you're actually creating the science in realtime. what do you think?"
https://archive.org/details/MSNBCW_20180421_000000_All_In_With_Chris_Hayes#start/2896/end/2931,4/21/2018 0:48:31,MSNBC,All In With Chris Hayes,MSNBCW_20180421_000000_All_In_With_Chris_Hayes,https://archive.org/download/MSNBCW_20180421_000000_All_In_With_Chris_Hayes/MSNBCW_20180421_000000_All_In_With_Chris_Hayes.thumbs/MSNBCW_20180421_000000_All_In_With_Chris_Hayes_002877.jpg,"l.a., joins me now. jacob, trump's nominee was just confirmed to lead nasa, a really narrow vote, what could he do to the agency's climate change programs like operation ice bridge? he could, quite frankly, just slash the budget, but not if any"
https://archive.org/details/MSNBCW_20180421_220000_All_In_With_Chris_Hayes#start/2661/end/2696,4/21/2018 22:44:36,MSNBC,All In With Chris Hayes,MSNBCW_20180421_220000_All_In_With_Chris_Hayes,https://archive.org/download/MSNBCW_20180421_220000_All_In_With_Chris_Hayes/MSNBCW_20180421_220000_All_In_With_Chris_Hayes.thumbs/MSNBCW_20180421_220000_All_In_With_Chris_Hayes_002637.jpg,"extent of the ice. and all that's pointing to thinning ice, shrinking ice cover. and that leads to climate change? yes. reporter: this year, during the coldest part of the year, the arctic experienced its warmest temperatures ever recorded and the second lowest"
https://archive.org/details/MSNBCW_20180427_140000_MSNBC_Live_With_Hallie_Jackson#start/631/end/666,4/27/2018 14:10:46,MSNBC,MSNBC Live With Hallie Jackson,MSNBCW_20180427_140000_MSNBC_Live_With_Hallie_Jackson,https://archive.org/download/MSNBCW_20180427_140000_MSNBC_Live_With_Hallie_Jackson/MSNBCW_20180427_140000_MSNBC_Live_With_Hallie_Jackson.thumbs/MSNBCW_20180427_140000_MSNBC_Live_With_Hallie_Jackson_000627.jpg,"merkel is getting less than three hours on the president's schedule today even though the two are in lock step, angela merkel are in lock step on trade, climate change, she also wants them to grant some relief on steel and trade."
https://archive.org/details/MSNBCW_20180403_000000_All_In_With_Chris_Hayes#start/2310/end/2345,4/3/2018 0:38:45,MSNBC,All In With Chris Hayes,MSNBCW_20180403_000000_All_In_With_Chris_Hayes,https://archive.org/download/MSNBCW_20180403_000000_All_In_With_Chris_Hayes/MSNBCW_20180403_000000_All_In_With_Chris_Hayes.thumbs/MSNBCW_20180403_000000_All_In_With_Chris_Hayes_002308.jpg,"change dry sea level rise. this is why i ask the question. reports that use the terms climate change, do you edit those out? do you sensor? i don't believe the report itself you're speaking was edited at all. the press release could have"
https://archive.org/details/MSNBCW_20180403_000000_All_In_With_Chris_Hayes#start/2453/end/2488,4/3/2018 0:41:08,MSNBC,All In With Chris Hayes,MSNBCW_20180403_000000_All_In_With_Chris_Hayes,https://archive.org/download/MSNBCW_20180403_000000_All_In_With_Chris_Hayes/MSNBCW_20180403_000000_All_In_With_Chris_Hayes.thumbs/MSNBCW_20180403_000000_All_In_With_Chris_Hayes_002428.jpg,"investigative journalism organization reveal came out with a stung report that officials at the national park service, an agency within the interior department deleted every mention of human's roles in causing climate change in drafts on a long-awaited report on sea level rise and storm"
https://archive.org/details/MSNBCW_20180403_000000_All_In_With_Chris_Hayes#start/2485/end/2520,4/3/2018 0:41:40,MSNBC,All In With Chris Hayes,MSNBCW_20180403_000000_All_In_With_Chris_Hayes,https://archive.org/download/MSNBCW_20180403_000000_All_In_With_Chris_Hayes/MSNBCW_20180403_000000_All_In_With_Chris_Hayes.thumbs/MSNBCW_20180403_000000_All_In_With_Chris_Hayes_002458.jpg,"presents challenges and no longer identifies human activity as the cause. and that's just one of eight changes. at one point several sentences are deleted that outline human activities that are impacting climate change. the interior department told reveal that no one was available"
https://archive.org/details/MSNBCW_20180403_070000_All_In_With_Chris_Hayes#start/2271/end/2306,4/3/2018 7:38:06,MSNBC,All In With Chris Hayes,MSNBCW_20180403_070000_All_In_With_Chris_Hayes,https://archive.org/download/MSNBCW_20180403_070000_All_In_With_Chris_Hayes/MSNBCW_20180403_070000_All_In_With_Chris_Hayes.thumbs/MSNBCW_20180403_070000_All_In_With_Chris_Hayes_002127.jpg,"thing 1 tonight is the department of interior under trump's secretary ryan zinke editing scientific studies to remove mention of human activity of climate change? hawaii's senator mazie hirono asked zinke last month asking that they remove scientific language if there a news release."
https://archive.org/details/MSNBCW_20180403_070000_All_In_With_Chris_Hayes#start/2439/end/2474,4/3/2018 7:40:54,MSNBC,All In With Chris Hayes,MSNBCW_20180403_070000_All_In_With_Chris_Hayes,https://archive.org/download/MSNBCW_20180403_070000_All_In_With_Chris_Hayes/MSNBCW_20180403_070000_All_In_With_Chris_Hayes.thumbs/MSNBCW_20180403_070000_All_In_With_Chris_Hayes_002427.jpg,"so today the nonprofit investigative journalism organization reveal came out with a stung report that officials at the national park service, an agency within the interior department deleted every mention of human's roles in causing climate change in drafts on a long-awaited report"
https://archive.org/details/MSNBCW_20180419_160000_Andrea_Mitchell_Reports#start/2615/end/2650,4/19/2018 16:43:50,MSNBC,Andrea Mitchell Reports,MSNBCW_20180419_160000_Andrea_Mitchell_Reports,https://archive.org/download/MSNBCW_20180419_160000_Andrea_Mitchell_Reports/MSNBCW_20180419_160000_Andrea_Mitchell_Reports.thumbs/MSNBCW_20180419_160000_Andrea_Mitchell_Reports_002607.jpg,"on -- as we look at the agreement with iran, as we look at climate change and the paris accords. and he's already been very vocal in his opposition to those. so i think all of those things raise concerns around his ability to adequately represent"
https://archive.org/details/MSNBCW_20180429_130000_MSNBC_Live_With_Alex_Witt#start/1623/end/1658,4/29/2018 13:27:18,MSNBC,MSNBC Live With Alex Witt,MSNBCW_20180429_130000_MSNBC_Live_With_Alex_Witt,https://archive.org/download/MSNBCW_20180429_130000_MSNBC_Live_With_Alex_Witt/MSNBCW_20180429_130000_MSNBC_Live_With_Alex_Witt.thumbs/MSNBCW_20180429_130000_MSNBC_Live_With_Alex_Witt_001618.jpg,"is attempting to gut the clean air and the clean water act, who refuses to acknowledge that climate change exists, and refused my request to debate him on this issue. he never should have been there in the first place. i will say, sometimes it is"
https://archive.org/details/MSNBCW_20180405_130000_MSNBC_Live_With_Stephanie_Ruhle#start/3273/end/3308,4/5/2018 13:54:48,MSNBC,MSNBC Live With Stephanie Ruhle,MSNBCW_20180405_130000_MSNBC_Live_With_Stephanie_Ruhle,https://archive.org/download/MSNBCW_20180405_130000_MSNBC_Live_With_Stephanie_Ruhle/MSNBCW_20180405_130000_MSNBC_Live_With_Stephanie_Ruhle.thumbs/MSNBCW_20180405_130000_MSNBC_Live_With_Stephanie_Ruhle_003267.jpg,"ago where scott pruitt was listing the things and telling all the things he's done. he's doing a good job. he's doing a good job for people who do not believe climate change exists. he's doing a good job for good old boys for those in oklahoma"
https://archive.org/details/MSNBCW_20180404_000000_All_In_With_Chris_Hayes#start/883/end/918,4/4/2018 0:14:58,MSNBC,All In With Chris Hayes,MSNBCW_20180404_000000_All_In_With_Chris_Hayes,https://archive.org/download/MSNBCW_20180404_000000_All_In_With_Chris_Hayes/MSNBCW_20180404_000000_All_In_With_Chris_Hayes.thumbs/MSNBCW_20180404_000000_All_In_With_Chris_Hayes_000867.jpg,"not coming back. when consumers are not even demanding it is taking us a step backwards. that's something it the trump administration should not do. by the way, republican who's oppose climate change and want to get rid of efficiency standards, they're a dime a"
https://archive.org/details/MSNBCW_20180405_070000_All_In_With_Chris_Hayes#start/1761/end/1796,4/5/2018 7:29:36,MSNBC,All In With Chris Hayes,MSNBCW_20180405_070000_All_In_With_Chris_Hayes,https://archive.org/download/MSNBCW_20180405_070000_All_In_With_Chris_Hayes/MSNBCW_20180405_070000_All_In_With_Chris_Hayes.thumbs/MSNBCW_20180405_070000_All_In_With_Chris_Hayes_001737.jpg,"morale ras already, people were on pins and needles from the start. the interior secretary has been really adamant no one's making they changes to scientific documents about climate change. i want to play you some of his testimony at a hearing and see"
https://archive.org/details/MSNBCW_20180409_140000_MSNBC_Live_With_Hallie_Jackson#start/91/end/126,4/9/2018 14:01:46,MSNBC,MSNBC Live With Hallie Jackson,MSNBCW_20180409_140000_MSNBC_Live_With_Hallie_Jackson,https://archive.org/download/MSNBCW_20180409_140000_MSNBC_Live_With_Hallie_Jackson/MSNBCW_20180409_140000_MSNBC_Live_With_Hallie_Jackson.thumbs/MSNBCW_20180409_140000_MSNBC_Live_With_Hallie_Jackson_000088.jpg,"bridge and the images, look at this, are insane. we'll talk about how the agency is making a three d map of the world to study climate change later on in the show. let's start with our team here in the u.s. and around the"
https://archive.org/details/MSNBCW_20180409_140000_MSNBC_Live_With_Hallie_Jackson#start/2756/end/2791,4/9/2018 14:46:11,MSNBC,MSNBC Live With Hallie Jackson,MSNBCW_20180409_140000_MSNBC_Live_With_Hallie_Jackson,https://archive.org/download/MSNBCW_20180409_140000_MSNBC_Live_With_Hallie_Jackson/MSNBCW_20180409_140000_MSNBC_Live_With_Hallie_Jackson.thumbs/MSNBCW_20180409_140000_MSNBC_Live_With_Hallie_Jackson_002728.jpg,"start shooting at them. thank you both for being on this show. it's a pleasure to have you onset. coming up next, president trump has called climate change a hoax. there's not much doubt the effect it's having on the ice caps. we've got an exclusive report"
https://archive.org/details/MSNBCW_20180409_140000_MSNBC_Live_With_Hallie_Jackson#start/3277/end/3312,4/9/2018 14:54:52,MSNBC,MSNBC Live With Hallie Jackson,MSNBCW_20180409_140000_MSNBC_Live_With_Hallie_Jackson,https://archive.org/download/MSNBCW_20180409_140000_MSNBC_Live_With_Hallie_Jackson/MSNBCW_20180409_140000_MSNBC_Live_With_Hallie_Jackson.thumbs/MSNBCW_20180409_140000_MSNBC_Live_With_Hallie_Jackson_003268.jpg,"though it looks like a frozen tundra, the warming world may effect long-hailed traditions here. marcus is a local hunter. part of the reason we came here was to go with nasa and look at the melting sea ice, climate change. translator: it'll be very sad"
https://archive.org/details/MSNBCW_20180408_230000_Kasie_DC#start/4274/end/4309,4/9/2018 0:11:29,MSNBC,Kasie DC,MSNBCW_20180408_230000_Kasie_DC,https://archive.org/download/MSNBCW_20180408_230000_Kasie_DC/MSNBCW_20180408_230000_Kasie_DC.thumbs/MSNBCW_20180408_230000_Kasie_DC_004258.jpg,"there shouldn't be federal leadership. we need it at this time. we have real challenges to public health. we have real challenges to our own public health and safety with the challenge of climate change. it's embarrassing to look at how the international world is"
https://archive.org/details/MSNBCW_20180408_230000_Kasie_DC#start/5631/end/5666,4/9/2018 0:34:06,MSNBC,Kasie DC,MSNBCW_20180408_230000_Kasie_DC,https://archive.org/download/MSNBCW_20180408_230000_Kasie_DC/MSNBCW_20180408_230000_Kasie_DC.thumbs/MSNBCW_20180408_230000_Kasie_DC_005608.jpg,"valley, they have a broader set of values, plural as for immigration, for climate change, belief in university, belief in science, belief in technology. so the republican party is not exactly attractive to silicon valley. that said, they may disagree with some of the regulatory"
https://archive.org/details/MSNBCW_20180410_160000_Andrea_Mitchell_Reports#start/3010/end/3045,4/10/2018 16:50:25,MSNBC,Andrea Mitchell Reports,MSNBCW_20180410_160000_Andrea_Mitchell_Reports,https://archive.org/download/MSNBCW_20180410_160000_Andrea_Mitchell_Reports/MSNBCW_20180410_160000_Andrea_Mitchell_Reports.thumbs/MSNBCW_20180410_160000_Andrea_Mitchell_Reports_002998.jpg,"is so wedded to scott pruitt because he is deregulating, because of his positions on climate change, and that's why he has support from the republican base, from conservatives in the senate. and that as a result, that he is in his job for now at least"
https://archive.org/details/MSNBCW_20180423_210000_MTP_Daily#start/3223/end/3258,4/23/2018 21:53:58,MSNBC,MTP Daily,MSNBCW_20180423_210000_MTP_Daily,https://archive.org/download/MSNBCW_20180423_210000_MTP_Daily/MSNBCW_20180423_210000_MTP_Daily.thumbs/MSNBCW_20180423_210000_MTP_Daily_003208.jpg,"important issue. we had puerto rico lose power over the weekend, bigger storms, more severe storms, those are directly caused by climate change, if you believe in science, unlike this administration. i think it's a bigger story than just about the corruption. i think that's an important"
https://archive.org/details/MSNBCW_20180423_210000_MTP_Daily#start/3238/end/3273,4/23/2018 21:54:13,MSNBC,MTP Daily,MSNBCW_20180423_210000_MTP_Daily,https://archive.org/download/MSNBCW_20180423_210000_MTP_Daily/MSNBCW_20180423_210000_MTP_Daily.thumbs/MSNBCW_20180423_210000_MTP_Daily_003238.jpg,"piece of it and it does go in line with the characteristics of this administration. but it also goes to a larger point about the fact that he has said that climate change might be a good thing, so perhaps he's completely unqualified to be the"
https://archive.org/details/MSNBCW_20180425_180000_MSNBC_Live_With_Katy_Tur#start/1269/end/1304,4/25/2018 18:21:24,MSNBC,MSNBC Live With Katy Tur,MSNBCW_20180425_180000_MSNBC_Live_With_Katy_Tur,https://archive.org/download/MSNBCW_20180425_180000_MSNBC_Live_With_Katy_Tur/MSNBCW_20180425_180000_MSNBC_Live_With_Katy_Tur.thumbs/MSNBCW_20180425_180000_MSNBC_Live_With_Katy_Tur_001257.jpg,"around the world. it was just one issue after another. i thought on climate change he was especially powerful when he said there is no planet b. there's no choice but to protect the planet. i thought he really laid down a marker pretty powerfully."
https://archive.org/details/MSNBCW_20180421_070000_All_In_With_Chris_Hayes#start/2646/end/2681,4/21/2018 7:44:21,MSNBC,All In With Chris Hayes,MSNBCW_20180421_070000_All_In_With_Chris_Hayes,https://archive.org/download/MSNBCW_20180421_070000_All_In_With_Chris_Hayes/MSNBCW_20180421_070000_All_In_With_Chris_Hayes.thumbs/MSNBCW_20180421_070000_All_In_With_Chris_Hayes_002637.jpg,"one of the nasa programs is called operation ice bridge, which tracks how climate change is affecting the earth's all-important polar regions. msnbc's jacob soboroff went to greenland to see how nasa collects this crucial information. reporter: the arctic sea ice has been changing dramatically"
https://archive.org/details/MSNBCW_20180421_070000_All_In_With_Chris_Hayes#start/2854/end/2889,4/21/2018 7:47:49,MSNBC,All In With Chris Hayes,MSNBCW_20180421_070000_All_In_With_Chris_Hayes,https://archive.org/download/MSNBCW_20180421_070000_All_In_With_Chris_Hayes/MSNBCW_20180421_070000_All_In_With_Chris_Hayes.thumbs/MSNBCW_20180421_070000_All_In_With_Chris_Hayes_002847.jpg,"and its findings made public later this year. when you hear politicians back in washington, d.c. say, you know, the science is inconclusive about climate change, you're actually creating the science in realtime. what do you think? i think that the data that we"
https://archive.org/details/MSNBCW_20180421_000000_All_In_With_Chris_Hayes#start/2692/end/2727,4/21/2018 0:45:07,MSNBC,All In With Chris Hayes,MSNBCW_20180421_000000_All_In_With_Chris_Hayes,https://archive.org/download/MSNBCW_20180421_000000_All_In_With_Chris_Hayes/MSNBCW_20180421_000000_All_In_With_Chris_Hayes.thumbs/MSNBCW_20180421_000000_All_In_With_Chris_Hayes_002667.jpg,"cover. and that leads to climate change? yes. reporter: this year, during the coldest part of the year, the ark ticker experienced its warmest temperatures ever recorded and the second lowest sea levels. greenland is ground zero for these radical changes. and that is why nasa's operation"
https://archive.org/details/MSNBCW_20180426_220000_The_Beat_With_Ari_Melber#start/1875/end/1910,4/26/2018 22:31:30,MSNBC,The Beat With Ari Melber,MSNBCW_20180426_220000_The_Beat_With_Ari_Melber,https://archive.org/download/MSNBCW_20180426_220000_The_Beat_With_Ari_Melber/MSNBCW_20180426_220000_The_Beat_With_Ari_Melber.thumbs/MSNBCW_20180426_220000_The_Beat_With_Ari_Melber_001858.jpg,"globe with climate change. we've got president trump trying to re-open a lot of mines that are going to cause a lot of damage to the environment. they're repealing environmental regulations fast and furious. and what do we have? we have an administrator of the"
https://archive.org/details/MSNBCW_20180426_210000_MTP_Daily#start/1421/end/1456,4/26/2018 21:23:56,MSNBC,MTP Daily,MSNBCW_20180426_210000_MTP_Daily,https://archive.org/download/MSNBCW_20180426_210000_MTP_Daily/MSNBCW_20180426_210000_MTP_Daily.thumbs/MSNBCW_20180426_210000_MTP_Daily_001408.jpg,"regulate carbon dioxide. i believe we should. i think human activity is the leading cause of climate change. having said that, if you asked any republican four years ago to look at an obama eraa agency and rail against it epa would be at"
https://archive.org/details/MSNBCW_20180426_040000_The_Rachel_Maddow_Show#start/3222/end/3257,4/26/2018 4:53:57,MSNBC,The Rachel Maddow Show,MSNBCW_20180426_040000_The_Rachel_Maddow_Show,https://archive.org/download/MSNBCW_20180426_040000_The_Rachel_Maddow_Show/MSNBCW_20180426_040000_The_Rachel_Maddow_Show.thumbs/MSNBCW_20180426_040000_The_Rachel_Maddow_Show_003208.jpg,"they refocused. a few good years you had the iran deal, for all its controversy, a very serious diplomatic matter. the paris climate change accord. that took just a few short years. so, as much as the picture is dire and this really is a crisis"
https://archive.org/details/MSNBCW_20180403_070000_All_In_With_Chris_Hayes#start/2485/end/2520,4/3/2018 7:41:40,MSNBC,All In With Chris Hayes,MSNBCW_20180403_070000_All_In_With_Chris_Hayes,https://archive.org/download/MSNBCW_20180403_070000_All_In_With_Chris_Hayes/MSNBCW_20180403_070000_All_In_With_Chris_Hayes.thumbs/MSNBCW_20180403_070000_All_In_With_Chris_Hayes_002457.jpg,"activities that are impacting climate change. the interior department told reveal that no one was available to comment, but secretary zinke must be shocked to learn this, because those edits were made just one month before he was on capitol hill testifying under oath. i don't know of any document"
https://archive.org/details/MSNBCW_20180401_010000_The_11th_Hour_With_Brian_Williams#start/3149/end/3184,4/1/2018 1:52:44,MSNBC,The 11th Hour With Brian Williams,MSNBCW_20180401_010000_The_11th_Hour_With_Brian_Williams,https://archive.org/download/MSNBCW_20180401_010000_The_11th_Hour_With_Brian_Williams/MSNBCW_20180401_010000_The_11th_Hour_With_Brian_Williams.thumbs/MSNBCW_20180401_010000_The_11th_Hour_With_Brian_Williams_003117.jpg,"take all of our time and attention. there are three cabinet level stories that didn't make the front pages or our broadcast this past week. so let's go back over them. we start with another roll back of an obama policy, this time targeting climate change. an announcement next week is"
https://archive.org/details/MSNBCW_20180407_040000_The_Rachel_Maddow_Show#start/2986/end/3021,4/7/2018 4:50:01,MSNBC,The Rachel Maddow Show,MSNBCW_20180407_040000_The_Rachel_Maddow_Show,https://archive.org/download/MSNBCW_20180407_040000_The_Rachel_Maddow_Show/MSNBCW_20180407_040000_The_Rachel_Maddow_Show.thumbs/MSNBCW_20180407_040000_The_Rachel_Maddow_Show_002878.jpg,"about in government, the kind of thing you can't believe somebody actually pulled off, particularly for as long as this dude did. his name was john biel, worked for the epa for over 20 years, a leading being pert on climate change. while he was doing that expert"
https://archive.org/details/MSNBCW_20180405_060000_The_11th_Hour_With_Brian_Williams#start/2765/end/2800,4/5/2018 6:46:20,MSNBC,The 11th Hour With Brian Williams,MSNBCW_20180405_060000_The_11th_Hour_With_Brian_Williams,https://archive.org/download/MSNBCW_20180405_060000_The_11th_Hour_With_Brian_Williams/MSNBCW_20180405_060000_The_11th_Hour_With_Brian_Williams.thumbs/MSNBCW_20180405_060000_The_11th_Hour_With_Brian_Williams_002757.jpg,"he's just -- left and right, he's gotten the epa out of the business of fighting climate change, which many people believe is an existential threat to the planet. he is working on clean water rules now. getting rid of fuel economy standards. all this is stuff that i think"
https://archive.org/details/MSNBCW_20180405_150000_MSNBC_Live_With_Velshi_and_Ruhle#start/2812/end/2847,4/5/2018 15:47:07,MSNBC,MSNBC Live With Velshi and Ruhle,MSNBCW_20180405_150000_MSNBC_Live_With_Velshi_and_Ruhle,https://archive.org/download/MSNBCW_20180405_150000_MSNBC_Live_With_Velshi_and_Ruhle/MSNBCW_20180405_150000_MSNBC_Live_With_Velshi_and_Ruhle.thumbs/MSNBCW_20180405_150000_MSNBC_Live_With_Velshi_and_Ruhle_002789.jpg,"climate change reporter at axios. just over one week since president trump signed $1 trillion spending package. it's the spending package that's irking many in his base. now, republicans are trying to figure out ways to slash funding from it. we're going to break down how it is even possible."
https://archive.org/details/MSNBCW_20180405_070000_All_In_With_Chris_Hayes#start/1740/end/1775,4/5/2018 7:29:15,MSNBC,All In With Chris Hayes,MSNBCW_20180405_070000_All_In_With_Chris_Hayes,https://archive.org/download/MSNBCW_20180405_070000_All_In_With_Chris_Hayes/MSNBCW_20180405_070000_All_In_With_Chris_Hayes.thumbs/MSNBCW_20180405_070000_All_In_With_Chris_Hayes_001737.jpg,"when the new administration came in, we knew we would be under the gun a little bit, issues of science. that's my background. it was a very intimidating environment for us. a lot of people were looking over their shoulders wondering how would they address climate change and other issues."
https://archive.org/details/MSNBCW_20180405_070000_All_In_With_Chris_Hayes#start/1886/end/1921,4/5/2018 7:31:41,MSNBC,All In With Chris Hayes,MSNBCW_20180405_070000_All_In_With_Chris_Hayes,https://archive.org/download/MSNBCW_20180405_070000_All_In_With_Chris_Hayes/MSNBCW_20180405_070000_All_In_With_Chris_Hayes.thumbs/MSNBCW_20180405_070000_All_In_With_Chris_Hayes_001887.jpg,"executives around even involuntarily, it is unlawful to do that in retaliation or to get them to quit. it was my view they were doing this in retaliation for my public views on the impacts of climate change. for that reason, i filed au whistleblower complaint last summer. there's related news."
https://archive.org/details/MSNBCW_20180409_160000_Andrea_Mitchell_Reports#start/2708/end/2743,4/9/2018 16:45:23,MSNBC,Andrea Mitchell Reports,MSNBCW_20180409_160000_Andrea_Mitchell_Reports,https://archive.org/download/MSNBCW_20180409_160000_Andrea_Mitchell_Reports/MSNBCW_20180409_160000_Andrea_Mitchell_Reports.thumbs/MSNBCW_20180409_160000_Andrea_Mitchell_Reports_002698.jpg,"far north, this time of year the sun barely sets. nothing most americans will never experience. but changes to the planet are something we can all feel. back home in washington, whether or not climate change is real seems to be up for debate. but right here, 750 miles north"
https://archive.org/details/MSNBCW_20180409_160000_Andrea_Mitchell_Reports#start/2975/end/3010,4/9/2018 16:49:50,MSNBC,Andrea Mitchell Reports,MSNBCW_20180409_160000_Andrea_Mitchell_Reports,https://archive.org/download/MSNBCW_20180409_160000_Andrea_Mitchell_Reports/MSNBCW_20180409_160000_Andrea_Mitchell_Reports.thumbs/MSNBCW_20180409_160000_Andrea_Mitchell_Reports_002968.jpg,"implications of climate change, whether it's sea level rise and the effects of a storm like superstorm sandy on the east coast or the hurricanes or fires or floods we think about, and to see the interconnection of our planet with your own eyes, of that sea ice melting, out the"
https://archive.org/details/MSNBCW_20180401_030000_Hardball_With_Chris_Matthews#start/2164/end/2199,4/1/2018 3:36:19,MSNBC,Hardball With Chris Matthews,MSNBCW_20180401_030000_Hardball_With_Chris_Matthews,https://archive.org/download/MSNBCW_20180401_030000_Hardball_With_Chris_Matthews/MSNBCW_20180401_030000_Hardball_With_Chris_Matthews.thumbs/MSNBCW_20180401_030000_Hardball_With_Chris_Matthews_002157.jpg,"racial equality and climate change. those are the most animating issues on both sides of the divide right now. a couple other things we found in the poll that are interesting. want to point out to you, there's a question of this is the story of our times, the demographics of this country are"
https://archive.org/details/MSNBCW_20180407_050000_The_Last_Word_With_Lawrence_ODonnell#start/1502/end/1537,4/7/2018 5:25:17,MSNBC,The Last Word With Lawrence ODonnell,MSNBCW_20180407_050000_The_Last_Word_With_Lawrence_ODonnell,https://archive.org/download/MSNBCW_20180407_050000_The_Last_Word_With_Lawrence_ODonnell/MSNBCW_20180407_050000_The_Last_Word_With_Lawrence_ODonnell.thumbs/MSNBCW_20180407_050000_The_Last_Word_With_Lawrence_ODonnell_001468.jpg,"he met with administratives more than 500 times. a lot of us hold the epa dear. among republican administrations, the head of the epa has been someone who at least sort of side glances a hug to the environment. scott pruett doesn't seem to care, he doesn't believe in climate change, he's set the"
https://archive.org/details/MSNBCW_20180407_040000_The_Rachel_Maddow_Show#start/3368/end/3403,4/7/2018 4:56:23,MSNBC,The Rachel Maddow Show,MSNBCW_20180407_040000_The_Rachel_Maddow_Show,https://archive.org/download/MSNBCW_20180407_040000_The_Rachel_Maddow_Show/MSNBCW_20180407_040000_The_Rachel_Maddow_Show.thumbs/MSNBCW_20180407_040000_The_Rachel_Maddow_Show_003358.jpg,"to climate change, he's doing exactly what donald trump wants him to do. but we can never normalize this disregard of ethics and we have to keep talking about it. i do think at some point there is something that's going to be final straw but what it is, i'm not sure."
https://archive.org/details/MSNBCW_20180409_190000_MSNBC_Live_With_Ali_Velshi#start/3420/end/3455,4/9/2018 19:57:15,MSNBC,MSNBC Live With Ali Velshi,MSNBCW_20180409_190000_MSNBC_Live_With_Ali_Velshi,https://archive.org/download/MSNBCW_20180409_190000_MSNBC_Live_With_Ali_Velshi/MSNBCW_20180409_190000_MSNBC_Live_With_Ali_Velshi.thumbs/MSNBCW_20180409_190000_MSNBC_Live_With_Ali_Velshi_003417.jpg,"contributions to climate change. most of the epa probably does. i think there is definitely some frustration from career staffers, but there is also respect and an understanding that when the administration changes, that the agenda changes at the agency. but at the same time, some of the people i talk to said they"
https://archive.org/details/MSNBCW_20180423_080000_Kasie_DC#start/33/end/68,4/23/2018 8:00:48,MSNBC,Kasie DC,MSNBCW_20180423_080000_Kasie_DC,https://archive.org/download/MSNBCW_20180423_080000_Kasie_DC/MSNBCW_20180423_080000_Kasie_DC.thumbs/MSNBCW_20180423_080000_Kasie_DC_000058.jpg,"we are live from washington every sunday from 7:00 to 9:00 p.m. eastern. tonight it turns out the most consequential thing released from james comey this week was probably not his book. plus, climate change and the president's legal team. the outlook is cloudy for michael cohen. the attorney general and rod rosenstein."
https://archive.org/details/MSNBCW_20180421_220000_All_In_With_Chris_Hayes#start/2835/end/2870,4/21/2018 22:47:30,MSNBC,All In With Chris Hayes,MSNBCW_20180421_220000_All_In_With_Chris_Hayes,https://archive.org/download/MSNBCW_20180421_220000_All_In_With_Chris_Hayes/MSNBCW_20180421_220000_All_In_With_Chris_Hayes.thumbs/MSNBCW_20180421_220000_All_In_With_Chris_Hayes_002817.jpg,"reporter: the data and images collected over the course of the spring will be taken back to nasa to be analyzed. and its findings made public later this year. when you hear politicians back in washington, d.c. say, you know, the science is inconclusive about climate change, you're actually creating the science in realtime."
https://archive.org/details/MSNBCW_20180409_140000_MSNBC_Live_With_Hallie_Jackson#start/3057/end/3092,4/9/2018 14:51:12,MSNBC,MSNBC Live With Hallie Jackson,MSNBCW_20180409_140000_MSNBC_Live_With_Hallie_Jackson,https://archive.org/download/MSNBCW_20180409_140000_MSNBC_Live_With_Hallie_Jackson/MSNBCW_20180409_140000_MSNBC_Live_With_Hallie_Jackson.thumbs/MSNBCW_20180409_140000_MSNBC_Live_With_Hallie_Jackson_003058.jpg,"earth's polar region and the melting ice on the top and bottom of the world. we went to the top of the world to see what climate change looks like with our own eyes. take a look at this. when you're this far north this time of year, the sun barely sets. something most americans will"
https://archive.org/details/MSNBCW_20180424_140000_MSNBC_Live_With_Hallie_Jackson#start/267/end/302,4/24/2018 14:04:42,MSNBC,MSNBC Live With Hallie Jackson,MSNBCW_20180424_140000_MSNBC_Live_With_Hallie_Jackson,https://archive.org/download/MSNBCW_20180424_140000_MSNBC_Live_With_Hallie_Jackson/MSNBCW_20180424_140000_MSNBC_Live_With_Hallie_Jackson.thumbs/MSNBCW_20180424_140000_MSNBC_Live_With_Hallie_Jackson_000268.jpg,"this summit is going to have plenty of sizzle. we saw some of it this morning, we'll see more of it tonight. the question is whether it's going to have any steak. what do you mean by that? the substance, whether it's iran, the paris climate change agreement, whether it's syria, trade, there are some really"
https://archive.org/details/MSNBCW_20180421_220000_All_In_With_Chris_Hayes#start/2869/end/2904,4/21/2018 22:48:04,MSNBC,All In With Chris Hayes,MSNBCW_20180421_220000_All_In_With_Chris_Hayes,https://archive.org/download/MSNBCW_20180421_220000_All_In_With_Chris_Hayes/MSNBCW_20180421_220000_All_In_With_Chris_Hayes.thumbs/MSNBCW_20180421_220000_All_In_With_Chris_Hayes_002847.jpg,"jacob soboroff is back in l.a., joins me now. jacob, trump's nominee was just confirmed to lead nasa, a really narrow vote, what could he do to the agency's climate change programs like operation ice bridge? he could, quite frankly, just slash the budget, but not if any of these folks i met have anything to do with it."
https://archive.org/details/MSNBCW_20180421_070000_All_In_With_Chris_Hayes#start/2885/end/2920,4/21/2018 7:48:20,MSNBC,All In With Chris Hayes,MSNBCW_20180421_070000_All_In_With_Chris_Hayes,https://archive.org/download/MSNBCW_20180421_070000_All_In_With_Chris_Hayes/MSNBCW_20180421_070000_All_In_With_Chris_Hayes.thumbs/MSNBCW_20180421_070000_All_In_With_Chris_Hayes_002877.jpg,"confirmed to lead nasa, a really narrow vote, what could he do to the agency's climate change programs like operation ice bridge? he could, quite frankly, just slash the budget, but not if any of these folks i met have anything to do with it. these are some of the most passionate, dedicated scientists i've ever met in my life."
https://archive.org/details/MSNBCW_20180421_220000_All_In_With_Chris_Hayes#start/2643/end/2678,4/21/2018 22:44:18,MSNBC,All In With Chris Hayes,MSNBCW_20180421_220000_All_In_With_Chris_Hayes,https://archive.org/download/MSNBCW_20180421_220000_All_In_With_Chris_Hayes/MSNBCW_20180421_220000_All_In_With_Chris_Hayes.thumbs/MSNBCW_20180421_220000_All_In_With_Chris_Hayes_002637.jpg,"one of the nasa programs is called operation ice bridge, which tracks how climate change is affecting the earth's all-important polar regions. msnbc's jacob soboroff went to greenland to see how nasa collects this crucial information. reporter: the arctic sea ice has been changing dramatically in the last several decades. looking at the data in a scientific sense, i've seen changes in the thickness, in the"
https://archive.org/details/MSNBCW_20180428_210000_MSNBC_Live#start/552/end/587,4/28/2018 21:09:27,MSNBC,MSNBC Live,MSNBCW_20180428_210000_MSNBC_Live,https://archive.org/download/MSNBCW_20180428_210000_MSNBC_Live/MSNBCW_20180428_210000_MSNBC_Live.thumbs/MSNBCW_20180428_210000_MSNBC_Live_000537.jpg,"in terms of the pollution laws and the climate change legislation or rules. so they want to see him stay there, and so i don't think that donald trump is in a huge amount of trouble with the base the longer he lets him stay there. and this is also something that you don't see just uniquely to pruitt. obviously, tom price who is the secretary of health and human"
https://archive.org/details/MSNBCW_20180404_070000_All_In_With_Chris_Hayes#start/892/end/927,4/4/2018 7:15:07,MSNBC,All In With Chris Hayes,MSNBCW_20180404_070000_All_In_With_Chris_Hayes,https://archive.org/download/MSNBCW_20180404_070000_All_In_With_Chris_Hayes/MSNBCW_20180404_070000_All_In_With_Chris_Hayes.thumbs/MSNBCW_20180404_070000_All_In_With_Chris_Hayes_000867.jpg,"it strikes me that fuel efficiencies are a win-win. consumers pay less money for gas. the hair is cleaner and healthier. bigger carbon reductions in terms of climate change. what's not to like? it also creates additional jobs. and you have lots of people working in the clean energy industry. this is where the world is heading. coal is not coming back. really fuel inefficient cars are not coming back. when consumers are not even demanding it is taking us a step backwards."
https://archive.org/details/MSNBCW_20180405_070000_All_In_With_Chris_Hayes#start/1805/end/1840,4/5/2018 7:30:20,MSNBC,All In With Chris Hayes,MSNBCW_20180405_070000_All_In_With_Chris_Hayes,https://archive.org/download/MSNBCW_20180405_070000_All_In_With_Chris_Hayes/MSNBCW_20180405_070000_All_In_With_Chris_Hayes.thumbs/MSNBCW_20180405_070000_All_In_With_Chris_Hayes_001797.jpg,"experience? into no, i mean that squares with my experience that he secretary zinke isn'ten fully aware of what's happening always in the department. certainly there has been as we've seen been some explicit censorship of climate change related matters in the department. we had a report that came from a reveal which is an investigative unit that showed exactly that. have you experience fundamental firsthand. you know, i never experienced censorship while i was there. by the time they reassigned me to get me out of the way, i was no longer privy to some of these"
https://archive.org/details/MSNBCW_20180404_070000_All_In_With_Chris_Hayes#start/906/end/941,4/4/2018 7:15:21,MSNBC,All In With Chris Hayes,MSNBCW_20180404_070000_All_In_With_Chris_Hayes,https://archive.org/download/MSNBCW_20180404_070000_All_In_With_Chris_Hayes/MSNBCW_20180404_070000_All_In_With_Chris_Hayes.thumbs/MSNBCW_20180404_070000_All_In_With_Chris_Hayes_000897.jpg,"that's something it the trump administration should not do. by the way, republican who's oppose climate change and want to get rid of efficiency standards, they're a dime a dozen. the president doesn't need scott pru toyota do there. he can stick any republican in there to do the same thing. please find a less corrupt climate denier says congressman ted lieu to the president. many thanks. breaking news in the russia investigation. robert mueller has reportedly told trump's lawyer the president remains under investigation. more on that new story in two minutes. you know what's awesome? gig-speed internet."
