﻿URL,MatchDateTime,Station,Show,IAShowID,IAPreviewThumb,Snippet
https://archive.org/details/MSNBCW_20171229_170000_Andrea_Mitchell_Reports#start/3018/end/3053,12/29/2017 17:50:33,MSNBC,Andrea Mitchell Reports,MSNBCW_20171229_170000_Andrea_Mitchell_Reports,https://archive.org/download/MSNBCW_20171229_170000_Andrea_Mitchell_Reports/MSNBCW_20171229_170000_Andrea_Mitchell_Reports.thumbs/MSNBCW_20171229_170000_Andrea_Mitchell_Reports_002998.jpg,"bit of that good old global warming that our country wasn't going to pay to protect. bundle up. tim, on this global"
https://archive.org/details/MSNBCW_20171229_170000_Andrea_Mitchell_Reports#start/2611/end/2646,12/29/2017 17:43:46,MSNBC,Andrea Mitchell Reports,MSNBCW_20171229_170000_Andrea_Mitchell_Reports,https://archive.org/download/MSNBCW_20171229_170000_Andrea_Mitchell_Reports/MSNBCW_20171229_170000_Andrea_Mitchell_Reports.thumbs/MSNBCW_20171229_170000_Andrea_Mitchell_Reports_002608.jpg,"what's going on? that's a big one for the entire trump era. we'll get a lot of use out of this board in 2018 as we build toward midterm elections. coming up. cold shoulder. president trump getting a lot of heat for mocking global warming"
https://archive.org/details/MSNBCW_20171229_160000_MSNBC_Live_With_Velshi_and_Ruhle#start/1033/end/1068,12/29/2017 16:17:28,MSNBC,MSNBC Live With Velshi and Ruhle,MSNBCW_20171229_160000_MSNBC_Live_With_Velshi_and_Ruhle,https://archive.org/download/MSNBCW_20171229_160000_MSNBC_Live_With_Velshi_and_Ruhle/MSNBCW_20171229_160000_MSNBC_Live_With_Velshi_and_Ruhle.thumbs/MSNBCW_20171229_160000_MSNBC_Live_With_Velshi_and_Ruhle_000897.jpg,"tripadvisor. welcome back. with 220 million americans dealing with bone chilling cold temperatures expected to last into the new year, president trump took to twitter to cast doubt on climate change."
https://archive.org/details/MSNBCW_20171217_130000_PoliticsNation_With_Al_Sharpton#start/1710/end/1745,12/17/2017 13:28:45,MSNBC,PoliticsNation With Al Sharpton,MSNBCW_20171217_130000_PoliticsNation_With_Al_Sharpton,https://archive.org/download/MSNBCW_20171217_130000_PoliticsNation_With_Al_Sharpton/MSNBCW_20171217_130000_PoliticsNation_With_Al_Sharpton.thumbs/MSNBCW_20171217_130000_PoliticsNation_With_Al_Sharpton_001708.jpg,"ardent climate hawk, called the phenomenon a defining challenge of our time. and donald trump, who has called it a chinese hoax and headed his environmental protection agency with a climate change denier,"
https://archive.org/details/MSNBCW_20171217_150000_AM_Joy#start/631/end/666,12/17/2017 15:10:46,MSNBC,AM Joy,MSNBCW_20171217_150000_AM_Joy,https://archive.org/download/MSNBCW_20171217_150000_AM_Joy/MSNBCW_20171217_150000_AM_Joy.thumbs/MSNBCW_20171217_150000_AM_Joy_000627.jpg,"terrifying this is. the cdc and hhs does so much work for women's health and aids and how can we not use words as evidence based, and the word climate change is already"
https://archive.org/details/MSNBCW_20171212_010000_All_In_With_Chris_Hayes#start/2719/end/2754,12/12/2017 1:45:34,MSNBC,All In With Chris Hayes,MSNBCW_20171212_010000_All_In_With_Chris_Hayes,https://archive.org/download/MSNBCW_20171212_010000_All_In_With_Chris_Hayes/MSNBCW_20171212_010000_All_In_With_Chris_Hayes.thumbs/MSNBCW_20171212_010000_All_In_With_Chris_Hayes_002697.jpg,"french president emmanuel macron has repeated a clear message in the trump era. american scientists are welcome in france. please, come to france. you are welcome. it's your nation. we want people working on climate change, energy,"
https://archive.org/details/MSNBCW_20171204_100000_First_Look#start/3563/end/3598,12/4/2017 10:59:38,MSNBC,First Look,MSNBCW_20171204_100000_First_Look,https://archive.org/download/MSNBCW_20171204_100000_First_Look/MSNBCW_20171204_100000_First_Look.thumbs/MSNBCW_20171204_100000_First_Look_003568.jpg,"going it alone to reduce greenhouse gases and reaching the goals of the paris climate accord. that does it for us this monday morning. i'm yasmin vssoughian."
https://archive.org/details/MSNBCW_20171219_000000_Hardball_With_Chris_Matthews#start/3200/end/3235,12/19/2017 0:53:35,MSNBC,Hardball With Chris Matthews,MSNBCW_20171219_000000_Hardball_With_Chris_Matthews,https://archive.org/download/MSNBCW_20171219_000000_Hardball_With_Chris_Matthews/MSNBCW_20171219_000000_Hardball_With_Chris_Matthews.thumbs/MSNBCW_20171219_000000_Hardball_With_Chris_Matthews_003177.jpg,"millennials less likely. i sense that's true. shannon? one thing that has been overlooked in this national security strategy is the absence of climate change in there. and climate change is a national security issue. and that probably shouldn't be a surprise given this administration's stance on climate change and the paris"
https://archive.org/details/MSNBCW_20171210_170000_MSNBC_Live_With_Alex_Witt#start/1896/end/1931,12/10/2017 17:31:51,MSNBC,MSNBC Live With Alex Witt,MSNBCW_20171210_170000_MSNBC_Live_With_Alex_Witt,https://archive.org/download/MSNBCW_20171210_170000_MSNBC_Live_With_Alex_Witt/MSNBCW_20171210_170000_MSNBC_Live_With_Alex_Witt.thumbs/MSNBCW_20171210_170000_MSNBC_Live_With_Alex_Witt_001887.jpg,"ro monrovia after six wildfires destroyed over 800 structures. 90000 have been evacuated, some returning to see what is left of them. governor brown says climate"
https://archive.org/details/MSNBCW_20171203_210000_MSNBC_Live#start/2546/end/2581,12/3/2017 21:42:41,MSNBC,MSNBC Live,MSNBCW_20171203_210000_MSNBC_Live,https://archive.org/download/MSNBCW_20171203_210000_MSNBC_Live/MSNBCW_20171203_210000_MSNBC_Live.thumbs/MSNBCW_20171203_210000_MSNBC_Live_002547.jpg,"global warming, his way that he has, dangerously framed every frozen situation in the world that he's addressed, including israel now by suggesting that he intervened by moving your"
https://archive.org/details/MSNBCW_20171229_210000_Deadline_White_House#start/2051/end/2086,12/29/2017 21:34:26,MSNBC,Deadline White House,MSNBCW_20171229_210000_Deadline_White_House,https://archive.org/download/MSNBCW_20171229_210000_Deadline_White_House/MSNBCW_20171229_210000_Deadline_White_House.thumbs/MSNBCW_20171229_210000_Deadline_White_House_002038.jpg,"global warming is manmade. joining me now for more is bill nye the science guy, ceo of the planetary society and an outspoken critic of the president's views on climate"
https://archive.org/details/MSNBCW_20171223_000000_Hardball_With_Chris_Matthews#start/2071/end/2106,12/23/2017 0:34:46,MSNBC,Hardball With Chris Matthews,MSNBCW_20171223_000000_Hardball_With_Chris_Matthews,https://archive.org/download/MSNBCW_20171223_000000_Hardball_With_Chris_Matthews/MSNBCW_20171223_000000_Hardball_With_Chris_Matthews.thumbs/MSNBCW_20171223_000000_Hardball_With_Chris_Matthews_002067.jpg,"while only nine countries actually objected to the resolution, others including canada, colombia, and the czech republic did not cast votes. they abstained. for more i'm joined by the global editorial director of the huffington post, howard fineman. i'm trying to compare this like we're the odd man out on climate"
https://archive.org/details/MSNBCW_20171229_070000_The_11th_Hour_With_Brian_Williams#start/3548/end/3583,12/29/2017 7:59:23,MSNBC,The 11th Hour With Brian Williams,MSNBCW_20171229_070000_The_11th_Hour_With_Brian_Williams,https://archive.org/download/MSNBCW_20171229_070000_The_11th_Hour_With_Brian_Williams/MSNBCW_20171229_070000_The_11th_Hour_With_Brian_Williams.thumbs/MSNBCW_20171229_070000_The_11th_Hour_With_Brian_Williams_003537.jpg,"perhaps we could use a little bit of that good old global warming that ourry but not other countries of going to pay billions of dollars. bundle up. it's cold outside, queue the"
https://archive.org/details/MSNBCW_20171229_070000_The_11th_Hour_With_Brian_Williams#start/3565/end/3600,12/29/2017 7:59:40,MSNBC,The 11th Hour With Brian Williams,MSNBCW_20171229_070000_The_11th_Hour_With_Brian_Williams,https://archive.org/download/MSNBCW_20171229_070000_The_11th_Hour_With_Brian_Williams/MSNBCW_20171229_070000_The_11th_Hour_With_Brian_Williams.thumbs/MSNBCW_20171229_070000_The_11th_Hour_With_Brian_Williams_003537.jpg,"trump global warming tweet. the report notes that the.seems unaware of the distinction between weather and climate. mr. trump's tweet made the common mistake of looking at local weather and made broader"
https://archive.org/details/MSNBCW_20171229_160000_MSNBC_Live_With_Velshi_and_Ruhle#start/1155/end/1190,12/29/2017 16:19:30,MSNBC,MSNBC Live With Velshi and Ruhle,MSNBCW_20171229_160000_MSNBC_Live_With_Velshi_and_Ruhle,https://archive.org/download/MSNBCW_20171229_160000_MSNBC_Live_With_Velshi_and_Ruhle/MSNBCW_20171229_160000_MSNBC_Live_With_Velshi_and_Ruhle.thumbs/MSNBCW_20171229_160000_MSNBC_Live_With_Velshi_and_Ruhle_001137.jpg,"president as well. we saw senator james inhofe bring a snowball to the senate floor in an attempt to prufr that there was no global warming. this was on a february day."
https://archive.org/details/MSNBCW_20171229_160000_MSNBC_Live_With_Velshi_and_Ruhle#start/1187/end/1222,12/29/2017 16:20:02,MSNBC,MSNBC Live With Velshi and Ruhle,MSNBCW_20171229_160000_MSNBC_Live_With_Velshi_and_Ruhle,https://archive.org/download/MSNBCW_20171229_160000_MSNBC_Live_With_Velshi_and_Ruhle/MSNBCW_20171229_160000_MSNBC_Live_With_Velshi_and_Ruhle.thumbs/MSNBCW_20171229_160000_MSNBC_Live_With_Velshi_and_Ruhle_001167.jpg,"you wrorks one, this isn't how climate change works. two, we weren't paying trillions of dollars. you didn't understand the paris agreement in june and you still don't. three climate change is real, it is a serious threat to our children. you need people on your team who can explain this to you. what prompted you to weigh in"
https://archive.org/details/MSNBCW_20171229_040000_The_11th_Hour_With_Brian_Williams#start/3558/end/3593,12/29/2017 4:59:33,MSNBC,The 11th Hour With Brian Williams,MSNBCW_20171229_040000_The_11th_Hour_With_Brian_Williams,https://archive.org/download/MSNBCW_20171229_040000_The_11th_Hour_With_Brian_Williams/MSNBCW_20171229_040000_The_11th_Hour_With_Brian_Williams.thumbs/MSNBCW_20171229_040000_The_11th_Hour_With_Brian_Williams_003538.jpg,"york times' piece headlined, it's cold outside. cue the trump global warming tweet. the president appears unaware of the distinction between weather and climate. it continues, quote, mr. trump's tweet made the common mistake of"
https://archive.org/details/MSNBCW_20171229_000000_Hardball_With_Chris_Matthews#start/2230/end/2265,12/29/2017 0:37:25,MSNBC,Hardball With Chris Matthews,MSNBCW_20171229_000000_Hardball_With_Chris_Matthews,https://archive.org/download/MSNBCW_20171229_000000_Hardball_With_Chris_Matthews/MSNBCW_20171229_000000_Hardball_With_Chris_Matthews.thumbs/MSNBCW_20171229_000000_Hardball_With_Chris_Matthews_002217.jpg,"he's trying to inspire when he speaks to that. look, whether or not you believe in global warming even though there's lots of scientists who say it's real, the issue is not about things getting hotter,"
https://archive.org/details/MSNBCW_20171229_090000_The_11th_Hour_With_Brian_Williams#start/3546/end/3581,12/29/2017 9:59:21,MSNBC,The 11th Hour With Brian Williams,MSNBCW_20171229_090000_The_11th_Hour_With_Brian_Williams,https://archive.org/download/MSNBCW_20171229_090000_The_11th_Hour_With_Brian_Williams/MSNBCW_20171229_090000_The_11th_Hour_With_Brian_Williams.thumbs/MSNBCW_20171229_090000_The_11th_Hour_With_Brian_Williams_003537.jpg,"not other countries, was going to pay trillions of dollars to protect against. bundle up. that led to this 'the new york times' piece headlined, it's cold outside. cue the trump global warming tweet. the president appears unaware of"
https://archive.org/details/MSNBCW_20171229_100000_First_Look#start/1143/end/1178,12/29/2017 10:19:18,MSNBC,First Look,MSNBCW_20171229_100000_First_Look,https://archive.org/download/MSNBCW_20171229_100000_First_Look/MSNBCW_20171229_100000_First_Look.thumbs/MSNBCW_20171229_100000_First_Look_001137.jpg,"temperatures from florida golf club. balmy 72 degrees. posting in the east, it could be the coldest new year's eve on record. perhaps use a bit of good old global warming our country, but not other countries buzz going"
https://archive.org/details/MSNBCW_20171229_210000_Deadline_White_House#start/1626/end/1661,12/29/2017 21:27:21,MSNBC,Deadline White House,MSNBCW_20171229_210000_Deadline_White_House,https://archive.org/download/MSNBCW_20171229_210000_Deadline_White_House/MSNBCW_20171229_210000_Deadline_White_House.thumbs/MSNBCW_20171229_210000_Deadline_White_House_001618.jpg,"trump once again stokes the global warming debate on twitter, drawing the ire of many scientists. up next, i'll speak to someone who knows a thing or two about it. bill n nigh, the science guy."
https://archive.org/details/MSNBCW_20171229_000000_Hardball_With_Chris_Matthews#start/2183/end/2218,12/29/2017 0:36:38,MSNBC,Hardball With Chris Matthews,MSNBCW_20171229_000000_Hardball_With_Chris_Matthews,https://archive.org/download/MSNBCW_20171229_000000_Hardball_With_Chris_Matthews/MSNBCW_20171229_000000_Hardball_With_Chris_Matthews.thumbs/MSNBCW_20171229_000000_Hardball_With_Chris_Matthews_002157.jpg,"rafings. president trump mocked out the weather. because it's cold outside writing in the east it could be the coldest new year's eve on record. perhaps we could use a little bit of that good old global warming that our country and not"
https://archive.org/details/MSNBCW_20171229_020000_The_Rachel_Maddow_Show#start/3116/end/3151,12/29/2017 2:52:11,MSNBC,The Rachel Maddow Show,MSNBCW_20171229_020000_The_Rachel_Maddow_Show,https://archive.org/download/MSNBCW_20171229_020000_The_Rachel_Maddow_Show/MSNBCW_20171229_020000_The_Rachel_Maddow_Show.thumbs/MSNBCW_20171229_020000_The_Rachel_Maddow_Show_003088.jpg,"rebuild our electrical grid just as it was before and what will happen when global warming keeps doing its thing and we keep get much and stronger storms and hurricanes? it is all going to go, you know, back to where we started."
https://archive.org/details/MSNBCW_20171229_090000_The_11th_Hour_With_Brian_Williams#start/3531/end/3566,12/29/2017 9:59:06,MSNBC,The 11th Hour With Brian Williams,MSNBCW_20171229_090000_The_11th_Hour_With_Brian_Williams,https://archive.org/download/MSNBCW_20171229_090000_The_11th_Hour_With_Brian_Williams/MSNBCW_20171229_090000_The_11th_Hour_With_Brian_Williams.thumbs/MSNBCW_20171229_090000_The_11th_Hour_With_Brian_Williams_003507.jpg,"today, chimed in on the cold weather using, what else, but twitter. quote, in the east it could be the coldest new year's eve on record. perhaps we could use a little bit of that good old global warming that our country, but"
https://archive.org/details/MSNBCW_20171229_170000_Andrea_Mitchell_Reports#start/3050/end/3085,12/29/2017 17:51:05,MSNBC,Andrea Mitchell Reports,MSNBCW_20171229_170000_Andrea_Mitchell_Reports,https://archive.org/download/MSNBCW_20171229_170000_Andrea_Mitchell_Reports/MSNBCW_20171229_170000_Andrea_Mitchell_Reports.thumbs/MSNBCW_20171229_170000_Andrea_Mitchell_Reports_003028.jpg,"tweet on global warming or is there something more? is there more of a policy component to this? steve, i had the exact same initial reaction. this is sort of a trump 101, you know, master lesson in how to"
https://archive.org/details/MSNBCW_20171229_040000_The_11th_Hour_With_Brian_Williams#start/3542/end/3577,12/29/2017 4:59:17,MSNBC,The 11th Hour With Brian Williams,MSNBCW_20171229_040000_The_11th_Hour_With_Brian_Williams,https://archive.org/download/MSNBCW_20171229_040000_The_11th_Hour_With_Brian_Williams/MSNBCW_20171229_040000_The_11th_Hour_With_Brian_Williams.thumbs/MSNBCW_20171229_040000_The_11th_Hour_With_Brian_Williams_003538.jpg,"the coldest new year's eve on record. perhaps we could use a little bit of that good old global warming that our country, but not other countries, was going to pay trillions of dollars to protect against. bundle up. that led to this 'the new"
https://archive.org/details/MSNBCW_20171229_050000_The_Rachel_Maddow_Show#start/3082/end/3117,12/29/2017 5:51:37,MSNBC,The Rachel Maddow Show,MSNBCW_20171229_050000_The_Rachel_Maddow_Show,https://archive.org/download/MSNBCW_20171229_050000_The_Rachel_Maddow_Show/MSNBCW_20171229_050000_The_Rachel_Maddow_Show.thumbs/MSNBCW_20171229_050000_The_Rachel_Maddow_Show_003058.jpg,"you mentioned we don't have enough of the electrical poles that are needed to put our electricity back on. but we are forced to rebuild our electrical grid just as it was before. so, what's going to happen when global warming keeps doing its"
https://archive.org/details/MSNBCW_20171229_160000_MSNBC_Live_With_Velshi_and_Ruhle#start/73/end/108,12/29/2017 16:01:28,MSNBC,MSNBC Live With Velshi and Ruhle,MSNBCW_20171229_160000_MSNBC_Live_With_Velshi_and_Ruhle,https://archive.org/download/MSNBCW_20171229_160000_MSNBC_Live_With_Velshi_and_Ruhle/MSNBCW_20171229_160000_MSNBC_Live_With_Velshi_and_Ruhle.thumbs/MSNBCW_20171229_160000_MSNBC_Live_With_Velshi_and_Ruhle_000057.jpg,"and he tweeted about the frigid temperatures. saying in the east it could be the coldest new year's eve on record, because we could use a little bit of that good old global warming that our country but not other countries was going to pay trillions to"
https://archive.org/details/MSNBCW_20171229_210000_Deadline_White_House#start/79/end/114,12/29/2017 21:01:34,MSNBC,Deadline White House,MSNBCW_20171229_210000_Deadline_White_House,https://archive.org/download/MSNBCW_20171229_210000_Deadline_White_House/MSNBCW_20171229_210000_Deadline_White_House.thumbs/MSNBCW_20171229_210000_Deadline_White_House_000058.jpg,"to antagonize and ag vit your political opponents. looking for a reaction. he trolls the science community with a tweet mocking global warming, but was there more to it? we have bill nye, the science guy, here to respond. first the wide-ranging and"
https://archive.org/details/MSNBCW_20171229_210000_Deadline_White_House#start/2085/end/2120,12/29/2017 21:35:00,MSNBC,Deadline White House,MSNBCW_20171229_210000_Deadline_White_House,https://archive.org/download/MSNBCW_20171229_210000_Deadline_White_House/MSNBCW_20171229_210000_Deadline_White_House.thumbs/MSNBCW_20171229_210000_Deadline_White_House_002068.jpg,"surrounding global warming that people cannot think about long-term effects. they're just looking out the window and making an opinion? i think most people really do understand it. our problem here is the introduction of doubt of this -- of this idea that, well, it's"
https://archive.org/details/MSNBCW_20171231_150000_AM_Joy#start/6065/end/6100,12/31/2017 16:41:20,MSNBC,AM Joy,MSNBCW_20171231_150000_AM_Joy,https://archive.org/download/MSNBCW_20171231_150000_AM_Joy/MSNBCW_20171231_150000_AM_Joy.thumbs/MSNBCW_20171231_150000_AM_Joy_006057.jpg,"we believe in science. we know that climate change is real. we also believe that immigration makes us a stronger country."
https://archive.org/details/MSNBCW_20171229_160000_MSNBC_Live_With_Velshi_and_Ruhle#start/825/end/860,12/29/2017 16:14:00,MSNBC,MSNBC Live With Velshi and Ruhle,MSNBCW_20171229_160000_MSNBC_Live_With_Velshi_and_Ruhle,https://archive.org/download/MSNBCW_20171229_160000_MSNBC_Live_With_Velshi_and_Ruhle/MSNBCW_20171229_160000_MSNBC_Live_With_Velshi_and_Ruhle.thumbs/MSNBCW_20171229_160000_MSNBC_Live_With_Velshi_and_Ruhle_000807.jpg,"president trump pointed that out in a tweet, but then added maybe we could use a little bit of that good old global warming. we'll tackle that one next. and someplace are it is not frinlgts frigid, palm beach, florida where he and the family are spending the holidays."
https://archive.org/details/MSNBCW_20171229_160000_MSNBC_Live_With_Velshi_and_Ruhle#start/1048/end/1083,12/29/2017 16:17:43,MSNBC,MSNBC Live With Velshi and Ruhle,MSNBCW_20171229_160000_MSNBC_Live_With_Velshi_and_Ruhle,https://archive.org/download/MSNBCW_20171229_160000_MSNBC_Live_With_Velshi_and_Ruhle/MSNBCW_20171229_160000_MSNBC_Live_With_Velshi_and_Ruhle.thumbs/MSNBCW_20171229_160000_MSNBC_Live_With_Velshi_and_Ruhle_001047.jpg,"he tweeted in the east it could be the coldest new year's eve on record. perhaps we could use a bit of that good old global warming that our country but not other countries was going to pay trillions to protect against. bundle up. weather is not the news as"
https://archive.org/details/MSNBCW_20171229_210000_Deadline_White_House#start/2036/end/2071,12/29/2017 21:34:11,MSNBC,Deadline White House,MSNBCW_20171229_210000_Deadline_White_House,https://archive.org/download/MSNBCW_20171229_210000_Deadline_White_House/MSNBCW_20171229_210000_Deadline_White_House.thumbs/MSNBCW_20171229_210000_Deadline_White_House_002008.jpg,"bit of that good old global warming that our country, but not other countries, was going to pay trillions of dollars to protect against. bundle up. however, a u.s. report says the last three years have been the warmest on record and concluded with 95% to 100% certainty that"
https://archive.org/details/MSNBCW_20171229_210000_Deadline_White_House#start/2134/end/2169,12/29/2017 21:35:49,MSNBC,Deadline White House,MSNBCW_20171229_210000_Deadline_White_House,https://archive.org/download/MSNBCW_20171229_210000_Deadline_White_House/MSNBCW_20171229_210000_Deadline_White_House.thumbs/MSNBCW_20171229_210000_Deadline_White_House_002128.jpg,"in president trump's tweet he brought up withdrawing from the paris agreement. just this week, ten more cities signed on to the chicago climate charter where cities pledged to stick to the guidelines of the agreement anyway. so can global warming be helped perhaps without the aid of the"
https://archive.org/details/MSNBCW_20171227_090000_The_11th_Hour_With_Brian_Williams#start/3137/end/3172,12/27/2017 9:52:32,MSNBC,The 11th Hour With Brian Williams,MSNBCW_20171227_090000_The_11th_Hour_With_Brian_Williams,https://archive.org/download/MSNBCW_20171227_090000_The_11th_Hour_With_Brian_Williams/MSNBCW_20171227_090000_The_11th_Hour_With_Brian_Williams.thumbs/MSNBCW_20171227_090000_The_11th_Hour_With_Brian_Williams_003118.jpg,"there's a super majority of democrats, and they said we're going to stand up to trump. our congressional delegation, overwhelmingly democratic, governor jerry brown, he's not only a huge democrat and critic of the president, but he's been out there acting as the world's climate ambassador saying president trump's policies on climate do not speak for all of us, join california, as if it's its own nation to challenge the president on issues of climate"
https://archive.org/details/MSNBCW_20171219_040000_The_11th_Hour_With_Brian_Williams#start/2667/end/2702,12/19/2017 4:44:42,MSNBC,The 11th Hour With Brian Williams,MSNBCW_20171219_040000_The_11th_Hour_With_Brian_Williams,https://archive.org/download/MSNBCW_20171219_040000_The_11th_Hour_With_Brian_Williams/MSNBCW_20171219_040000_The_11th_Hour_With_Brian_Williams.thumbs/MSNBCW_20171219_040000_The_11th_Hour_With_Brian_Williams_002667.jpg,"accord and has made it a priority to revision their view of what climate change does. also in terms of democracy, promoting democratic values"
https://archive.org/details/MSNBCW_20171229_110000_Morning_Joe#start/10340/end/10375,12/29/2017 13:52:35,MSNBC,Morning Joe,MSNBCW_20171229_110000_Morning_Joe,https://archive.org/download/MSNBCW_20171229_110000_Morning_Joe/MSNBCW_20171229_110000_Morning_Joe.thumbs/MSNBCW_20171229_110000_Morning_Joe_010317.jpg,"do together. on issues ranging from net neutrality to climate change. more rural broadband. you can't -- becky, you can't go wrong with rural broadband."
https://archive.org/details/MSNBCW_20171219_090000_The_11th_Hour_With_Brian_Williams#start/2608/end/2643,12/19/2017 9:43:43,MSNBC,The 11th Hour With Brian Williams,MSNBCW_20171219_090000_The_11th_Hour_With_Brian_Williams,https://archive.org/download/MSNBCW_20171219_090000_The_11th_Hour_With_Brian_Williams/MSNBCW_20171219_090000_The_11th_Hour_With_Brian_Williams.thumbs/MSNBCW_20171219_090000_The_11th_Hour_With_Brian_Williams_002608.jpg,"similar in tone to that of president obama and president bush. some of the key differences, no climate change as a national security threat, that was a"
https://archive.org/details/MSNBCW_20171229_060000_The_Last_Word_With_Lawrence_ODonnell#start/2299/end/2334,12/29/2017 6:38:34,MSNBC,The Last Word With Lawrence ODonnell,MSNBCW_20171229_060000_The_Last_Word_With_Lawrence_ODonnell,https://archive.org/download/MSNBCW_20171229_060000_The_Last_Word_With_Lawrence_ODonnell/MSNBCW_20171229_060000_The_Last_Word_With_Lawrence_ODonnell.thumbs/MSNBCW_20171229_060000_The_Last_Word_With_Lawrence_ODonnell_002277.jpg,"harwood, thank you both. president trump says because it's cold outside, he thought about climate change. how's this affecting his ability to get things done? that's ahead."
https://archive.org/details/MSNBCW_20171219_110000_Morning_Joe#start/4413/end/4448,12/19/2017 12:13:48,MSNBC,Morning Joe,MSNBCW_20171219_110000_Morning_Joe,https://archive.org/download/MSNBCW_20171219_110000_Morning_Joe/MSNBCW_20171219_110000_Morning_Joe.thumbs/MSNBCW_20171219_110000_Morning_Joe_004407.jpg,"policy which sees climate change as a national security threat around the world. instead there's talk about energy dominance. it's very odd they came out with this so early."
https://archive.org/details/MSNBCW_20171222_140000_MSNBC_Live_With_Stephanie_Ruhle#start/2620/end/2655,12/22/2017 14:43:55,MSNBC,MSNBC Live With Stephanie Ruhle,MSNBCW_20171222_140000_MSNBC_Live_With_Stephanie_Ruhle,https://archive.org/download/MSNBCW_20171222_140000_MSNBC_Live_With_Stephanie_Ruhle/MSNBCW_20171222_140000_MSNBC_Live_With_Stephanie_Ruhle.thumbs/MSNBCW_20171222_140000_MSNBC_Live_With_Stephanie_Ruhle_002607.jpg,"i'm a social activist. i describe myself as a mother on fire. i'm not stopping. i think we're in trouble. whether you look at the endless expanding war, a generation that is locked into unpayable student loan debt, the climate crisis, and we don't see these critical"
https://archive.org/details/MSNBCW_20171212_080000_All_In_With_Chris_Hayes#start/2654/end/2689,12/12/2017 8:44:29,MSNBC,All In With Chris Hayes,MSNBCW_20171212_080000_All_In_With_Chris_Hayes,https://archive.org/download/MSNBCW_20171212_080000_All_In_With_Chris_Hayes/MSNBCW_20171212_080000_All_In_With_Chris_Hayes.thumbs/MSNBCW_20171212_080000_All_In_With_Chris_Hayes_002638.jpg,"please, come to france. you are welcome. it's your nation. we want people working on climate change, energy, renewables, and new technologies. to all scientists, engineers, people disappointed by the"
https://archive.org/details/MSNBCW_20171222_140000_MSNBC_Live_With_Stephanie_Ruhle#start/2004/end/2039,12/22/2017 14:33:39,MSNBC,MSNBC Live With Stephanie Ruhle,MSNBCW_20171222_140000_MSNBC_Live_With_Stephanie_Ruhle,https://archive.org/download/MSNBCW_20171222_140000_MSNBC_Live_With_Stephanie_Ruhle/MSNBCW_20171222_140000_MSNBC_Live_With_Stephanie_Ruhle.thumbs/MSNBCW_20171222_140000_MSNBC_Live_With_Stephanie_Ruhle_002007.jpg,"the middle east, freezing the bank accounts of those countries who continue to sponsor terrorism like saudi arabia. and nuclear weapons abolition and climate change. so those were my issues."
https://archive.org/details/MSNBCW_20171229_100000_First_Look#start/502/end/537,12/29/2017 10:08:37,MSNBC,First Look,MSNBCW_20171229_100000_First_Look,https://archive.org/download/MSNBCW_20171229_100000_First_Look/MSNBCW_20171229_100000_First_Look.thumbs/MSNBCW_20171229_100000_First_Look_000477.jpg,"we still have a lot of work to do together. issues raising from net neutrality, climate change. broad band. more rural broad band. you can't go wrong with rural broad band."
https://archive.org/details/MSNBCW_20171210_120000_MSNBC_Live#start/1581/end/1616,12/10/2017 12:26:36,MSNBC,MSNBC Live,MSNBCW_20171210_120000_MSNBC_Live,https://archive.org/download/MSNBCW_20171210_120000_MSNBC_Live/MSNBCW_20171210_120000_MSNBC_Live.thumbs/MSNBCW_20171210_120000_MSNBC_Live_001557.jpg,"climate change, wildfires have become a new normal. and the first big blast of winter weather is over most parts of the northeast from the mid-atlantic up"
https://archive.org/details/MSNBCW_20171219_200000_MSNBC_Live_With_Ali_Velshi#start/3114/end/3149,12/19/2017 20:52:09,MSNBC,MSNBC Live With Ali Velshi,MSNBCW_20171219_200000_MSNBC_Live_With_Ali_Velshi,https://archive.org/download/MSNBCW_20171219_200000_MSNBC_Live_With_Ali_Velshi/MSNBCW_20171219_200000_MSNBC_Live_With_Ali_Velshi.thumbs/MSNBCW_20171219_200000_MSNBC_Live_With_Ali_Velshi_003087.jpg,"we have got to rethink ourselves in the entire caribbean region. tourism is wonderful, but climate change is going to affect it tremendously. as well as people's pockets and the disposable -- we're going to                 _"
https://archive.org/details/MSNBCW_20171217_130000_PoliticsNation_With_Al_Sharpton#start/1692/end/1727,12/17/2017 13:28:27,MSNBC,PoliticsNation With Al Sharpton,MSNBCW_20171217_130000_PoliticsNation_With_Al_Sharpton,https://archive.org/download/MSNBCW_20171217_130000_PoliticsNation_With_Al_Sharpton/MSNBCW_20171217_130000_PoliticsNation_With_Al_Sharpton.thumbs/MSNBCW_20171217_130000_PoliticsNation_With_Al_Sharpton_001678.jpg,"candidates, their assessments of the climate change threat was lost on a plurality of millennial voters. according to polling, with many seeing no difference between a woman who, while not known as an"
https://archive.org/details/MSNBCW_20171212_010000_All_In_With_Chris_Hayes#start/2764/end/2799,12/12/2017 1:46:19,MSNBC,All In With Chris Hayes,MSNBCW_20171212_010000_All_In_With_Chris_Hayes,https://archive.org/download/MSNBCW_20171212_010000_All_In_With_Chris_Hayes/MSNBCW_20171212_010000_All_In_With_Chris_Hayes.thumbs/MSNBCW_20171212_010000_All_In_With_Chris_Hayes_002757.jpg,"but today he took tangible action to bring top american scientists a across the atlantic. macron awarded climate change worth millions of bureaus relocating them to paris for the remainder of trump's term."
https://archive.org/details/MSNBCW_20171229_160000_MSNBC_Live_With_Velshi_and_Ruhle#start/153/end/188,12/29/2017 16:02:48,MSNBC,MSNBC Live With Velshi and Ruhle,MSNBCW_20171229_160000_MSNBC_Live_With_Velshi_and_Ruhle,https://archive.org/download/MSNBCW_20171229_160000_MSNBC_Live_With_Velshi_and_Ruhle/MSNBCW_20171229_160000_MSNBC_Live_With_Velshi_and_Ruhle.thumbs/MSNBCW_20171229_160000_MSNBC_Live_With_Velshi_and_Ruhle_000147.jpg,"climate change and even his golf swing. he says the sooner it is worked out, the best for the country. he talked about working on bipartisan deals in 2018 including one on daca."
https://archive.org/details/MSNBCW_20171218_140000_MSNBC_Live_With_Stephanie_Ruhle#start/3174/end/3209,12/18/2017 14:53:09,MSNBC,MSNBC Live With Stephanie Ruhle,MSNBCW_20171218_140000_MSNBC_Live_With_Stephanie_Ruhle,https://archive.org/download/MSNBCW_20171218_140000_MSNBC_Live_With_Stephanie_Ruhle/MSNBCW_20171218_140000_MSNBC_Live_With_Stephanie_Ruhle.thumbs/MSNBCW_20171218_140000_MSNBC_Live_With_Stephanie_Ruhle_003178.jpg,"sounds like it's obama and george bush's policy. yeah, but it's interesting, first of all, he's differentiating himself from obama because climate change is not part of this national security strategy, right?"
https://archive.org/details/MSNBCW_20171218_200000_MSNBC_Live_With_Ali_Velshi#start/1783/end/1818,12/18/2017 20:29:58,MSNBC,MSNBC Live With Ali Velshi,MSNBCW_20171218_200000_MSNBC_Live_With_Ali_Velshi,https://archive.org/download/MSNBCW_20171218_200000_MSNBC_Live_With_Ali_Velshi/MSNBCW_20171218_200000_MSNBC_Live_With_Ali_Velshi.thumbs/MSNBCW_20171218_200000_MSNBC_Live_With_Ali_Velshi_001768.jpg,"predecessor barack obama and his own pentagon. the pentagon continues to highlight the threat posed by climate change in various parts of the world. ali? let's dig in deeper. vivian salameh, political"
https://archive.org/details/MSNBCW_20171229_030000_The_Last_Word_With_Lawrence_ODonnell#start/504/end/539,12/29/2017 3:08:39,MSNBC,The Last Word With Lawrence ODonnell,MSNBCW_20171229_030000_The_Last_Word_With_Lawrence_ODonnell,https://archive.org/download/MSNBCW_20171229_030000_The_Last_Word_With_Lawrence_ODonnell/MSNBCW_20171229_030000_The_Last_Word_With_Lawrence_ODonnell.thumbs/MSNBCW_20171229_030000_The_Last_Word_With_Lawrence_ODonnell_000478.jpg,"things of climate change for outrageous responses and he was experimenting in the russia probe, floating a new defense to the relationship of paul manafort which was joy reid covering tonight and then alan"
https://archive.org/details/MSNBCW_20171229_060000_The_Last_Word_With_Lawrence_ODonnell#start/473/end/508,12/29/2017 6:08:08,MSNBC,The Last Word With Lawrence ODonnell,MSNBCW_20171229_060000_The_Last_Word_With_Lawrence_ODonnell,https://archive.org/download/MSNBCW_20171229_060000_The_Last_Word_With_Lawrence_ODonnell/MSNBCW_20171229_060000_The_Last_Word_With_Lawrence_ODonnell.thumbs/MSNBCW_20171229_060000_The_Last_Word_With_Lawrence_ODonnell_000447.jpg,"introduction to this news, that is president who tweets a lot of things for reaction. just today he was clearly trolling and tweeting serious things of climate change for outrageous responses and he was"
https://archive.org/details/MSNBCW_20171229_170000_Andrea_Mitchell_Reports#start/3132/end/3167,12/29/2017 17:52:27,MSNBC,Andrea Mitchell Reports,MSNBCW_20171229_170000_Andrea_Mitchell_Reports,https://archive.org/download/MSNBCW_20171229_170000_Andrea_Mitchell_Reports/MSNBCW_20171229_170000_Andrea_Mitchell_Reports.thumbs/MSNBCW_20171229_170000_Andrea_Mitchell_Reports_003118.jpg,"resembles sort of a more normal style of presidential communication. and i think this -- these tweets today certainly fit right into that. every fifth grader could tell you that climate change refers to unpredictable weather"
https://archive.org/details/MSNBCW_20171218_200000_MSNBC_Live_With_Ali_Velshi#start/2110/end/2145,12/18/2017 20:35:25,MSNBC,MSNBC Live With Ali Velshi,MSNBCW_20171218_200000_MSNBC_Live_With_Ali_Velshi,https://archive.org/download/MSNBCW_20171218_200000_MSNBC_Live_With_Ali_Velshi/MSNBCW_20171218_200000_MSNBC_Live_With_Ali_Velshi.thumbs/MSNBCW_20171218_200000_MSNBC_Live_With_Ali_Velshi_002098.jpg,"rivalry, a china, also russia, a lesser degree russia, but they're major competitors, de-emphasizing the islamic terrorism, climate change, a lot of the other issues. democracy, human rights promotion and went straight for"
https://archive.org/details/MSNBCW_20171205_100000_First_Look#start/1113/end/1148,12/5/2017 10:18:48,MSNBC,First Look,MSNBCW_20171205_100000_First_Look,https://archive.org/download/MSNBCW_20171205_100000_First_Look/MSNBCW_20171205_100000_First_Look.thumbs/MSNBCW_20171205_100000_First_Look_001108.jpg,"all these countries are warning the u.s. as we've seen in places like with the climate change, that is even possibly more for the trump administration and the iran is more reason. it may cause widespread --  _"
https://archive.org/details/MSNBCW_20171219_070000_The_11th_Hour_With_Brian_Williams#start/2661/end/2696,12/19/2017 7:44:36,MSNBC,The 11th Hour With Brian Williams,MSNBCW_20171219_070000_The_11th_Hour_With_Brian_Williams,https://archive.org/download/MSNBCW_20171219_070000_The_11th_Hour_With_Brian_Williams/MSNBCW_20171219_070000_The_11th_Hour_With_Brian_Williams.thumbs/MSNBCW_20171219_070000_The_11th_Hour_With_Brian_Williams_002637.jpg,"bush. some of the key differences, no climate change as a national security threat, that was a very, very significant departure and was not a surprise given that the trump administration has pulled out of the paris"
https://archive.org/details/MSNBCW_20171219_070000_The_11th_Hour_With_Brian_Williams#start/2678/end/2713,12/19/2017 7:44:53,MSNBC,The 11th Hour With Brian Williams,MSNBCW_20171219_070000_The_11th_Hour_With_Brian_Williams,https://archive.org/download/MSNBCW_20171219_070000_The_11th_Hour_With_Brian_Williams/MSNBCW_20171219_070000_The_11th_Hour_With_Brian_Williams.thumbs/MSNBCW_20171219_070000_The_11th_Hour_With_Brian_Williams_002667.jpg,"accord and has made it a priority to revision their view of what climate change does. also in terms of democracy, promoting democratic values abroad, that is something the trump administration has emphasized on time and time"
https://archive.org/details/MSNBCW_20171212_080000_All_In_With_Chris_Hayes#start/2539/end/2574,12/12/2017 8:42:34,MSNBC,All In With Chris Hayes,MSNBCW_20171212_080000_All_In_With_Chris_Hayes,https://archive.org/download/MSNBCW_20171212_080000_All_In_With_Chris_Hayes/MSNBCW_20171212_080000_All_In_With_Chris_Hayes.thumbs/MSNBCW_20171212_080000_All_In_With_Chris_Hayes_002518.jpg,"it was so successful. get a big movie star and you can't pull it off. today arnold schwarzenegger, who arrived at a paris climate change summit via bicycle had some words for donald trump. it doesn't matter that donald"
https://archive.org/details/MSNBCW_20171212_150000_MSNBC_Live_With_Hallie_Jackson#start/1758/end/1793,12/12/2017 15:29:33,MSNBC,MSNBC Live With Hallie Jackson,MSNBCW_20171212_150000_MSNBC_Live_With_Hallie_Jackson,https://archive.org/download/MSNBCW_20171212_150000_MSNBC_Live_With_Hallie_Jackson/MSNBCW_20171212_150000_MSNBC_Live_With_Hallie_Jackson.thumbs/MSNBCW_20171212_150000_MSNBC_Live_With_Hallie_Jackson_001738.jpg,"to block a ban by the vague claims in the government's argument. more than 50 world leaders are rejecting life and money into the fight against climate change. do you know who is not going to"
https://archive.org/details/MSNBCW_20171229_030000_The_Last_Word_With_Lawrence_ODonnell#start/2361/end/2396,12/29/2017 3:39:36,MSNBC,The Last Word With Lawrence ODonnell,MSNBCW_20171229_030000_The_Last_Word_With_Lawrence_ODonnell,https://archive.org/download/MSNBCW_20171229_030000_The_Last_Word_With_Lawrence_ODonnell/MSNBCW_20171229_030000_The_Last_Word_With_Lawrence_ODonnell.thumbs/MSNBCW_20171229_030000_The_Last_Word_With_Lawrence_ODonnell_002308.jpg,"harwood, thank you both. president trump says because it's cold outside, he thought about climate change. how's this affecting his ability to get things done? that's ahead. (news anchor) downtown traffic is still bad. expect massive delays."
https://archive.org/details/MSNBCW_20171229_100000_First_Look#start/3248/end/3283,12/29/2017 10:54:23,MSNBC,First Look,MSNBCW_20171229_100000_First_Look,https://archive.org/download/MSNBCW_20171229_100000_First_Look/MSNBCW_20171229_100000_First_Look.thumbs/MSNBCW_20171229_100000_First_Look_003237.jpg,"the pope and the president do not agree on climate change and immigration. that may explain the body language t. nato summit is our blooper real segment. you have all kind of weird hand shakes with emanuel macron, the"
https://archive.org/details/MSNBCW_20171229_160000_MSNBC_Live_With_Velshi_and_Ruhle#start/1254/end/1289,12/29/2017 16:21:09,MSNBC,MSNBC Live With Velshi and Ruhle,MSNBCW_20171229_160000_MSNBC_Live_With_Velshi_and_Ruhle,https://archive.org/download/MSNBCW_20171229_160000_MSNBC_Live_With_Velshi_and_Ruhle/MSNBCW_20171229_160000_MSNBC_Live_With_Velshi_and_Ruhle.thumbs/MSNBCW_20171229_160000_MSNBC_Live_With_Velshi_and_Ruhle_001227.jpg,"agreement? what has happened in washington? we've certainly seen cities here doing more. i noted that the chicago climate change just added ten more cities to its ranks. what has changed when you look at the folks concerned about"
https://archive.org/details/MSNBCW_20171230_130000_Hugh_Hewitt#start/274/end/309,12/30/2017 13:04:49,MSNBC,Hugh Hewitt,MSNBCW_20171230_130000_Hugh_Hewitt,https://archive.org/download/MSNBCW_20171230_130000_Hugh_Hewitt/MSNBCW_20171230_130000_Hugh_Hewitt.thumbs/MSNBCW_20171230_130000_Hugh_Hewitt_000267.jpg,"regulations or not. they come in such rapid succession. we saw people trying to advance their own political agenda with the disasters. whether that's tackling climate change with the shootings. you know, nothing has happened on bump stocks."
https://archive.org/details/MSNBCW_20171218_170000_Andrea_Mitchell_Reports#start/3148/end/3183,12/18/2017 17:52:43,MSNBC,Andrea Mitchell Reports,MSNBCW_20171218_170000_Andrea_Mitchell_Reports,https://archive.org/download/MSNBCW_20171218_170000_Andrea_Mitchell_Reports/MSNBCW_20171218_170000_Andrea_Mitchell_Reports.thumbs/MSNBCW_20171218_170000_Andrea_Mitchell_Reports_003147.jpg,"including iran among them, climate change, had viewed -- president xi had viewed the chinese as partners. beyond that the president is going to emphasize the value of economic security. the economic security is central to national security so you've"
https://archive.org/details/MSNBCW_20171218_200000_MSNBC_Live_With_Ali_Velshi#start/2002/end/2037,12/18/2017 20:33:37,MSNBC,MSNBC Live With Ali Velshi,MSNBCW_20171218_200000_MSNBC_Live_With_Ali_Velshi,https://archive.org/download/MSNBCW_20171218_200000_MSNBC_Live_With_Ali_Velshi/MSNBCW_20171218_200000_MSNBC_Live_With_Ali_Velshi.thumbs/MSNBCW_20171218_200000_MSNBC_Live_With_Ali_Velshi_001978.jpg,"said, climate change not a national security issue is obviously a significant departure from president obama's position and also the pentagon and also bolstering the military as a way of gaining respect from adversaries and allies,"
https://archive.org/details/MSNBCW_20171209_220000_MSNBC_Live#start/1695/end/1730,12/9/2017 22:28:30,MSNBC,MSNBC Live,MSNBCW_20171209_220000_MSNBC_Live,https://archive.org/download/MSNBCW_20171209_220000_MSNBC_Live/MSNBCW_20171209_220000_MSNBC_Live.thumbs/MSNBCW_20171209_220000_MSNBC_Live_001677.jpg,"here, providing some assistance after the fact. but governor brown was in ventura a short time ago, as he's want to do, he invoked climate change as an issue, and said the situation will only get"
https://archive.org/details/MSNBCW_20171219_110000_Morning_Joe#start/4398/end/4433,12/19/2017 12:13:33,MSNBC,Morning Joe,MSNBCW_20171219_110000_Morning_Joe,https://archive.org/download/MSNBCW_20171219_110000_Morning_Joe/MSNBCW_20171219_110000_Morning_Joe.thumbs/MSNBCW_20171219_110000_Morning_Joe_004377.jpg,"which was our principle vehicle for challenging china in asia, and we have now seated a lot of territory to china. i think it's interesting in the document, there's no mention of climate change which is completely against the pentagon"
https://archive.org/details/MSNBCW_20171215_020000_The_Rachel_Maddow_Show#start/1492/end/1527,12/15/2017 2:25:07,MSNBC,The Rachel Maddow Show,MSNBCW_20171215_020000_The_Rachel_Maddow_Show,https://archive.org/download/MSNBCW_20171215_020000_The_Rachel_Maddow_Show/MSNBCW_20171215_020000_The_Rachel_Maddow_Show.thumbs/MSNBCW_20171215_020000_The_Rachel_Maddow_Show_001468.jpg,"when girls go to school we're going to maximize their talents. we could have a solution for climate change in that girl. that girl could be the next nobel peace prize winner. i'm the one clocking in when you're clocking out."
https://archive.org/details/MSNBCW_20171211_190000_MSNBC_Live_With_Katy_Tur#start/2084/end/2119,12/11/2017 19:34:59,MSNBC,MSNBC Live With Katy Tur,MSNBCW_20171211_190000_MSNBC_Live_With_Katy_Tur,https://archive.org/download/MSNBCW_20171211_190000_MSNBC_Live_With_Katy_Tur/MSNBCW_20171211_190000_MSNBC_Live_With_Katy_Tur.thumbs/MSNBCW_20171211_190000_MSNBC_Live_With_Katy_Tur_002067.jpg,"other areas such as for earth/science which includes the study of climate change? i'm not going to get ahead of the president's announcement later today. we'll have further details once the process is completed. reporter: who are the eyewitnesss who dispute these"
https://archive.org/details/MSNBCW_20171212_010000_All_In_With_Chris_Hayes#start/2616/end/2651,12/12/2017 1:43:51,MSNBC,All In With Chris Hayes,MSNBCW_20171212_010000_All_In_With_Chris_Hayes,https://archive.org/download/MSNBCW_20171212_010000_All_In_With_Chris_Hayes/MSNBCW_20171212_010000_All_In_With_Chris_Hayes.thumbs/MSNBCW_20171212_010000_All_In_With_Chris_Hayes_002607.jpg,"today arnold schwarzenegger, who arrived at a paris climate change summit via bicycle had some words for donald trump. it doesn't matter that donald trump backed out of the paris agreement because the private sector didn't drop out. the public sector didn't drop"
https://archive.org/details/MSNBCW_20171212_030000_The_Last_Word_With_Lawrence_ODonnell#start/2277/end/2312,12/12/2017 3:38:12,MSNBC,The Last Word With Lawrence ODonnell,MSNBCW_20171212_030000_The_Last_Word_With_Lawrence_ODonnell,https://archive.org/download/MSNBCW_20171212_030000_The_Last_Word_With_Lawrence_ODonnell/MSNBCW_20171212_030000_The_Last_Word_With_Lawrence_ODonnell.thumbs/MSNBCW_20171212_030000_The_Last_Word_With_Lawrence_ODonnell_002277.jpg,"we could have a solution for climate change in that girl. that girl could be the next nobel peace prize winner. coaching means making tough choices. jim! you're in! but when you have high blood pressure and need cold medicine that works fast,"
https://archive.org/details/MSNBCW_20171212_080000_All_In_With_Chris_Hayes#start/2688/end/2723,12/12/2017 8:45:03,MSNBC,All In With Chris Hayes,MSNBCW_20171212_080000_All_In_With_Chris_Hayes,https://archive.org/download/MSNBCW_20171212_080000_All_In_With_Chris_Hayes/MSNBCW_20171212_080000_All_In_With_Chris_Hayes.thumbs/MSNBCW_20171212_080000_All_In_With_Chris_Hayes_002668.jpg,"macron and trump have had their share of tension. but today he took tangible action to bring top american scientists a across the atlantic. macron awarded climate change worth millions of bureaus relocating them to paris for the remainder of trump's term."
https://archive.org/details/MSNBCW_20171223_180000_MSNBC_Live_With_Alex_Witt#start/1230/end/1265,12/23/2017 18:20:45,MSNBC,MSNBC Live With Alex Witt,MSNBCW_20171223_180000_MSNBC_Live_With_Alex_Witt,https://archive.org/download/MSNBCW_20171223_180000_MSNBC_Live_With_Alex_Witt/MSNBCW_20171223_180000_MSNBC_Live_With_Alex_Witt.thumbs/MSNBCW_20171223_180000_MSNBC_Live_With_Alex_Witt_001227.jpg,"agenda, which was front and center during the campaign. not only the agenda for a weapons embargo to the middle east as well as a cease-fire real substantive action on climate change. we were calling for a green new"
https://archive.org/details/MSNBCW_20171220_060000_The_Last_Word_With_Lawrence_ODonnell#start/3363/end/3398,12/20/2017 6:56:18,MSNBC,The Last Word With Lawrence ODonnell,MSNBCW_20171220_060000_The_Last_Word_With_Lawrence_ODonnell,https://archive.org/download/MSNBCW_20171220_060000_The_Last_Word_With_Lawrence_ODonnell/MSNBCW_20171220_060000_The_Last_Word_With_Lawrence_ODonnell.thumbs/MSNBCW_20171220_060000_The_Last_Word_With_Lawrence_ODonnell_003357.jpg,"that we're working with and expand with great confidence. when girls go to school we're going to maximize their talents. we could have a solution for climate change in that girl. that girl could be the next nobel peace prize winner."
https://archive.org/details/MSNBCW_20171221_220000_MTP_Daily#start/599/end/634,12/21/2017 22:10:14,MSNBC,MTP Daily,MSNBCW_20171221_220000_MTP_Daily,https://archive.org/download/MSNBCW_20171221_220000_MTP_Daily/MSNBCW_20171221_220000_MTP_Daily.thumbs/MSNBCW_20171221_220000_MTP_Daily_000597.jpg,"president that's repudiated every value they have. they're for doing something about climate change. he's a denier. they like diversity. they like immigration. they believe gay rights is the civil rights issue of their time. trump stands for exactly the"
https://archive.org/details/MSNBCW_20171221_230000_The_Beat_With_Ari_Melber#start/1864/end/1899,12/21/2017 23:31:19,MSNBC,The Beat With Ari Melber,MSNBCW_20171221_230000_The_Beat_With_Ari_Melber,https://archive.org/download/MSNBCW_20171221_230000_The_Beat_With_Ari_Melber/MSNBCW_20171221_230000_The_Beat_With_Ari_Melber.thumbs/MSNBCW_20171221_230000_The_Beat_With_Ari_Melber_001858.jpg,"climate change by embracing clean energy policies like we're doing here in the state of washington. and he can't stop us from having the ability to have his unconstitutional behavior judged by the judicial system of the united states and our own court"
https://archive.org/details/MSNBCW_20171222_220000_MTP_Daily#start/1893/end/1928,12/22/2017 22:31:48,MSNBC,MTP Daily,MSNBCW_20171222_220000_MTP_Daily,https://archive.org/download/MSNBCW_20171222_220000_MTP_Daily/MSNBCW_20171222_220000_MTP_Daily.thumbs/MSNBCW_20171222_220000_MTP_Daily_001887.jpg,"that we're working with and expand with great confidence. when girls go to school we're going to maximize their talents. we could have a solution for climate change in that girl. that girl could be the next nobel peace prize winner."
https://archive.org/details/MSNBCW_20171227_040000_The_11th_Hour_With_Brian_Williams#start/3140/end/3175,12/27/2017 4:52:35,MSNBC,The 11th Hour With Brian Williams,MSNBCW_20171227_040000_The_11th_Hour_With_Brian_Williams,https://archive.org/download/MSNBCW_20171227_040000_The_11th_Hour_With_Brian_Williams/MSNBCW_20171227_040000_The_11th_Hour_With_Brian_Williams.thumbs/MSNBCW_20171227_040000_The_11th_Hour_With_Brian_Williams_003118.jpg,"out there acting as the world's climate ambassador saying president trump's policies on climate do not speak for all of us, join california, as if it's its own nation to challenge the president on issues of climate change. california made an effort there."
https://archive.org/details/MSNBCW_20171229_160000_MSNBC_Live_With_Velshi_and_Ruhle#start/1111/end/1146,12/29/2017 16:18:46,MSNBC,MSNBC Live With Velshi and Ruhle,MSNBCW_20171229_160000_MSNBC_Live_With_Velshi_and_Ruhle,https://archive.org/download/MSNBCW_20171229_160000_MSNBC_Live_With_Velshi_and_Ruhle/MSNBCW_20171229_160000_MSNBC_Live_With_Velshi_and_Ruhle.thumbs/MSNBCW_20171229_160000_MSNBC_Live_With_Velshi_and_Ruhle_001107.jpg,"not suddenly poor because he forgot his wallet one day she wrote, but nor is a poor person suddenly rich because they had a wind fall of a couple hundred dollars. so you need to think about climate change as trends over time."
https://archive.org/details/MSNBCW_20171229_160000_MSNBC_Live_With_Velshi_and_Ruhle#start/1240/end/1275,12/29/2017 16:20:55,MSNBC,MSNBC Live With Velshi and Ruhle,MSNBCW_20171229_160000_MSNBC_Live_With_Velshi_and_Ruhle,https://archive.org/download/MSNBCW_20171229_160000_MSNBC_Live_With_Velshi_and_Ruhle/MSNBCW_20171229_160000_MSNBC_Live_With_Velshi_and_Ruhle.thumbs/MSNBCW_20171229_160000_MSNBC_Live_With_Velshi_and_Ruhle_001227.jpg,"deal with the fires in california, the puerto rico hurricanes, the floods in houston. and all these were essentially 1 in 1000 year events. all directly due to climate change. and what has happened since the president decided to withdraw from the paris"
https://archive.org/details/MSNBCW_20171229_210000_Deadline_White_House#start/2180/end/2215,12/29/2017 21:36:35,MSNBC,Deadline White House,MSNBCW_20171229_210000_Deadline_White_House,https://archive.org/download/MSNBCW_20171229_210000_Deadline_White_House/MSNBCW_20171229_210000_Deadline_White_House.thumbs/MSNBCW_20171229_210000_Deadline_White_House_002158.jpg,"places start to address climate change and then impose economic sank sanctions overtly or by default on places that have not embraced the work that needs to be done. then you'll end up with this states rights working the other"
https://archive.org/details/MSNBCW_20171218_200000_MSNBC_Live_With_Ali_Velshi#start/1767/end/1802,12/18/2017 20:29:42,MSNBC,MSNBC Live With Ali Velshi,MSNBCW_20171218_200000_MSNBC_Live_With_Ali_Velshi,https://archive.org/download/MSNBCW_20171218_200000_MSNBC_Live_With_Ali_Velshi/MSNBCW_20171218_200000_MSNBC_Live_With_Ali_Velshi.thumbs/MSNBCW_20171218_200000_MSNBC_Live_With_Ali_Velshi_001768.jpg,"america and its allies will take all necessary steps to achieve a due nuclearization and ensure that this regime cannot threaten the world. reporter: so notably absent from the list of international threat, climate change. the president breaking with his"
https://archive.org/details/MSNBCW_20171205_110000_Morning_Joe#start/10473/end/10508,12/5/2017 13:54:48,MSNBC,Morning Joe,MSNBCW_20171205_110000_Morning_Joe,https://archive.org/download/MSNBCW_20171205_110000_Morning_Joe/MSNBCW_20171205_110000_Morning_Joe.thumbs/MSNBCW_20171205_110000_Morning_Joe_010467.jpg,"the paris accords did not solve climate change but it provided us with a framework in which for the first time almost every nation in the world agreed that this was a problem and that they would put in place concrete"
https://archive.org/details/MSNBCW_20171214_110000_Morning_Joe#start/3209/end/3244,12/14/2017 11:53:44,MSNBC,Morning Joe,MSNBCW_20171214_110000_Morning_Joe,https://archive.org/download/MSNBCW_20171214_110000_Morning_Joe/MSNBCW_20171214_110000_Morning_Joe.thumbs/MSNBCW_20171214_110000_Morning_Joe_003207.jpg,"themselves republicans but don't love the direction of the party are issues like immigration, climate change, issues where republicans in the trump era have taken a hard line position, pulling out of the paris climate accord, sort of not having a clear solution on daca, building"
https://archive.org/details/MSNBCW_20171219_000000_Hardball_With_Chris_Matthews#start/3246/end/3281,12/19/2017 0:54:21,MSNBC,Hardball With Chris Matthews,MSNBCW_20171219_000000_Hardball_With_Chris_Matthews,https://archive.org/download/MSNBCW_20171219_000000_Hardball_With_Chris_Matthews/MSNBCW_20171219_000000_Hardball_With_Chris_Matthews.thumbs/MSNBCW_20171219_000000_Hardball_With_Chris_Matthews_003237.jpg,"climate change. well, thank you. nayyera? stunning article in 'the new york times' over the weekend about the use of trump as a racial divisive epithet there is a story out there about how in several small towns across america, as you have high school"
https://archive.org/details/MSNBCW_20171219_040000_The_11th_Hour_With_Brian_Williams#start/2654/end/2689,12/19/2017 4:44:29,MSNBC,The 11th Hour With Brian Williams,MSNBCW_20171219_040000_The_11th_Hour_With_Brian_Williams,https://archive.org/download/MSNBCW_20171219_040000_The_11th_Hour_With_Brian_Williams/MSNBCW_20171219_040000_The_11th_Hour_With_Brian_Williams.thumbs/MSNBCW_20171219_040000_The_11th_Hour_With_Brian_Williams_002637.jpg,"similar in tone to that of president obama and president bush. some of the key differences, no climate change as a national security threat, that was a very, very significant departure and was not a surprise given that the trump administration has pulled out of the paris"
https://archive.org/details/MSNBCW_20171219_090000_The_11th_Hour_With_Brian_Williams#start/2625/end/2660,12/19/2017 9:44:00,MSNBC,The 11th Hour With Brian Williams,MSNBCW_20171219_090000_The_11th_Hour_With_Brian_Williams,https://archive.org/download/MSNBCW_20171219_090000_The_11th_Hour_With_Brian_Williams/MSNBCW_20171219_090000_The_11th_Hour_With_Brian_Williams.thumbs/MSNBCW_20171219_090000_The_11th_Hour_With_Brian_Williams_002608.jpg,"very, very significant departure and was not a surprise given that the trump administration has pulled out of the paris accord and has made it a priority to revision their view of what climate change does. also in terms of democracy, promoting democratic values"
https://archive.org/details/MSNBCW_20171206_190000_MSNBC_Live_With_Katy_Tur#start/3509/end/3544,12/6/2017 19:58:44,MSNBC,MSNBC Live With Katy Tur,MSNBCW_20171206_190000_MSNBC_Live_With_Katy_Tur,https://archive.org/download/MSNBCW_20171206_190000_MSNBC_Live_With_Katy_Tur/MSNBCW_20171206_190000_MSNBC_Live_With_Katy_Tur.thumbs/MSNBCW_20171206_190000_MSNBC_Live_With_Katy_Tur_003508.jpg,"jewish demographic majority in the city, we are rewarding israel and continuing to pretend in front of the world that this is a peace process. this is the same kind of delusional rhetoric that steadily has entered us into climate change denial and what"
https://archive.org/details/MSNBCW_20171212_010000_All_In_With_Chris_Hayes#start/2631/end/2666,12/12/2017 1:44:06,MSNBC,All In With Chris Hayes,MSNBCW_20171212_010000_All_In_With_Chris_Hayes,https://archive.org/download/MSNBCW_20171212_010000_All_In_With_Chris_Hayes/MSNBCW_20171212_010000_All_In_With_Chris_Hayes.thumbs/MSNBCW_20171212_010000_All_In_With_Chris_Hayes_002607.jpg,"out. the universities didn't drop out. the scientists didn't drop out. the engineers didn't drop out. no one dropped out. donald trump pulled donald trump out of the paris agreement. schwarzenegger is right. scientists and engineers have not stopped working to combat climate change, in part because"
https://archive.org/details/MSNBCW_20171208_000000_Hardball_With_Chris_Matthews#start/1917/end/1952,12/8/2017 0:32:12,MSNBC,Hardball With Chris Matthews,MSNBCW_20171208_000000_Hardball_With_Chris_Matthews,https://archive.org/download/MSNBCW_20171208_000000_Hardball_With_Chris_Matthews/MSNBCW_20171208_000000_Hardball_With_Chris_Matthews.thumbs/MSNBCW_20171208_000000_Hardball_With_Chris_Matthews_001857.jpg,"we could have a solution for climate change in that girl. that girl could be the next nobel peace prize winner. when i met my team at ctca, they put together a comprehensive plan, that gave me an opportunity to accomplish my goals, and my dreams."
https://archive.org/details/MSNBCW_20171229_160000_MSNBC_Live_With_Velshi_and_Ruhle#start/1270/end/1305,12/29/2017 16:21:25,MSNBC,MSNBC Live With Velshi and Ruhle,MSNBCW_20171229_160000_MSNBC_Live_With_Velshi_and_Ruhle,https://archive.org/download/MSNBCW_20171229_160000_MSNBC_Live_With_Velshi_and_Ruhle/MSNBCW_20171229_160000_MSNBC_Live_With_Velshi_and_Ruhle.thumbs/MSNBCW_20171229_160000_MSNBC_Live_With_Velshi_and_Ruhle_001257.jpg,"climate change? well, i would first add to the congressman's comments that the folks from other countries that i've spoken to in the past 24 hours, you know, are always quite concerned about that comment because japan has put $1.2 billion, uk, germany, other"
https://archive.org/details/MSNBCW_20171229_160000_MSNBC_Live_With_Velshi_and_Ruhle#start/1364/end/1399,12/29/2017 16:22:59,MSNBC,MSNBC Live With Velshi and Ruhle,MSNBCW_20171229_160000_MSNBC_Live_With_Velshi_and_Ruhle,https://archive.org/download/MSNBCW_20171229_160000_MSNBC_Live_With_Velshi_and_Ruhle/MSNBCW_20171229_160000_MSNBC_Live_With_Velshi_and_Ruhle.thumbs/MSNBCW_20171229_160000_MSNBC_Live_With_Velshi_and_Ruhle_001347.jpg,"senior people at the epa have left just as trump has taken officer. and his leader scott pruitt is famous for his climate change denial and suing the epa. so i think our job is to really speak truth to power as best we"
https://archive.org/details/MSNBCW_20171229_210000_Deadline_White_House#start/2257/end/2292,12/29/2017 21:37:52,MSNBC,Deadline White House,MSNBCW_20171229_210000_Deadline_White_House,https://archive.org/download/MSNBCW_20171229_210000_Deadline_White_House/MSNBCW_20171229_210000_Deadline_White_House.thumbs/MSNBCW_20171229_210000_Deadline_White_House_002248.jpg,"the people i think about all the time are what are eloquently stated as the hillbillys. we want to engage everybody, not working to address climate change is in no one's best interest. it is not in the best interest especially of your children and"
https://archive.org/details/MSNBCW_20171227_160000_MSNBC_Live_With_Velshi_and_Ruhle#start/3235/end/3270,12/27/2017 16:54:10,MSNBC,MSNBC Live With Velshi and Ruhle,MSNBCW_20171227_160000_MSNBC_Live_With_Velshi_and_Ruhle,https://archive.org/download/MSNBCW_20171227_160000_MSNBC_Live_With_Velshi_and_Ruhle/MSNBCW_20171227_160000_MSNBC_Live_With_Velshi_and_Ruhle.thumbs/MSNBCW_20171227_160000_MSNBC_Live_With_Velshi_and_Ruhle_003208.jpg,"we want to get our kids inspired because our kids are the next generation of sports. we want them to think about the future and climate change and science and technology and not harbor one of these ills we're getting over right now about"
https://archive.org/details/MSNBCW_20171216_190000_MSNBC_Live#start/2865/end/2900,12/16/2017 19:48:00,MSNBC,MSNBC Live,MSNBCW_20171216_190000_MSNBC_Live,https://archive.org/download/MSNBCW_20171216_190000_MSNBC_Live/MSNBCW_20171216_190000_MSNBC_Live.thumbs/MSNBCW_20171216_190000_MSNBC_Live_002847.jpg,"not really about policy. what do you think? if you talk to people at the state department t a similar thing happens where they understand incoming administration has very different views on, say, climate change. so they understand and they start to twist the wording a little bit, something about"
https://archive.org/details/MSNBCW_20171223_220000_MSNBC_Live#start/3305/end/3340,12/23/2017 22:55:20,MSNBC,MSNBC Live,MSNBCW_20171223_220000_MSNBC_Live,https://archive.org/download/MSNBCW_20171223_220000_MSNBC_Live/MSNBCW_20171223_220000_MSNBC_Live.thumbs/MSNBCW_20171223_220000_MSNBC_Live_003267.jpg,"when girls go to school we're going to maximize their talents. we could have a solution for climate change in that girl. that girl could be the next nobel peace prize winner. money managers are pretty much the same. all but while some push high commission investment products,"
https://archive.org/details/MSNBCW_20171229_140000_MSNBC_Live_With_Stephanie_Ruhle#start/2369/end/2404,12/29/2017 14:39:44,MSNBC,MSNBC Live With Stephanie Ruhle,MSNBCW_20171229_140000_MSNBC_Live_With_Stephanie_Ruhle,https://archive.org/download/MSNBCW_20171229_140000_MSNBC_Live_With_Stephanie_Ruhle/MSNBCW_20171229_140000_MSNBC_Live_With_Stephanie_Ruhle.thumbs/MSNBCW_20171229_140000_MSNBC_Live_With_Stephanie_Ruhle_002368.jpg,"you know, this is where we're finding we're isolating ourselves. things like climate change. going down a treacherous path. i want to talk about the philippines. there was a meeting with the philippine president that came with one jaw-dropping moment. president trump appearing to laugh at a troubling comment"
https://archive.org/details/MSNBCW_20171229_210000_Deadline_White_House#start/2307/end/2342,12/29/2017 21:38:42,MSNBC,Deadline White House,MSNBCW_20171229_210000_Deadline_White_House,https://archive.org/download/MSNBCW_20171229_210000_Deadline_White_House/MSNBCW_20171229_210000_Deadline_White_House.thumbs/MSNBCW_20171229_210000_Deadline_White_House_002308.jpg,"under the beloved ronald reagan. not only will that national debt increase, but the climate debt, in a sense. what we have to do to address climate change, will be more and more difficult to pay back or pay down. so what we want to do is get everybody working together."
https://archive.org/details/MSNBCW_20171230_150000_AM_Joy#start/6163/end/6198,12/30/2017 16:42:58,MSNBC,AM Joy,MSNBCW_20171230_150000_AM_Joy,https://archive.org/download/MSNBCW_20171230_150000_AM_Joy/MSNBCW_20171230_150000_AM_Joy.thumbs/MSNBCW_20171230_150000_AM_Joy_006147.jpg,"from that vocal minority. what gives me optimism now is when you go to something like a woman's march or an immigration march, you see all kinds of people. you see the people there for climate change. you see people there against the pipelines. we do see a new coalition"
https://archive.org/details/MSNBCW_20171218_150000_MSNBC_Live_With_Hallie_Jackson#start/2522/end/2557,12/18/2017 15:42:17,MSNBC,MSNBC Live With Hallie Jackson,MSNBCW_20171218_150000_MSNBC_Live_With_Hallie_Jackson,https://archive.org/download/MSNBCW_20171218_150000_MSNBC_Live_With_Hallie_Jackson/MSNBCW_20171218_150000_MSNBC_Live_With_Hallie_Jackson.thumbs/MSNBCW_20171218_150000_MSNBC_Live_With_Hallie_Jackson_002518.jpg,"competition over alliances, even ones that the u.s. has had for generations. another change from the previous administration is, the lack of including climate change as a national security threat. there's going to be no mention of aides saying no mention of that. they will talk about the"
https://archive.org/details/MSNBCW_20171218_170000_Andrea_Mitchell_Reports#start/3162/end/3197,12/18/2017 17:52:57,MSNBC,Andrea Mitchell Reports,MSNBCW_20171218_170000_Andrea_Mitchell_Reports,https://archive.org/download/MSNBCW_20171218_170000_Andrea_Mitchell_Reports/MSNBCW_20171218_170000_Andrea_Mitchell_Reports.thumbs/MSNBCW_20171218_170000_Andrea_Mitchell_Reports_003147.jpg,"seen some of those headlines there. climate change obviously another issue he'll be focused on a little later. obama, the past administration, viewed that as a threat to national security, a threat frankly to the world's security. this president is going to view it in a different framework in"
https://archive.org/details/MSNBCW_20171227_070000_The_11th_Hour_With_Brian_Williams#start/3145/end/3180,12/27/2017 7:52:40,MSNBC,The 11th Hour With Brian Williams,MSNBCW_20171227_070000_The_11th_Hour_With_Brian_Williams,https://archive.org/download/MSNBCW_20171227_070000_The_11th_Hour_With_Brian_Williams/MSNBCW_20171227_070000_The_11th_Hour_With_Brian_Williams.thumbs/MSNBCW_20171227_070000_The_11th_Hour_With_Brian_Williams_003118.jpg,"of us. join california, acting as if it's its own nation to challenge the president on issues of climate change. so california has really med an effort there. the women's march as you mentioned, millions of those people came from here. and that effort is looking to continue into 2018."
https://archive.org/details/MSNBCW_20171219_000000_Hardball_With_Chris_Matthews#start/3216/end/3251,12/19/2017 0:53:51,MSNBC,Hardball With Chris Matthews,MSNBCW_20171219_000000_Hardball_With_Chris_Matthews,https://archive.org/download/MSNBCW_20171219_000000_Hardball_With_Chris_Matthews/MSNBCW_20171219_000000_Hardball_With_Chris_Matthews.thumbs/MSNBCW_20171219_000000_Hardball_With_Chris_Matthews_003207.jpg,"climate agreement. but general mattis has come out and said he believes national security is dependent on climate change. and the pentagon and the defense department have been looking into it. so it is a definite shift that this is no longer a priority. how does it work? what is the national security"
https://archive.org/details/MSNBCW_20171219_060000_The_Last_Word_With_Lawrence_ODonnell#start/2561/end/2596,12/19/2017 6:42:56,MSNBC,The Last Word With Lawrence ODonnell,MSNBCW_20171219_060000_The_Last_Word_With_Lawrence_ODonnell,https://archive.org/download/MSNBCW_20171219_060000_The_Last_Word_With_Lawrence_ODonnell/MSNBCW_20171219_060000_The_Last_Word_With_Lawrence_ODonnell.thumbs/MSNBCW_20171219_060000_The_Last_Word_With_Lawrence_ODonnell_002547.jpg,"ensures that we are able to get funds to the people that we're working with and expand with great confidence. when girls go to school we're going to maximize their talents. we could have a solution for climate change in that girl. that girl could be the next nobel peace prize winner."
https://archive.org/details/MSNBCW_20171206_000000_Hardball_With_Chris_Matthews#start/988/end/1023,12/6/2017 0:16:43,MSNBC,Hardball With Chris Matthews,MSNBCW_20171206_000000_Hardball_With_Chris_Matthews,https://archive.org/download/MSNBCW_20171206_000000_Hardball_With_Chris_Matthews/MSNBCW_20171206_000000_Hardball_With_Chris_Matthews.thumbs/MSNBCW_20171206_000000_Hardball_With_Chris_Matthews_000987.jpg,"the fact that citi is in countries where girls are vulnerable ensures that we are able to get funds to the people that we're working with and expand with great confidence. when girls go to school we're going to maximize their talents. we could have a solution for climate change in that girl."
https://archive.org/details/MSNBCW_20171213_210000_Deadline_White_House#start/3382/end/3417,12/13/2017 21:56:37,MSNBC,Deadline White House,MSNBCW_20171213_210000_Deadline_White_House,https://archive.org/download/MSNBCW_20171213_210000_Deadline_White_House/MSNBCW_20171213_210000_Deadline_White_House.thumbs/MSNBCW_20171213_210000_Deadline_White_House_003358.jpg,"the fact that citi is in countries where girls are vulnerable ensures that we are able to get funds to the people that we're working with and expand with great confidence. when girls go to school we're going to maximize their talents. we could have a solution for climate change in that girl."
https://archive.org/details/MSNBCW_20171216_220000_MSNBC_Live#start/2652/end/2687,12/16/2017 22:44:27,MSNBC,MSNBC Live,MSNBCW_20171216_220000_MSNBC_Live,https://archive.org/download/MSNBCW_20171216_220000_MSNBC_Live/MSNBCW_20171216_220000_MSNBC_Live.thumbs/MSNBCW_20171216_220000_MSNBC_Live_002637.jpg,"ensures that we are able to get funds to the people that we're working with and expand with great confidence. when girls go to school we're going to maximize their talents. we could have a solution for climate change in that girl. that girl could be the next nobel peace prize winner."
https://archive.org/details/MSNBCW_20171202_210000_MSNBC_Live#start/3454/end/3489,12/2/2017 21:57:49,MSNBC,MSNBC Live,MSNBCW_20171202_210000_MSNBC_Live,https://archive.org/download/MSNBCW_20171202_210000_MSNBC_Live/MSNBCW_20171202_210000_MSNBC_Live.thumbs/MSNBCW_20171202_210000_MSNBC_Live_003448.jpg,"ensures that we are able to get funds to the people that we're working with and expand with great confidence. when girls go to school we're going to maximize their talents. we could have a solution for climate change in that girl. that girl could be the next nobel peace prize winner."
https://archive.org/details/MSNBCW_20171208_050000_The_Rachel_Maddow_Show#start/2903/end/2938,12/8/2017 5:48:38,MSNBC,The Rachel Maddow Show,MSNBCW_20171208_050000_The_Rachel_Maddow_Show,https://archive.org/download/MSNBCW_20171208_050000_The_Rachel_Maddow_Show/MSNBCW_20171208_050000_The_Rachel_Maddow_Show.thumbs/MSNBCW_20171208_050000_The_Rachel_Maddow_Show_002817.jpg,"when girls go to school we're going to maximize their talents. we could have a solution for climate change in that girl. that girl could be the next nobel peace prize winner. eight hundred dollars when wet switched our auto and home insurance. with liberty, we could afford a real babysitter instead of your brother."
https://archive.org/details/MSNBCW_20171229_140000_MSNBC_Live_With_Stephanie_Ruhle#start/2305/end/2340,12/29/2017 14:38:40,MSNBC,MSNBC Live With Stephanie Ruhle,MSNBCW_20171229_140000_MSNBC_Live_With_Stephanie_Ruhle,https://archive.org/download/MSNBCW_20171229_140000_MSNBC_Live_With_Stephanie_Ruhle/MSNBCW_20171229_140000_MSNBC_Live_With_Stephanie_Ruhle.thumbs/MSNBCW_20171229_140000_MSNBC_Live_With_Stephanie_Ruhle_002278.jpg,"of the relationship between president trump and our european allies? we've got some serious differences with our closest allies. whether it was the french and climate change, the brits and the issue of the embassy in jerusalem. what do you make of the relationship? so two things here. the handshakes you know, they've"
https://archive.org/details/MSNBCW_20171229_170000_Andrea_Mitchell_Reports#start/3036/end/3071,12/29/2017 17:50:51,MSNBC,Andrea Mitchell Reports,MSNBCW_20171229_170000_Andrea_Mitchell_Reports,https://archive.org/download/MSNBCW_20171229_170000_Andrea_Mitchell_Reports/MSNBCW_20171229_170000_Andrea_Mitchell_Reports.thumbs/MSNBCW_20171229_170000_Andrea_Mitchell_Reports_003028.jpg,"warming/climate change tweet from the president, i was talking to somebody about his tweeting habits saying the president has the instincts to troll. he puts things out there just to get a reaction, just to get a rise from his critics and from his opponents. is that how you look at this"
https://archive.org/details/MSNBCW_20171209_220000_MSNBC_Live#start/1930/end/1965,12/9/2017 22:32:25,MSNBC,MSNBC Live,MSNBCW_20171209_220000_MSNBC_Live,https://archive.org/download/MSNBCW_20171209_220000_MSNBC_Live/MSNBCW_20171209_220000_MSNBC_Live.thumbs/MSNBCW_20171209_220000_MSNBC_Live_001917.jpg,"ensures that we are able to get funds to the people that we're working with and expand with great confidence. when girls go to school we're going to maximize their talents. we could have a solution for climate change in that girl. that girl could be the next nobel peace prize winner."
https://archive.org/details/MSNBCW_20171212_080000_All_In_With_Chris_Hayes#start/2637/end/2672,12/12/2017 8:44:12,MSNBC,All In With Chris Hayes,MSNBCW_20171212_080000_All_In_With_Chris_Hayes,https://archive.org/download/MSNBCW_20171212_080000_All_In_With_Chris_Hayes/MSNBCW_20171212_080000_All_In_With_Chris_Hayes.thumbs/MSNBCW_20171212_080000_All_In_With_Chris_Hayes_002548.jpg,"schwarzenegger is right. scientists and engineers have not stopped working to combat climate change, in part because the french president is literally hiring american scientists to do that work in france. that's things 2 in 60 seconds. french president emmanuel macron has repeated a clear message in the trump era. american scientists are welcome in france."
https://archive.org/details/MSNBCW_20171224_180000_MSNBC_Live_With_Alex_Witt#start/2688/end/2723,12/24/2017 18:45:03,MSNBC,MSNBC Live With Alex Witt,MSNBCW_20171224_180000_MSNBC_Live_With_Alex_Witt,https://archive.org/download/MSNBCW_20171224_180000_MSNBC_Live_With_Alex_Witt/MSNBCW_20171224_180000_MSNBC_Live_With_Alex_Witt.thumbs/MSNBCW_20171224_180000_MSNBC_Live_With_Alex_Witt_002668.jpg,"he made, republicans lined up and endorsed him. climate change and science and facts, republicans continually bury their heads in the sand, ignore them. they don't talk about it. with trump's relentless attack on the first amendment and the right of the free press to do their job and investigate and hold truth to power, again,"
https://archive.org/details/MSNBCW_20171229_160000_MSNBC_Live_With_Velshi_and_Ruhle#start/1222/end/1257,12/29/2017 16:20:37,MSNBC,MSNBC Live With Velshi and Ruhle,MSNBCW_20171229_160000_MSNBC_Live_With_Velshi_and_Ruhle,https://archive.org/download/MSNBCW_20171229_160000_MSNBC_Live_With_Velshi_and_Ruhle/MSNBCW_20171229_160000_MSNBC_Live_With_Velshi_and_Ruhle.thumbs/MSNBCW_20171229_160000_MSNBC_Live_With_Velshi_and_Ruhle_001197.jpg,"but it doesn't men when you hhe have the president continuing the fiction that weather is the same as climate change. one thing he talked about the political i don't knows we'll spend in paris, he missed the fact that our paris commitment was $3 billion. we just passed legislation last week to commit $81 billion to"
https://archive.org/details/MSNBCW_20171231_230000_Meet_the_Press#start/556/end/591,12/31/2017 23:09:31,MSNBC,Meet the Press,MSNBCW_20171231_230000_Meet_the_Press,https://archive.org/download/MSNBCW_20171231_230000_Meet_the_Press/MSNBCW_20171231_230000_Meet_the_Press.thumbs/MSNBCW_20171231_230000_Meet_the_Press_000537.jpg,"he hasn't reneged on i. it was a key campaign speculation, nafta is still in place for the moment. we still have american troops in afghanistan. we still have them in iraq, we still have them in syria. so in some ways things are the same. what's different is that in the foreign policy, the big security strategy review that the president gave at the end of the year, no mention of climate change as a national security"
