﻿URL,MatchDateTime,Station,Show,IAShowID,IAPreviewThumb,Snippet
https://archive.org/details/MSNBCW_20131112_010000_All_In_With_Chris_Hayes#start/1365/end/1400,11/12/2013 1:23:00,MSNBC,All In With Chris Hayes,MSNBCW_20131112_010000_All_In_With_Chris_Hayes,https://archive.org/download/MSNBCW_20131112_010000_All_In_With_Chris_Hayes/MSNBCW_20131112_010000_All_In_With_Chris_Hayes.thumbs/MSNBCW_20131112_010000_All_In_With_Chris_Hayes_001365.jpg,"we are excreting pollution that is equivalent to 40000 hiroshima bombs every 24 hours. that's 19 million tons of global warming pollution every day, and this accumulated climate change"
https://archive.org/details/MSNBCW_20131111_190000_News_Nation#start/467/end/502,11/11/2013 19:08:02,MSNBC,News Nation,MSNBCW_20131111_190000_News_Nation,https://archive.org/download/MSNBCW_20131111_190000_News_Nation/MSNBCW_20131111_190000_News_Nation.thumbs/MSNBCW_20131111_190000_News_Nation_000466.jpg,"climate change or debate here. but you have this philippine delegate at the u.n. who now has started a fast because he feels that climate talks have lacked action as it relates to us discussing global warming and"
https://archive.org/details/MSNBCW_20131112_010000_All_In_With_Chris_Hayes#start/1584/end/1619,11/12/2013 1:26:39,MSNBC,All In With Chris Hayes,MSNBCW_20131112_010000_All_In_With_Chris_Hayes,https://archive.org/download/MSNBCW_20131112_010000_All_In_With_Chris_Hayes/MSNBCW_20131112_010000_All_In_With_Chris_Hayes.thumbs/MSNBCW_20131112_010000_All_In_With_Chris_Hayes_001575.jpg,"with 40% renewable energy, and yet, we're only contributing very little to the greenhouse gases. as you know, it's only -- i think it's around 2%. and the u.s. and china are contributing around 50% of the global warming, and yet, we're"
https://archive.org/details/MSNBCW_20131122_150000_Jansing_and_Co.#start/538/end/573,11/22/2013 15:09:13,MSNBC,Jansing and Co.,MSNBCW_20131122_150000_Jansing_and_Co.,https://archive.org/download/MSNBCW_20131122_150000_Jansing_and_Co./MSNBCW_20131122_150000_Jansing_and_Co..thumbs/MSNBCW_20131122_150000_Jansing_and_Co._000525.jpg,"not addressing the real problems facing the american people. we should not have to spend months and months trying to get presidential appointees done. we should be dealing with issues like global warming. you know, the scientific community tells us that global"
https://archive.org/details/MSNBCW_20131108_170000_NOW_With_Alex_Wagner#start/1368/end/1403,11/8/2013 17:23:03,MSNBC,NOW With Alex Wagner,MSNBCW_20131108_170000_NOW_With_Alex_Wagner,https://archive.org/download/MSNBCW_20131108_170000_NOW_With_Alex_Wagner/MSNBCW_20131108_170000_NOW_With_Alex_Wagner.thumbs/MSNBCW_20131108_170000_NOW_With_Alex_Wagner_001366.jpg,"the current mood of the gop base. christie openly endorsed gun control, a path for citizenship for illegal immigrants, acknowledged legitimacy of climate change."
https://archive.org/details/MSNBCW_20131112_100000_First_Look#start/223/end/258,11/12/2013 10:03:58,MSNBC,First Look,MSNBCW_20131112_100000_First_Look,https://archive.org/download/MSNBCW_20131112_100000_First_Look/MSNBCW_20131112_100000_First_Look.thumbs/MSNBCW_20131112_100000_First_Look_000196.jpg,"philippines. while scientists can't say whether climate change contributed to this particular typhoon, they believe global warming is making storms"
https://archive.org/details/MSNBCW_20131106_170000_NOW_With_Alex_Wagner#start/1214/end/1249,11/6/2013 17:20:29,MSNBC,NOW With Alex Wagner,MSNBCW_20131106_170000_NOW_With_Alex_Wagner,https://archive.org/download/MSNBCW_20131106_170000_NOW_With_Alex_Wagner/MSNBCW_20131106_170000_NOW_With_Alex_Wagner.thumbs/MSNBCW_20131106_170000_NOW_With_Alex_Wagner_001215.jpg,"income, 34% of the entire state's votes, voted for mcauliffe by a 20% margin. it was huge. it wasn't just women. it was also men in northern virginia. the social issues, abortion, gay rights, climate change."
https://archive.org/details/MSNBCW_20131119_210000_Martin_Bashir#start/437/end/472,11/19/2013 21:07:32,MSNBC,Martin Bashir,MSNBCW_20131119_210000_Martin_Bashir,https://archive.org/download/MSNBCW_20131119_210000_Martin_Bashir/MSNBCW_20131119_210000_Martin_Bashir.thumbs/MSNBCW_20131119_210000_Martin_Bashir_000435.jpg,"doctor. well, as you're defending the health care rollout, the president, as i said earlier, is actually at this moment at an event for the 'wall street journal,' taking questions on everything from cyber security to climate change."
https://archive.org/details/MSNBCW_20131112_040000_All_In_With_Chris_Hayes#start/1371/end/1406,11/12/2013 4:23:06,MSNBC,All In With Chris Hayes,MSNBCW_20131112_040000_All_In_With_Chris_Hayes,https://archive.org/download/MSNBCW_20131112_040000_All_In_With_Chris_Hayes/MSNBCW_20131112_040000_All_In_With_Chris_Hayes.thumbs/MSNBCW_20131112_040000_All_In_With_Chris_Hayes_001366.jpg,"is equivalent to 40000 hiroshima bombs every 24 hours, 19 million tons of global warming pollution every day. this accumulated climate change pollution caused by human"
https://archive.org/details/MSNBCW_20131112_080000_All_In_With_Chris_Hayes#start/1367/end/1402,11/12/2013 8:23:02,MSNBC,All In With Chris Hayes,MSNBCW_20131112_080000_All_In_With_Chris_Hayes,https://archive.org/download/MSNBCW_20131112_080000_All_In_With_Chris_Hayes/MSNBCW_20131112_080000_All_In_With_Chris_Hayes.thumbs/MSNBCW_20131112_080000_All_In_With_Chris_Hayes_001366.jpg,"is equivalent to 40000 hiroshima bombs every 24 hours. that's 19 million tons of global warming pollution every day, and this accumulated climate change pollution that is caused by"
https://archive.org/details/MSNBCW_20131111_190000_News_Nation#start/482/end/517,11/11/2013 19:08:17,MSNBC,News Nation,MSNBCW_20131111_190000_News_Nation,https://archive.org/download/MSNBCW_20131111_190000_News_Nation/MSNBCW_20131111_190000_News_Nation.thumbs/MSNBCW_20131111_190000_News_Nation_000466.jpg,"blaming this super typhoon that killed the 10000 people and counting so far on the inability to move forward with conversations as it relates to these meg astorms. we saw some of this after sandy. the necessary conversation that's needed on climate change."
https://archive.org/details/MSNBCW_20131112_110000_Morning_Joe#start/2952/end/2987,11/12/2013 11:49:27,MSNBC,Morning Joe,MSNBCW_20131112_110000_Morning_Joe,https://archive.org/download/MSNBCW_20131112_110000_Morning_Joe/MSNBCW_20131112_110000_Morning_Joe.thumbs/MSNBCW_20131112_110000_Morning_Joe_002926.jpg,"forks all the twitter, all over social immediate area don't blame it, don't do this, don't exploit it, but the fact of the matter is these crises are coming one after another and this should force us to take note of what we're doing. human cause climate change."
https://archive.org/details/MSNBCW_20131105_070000_Hardball_With_Chris_Matthews#start/1477/end/1512,11/5/2013 7:24:52,MSNBC,Hardball With Chris Matthews,MSNBCW_20131105_070000_Hardball_With_Chris_Matthews,https://archive.org/download/MSNBCW_20131105_070000_Hardball_With_Chris_Matthews/MSNBCW_20131105_070000_Hardball_With_Chris_Matthews.thumbs/MSNBCW_20131105_070000_Hardball_With_Chris_Matthews_001456.jpg,"choice. so, global warming is real and caused by mankind by our choices but not the way you think. global warming is actually caused by abortion. wow."
https://archive.org/details/MSNBCW_20131105_050000_The_Rachel_Maddow_Show#start/1479/end/1514,11/5/2013 5:24:54,MSNBC,The Rachel Maddow Show,MSNBCW_20131105_050000_The_Rachel_Maddow_Show,https://archive.org/download/MSNBCW_20131105_050000_The_Rachel_Maddow_Show/MSNBCW_20131105_050000_The_Rachel_Maddow_Show.thumbs/MSNBCW_20131105_050000_The_Rachel_Maddow_Show_001455.jpg,"so, global warming is real and caused by mankind by our choices but not the way you think. global warming is actually caused by abortion. wow. and that's the kind of thing"
https://archive.org/details/MSNBCW_20131105_020000_The_Rachel_Maddow_Show#start/1472/end/1507,11/5/2013 2:24:47,MSNBC,The Rachel Maddow Show,MSNBCW_20131105_020000_The_Rachel_Maddow_Show,https://archive.org/download/MSNBCW_20131105_020000_The_Rachel_Maddow_Show/MSNBCW_20131105_020000_The_Rachel_Maddow_Show.thumbs/MSNBCW_20131105_020000_The_Rachel_Maddow_Show_001456.jpg,"god's protection over our environment, and that's our choice. so, global warming is real and caused by mankind by our choices but not the way you think. global warming is actually caused by abortion."
https://archive.org/details/MSNBCW_20131115_020000_The_Rachel_Maddow_Show#start/289/end/324,11/15/2013 2:05:04,MSNBC,The Rachel Maddow Show,MSNBCW_20131115_020000_The_Rachel_Maddow_Show,https://archive.org/download/MSNBCW_20131115_020000_The_Rachel_Maddow_Show/MSNBCW_20131115_020000_The_Rachel_Maddow_Show.thumbs/MSNBCW_20131115_020000_The_Rachel_Maddow_Show_000286.jpg,"effort in the northeast to control greenhouse gases. when deval patrick took office, he reversed that decision right away. he put massachusetts back into that agreement. governor deval patrick was sworn in on january 4th. it was only two weeks later, by"
https://archive.org/details/MSNBCW_20131112_080000_All_In_With_Chris_Hayes#start/1581/end/1616,11/12/2013 8:26:36,MSNBC,All In With Chris Hayes,MSNBCW_20131112_080000_All_In_With_Chris_Hayes,https://archive.org/download/MSNBCW_20131112_080000_All_In_With_Chris_Hayes/MSNBCW_20131112_080000_All_In_With_Chris_Hayes.thumbs/MSNBCW_20131112_080000_All_In_With_Chris_Hayes_001576.jpg,"that was built in the philippines. the philippines is a country with 40% renewable energy, and yet, we're only contributing very little to the greenhouse gases. as you know, it's only -- i think it's around 2%. and the u.s. and china are"
https://archive.org/details/MSNBCW_20131115_090000_The_Rachel_Maddow_Show#start/273/end/308,11/15/2013 9:04:48,MSNBC,The Rachel Maddow Show,MSNBCW_20131115_090000_The_Rachel_Maddow_Show,https://archive.org/download/MSNBCW_20131115_090000_The_Rachel_Maddow_Show/MSNBCW_20131115_090000_The_Rachel_Maddow_Show.thumbs/MSNBCW_20131115_090000_The_Rachel_Maddow_Show_000255.jpg,"deval patrick, when he took over, he lifted those restrictions right away and unbanned it. mitt romney had pulled massachusetts out of a regional effort in the northeast to control greenhouse gases. when deval patrick took office, he reversed that decision right away."
https://archive.org/details/MSNBCW_20131112_010000_All_In_With_Chris_Hayes#start/1429/end/1464,11/12/2013 1:24:04,MSNBC,All In With Chris Hayes,MSNBCW_20131112_010000_All_In_With_Chris_Hayes,https://archive.org/download/MSNBCW_20131112_010000_All_In_With_Chris_Hayes/MSNBCW_20131112_010000_All_In_With_Chris_Hayes.thumbs/MSNBCW_20131112_010000_All_In_With_Chris_Hayes_001425.jpg,"outlook of the peril that places like the philippines are in in the future is very clear. absolutely, and that's a vulnerability that's going to go up through time. it comes from a few components. increase in greenhouse gases in the atmosphere, 40% more carbon"
https://archive.org/details/MSNBCW_20131105_090000_The_Rachel_Maddow_Show#start/1464/end/1499,11/5/2013 9:24:39,MSNBC,The Rachel Maddow Show,MSNBCW_20131105_090000_The_Rachel_Maddow_Show,https://archive.org/download/MSNBCW_20131105_090000_The_Rachel_Maddow_Show/MSNBCW_20131105_090000_The_Rachel_Maddow_Show.thumbs/MSNBCW_20131105_090000_The_Rachel_Maddow_Show_001457.jpg,"flooding over here and droughts over here. and today we're saying, oh, no, it's global warming. no, we opened the door that lost god's protection over our environment, and that's our choice. so, global warming is real and caused by mankind by our choices but not the way you"
https://archive.org/details/MSNBCW_20131112_010000_All_In_With_Chris_Hayes#start/1522/end/1557,11/12/2013 1:25:37,MSNBC,All In With Chris Hayes,MSNBCW_20131112_010000_All_In_With_Chris_Hayes,https://archive.org/download/MSNBCW_20131112_010000_All_In_With_Chris_Hayes/MSNBCW_20131112_010000_All_In_With_Chris_Hayes.thumbs/MSNBCW_20131112_010000_All_In_With_Chris_Hayes_001515.jpg,"with these large populations, you're actually seeing in a lot of these deltas the land sinking as well, so it's a double whammy. not only sea level rise due to increasing greenhouse gases, but development patterns that drop the surface. esperanza, i'm curious. i know that island nations as a"
https://archive.org/details/MSNBCW_20131112_080000_All_In_With_Chris_Hayes#start/1430/end/1465,11/12/2013 8:24:05,MSNBC,All In With Chris Hayes,MSNBCW_20131112_080000_All_In_With_Chris_Hayes,https://archive.org/download/MSNBCW_20131112_080000_All_In_With_Chris_Hayes/MSNBCW_20131112_080000_All_In_With_Chris_Hayes.thumbs/MSNBCW_20131112_080000_All_In_With_Chris_Hayes_001426.jpg,"many storms, but the broader outlook of the peril that places like the philippines are in in the future is very clear. absolutely, and that's a vulnerability that's going to go up through time. it comes from a few components. increase in greenhouse gases in the atmosphere, 40% more carbon"
https://archive.org/details/MSNBCW_20131115_050000_The_Rachel_Maddow_Show#start/290/end/325,11/15/2013 5:05:05,MSNBC,The Rachel Maddow Show,MSNBCW_20131115_050000_The_Rachel_Maddow_Show,https://archive.org/download/MSNBCW_20131115_050000_The_Rachel_Maddow_Show/MSNBCW_20131115_050000_The_Rachel_Maddow_Show.thumbs/MSNBCW_20131115_050000_The_Rachel_Maddow_Show_000285.jpg,"unbanned it. mitt romney had pulled massachusetts out of a regional effort in the northeast to control greenhouse gases. when deval patrick took office, he reversed that decision right away. he put massachusetts back into that agreement. governor deval patrick was sworn in on january 4th. it was only two weeks later, by"
https://archive.org/details/MSNBCW_20131112_080000_All_In_With_Chris_Hayes#start/1521/end/1556,11/12/2013 8:25:36,MSNBC,All In With Chris Hayes,MSNBCW_20131112_080000_All_In_With_Chris_Hayes,https://archive.org/download/MSNBCW_20131112_080000_All_In_With_Chris_Hayes/MSNBCW_20131112_080000_All_In_With_Chris_Hayes.thumbs/MSNBCW_20131112_080000_All_In_With_Chris_Hayes_001516.jpg,"and other coastal areas. as you extract more groundwater with these large populations, you're actually seeing in a lot of these deltas the land sinking as well, so it's a double whammy. not only sea level rise due to increasing greenhouse gases, but development patterns that drop the surface. esperanza, i'm curious."
https://archive.org/details/MSNBCW_20131102_180000_MSNBC_Live#start/938/end/973,11/2/2013 18:15:53,MSNBC,MSNBC Live,MSNBCW_20131102_180000_MSNBC_Live,https://archive.org/download/MSNBCW_20131102_180000_MSNBC_Live/MSNBCW_20131102_180000_MSNBC_Live.thumbs/MSNBCW_20131102_180000_MSNBC_Live_000915.jpg,"harder for crops to thrive. president obama has issued an executive order to create a task force to help the administration respond to climate change. it effectively takes congress out of the mix in climate change reform. the u.s. ambassador to pakistan has been summoned to"
https://archive.org/details/MSNBCW_20131109_130000_Up_WSteve_Kornacki#start/4814/end/4849,11/9/2013 14:20:29,MSNBC,Up WSteve Kornacki,MSNBCW_20131109_130000_Up_WSteve_Kornacki,https://archive.org/download/MSNBCW_20131109_130000_Up_WSteve_Kornacki/MSNBCW_20131109_130000_Up_WSteve_Kornacki.thumbs/MSNBCW_20131109_130000_Up_WSteve_Kornacki_004815.jpg,"can come up the middle. not to mention the fact that governors tend to do better than senators. mitt rom fiwas a moderate who attacked what i to the right. christie is a conservative at heart on unions, on climate"
https://archive.org/details/MSNBCW_20131102_180000_MSNBC_Live#start/923/end/958,11/2/2013 18:15:38,MSNBC,MSNBC Live,MSNBCW_20131102_180000_MSNBC_Live,https://archive.org/download/MSNBCW_20131102_180000_MSNBC_Live/MSNBCW_20131102_180000_MSNBC_Live.thumbs/MSNBCW_20131102_180000_MSNBC_Live_000855.jpg,"topping our saturday headlines, climate change could present a risk to the world's food supply, according to a leaked draft report by united nations panel on climate change. scientists saying that rising temperatures will have beneficial effects on crops in some places. but globally, it will make it"
https://archive.org/details/MSNBCW_20131121_110000_Morning_Joe#start/1688/end/1723,11/21/2013 11:28:23,MSNBC,Morning Joe,MSNBCW_20131121_110000_Morning_Joe,https://archive.org/download/MSNBCW_20131121_110000_Morning_Joe/MSNBCW_20131121_110000_Morning_Joe.thumbs/MSNBCW_20131121_110000_Morning_Joe_001665.jpg,"consumption of ecologically unfriendly foods. the army hopes it will scale back its contribution to global warming. the 'boston globe,' a new"
https://archive.org/details/MSNBCW_20131118_160000_MSNBC_Live#start/2909/end/2944,11/18/2013 16:48:44,MSNBC,MSNBC Live,MSNBCW_20131118_160000_MSNBC_Live,https://archive.org/download/MSNBCW_20131118_160000_MSNBC_Live/MSNBCW_20131118_160000_MSNBC_Live.thumbs/MSNBCW_20131118_160000_MSNBC_Live_002895.jpg,"it's god uniting his arming. here are the issues you take issue with, multiculturism, political correctness, diversity, global warming, homosexuality and social justice. janet, explain all of that."
https://archive.org/details/MSNBCW_20131121_110000_Morning_Joe#start/8636/end/8671,11/21/2013 13:24:11,MSNBC,Morning Joe,MSNBCW_20131121_110000_Morning_Joe,https://archive.org/download/MSNBCW_20131121_110000_Morning_Joe/MSNBCW_20131121_110000_Morning_Joe.thumbs/MSNBCW_20131121_110000_Morning_Joe_008625.jpg,"unfriendly foods. meatless mondays began and will be rolled out across all of the units. the army will help scale back the contribution to global warming. boston globe said eating nuts"
https://archive.org/details/MSNBCW_20131111_150000_Jansing_and_Co.#start/489/end/524,11/11/2013 15:08:24,MSNBC,Jansing and Co.,MSNBCW_20131111_150000_Jansing_and_Co.,https://archive.org/download/MSNBCW_20131111_150000_Jansing_and_Co./MSNBCW_20131111_150000_Jansing_and_Co..thumbs/MSNBCW_20131111_150000_Jansing_and_Co._000466.jpg,"in the kind of ways that we have got to go forward to save this planet is enormously distressing. well, you have talked about global warming. in fact most recently in an"
https://archive.org/details/MSNBCW_20131105_050000_The_Rachel_Maddow_Show#start/1465/end/1500,11/5/2013 5:24:40,MSNBC,The Rachel Maddow Show,MSNBCW_20131105_050000_The_Rachel_Maddow_Show,https://archive.org/download/MSNBCW_20131105_050000_The_Rachel_Maddow_Show/MSNBCW_20131105_050000_The_Rachel_Maddow_Show.thumbs/MSNBCW_20131105_050000_The_Rachel_Maddow_Show_001455.jpg,"flooding over here and droughts over here. and today we're saying, oh, no, it's global warming. no, we opened the door that lost god's protection over our environment, and that's our choice."
https://archive.org/details/MSNBCW_20131112_080000_All_In_With_Chris_Hayes#start/1595/end/1630,11/12/2013 8:26:50,MSNBC,All In With Chris Hayes,MSNBCW_20131112_080000_All_In_With_Chris_Hayes,https://archive.org/download/MSNBCW_20131112_080000_All_In_With_Chris_Hayes/MSNBCW_20131112_080000_All_In_With_Chris_Hayes.thumbs/MSNBCW_20131112_080000_All_In_With_Chris_Hayes_001576.jpg,"contributing around 50% of the global warming, and yet, we're really impacted the most, and we don't have the climate finance to adapt to all this catastrophe. we're losing 5% of our economy every year due to these storms."
https://archive.org/details/MSNBCW_20131105_090000_The_Rachel_Maddow_Show#start/1479/end/1514,11/5/2013 9:24:54,MSNBC,The Rachel Maddow Show,MSNBCW_20131105_090000_The_Rachel_Maddow_Show,https://archive.org/download/MSNBCW_20131105_090000_The_Rachel_Maddow_Show/MSNBCW_20131105_090000_The_Rachel_Maddow_Show.thumbs/MSNBCW_20131105_090000_The_Rachel_Maddow_Show_001457.jpg,"think. global warming is actually caused by abortion. wow. and that's the kind of thing that lands you on the website rightwingwatch all the time, because you, david barretton, are an amazing thing. david barton, the abortion"
https://archive.org/details/MSNBCW_20131111_150000_Jansing_and_Co.#start/430/end/465,11/11/2013 15:07:25,MSNBC,Jansing and Co.,MSNBCW_20131111_150000_Jansing_and_Co.,https://archive.org/download/MSNBCW_20131111_150000_Jansing_and_Co./MSNBCW_20131111_150000_Jansing_and_Co..thumbs/MSNBCW_20131111_150000_Jansing_and_Co._000406.jpg,"question. i think it's very clear that the scientific community, the people who have most studied this issue overwhelmingly believe that, a, global warming is real. b, that it is caused by human activities. c, that it is already causing"
https://archive.org/details/MSNBCW_20131104_170000_NOW_With_Alex_Wagner#start/3099/end/3134,11/4/2013 17:51:54,MSNBC,NOW With Alex Wagner,MSNBCW_20131104_170000_NOW_With_Alex_Wagner,https://archive.org/download/MSNBCW_20131104_170000_NOW_With_Alex_Wagner/MSNBCW_20131104_170000_NOW_With_Alex_Wagner.thumbs/MSNBCW_20131104_170000_NOW_With_Alex_Wagner_003076.jpg,"ten years ago and how it sort of got a lot of talking in the media and seemed like a really big deal. 10 years later how many americans are like going crazy about global warming. how much of an impact."
https://archive.org/details/MSNBCW_20131112_040000_All_In_With_Chris_Hayes#start/1590/end/1625,11/12/2013 4:26:45,MSNBC,All In With Chris Hayes,MSNBCW_20131112_040000_All_In_With_Chris_Hayes,https://archive.org/download/MSNBCW_20131112_040000_All_In_With_Chris_Hayes/MSNBCW_20131112_040000_All_In_With_Chris_Hayes.thumbs/MSNBCW_20131112_040000_All_In_With_Chris_Hayes_001576.jpg,"we're contributing very little to the green house gases as you know. i think it's on 2%. the united states and china are contributing to around 50% of the global warming. we're reimpacting the most. we don't have the climate"
https://archive.org/details/MSNBCW_20131111_150000_Jansing_and_Co.#start/648/end/683,11/11/2013 15:11:03,MSNBC,Jansing and Co.,MSNBCW_20131111_150000_Jansing_and_Co.,https://archive.org/download/MSNBCW_20131111_150000_Jansing_and_Co./MSNBCW_20131111_150000_Jansing_and_Co..thumbs/MSNBCW_20131111_150000_Jansing_and_Co._000646.jpg,"national security perspective about global warming. so all over the world the evidence is very clear, we have got to act. it is literally beyond comprehension how little we are doing and that you have again, i don't mean to have overly political here, but when you"
https://archive.org/details/MSNBCW_20131105_020000_The_Rachel_Maddow_Show#start/1487/end/1522,11/5/2013 2:25:02,MSNBC,The Rachel Maddow Show,MSNBCW_20131105_020000_The_Rachel_Maddow_Show,https://archive.org/download/MSNBCW_20131105_020000_The_Rachel_Maddow_Show/MSNBCW_20131105_020000_The_Rachel_Maddow_Show.thumbs/MSNBCW_20131105_020000_The_Rachel_Maddow_Show_001486.jpg,"wow. and that's the kind of thing that lands you on the website rightwingwatch all the time, because you, david barretton, are an amazing thing. david barton, the abortion causes global warming guy promises that he is a historian, that he has thoroughly looked"
https://archive.org/details/MSNBCW_20131105_090000_The_Rachel_Maddow_Show#start/1496/end/1531,11/5/2013 9:25:11,MSNBC,The Rachel Maddow Show,MSNBCW_20131105_090000_The_Rachel_Maddow_Show,https://archive.org/download/MSNBCW_20131105_090000_The_Rachel_Maddow_Show/MSNBCW_20131105_090000_The_Rachel_Maddow_Show.thumbs/MSNBCW_20131105_090000_The_Rachel_Maddow_Show_001487.jpg,"causes global warming guy promises that he is a historian, that he has thoroughly looked into these matters. former fox news host glenn beck is already calling david barton senator. he can barrel contain himself, wants him to run against john cornyn so bad."
https://archive.org/details/MSNBCW_20131126_210000_Martin_Bashir#start/532/end/567,11/26/2013 21:09:07,MSNBC,Martin Bashir,MSNBCW_20131126_210000_Martin_Bashir,https://archive.org/download/MSNBCW_20131126_210000_Martin_Bashir/MSNBCW_20131126_210000_Martin_Bashir.thumbs/MSNBCW_20131126_210000_Martin_Bashir_000525.jpg,"on presidential appointees slowing down the process and making it impossible for us to deal with jobs. for us to raise the minimum wage. deal with gender equality in the work force. to deal with the crisis of global warming. we don't even discuss those"
https://archive.org/details/MSNBCW_20131111_190000_News_Nation#start/493/end/528,11/11/2013 19:08:28,MSNBC,News Nation,MSNBCW_20131111_190000_News_Nation,https://archive.org/download/MSNBCW_20131111_190000_News_Nation/MSNBCW_20131111_190000_News_Nation.thumbs/MSNBCW_20131111_190000_News_Nation_000496.jpg,"well, there's two parts of climate change. one is that as the arctic gets warmer there's more water coming off the glasers and sea level"
https://archive.org/details/MSNBCW_20131112_040000_All_In_With_Chris_Hayes#start/1307/end/1342,11/12/2013 4:22:02,MSNBC,All In With Chris Hayes,MSNBCW_20131112_040000_All_In_With_Chris_Hayes,https://archive.org/download/MSNBCW_20131112_040000_All_In_With_Chris_Hayes/MSNBCW_20131112_040000_All_In_With_Chris_Hayes.thumbs/MSNBCW_20131112_040000_All_In_With_Chris_Hayes_001306.jpg,"founder of the philippine youth climate movement for the philippine senate climate change committee. she was born and raised in the philippines. what are you hearing?"
https://archive.org/details/MSNBCW_20131108_020000_The_Rachel_Maddow_Show#start/573/end/608,11/8/2013 2:09:48,MSNBC,The Rachel Maddow Show,MSNBCW_20131108_020000_The_Rachel_Maddow_Show,https://archive.org/download/MSNBCW_20131108_020000_The_Rachel_Maddow_Show/MSNBCW_20131108_020000_The_Rachel_Maddow_Show.thumbs/MSNBCW_20131108_020000_The_Rachel_Maddow_Show_000556.jpg,"central to virginians' well-being. his record was mainly about bashing homosexuals, harassing illegal immigrants, crusading against abortion, denying climate change, flirting with birthers, and opposing gun"
https://archive.org/details/MSNBCW_20131106_000000_Hardball_With_Chris_Matthews#start/524/end/559,11/6/2013 0:08:59,MSNBC,Hardball With Chris Matthews,MSNBCW_20131106_000000_Hardball_With_Chris_Matthews,https://archive.org/download/MSNBCW_20131106_000000_Hardball_With_Chris_Matthews/MSNBCW_20131106_000000_Hardball_With_Chris_Matthews.thumbs/MSNBCW_20131106_000000_Hardball_With_Chris_Matthews_000526.jpg,"cuccinelli was anti-science. that ken cuccinelli sued the university of virginia's attorney general for its research on climate change. now, that may sound like an"
https://archive.org/details/MSNBCW_20131105_070000_Hardball_With_Chris_Matthews#start/1463/end/1498,11/5/2013 7:24:38,MSNBC,Hardball With Chris Matthews,MSNBCW_20131105_070000_Hardball_With_Chris_Matthews,https://archive.org/download/MSNBCW_20131105_070000_Hardball_With_Chris_Matthews/MSNBCW_20131105_070000_Hardball_With_Chris_Matthews.thumbs/MSNBCW_20131105_070000_Hardball_With_Chris_Matthews_001456.jpg,"explain all the hot times and all the cold times and too much rain and not enough rain and flooding over here and droughts over here. and today we're saying, oh, no, it's global warming. no, we opened the door that lost god's protection over our environment, and that's our"
https://archive.org/details/MSNBCW_20131105_050000_The_Rachel_Maddow_Show#start/1496/end/1531,11/5/2013 5:25:11,MSNBC,The Rachel Maddow Show,MSNBCW_20131105_050000_The_Rachel_Maddow_Show,https://archive.org/download/MSNBCW_20131105_050000_The_Rachel_Maddow_Show/MSNBCW_20131105_050000_The_Rachel_Maddow_Show.thumbs/MSNBCW_20131105_050000_The_Rachel_Maddow_Show_001485.jpg,"that lands you on the website rightwingwatch all the time, because you, david barretton, are an amazing thing. david barton, the abortion causes global warming guy promises that he is a historian, that he has thoroughly looked into these matters. former fox news host glenn beck is already calling david barton"
https://archive.org/details/MSNBCW_20131111_150000_Jansing_and_Co.#start/393/end/428,11/11/2013 15:06:48,MSNBC,Jansing and Co.,MSNBCW_20131111_150000_Jansing_and_Co.,https://archive.org/download/MSNBCW_20131111_150000_Jansing_and_Co./MSNBCW_20131111_150000_Jansing_and_Co..thumbs/MSNBCW_20131111_150000_Jansing_and_Co._000376.jpg,"climate change are far from settled. the climate is always changing. that's not the fundamental question. the fundamental question is whether manmade activity is what's contributing most to it."
https://archive.org/details/MSNBCW_20131112_040000_All_In_With_Chris_Hayes#start/1467/end/1502,11/12/2013 4:24:42,MSNBC,All In With Chris Hayes,MSNBCW_20131112_040000_All_In_With_Chris_Hayes,https://archive.org/download/MSNBCW_20131112_040000_All_In_With_Chris_Hayes/MSNBCW_20131112_040000_All_In_With_Chris_Hayes.thumbs/MSNBCW_20131112_040000_All_In_With_Chris_Hayes_001456.jpg,"exactly right. there's other things that typhoons as well. the bottom ocean temperatures and as temperatures rise as we expect them to with climate change, that gives the potential"
https://archive.org/details/MSNBCW_20131107_110000_Morning_Joe#start/614/end/649,11/7/2013 11:10:29,MSNBC,Morning Joe,MSNBCW_20131107_110000_Morning_Joe,https://archive.org/download/MSNBCW_20131107_110000_Morning_Joe/MSNBCW_20131107_110000_Morning_Joe.thumbs/MSNBCW_20131107_110000_Morning_Joe_000615.jpg,"he's so-so on climate change. he believes it's real and partially manmade. so if you're looking for a candidate 100% pure you're looking for a long time."
https://archive.org/details/MSNBCW_20131121_170000_NOW_With_Alex_Wagner#start/1496/end/1531,11/21/2013 17:25:11,MSNBC,NOW With Alex Wagner,MSNBCW_20131121_170000_NOW_With_Alex_Wagner,https://archive.org/download/MSNBCW_20131121_170000_NOW_With_Alex_Wagner/MSNBCW_20131121_170000_NOW_With_Alex_Wagner.thumbs/MSNBCW_20131121_170000_NOW_With_Alex_Wagner_001485.jpg,"pointed out, as republicans piling on about aca, they haven't passed discrimination reform, stood stood in the way, nothing on climate change or minimum wage. you just don't think you can"
https://archive.org/details/MSNBCW_20131105_070000_Hardball_With_Chris_Matthews#start/1493/end/1528,11/5/2013 7:25:08,MSNBC,Hardball With Chris Matthews,MSNBCW_20131105_070000_Hardball_With_Chris_Matthews,https://archive.org/download/MSNBCW_20131105_070000_Hardball_With_Chris_Matthews/MSNBCW_20131105_070000_Hardball_With_Chris_Matthews.thumbs/MSNBCW_20131105_070000_Hardball_With_Chris_Matthews_001486.jpg,"and that's the kind of thing that lands you on the website rightwingwatch all the time, because you, david barretton, are an amazing thing. david barton, the abortion causes global warming guy promises that he is a historian, that he has thoroughly looked into these matters. former fox news host glenn beck"
https://archive.org/details/MSNBCW_20131105_020000_The_Rachel_Maddow_Show#start/1455/end/1490,11/5/2013 2:24:30,MSNBC,The Rachel Maddow Show,MSNBCW_20131105_020000_The_Rachel_Maddow_Show,https://archive.org/download/MSNBCW_20131105_020000_The_Rachel_Maddow_Show/MSNBCW_20131105_020000_The_Rachel_Maddow_Show.thumbs/MSNBCW_20131105_020000_The_Rachel_Maddow_Show_001456.jpg,"comes floods and here comes climate stuff that we can't explain all the hot times and all the cold times and too much rain and not enough rain and flooding over here and droughts over here. and today we're saying, oh, no, it's global warming. no, we opened the door that lost"
https://archive.org/details/MSNBCW_20131111_150000_Jansing_and_Co.#start/414/end/449,11/11/2013 15:07:09,MSNBC,Jansing and Co.,MSNBCW_20131111_150000_Jansing_and_Co.,https://archive.org/download/MSNBCW_20131111_150000_Jansing_and_Co./MSNBCW_20131111_150000_Jansing_and_Co..thumbs/MSNBCW_20131111_150000_Jansing_and_Co._000406.jpg,"i understand people say there's scientific consensus but i've seen reasonable debate on that principle. senator, is there reasonable debate and if so will action on climate change ever gain any political traction? well, chris, that's a great"
https://archive.org/details/MSNBCW_20131115_020000_The_Rachel_Maddow_Show#start/1628/end/1663,11/15/2013 2:27:23,MSNBC,The Rachel Maddow Show,MSNBCW_20131115_020000_The_Rachel_Maddow_Show,https://archive.org/download/MSNBCW_20131115_020000_The_Rachel_Maddow_Show/MSNBCW_20131115_020000_The_Rachel_Maddow_Show.thumbs/MSNBCW_20131115_020000_The_Rachel_Maddow_Show_001606.jpg,"that you cannot one storm to climate change. so stipulated. it is also, however, willful blindness to not just observe that we are now experiencing more storms of record intensity. and that is the global calamity"
https://archive.org/details/MSNBCW_20131112_080000_All_In_With_Chris_Hayes#start/843/end/878,11/12/2013 8:14:18,MSNBC,All In With Chris Hayes,MSNBCW_20131112_080000_All_In_With_Chris_Hayes,https://archive.org/download/MSNBCW_20131112_080000_All_In_With_Chris_Hayes/MSNBCW_20131112_080000_All_In_With_Chris_Hayes.thumbs/MSNBCW_20131112_080000_All_In_With_Chris_Hayes_000826.jpg,"a wall of water 20 feet high by some accounts crashing into tacloban, leaving the city of 220000 in ruins. the philippines has been on the front lines confronting climate change because they are literally on the front lines."
https://archive.org/details/MSNBCW_20131108_170000_NOW_With_Alex_Wagner#start/1823/end/1858,11/8/2013 17:30:38,MSNBC,NOW With Alex Wagner,MSNBCW_20131108_170000_NOW_With_Alex_Wagner,https://archive.org/download/MSNBCW_20131108_170000_NOW_With_Alex_Wagner/MSNBCW_20131108_170000_NOW_With_Alex_Wagner.thumbs/MSNBCW_20131108_170000_NOW_With_Alex_Wagner_001816.jpg,"governor, vetoed infrastructure project, opposed family planning, all over the place on climate change and so on. i think the other thing that is tbd is whether jersey style translates to national politics. calling people jerks and"
https://archive.org/details/MSNBCW_20131112_040000_All_In_With_Chris_Hayes#start/1497/end/1532,11/12/2013 4:25:12,MSNBC,All In With Chris Hayes,MSNBCW_20131112_040000_All_In_With_Chris_Hayes,https://archive.org/download/MSNBCW_20131112_040000_All_In_With_Chris_Hayes/MSNBCW_20131112_040000_All_In_With_Chris_Hayes.thumbs/MSNBCW_20131112_040000_All_In_With_Chris_Hayes_001486.jpg,"quite that unsentimental, i don't live in the islands and don't care. the mass of human beings live near the ocean. this cannot be stressed enough. and it's rising. there's a climate change piece of sea level storms."
https://archive.org/details/MSNBCW_20131112_040000_All_In_With_Chris_Hayes#start/1558/end/1593,11/12/2013 4:26:13,MSNBC,All In With Chris Hayes,MSNBCW_20131112_040000_All_In_With_Chris_Hayes,https://archive.org/download/MSNBCW_20131112_040000_All_In_With_Chris_Hayes/MSNBCW_20131112_040000_All_In_With_Chris_Hayes.thumbs/MSNBCW_20131112_040000_All_In_With_Chris_Hayes_001546.jpg,"most pop list country in the world? also the third most vulnerable country in the wo rld to be impacted by climate change. we're impacted on average 20 a year. this is the 24th one to hit us."
https://archive.org/details/MSNBCW_20131112_040000_All_In_With_Chris_Hayes#start/1574/end/1609,11/12/2013 4:26:29,MSNBC,All In With Chris Hayes,MSNBCW_20131112_040000_All_In_With_Chris_Hayes,https://archive.org/download/MSNBCW_20131112_040000_All_In_With_Chris_Hayes/MSNBCW_20131112_040000_All_In_With_Chris_Hayes.thumbs/MSNBCW_20131112_040000_All_In_With_Chris_Hayes_001576.jpg,"this is a normal occurrence. when working in the philippines senate, i was lobbying for the climate change law and the renewal energy law built in the philippines. philippines is a country with 40% renewable energy."
https://archive.org/details/MSNBCW_20131120_160000_MSNBC_Live#start/2934/end/2969,11/20/2013 16:49:09,MSNBC,MSNBC Live,MSNBCW_20131120_160000_MSNBC_Live,https://archive.org/download/MSNBCW_20131120_160000_MSNBC_Live/MSNBCW_20131120_160000_MSNBC_Live.thumbs/MSNBCW_20131120_160000_MSNBC_Live_002926.jpg,"he has affected environmental policy and fostering international awareness as well as earning him the 1995 nobel prize in chemistry. today dr. molina remains a global leader, continuing to study air quality, climate change and the environment that"
https://archive.org/details/MSNBCW_20131108_090000_The_Rachel_Maddow_Show#start/570/end/605,11/8/2013 9:09:45,MSNBC,The Rachel Maddow Show,MSNBCW_20131108_090000_The_Rachel_Maddow_Show,https://archive.org/download/MSNBCW_20131108_090000_The_Rachel_Maddow_Show/MSNBCW_20131108_090000_The_Rachel_Maddow_Show.thumbs/MSNBCW_20131108_090000_The_Rachel_Maddow_Show_000555.jpg,"well-being or alleviating deepening transportation problems, all of which are central to virginians' well-being. his record was mainly about bashing homosexuals, harassing illegal immigrants, crusading against abortion, denying climate change, flirting with birthers, and opposing gun"
https://archive.org/details/MSNBCW_20131108_050000_The_Rachel_Maddow_Show#start/576/end/611,11/8/2013 5:09:51,MSNBC,The Rachel Maddow Show,MSNBCW_20131108_050000_The_Rachel_Maddow_Show,https://archive.org/download/MSNBCW_20131108_050000_The_Rachel_Maddow_Show/MSNBCW_20131108_050000_The_Rachel_Maddow_Show.thumbs/MSNBCW_20131108_050000_The_Rachel_Maddow_Show_000556.jpg,"illegal immigrants, crusading against abortion, denying climate change, flirting with birthers, and opposing gun control. so that's 'the washington post.' the beltway diagnosis is that there's a reason ken cuccinelli loses elections like this. that republicans, if they know"
https://archive.org/details/MSNBCW_20131112_010000_All_In_With_Chris_Hayes#start/1568/end/1603,11/12/2013 1:26:23,MSNBC,All In With Chris Hayes,MSNBCW_20131112_010000_All_In_With_Chris_Hayes,https://archive.org/download/MSNBCW_20131112_010000_All_In_With_Chris_Hayes/MSNBCW_20131112_010000_All_In_With_Chris_Hayes.thumbs/MSNBCW_20131112_010000_All_In_With_Chris_Hayes_001545.jpg,"hit us. and so, this is a normal occurrence. when i was working in the philippines senate, i was lobbying for the climate change law and the renewal energy law that was built in the philippines. the philippines is a country"
https://archive.org/details/MSNBCW_20131111_190000_News_Nation#start/559/end/594,11/11/2013 19:09:34,MSNBC,News Nation,MSNBCW_20131111_190000_News_Nation,https://archive.org/download/MSNBCW_20131111_190000_News_Nation/MSNBCW_20131111_190000_News_Nation.thumbs/MSNBCW_20131111_190000_News_Nation_000556.jpg,"nation.msnbc.com page. also able to discuss what we're seeing and how this is impacted the conversation on climate change and desire to help others. as we mention the, there are marines helping to distribute some of the much needed aid."
https://archive.org/details/MSNBCW_20131110_180000_Weekends_With_Alex_Witt#start/2742/end/2777,11/10/2013 18:45:57,MSNBC,Weekends With Alex Witt,MSNBCW_20131110_180000_Weekends_With_Alex_Witt,https://archive.org/download/MSNBCW_20131110_180000_Weekends_With_Alex_Witt/MSNBCW_20131110_180000_Weekends_With_Alex_Witt.thumbs/MSNBCW_20131110_180000_Weekends_With_Alex_Witt_002716.jpg,"so many things. iran, north korea, syria, russia, climate change, gun rights, gay rights, the auto bailout, russia. so many different things. when the scooter libby fight happens in the final days of the administration, it's like the final straw in effect."
https://archive.org/details/MSNBCW_20131111_150000_Jansing_and_Co.#start/61/end/96,11/11/2013 15:01:16,MSNBC,Jansing and Co.,MSNBCW_20131111_150000_Jansing_and_Co.,https://archive.org/download/MSNBCW_20131111_150000_Jansing_and_Co./MSNBCW_20131111_150000_Jansing_and_Co..thumbs/MSNBCW_20131111_150000_Jansing_and_Co._000046.jpg,"component to this as well. the ongoing tragedy reigniting the climate change debate. the huffington post calls it a wake-up call for the u.n. climate summit. and from the u.k.'s 'the guardian' what really alarms filipinos is the rich world"
https://archive.org/details/MSNBCW_20131111_150000_Jansing_and_Co.#start/523/end/558,11/11/2013 15:08:58,MSNBC,Jansing and Co.,MSNBCW_20131111_150000_Jansing_and_Co.,https://archive.org/download/MSNBCW_20131111_150000_Jansing_and_Co./MSNBCW_20131111_150000_Jansing_and_Co..thumbs/MSNBCW_20131111_150000_Jansing_and_Co._000496.jpg,"about climate change. would you expect, for example, anything at all to come out of the upcoming u.n. summit? not much. i mean when the most powerful economy on earth, the united states of america, where you have, you know, a party that"
https://archive.org/details/MSNBCW_20131112_010000_All_In_With_Chris_Hayes#start/1224/end/1259,11/12/2013 1:20:39,MSNBC,All In With Chris Hayes,MSNBCW_20131112_010000_All_In_With_Chris_Hayes,https://archive.org/download/MSNBCW_20131112_010000_All_In_With_Chris_Hayes/MSNBCW_20131112_010000_All_In_With_Chris_Hayes.thumbs/MSNBCW_20131112_010000_All_In_With_Chris_Hayes_001215.jpg,"nations like the philippines, and no one knows that better than those countries themselves, who are quickly becoming the most powerful, proactive and progressive voices in confronting climate change. in fact, just today, at the u.n. climate talks in warsaw, poland,"
https://archive.org/details/MSNBCW_20131112_080000_All_In_With_Chris_Hayes#start/1551/end/1586,11/12/2013 8:26:06,MSNBC,All In With Chris Hayes,MSNBCW_20131112_080000_All_In_With_Chris_Hayes,https://archive.org/download/MSNBCW_20131112_080000_All_In_With_Chris_Hayes/MSNBCW_20131112_080000_All_In_With_Chris_Hayes.thumbs/MSNBCW_20131112_080000_All_In_With_Chris_Hayes_001546.jpg,"the 13th most populous country in the world? we're not only the 13th most populous country in the world, but we're also the 3rd most vulnerable country by study of the u.n. to be impacted by climate change. we're impacted by these typhoons"
https://archive.org/details/MSNBCW_20131115_090000_The_Rachel_Maddow_Show#start/288/end/323,11/15/2013 9:05:03,MSNBC,The Rachel Maddow Show,MSNBCW_20131115_090000_The_Rachel_Maddow_Show,https://archive.org/download/MSNBCW_20131115_090000_The_Rachel_Maddow_Show/MSNBCW_20131115_090000_The_Rachel_Maddow_Show.thumbs/MSNBCW_20131115_090000_The_Rachel_Maddow_Show_000285.jpg,"he put massachusetts back into that agreement. governor deval patrick was sworn in on january 4th. it was only two weeks later, by january 18th, the romney denialism on climate change was over, and massachusetts was back in the world of science."
https://archive.org/details/MSNBCW_20131115_090000_The_Rachel_Maddow_Show#start/1597/end/1632,11/15/2013 9:26:52,MSNBC,The Rachel Maddow Show,MSNBCW_20131115_090000_The_Rachel_Maddow_Show,https://archive.org/download/MSNBCW_20131115_090000_The_Rachel_Maddow_Show/MSNBCW_20131115_090000_The_Rachel_Maddow_Show.thumbs/MSNBCW_20131115_090000_The_Rachel_Maddow_Show_001575.jpg,"that you cannot one storm to climate change. so stipulated. it is also, however, willful blindness to not just observe that we are now experiencing more storms of record intensity. and that is the global calamity adjunct to the national calamity"
https://archive.org/details/MSNBCW_20131107_110000_Morning_Joe#start/7868/end/7903,11/7/2013 13:11:23,MSNBC,Morning Joe,MSNBCW_20131107_110000_Morning_Joe,https://archive.org/download/MSNBCW_20131107_110000_Morning_Joe/MSNBCW_20131107_110000_Morning_Joe.thumbs/MSNBCW_20131107_110000_Morning_Joe_007845.jpg,"the things they point to is he is so so on climate change and believes it's real and at least partially man-made and not tough enough on guns. if you are looking for a candidate who is a 100% pure,"
https://archive.org/details/MSNBCW_20131115_020000_The_Rachel_Maddow_Show#start/306/end/341,11/15/2013 2:05:21,MSNBC,The Rachel Maddow Show,MSNBCW_20131115_020000_The_Rachel_Maddow_Show,https://archive.org/download/MSNBCW_20131115_020000_The_Rachel_Maddow_Show/MSNBCW_20131115_020000_The_Rachel_Maddow_Show.thumbs/MSNBCW_20131115_020000_The_Rachel_Maddow_Show_000286.jpg,"january 18th, the romney denialism on climate change was over, and massachusetts was back in the world of science. here's the really interesting thing, though. that same month, when mitt romney left office and deval patrick got sworn in, and all of those leftover policies the from"
https://archive.org/details/MSNBCW_20131128_010000_All_In_With_Chris_Hayes#start/576/end/611,11/28/2013 1:09:51,MSNBC,All In With Chris Hayes,MSNBCW_20131128_010000_All_In_With_Chris_Hayes,https://archive.org/download/MSNBCW_20131128_010000_All_In_With_Chris_Hayes/MSNBCW_20131128_010000_All_In_With_Chris_Hayes.thumbs/MSNBCW_20131128_010000_All_In_With_Chris_Hayes_000555.jpg,"of view, that you disagree with, it is much easier than somebody who says, there is no climate change. that's why you cook in the kitchen. that is a great point. what are the things said to talk about and what are the things"
https://archive.org/details/MSNBCW_20131128_010000_All_In_With_Chris_Hayes#start/621/end/656,11/28/2013 1:10:36,MSNBC,All In With Chris Hayes,MSNBCW_20131128_010000_All_In_With_Chris_Hayes,https://archive.org/download/MSNBCW_20131128_010000_All_In_With_Chris_Hayes/MSNBCW_20131128_010000_All_In_With_Chris_Hayes.thumbs/MSNBCW_20131128_010000_All_In_With_Chris_Hayes_000615.jpg,"level. i hope the family is watching this right now. no, i don't think so. you didn't tell them, did you? of course not. in terms of the person who says, the climate change isn't happening, for instance, which for me would get my back up,"
https://archive.org/details/MSNBCW_20131115_050000_The_Rachel_Maddow_Show#start/1596/end/1631,11/15/2013 5:26:51,MSNBC,The Rachel Maddow Show,MSNBCW_20131115_050000_The_Rachel_Maddow_Show,https://archive.org/download/MSNBCW_20131115_050000_The_Rachel_Maddow_Show/MSNBCW_20131115_050000_The_Rachel_Maddow_Show.thumbs/MSNBCW_20131115_050000_The_Rachel_Maddow_Show_001575.jpg,"climate change. so stipulated. it is also, however, willful blindness to not just observe that we are now experiencing more storms of record intensity. and that is the global calamity adjunct to the national calamity that has befallen the philippines, where haiyan came ashore."
https://archive.org/details/MSNBCW_20131112_080000_All_In_With_Chris_Hayes#start/1227/end/1262,11/12/2013 8:20:42,MSNBC,All In With Chris Hayes,MSNBCW_20131112_080000_All_In_With_Chris_Hayes,https://archive.org/download/MSNBCW_20131112_080000_All_In_With_Chris_Hayes/MSNBCW_20131112_080000_All_In_With_Chris_Hayes.thumbs/MSNBCW_20131112_080000_All_In_With_Chris_Hayes_001216.jpg,"nations like the philippines, and no one knows that better than those countries themselves, who are quickly becoming the most powerful, proactive and progressive voices in confronting climate change. in fact, just today, at the u.n. climate talks in warsaw, poland, the delegate from the"
https://archive.org/details/MSNBCW_20131112_080000_All_In_With_Chris_Hayes#start/1567/end/1602,11/12/2013 8:26:22,MSNBC,All In With Chris Hayes,MSNBCW_20131112_080000_All_In_With_Chris_Hayes,https://archive.org/download/MSNBCW_20131112_080000_All_In_With_Chris_Hayes/MSNBCW_20131112_080000_All_In_With_Chris_Hayes.thumbs/MSNBCW_20131112_080000_All_In_With_Chris_Hayes_001546.jpg,"on an average of 20 a year. this is the 24th one that has hit us. and so, this is a normal occurrence. when i was working in the philippines senate, i was lobbying for the climate change law and the renewal energy law"
https://archive.org/details/MSNBCW_20131112_040000_All_In_With_Chris_Hayes#start/859/end/894,11/12/2013 4:14:34,MSNBC,All In With Chris Hayes,MSNBCW_20131112_040000_All_In_With_Chris_Hayes,https://archive.org/download/MSNBCW_20131112_040000_All_In_With_Chris_Hayes/MSNBCW_20131112_040000_All_In_With_Chris_Hayes.thumbs/MSNBCW_20131112_040000_All_In_With_Chris_Hayes_000856.jpg,"the philippines has on the front lines of climate change because they are literally on the front lines. more on the devastation there and what it means for their efforts ahead. aritable giving. . i get bonuses even working part-time."
https://archive.org/details/MSNBCW_20131112_010000_All_In_With_Chris_Hayes#start/1554/end/1589,11/12/2013 1:26:09,MSNBC,All In With Chris Hayes,MSNBCW_20131112_010000_All_In_With_Chris_Hayes,https://archive.org/download/MSNBCW_20131112_010000_All_In_With_Chris_Hayes/MSNBCW_20131112_010000_All_In_With_Chris_Hayes.thumbs/MSNBCW_20131112_010000_All_In_With_Chris_Hayes_001545.jpg,"we're not only the 13th most populous country in the world, but we're also the 3rd most vulnerable country by study of the u.n. to be impacted by climate change. we're impacted by these typhoons on an average of 20 a year. this is the 24th one that has"
https://archive.org/details/MSNBCW_20131111_190000_News_Nation#start/529/end/564,11/11/2013 19:09:04,MSNBC,News Nation,MSNBCW_20131111_190000_News_Nation,https://archive.org/download/MSNBCW_20131111_190000_News_Nation/MSNBCW_20131111_190000_News_Nation.thumbs/MSNBCW_20131111_190000_News_Nation_000526.jpg,"extreme southern part of the country. is this change related to an overall change in the climate? honestly not sure but the bottom line is climate change is real and we're not paying attention to that. in that sense he was right. they've had 24 typhoons this season and obviously nothing"
https://archive.org/details/MSNBCW_20131111_150000_Jansing_and_Co.#start/76/end/111,11/11/2013 15:01:31,MSNBC,Jansing and Co.,MSNBCW_20131111_150000_Jansing_and_Co.,https://archive.org/download/MSNBCW_20131111_150000_Jansing_and_Co./MSNBCW_20131111_150000_Jansing_and_Co..thumbs/MSNBCW_20131111_150000_Jansing_and_Co._000076.jpg,"ignoring climate change. we'll have much more on that in a moment with senator bernie sanders and the weather channel's bryan norcross, but first let's get you the latest on what's happening on the ground. ian williams is in manila for us today. how are the rescue and relief"
https://archive.org/details/MSNBCW_20131112_010000_All_In_With_Chris_Hayes#start/1475/end/1510,11/12/2013 1:24:50,MSNBC,All In With Chris Hayes,MSNBCW_20131112_010000_All_In_With_Chris_Hayes,https://archive.org/download/MSNBCW_20131112_010000_All_In_With_Chris_Hayes/MSNBCW_20131112_010000_All_In_With_Chris_Hayes.thumbs/MSNBCW_20131112_010000_All_In_With_Chris_Hayes_001455.jpg,"as those ocean temperatures rise, as we expect them to with climate change, that gives you the potential for stronger storms. and when we see these really large storms, just adding a little bit to those winds dramatically increases the devastation. for people watching and thinking to themselves, well, i"
https://archive.org/details/MSNBCW_20131112_010000_All_In_With_Chris_Hayes#start/1492/end/1527,11/12/2013 1:25:07,MSNBC,All In With Chris Hayes,MSNBCW_20131112_010000_All_In_With_Chris_Hayes,https://archive.org/download/MSNBCW_20131112_010000_All_In_With_Chris_Hayes/MSNBCW_20131112_010000_All_In_With_Chris_Hayes.thumbs/MSNBCW_20131112_010000_All_In_With_Chris_Hayes_001485.jpg,"don't live -- well, i don't think anybody's that unsentimental, i don't live in the islands, i don't care -- the mass of human beings live near the ocean. this cannot be stressed enough. and it's rising. that's the other element. so, there's this climate change piece of greater storms, sea"
https://archive.org/details/MSNBCW_20131112_080000_All_In_With_Chris_Hayes#start/1475/end/1510,11/12/2013 8:24:50,MSNBC,All In With Chris Hayes,MSNBCW_20131112_080000_All_In_With_Chris_Hayes,https://archive.org/download/MSNBCW_20131112_080000_All_In_With_Chris_Hayes/MSNBCW_20131112_080000_All_In_With_Chris_Hayes.thumbs/MSNBCW_20131112_080000_All_In_With_Chris_Hayes_001456.jpg,"initial fuel for storms. as those ocean temperatures rise, as we expect them to with climate change, that gives you the potential for stronger storms. and when we see these really large storms, just adding a little bit to those winds dramatically increases the devastation. for people watching and"
https://archive.org/details/MSNBCW_20131123_170000_Weekends_With_Alex_Witt#start/4481/end/4516,11/23/2013 18:14:56,MSNBC,Weekends With Alex Witt,MSNBCW_20131123_170000_Weekends_With_Alex_Witt,https://archive.org/download/MSNBCW_20131123_170000_Weekends_With_Alex_Witt/MSNBCW_20131123_170000_Weekends_With_Alex_Witt.thumbs/MSNBCW_20131123_170000_Weekends_With_Alex_Witt_004455.jpg,"president obama's judicial nominees going through much more easily, is that going to have a major impact on his ability to implement his agenda? and certainly supporters would say yes. they say things like climate change regulations will face a lot less stringent scrutiny in some of these judicial nominees"
https://archive.org/details/MSNBCW_20131112_080000_All_In_With_Chris_Hayes#start/1505/end/1540,11/12/2013 8:25:20,MSNBC,All In With Chris Hayes,MSNBCW_20131112_080000_All_In_With_Chris_Hayes,https://archive.org/download/MSNBCW_20131112_080000_All_In_With_Chris_Hayes/MSNBCW_20131112_080000_All_In_With_Chris_Hayes.thumbs/MSNBCW_20131112_080000_All_In_With_Chris_Hayes_001486.jpg,"that's the other element. so, there's this climate change piece of greater storms, sea level rise in the future. we also see more people moving to some of these vulnerable areas. in the philippines, population growth rates of close to 2%. more people moving to some of these mega cities like manila"
https://archive.org/details/MSNBCW_20131124_130000_Up_WSteve_Kornacki#start/4783/end/4818,11/24/2013 14:19:58,MSNBC,Up WSteve Kornacki,MSNBCW_20131124_130000_Up_WSteve_Kornacki,https://archive.org/download/MSNBCW_20131124_130000_Up_WSteve_Kornacki/MSNBCW_20131124_130000_Up_WSteve_Kornacki.thumbs/MSNBCW_20131124_130000_Up_WSteve_Kornacki_004755.jpg,"nothing is getting through congress, all has to be through regulation and executive authority, things like health care, climate change, dodd frank and financial reform, d.c. circuit has been very hostile to the president's initiative so far, overturned many of them and that will happen, it will be an issue in the wars over obama"
https://archive.org/details/MSNBCW_20131115_050000_The_Rachel_Maddow_Show#start/306/end/341,11/15/2013 5:05:21,MSNBC,The Rachel Maddow Show,MSNBCW_20131115_050000_The_Rachel_Maddow_Show,https://archive.org/download/MSNBCW_20131115_050000_The_Rachel_Maddow_Show/MSNBCW_20131115_050000_The_Rachel_Maddow_Show.thumbs/MSNBCW_20131115_050000_The_Rachel_Maddow_Show_000285.jpg,"january 18th, the romney denialism on climate change was over, and massachusetts was back in the world of science. here's the really interesting thing, though. that same month, when mitt romney left office and deval patrick got sworn in, and all of those leftover policies the from the romney era got reversed, that same month, the other thing"
https://archive.org/details/MSNBCW_20131112_010000_All_In_With_Chris_Hayes#start/850/end/885,11/12/2013 1:14:25,MSNBC,All In With Chris Hayes,MSNBCW_20131112_010000_All_In_With_Chris_Hayes,https://archive.org/download/MSNBCW_20131112_010000_All_In_With_Chris_Hayes/MSNBCW_20131112_010000_All_In_With_Chris_Hayes.thumbs/MSNBCW_20131112_010000_All_In_With_Chris_Hayes_000825.jpg,"220000 in ruins. the philippines has been on the front lines confronting climate change because they are literally on the front lines. more on the devastation there and what it means for their efforts ahead. [ mixer whirring ] my turn daddy, my turn! hold it steady now. i know daddy. [ dad ] oh boy, fasten your seatbelts everybody."
https://archive.org/details/MSNBCW_20131124_130000_Up_WSteve_Kornacki#start/4797/end/4832,11/24/2013 14:20:12,MSNBC,Up WSteve Kornacki,MSNBCW_20131124_130000_Up_WSteve_Kornacki,https://archive.org/download/MSNBCW_20131124_130000_Up_WSteve_Kornacki/MSNBCW_20131124_130000_Up_WSteve_Kornacki.thumbs/MSNBCW_20131124_130000_Up_WSteve_Kornacki_004785.jpg,"care and climate change and wants to regulate carbon and make that part of the presidential legacy. you said the word. negotiate. he'll have to negotiate with mitch mcconnell. at this point, i think there is no negotiation. if the republicans take over the senate, i don't see them having any reason to say, yeah, okay,"
https://archive.org/details/MSNBCW_20131103_150000_Melissa_Harris-Perry#start/4771/end/4806,11/3/2013 16:19:46,MSNBC,Melissa Harris-Perry,MSNBCW_20131103_150000_Melissa_Harris-Perry,https://archive.org/download/MSNBCW_20131103_150000_Melissa_Harris-Perry/MSNBCW_20131103_150000_Melissa_Harris-Perry.thumbs/MSNBCW_20131103_150000_Melissa_Harris-Perry_004755.jpg,"of potato chips and a soda than it is to buy a tomato. and that doesn't make sense. so we're not even necessarily -- i'm not against subsidies for farming. in fact, i think we need some subsidies for farming, because as we see climate change, we need more food. we need the right food and we"
https://archive.org/details/MSNBCW_20131126_150000_Jansing_and_Co.#start/394/end/429,11/26/2013 15:06:49,MSNBC,Jansing and Co.,MSNBCW_20131126_150000_Jansing_and_Co.,https://archive.org/download/MSNBCW_20131126_150000_Jansing_and_Co./MSNBCW_20131126_150000_Jansing_and_Co..thumbs/MSNBCW_20131126_150000_Jansing_and_Co._000376.jpg,"anything done. i think we're seeing that all over his agenda, trying to find ways to work around congress. we're seeing it on climate change, where the epa is looking at do some very aggressive things to limit carbon emissions because congress won't act on that. so i think the president looks for those opportunities wherever"
https://archive.org/details/MSNBCW_20131118_220000_The_Ed_Show#start/825/end/860,11/18/2013 22:14:00,MSNBC,The Ed Show,MSNBCW_20131118_220000_The_Ed_Show,https://archive.org/download/MSNBCW_20131118_220000_The_Ed_Show/MSNBCW_20131118_220000_The_Ed_Show.thumbs/MSNBCW_20131118_220000_The_Ed_Show_000826.jpg,"that here in florida? i haven't seen any of it. not any. you know? and you've got to address climate change, too. you know, in a state like florida, we're almost an island. we're a peninsula that sticks out there between the atlantic and the gulf. and we've got to address it. how aggressive will you be in"
