﻿URL,MatchDateTime,Station,Show,IAShowID,IAPreviewThumb,Snippet
https://archive.org/details/MSNBCW_20130423_130000_The_Daily_Rundown#start/1244/end/1279,4/23/2013 13:20:59,MSNBC,The Daily Rundown,MSNBCW_20130423_130000_The_Daily_Rundown,https://archive.org/download/MSNBCW_20130423_130000_The_Daily_Rundown/MSNBCW_20130423_130000_The_Daily_Rundown.thumbs/MSNBCW_20130423_130000_The_Daily_Rundown_001245.jpg,"decision and not just keep continuing to delay this important project. what was his response to you? that he said, well, maybe some time this summer. but now the epa's come out and said we need to continue to look at greenhouse gas emissions and"
https://archive.org/details/MSNBCW_20130402_070000_All_In_With_Chris_Hayes#start/470/end/505,4/2/2013 7:08:05,MSNBC,All In With Chris Hayes,MSNBCW_20130402_070000_All_In_With_Chris_Hayes,https://archive.org/download/MSNBCW_20130402_070000_All_In_With_Chris_Hayes/MSNBCW_20130402_070000_All_In_With_Chris_Hayes.thumbs/MSNBCW_20130402_070000_All_In_With_Chris_Hayes_000465.jpg,"greenhouse gas submissions that this planet is going to be facing some disastrous problems in years to come. as a member of the energy committee and the environmental committee we have talked to scientists and they say the estimations we made for global"
https://archive.org/details/MSNBCW_20130403_070000_All_In_With_Chris_Hayes#start/1735/end/1770,4/3/2013 7:29:10,MSNBC,All In With Chris Hayes,MSNBCW_20130403_070000_All_In_With_Chris_Hayes,https://archive.org/download/MSNBCW_20130403_070000_All_In_With_Chris_Hayes/MSNBCW_20130403_070000_All_In_With_Chris_Hayes.thumbs/MSNBCW_20130403_070000_All_In_With_Chris_Hayes_001726.jpg,"46-year government career so he can protest the government. he is the nasa climate scientist who in 1988, after more than a decade of evidence gathering, declared that nasa was quote 99% certain that the global warming"
https://archive.org/details/MSNBCW_20130405_040000_The_Rachel_Maddow_Show#start/3408/end/3443,4/5/2013 4:57:03,MSNBC,The Rachel Maddow Show,MSNBCW_20130405_040000_The_Rachel_Maddow_Show,https://archive.org/download/MSNBCW_20130405_040000_The_Rachel_Maddow_Show/MSNBCW_20130405_040000_The_Rachel_Maddow_Show.thumbs/MSNBCW_20130405_040000_The_Rachel_Maddow_Show_003405.jpg,"conspiring to eventually rule the world through an authortarian government or new world order? it wasn't 28%, it was 45%. almost half of very conservative respondents fear the authortarian new world order. here is another one. do you believe global warming is"
https://archive.org/details/MSNBCW_20130408_160000_NOW_With_Alex_Wagner#start/1919/end/1954,4/8/2013 16:32:14,MSNBC,NOW With Alex Wagner,MSNBCW_20130408_160000_NOW_With_Alex_Wagner,https://archive.org/download/MSNBCW_20130408_160000_NOW_With_Alex_Wagner/MSNBCW_20130408_160000_NOW_With_Alex_Wagner.thumbs/MSNBCW_20130408_160000_NOW_With_Alex_Wagner_001905.jpg,"take where the secretary of state could end up sort of blunting some of this. and say it is technically through them. but i think it is more likely than not that it gets approved. michael, this is the thing that i think is endlessly frustrating. the positioning global warming"
https://archive.org/details/MSNBCW_20130414_190000_MSNBC_Live#start/1645/end/1680,4/14/2013 19:27:40,MSNBC,MSNBC Live,MSNBCW_20130414_190000_MSNBC_Live,https://archive.org/download/MSNBCW_20130414_190000_MSNBC_Live/MSNBCW_20130414_190000_MSNBC_Live.thumbs/MSNBCW_20130414_190000_MSNBC_Live_001635.jpg,"he then gave the secretary of state a hug. kerry thanked the child in japanese. kerry went to block north korea's attempt to launch a missile in the region. and did the climate change"
https://archive.org/details/MSNBCW_20130402_030000_All_In_With_Chris_Hayes#start/492/end/527,4/2/2013 3:08:27,MSNBC,All In With Chris Hayes,MSNBCW_20130402_030000_All_In_With_Chris_Hayes,https://archive.org/download/MSNBCW_20130402_030000_All_In_With_Chris_Hayes/MSNBCW_20130402_030000_All_In_With_Chris_Hayes.thumbs/MSNBCW_20130402_030000_All_In_With_Chris_Hayes_000496.jpg,"estimations we made for global warming damage, we were wrong. good we don't get our act together and start cutting in a very significant greenhouse gas emissions, we're talking about this planet heating up by eight degrees fahrenheit by the end of the century."
https://archive.org/details/MSNBCW_20130411_210000_Hardball_With_Chris_Matthews#start/848/end/883,4/11/2013 21:14:23,MSNBC,Hardball With Chris Matthews,MSNBCW_20130411_210000_Hardball_With_Chris_Matthews,https://archive.org/download/MSNBCW_20130411_210000_Hardball_With_Chris_Matthews/MSNBCW_20130411_210000_Hardball_With_Chris_Matthews.thumbs/MSNBCW_20130411_210000_Hardball_With_Chris_Matthews_000825.jpg,"could be looking at a transformational president. and tonight, we've got the woman with perhaps the least enviable job in america, the democrat running against chris christie. that's going to be interesting. and republican joe barton's logic against climate change."
https://archive.org/details/MSNBCW_20130411_230000_Hardball_With_Chris_Matthews#start/1817/end/1852,4/11/2013 23:30:32,MSNBC,Hardball With Chris Matthews,MSNBCW_20130411_230000_Hardball_With_Chris_Matthews,https://archive.org/download/MSNBCW_20130411_230000_Hardball_With_Chris_Matthews/MSNBCW_20130411_230000_Hardball_With_Chris_Matthews.thumbs/MSNBCW_20130411_230000_Hardball_With_Chris_Matthews_001786.jpg,"did you tell him to say all of that? no, he's right though. ha! back to 'hardball.' this is the sideshow. you know the feeling when a politician says something and you think, did i really just hear that? well, first tonight, congressman joe barton on the subject of climate change."
https://archive.org/details/MSNBCW_20130403_230000_Hardball_With_Chris_Matthews#start/3280/end/3315,4/3/2013 23:54:55,MSNBC,Hardball With Chris Matthews,MSNBCW_20130403_230000_Hardball_With_Chris_Matthews,https://archive.org/download/MSNBCW_20130403_230000_Hardball_With_Chris_Matthews/MSNBCW_20130403_230000_Hardball_With_Chris_Matthews.thumbs/MSNBCW_20130403_230000_Hardball_With_Chris_Matthews_003256.jpg,"travel with big shampoo again? i didn't think anything crazy, oh, i'm sure he's not dead, even though there's people that can prove it and say it and now there's a movie. i don't understand why people are invested in crazy talk. well, they are. finally, climate change, which"
https://archive.org/details/MSNBCW_20130404_060000_Hardball_With_Chris_Matthews#start/3266/end/3301,4/4/2013 6:54:41,MSNBC,Hardball With Chris Matthews,MSNBCW_20130404_060000_Hardball_With_Chris_Matthews,https://archive.org/download/MSNBCW_20130404_060000_Hardball_With_Chris_Matthews/MSNBCW_20130404_060000_Hardball_With_Chris_Matthews.thumbs/MSNBCW_20130404_060000_Hardball_With_Chris_Matthews_003256.jpg,"i don't understand why people are invested in crazy talk. well, they are. finally, climate change, which does matter. theory they love to hate, do you believe global warming is a hoax, not that it's in dispute, is it a hoax perpetrated by environmentalist, 37% say yes."
https://archive.org/details/MSNBCW_20130426_160000_NOW_With_Alex_Wagner#start/1788/end/1823,4/26/2013 16:30:03,MSNBC,NOW With Alex Wagner,MSNBCW_20130426_160000_NOW_With_Alex_Wagner,https://archive.org/download/MSNBCW_20130426_160000_NOW_With_Alex_Wagner/MSNBCW_20130426_160000_NOW_With_Alex_Wagner.thumbs/MSNBCW_20130426_160000_NOW_With_Alex_Wagner_001785.jpg,"could jeb bush lead his party back into the science lab? politico reports that during his recent book tour, bush embraced america's gas boom as an economic way to curb greenhouse"
https://archive.org/details/MSNBCW_20130423_220000_PoliticsNation#start/2651/end/2686,4/23/2013 22:44:26,MSNBC,PoliticsNation,MSNBCW_20130423_220000_PoliticsNation,https://archive.org/download/MSNBCW_20130423_220000_PoliticsNation/MSNBCW_20130423_220000_PoliticsNation.thumbs/MSNBCW_20130423_220000_PoliticsNation_002626.jpg,"run tfrom. presidents can't run from what they did. when it comes to no action on global warming, climate change. when it comes to doing nothing about the subprime industry before it all crashed and brought down the economy. those are things that bush can't spin away by having a little"
https://archive.org/details/MSNBCW_20130405_010000_The_Rachel_Maddow_Show#start/3429/end/3464,4/5/2013 1:57:24,MSNBC,The Rachel Maddow Show,MSNBCW_20130405_010000_The_Rachel_Maddow_Show,https://archive.org/download/MSNBCW_20130405_010000_The_Rachel_Maddow_Show/MSNBCW_20130405_010000_The_Rachel_Maddow_Show.thumbs/MSNBCW_20130405_010000_The_Rachel_Maddow_Show_003406.jpg,"do you believe global warming is a hoax. 51% overall say no. global warming is a real thing. but of the folks who voted for mitt romney in this last election, what percentage of those people believe that there's no such thing as global warming and it's all a big hoax?"
https://archive.org/details/MSNBCW_20130403_000000_All_In_With_Chris_Hayes#start/1751/end/1786,4/3/2013 0:29:26,MSNBC,All In With Chris Hayes,MSNBCW_20130403_000000_All_In_With_Chris_Hayes,https://archive.org/download/MSNBCW_20130403_000000_All_In_With_Chris_Hayes/MSNBCW_20130403_000000_All_In_With_Chris_Hayes.thumbs/MSNBCW_20130403_000000_All_In_With_Chris_Hayes_001726.jpg,"certain that the global warming trend was not a natural variation. in other words, human induced global warming had begun, but -- moonlighted as an activist."
https://archive.org/details/MSNBCW_20130409_093000_Way_Too_Early#start/440/end/475,4/9/2013 9:37:35,MSNBC,Way Too Early,MSNBCW_20130409_093000_Way_Too_Early,https://archive.org/download/MSNBCW_20130409_093000_Way_Too_Early/MSNBCW_20130409_093000_Way_Too_Early.thumbs/MSNBCW_20130409_093000_Way_Too_Early_000435.jpg,"waters, and by adding greenhouse gases to the air at an unprecedented rate, all of this is new in the experience of the earth. it is mankind and his activities which are changing the"
https://archive.org/details/MSNBCW_20130429_100000_Morning_Joe#start/10139/end/10174,4/29/2013 12:49:14,MSNBC,Morning Joe,MSNBCW_20130429_100000_Morning_Joe,https://archive.org/download/MSNBCW_20130429_100000_Morning_Joe/MSNBCW_20130429_100000_Morning_Joe.thumbs/MSNBCW_20130429_100000_Morning_Joe_010125.jpg,"decade after decade because of the melting ice -- you say no matter what happens regarding greenhouse gases over the coming decades, we are going to see rising sea levels for 400 or so years at least. just because of the long-term"
https://archive.org/details/MSNBCW_20130405_080000_The_Rachel_Maddow_Show#start/3398/end/3433,4/5/2013 8:56:53,MSNBC,The Rachel Maddow Show,MSNBCW_20130405_080000_The_Rachel_Maddow_Show,https://archive.org/download/MSNBCW_20130405_080000_The_Rachel_Maddow_Show/MSNBCW_20130405_080000_The_Rachel_Maddow_Show.thumbs/MSNBCW_20130405_080000_The_Rachel_Maddow_Show_003375.jpg,"authortarian new world order. here is another one. do you believe global warming is a hoax. 51% overall say no. global warming is a real thing. but of the folks who voted for mitt romney in this last election, what percentage of those people believe that"
https://archive.org/details/MSNBCW_20130405_080000_The_Rachel_Maddow_Show#start/3413/end/3448,4/5/2013 8:57:08,MSNBC,The Rachel Maddow Show,MSNBCW_20130405_080000_The_Rachel_Maddow_Show,https://archive.org/download/MSNBCW_20130405_080000_The_Rachel_Maddow_Show/MSNBCW_20130405_080000_The_Rachel_Maddow_Show.thumbs/MSNBCW_20130405_080000_The_Rachel_Maddow_Show_003405.jpg,"there's no such thing as global warming and it's all a big hoax? 61%. nearly two-thirds of the people who voted for mitt romney say global warming is a hoax. did the bush administration mislead the country on weapons of mass destruction in iraq?"
https://archive.org/details/MSNBCW_20130406_160000_Weekends_With_Alex_Witt#start/5640/end/5675,4/6/2013 17:34:15,MSNBC,Weekends With Alex Witt,MSNBCW_20130406_160000_Weekends_With_Alex_Witt,https://archive.org/download/MSNBCW_20130406_160000_Weekends_With_Alex_Witt/MSNBCW_20130406_160000_Weekends_With_Alex_Witt.thumbs/MSNBCW_20130406_160000_Weekends_With_Alex_Witt_005626.jpg,"whole debate is about is this particular oil from these canadian tar sands is a lot dirtier than most oil that we're used to. getting it out of the ground produces about 30% more global"
https://archive.org/details/MSNBCW_20130405_040000_The_Rachel_Maddow_Show#start/3425/end/3460,4/5/2013 4:57:20,MSNBC,The Rachel Maddow Show,MSNBCW_20130405_040000_The_Rachel_Maddow_Show,https://archive.org/download/MSNBCW_20130405_040000_The_Rachel_Maddow_Show/MSNBCW_20130405_040000_The_Rachel_Maddow_Show.thumbs/MSNBCW_20130405_040000_The_Rachel_Maddow_Show_003405.jpg,"a hoax. 51% overall say no. global warming is a real thing. but of the folks who voted for mitt romney in this last election, what percentage of those people believe that there's no such thing as global warming and it's all a big hoax? 61%."
https://archive.org/details/MSNBCW_20130408_160000_NOW_With_Alex_Wagner#start/2121/end/2156,4/8/2013 16:35:36,MSNBC,NOW With Alex Wagner,MSNBCW_20130408_160000_NOW_With_Alex_Wagner,https://archive.org/download/MSNBCW_20130408_160000_NOW_With_Alex_Wagner/MSNBCW_20130408_160000_NOW_With_Alex_Wagner.thumbs/MSNBCW_20130408_160000_NOW_With_Alex_Wagner_002115.jpg,"make. not only was his first speech as secretary, passionate and eloquent about climate change, but his previous 1000 speeches on climate change as senator. he's had a fantastic record as one of the strongest, most eloquent and far-sighted leaders on climate change. and it's, we think it's a huge"
https://archive.org/details/MSNBCW_20130409_020000_The_Last_Word#start/2422/end/2457,4/9/2013 2:40:37,MSNBC,The Last Word,MSNBCW_20130409_020000_The_Last_Word,https://archive.org/download/MSNBCW_20130409_020000_The_Last_Word/MSNBCW_20130409_020000_The_Last_Word.thumbs/MSNBCW_20130409_020000_The_Last_Word_002416.jpg,"applaud if they heard margaret thatcher say this. it is mankind and his activities which are changing the environment of our planet in damaging and dangerous ways. the problem of global climate"
https://archive.org/details/MSNBCW_20130411_210000_Hardball_With_Chris_Matthews#start/1809/end/1844,4/11/2013 21:30:24,MSNBC,Hardball With Chris Matthews,MSNBCW_20130411_210000_Hardball_With_Chris_Matthews,https://archive.org/download/MSNBCW_20130411_210000_Hardball_With_Chris_Matthews/MSNBCW_20130411_210000_Hardball_With_Chris_Matthews.thumbs/MSNBCW_20130411_210000_Hardball_With_Chris_Matthews_001785.jpg,"dispute that climate change is occurring, only whether it's called by us. by humans. in a house hearing on the keystone pipeline yesterday, barton went pretty far back for evidence that humans are not behind climate change. think noah's ark."
https://archive.org/details/MSNBCW_20130412_060000_Hardball_With_Chris_Matthews#start/878/end/913,4/12/2013 6:14:53,MSNBC,Hardball With Chris Matthews,MSNBCW_20130412_060000_Hardball_With_Chris_Matthews,https://archive.org/download/MSNBCW_20130412_060000_Hardball_With_Chris_Matthews/MSNBCW_20130412_060000_Hardball_With_Chris_Matthews.thumbs/MSNBCW_20130412_060000_Hardball_With_Chris_Matthews_000855.jpg,"and republican joe barton's logic against climate change. he said we had the great flood back in the bible and that was climate change and it sure wasn't caused by man. so clearly, well, whatever. this is 'hardball.' the place for politics."
https://archive.org/details/MSNBCW_20130402_070000_All_In_With_Chris_Hayes#start/486/end/521,4/2/2013 7:08:21,MSNBC,All In With Chris Hayes,MSNBCW_20130402_070000_All_In_With_Chris_Hayes,https://archive.org/download/MSNBCW_20130402_070000_All_In_With_Chris_Hayes/MSNBCW_20130402_070000_All_In_With_Chris_Hayes.thumbs/MSNBCW_20130402_070000_All_In_With_Chris_Hayes_000465.jpg,"warming damage, we were wrong. good we don't get our act together and start cutting in a very significant greenhouse gas emissions, we're talking about this planet heating up by eight degrees fahrenheit by the end of the century."
https://archive.org/details/MSNBCW_20130409_200000_Martin_Bashir#start/1268/end/1303,4/9/2013 20:21:23,MSNBC,Martin Bashir,MSNBCW_20130409_200000_Martin_Bashir,https://archive.org/download/MSNBCW_20130409_200000_Martin_Bashir/MSNBCW_20130409_200000_Martin_Bashir.thumbs/MSNBCW_20130409_200000_Martin_Bashir_001245.jpg,"but at no time does he say, i don't want to do this, i don't want to go there, i don't want to go into her mental health history, i don't want to go into her religious views. there was plenty of material about policy matters, climate"
https://archive.org/details/MSNBCW_20130411_190000_The_Cycle#start/3455/end/3490,4/11/2013 19:57:50,MSNBC,The Cycle,MSNBCW_20130411_190000_The_Cycle,https://archive.org/download/MSNBCW_20130411_190000_The_Cycle/MSNBCW_20130411_190000_The_Cycle.thumbs/MSNBCW_20130411_190000_The_Cycle_003436.jpg,"trees in our budget forest here? well, what are you into? concerned about climate change? there's incentives for smart grid investment. extra money for the department of interior to prepare for the impact of climate change. even changes to the way we address worldwide famine relief. so that our response is more"
https://archive.org/details/MSNBCW_20130412_060000_Hardball_With_Chris_Matthews#start/1825/end/1860,4/12/2013 6:30:40,MSNBC,Hardball With Chris Matthews,MSNBCW_20130412_060000_Hardball_With_Chris_Matthews,https://archive.org/download/MSNBCW_20130412_060000_Hardball_With_Chris_Matthews/MSNBCW_20130412_060000_Hardball_With_Chris_Matthews.thumbs/MSNBCW_20130412_060000_Hardball_With_Chris_Matthews_001815.jpg,"politician says something and you think, did i really just hear that? well, first tonight, congressman joe barton on the subject of climate change. the texas republican does not dispute that climate change is occurring, only whether it's called by us. by humans. in a house hearing on the keystone pipeline yesterday,"
https://archive.org/details/MSNBCW_20130402_000000_All_In_With_Chris_Hayes#start/463/end/498,4/2/2013 0:07:58,MSNBC,All In With Chris Hayes,MSNBCW_20130402_000000_All_In_With_Chris_Hayes,https://archive.org/download/MSNBCW_20130402_000000_All_In_With_Chris_Hayes/MSNBCW_20130402_000000_All_In_With_Chris_Hayes.thumbs/MSNBCW_20130402_000000_All_In_With_Chris_Hayes_000436.jpg,"and that is whether we continue to be a carbon based economy, whether we finally recognize that if we don't get a handle on greenhouse gas submissions that this planet is going to be facing some disastrous problems in years to come."
https://archive.org/details/MSNBCW_20130406_160000_Weekends_With_Alex_Witt#start/5657/end/5692,4/6/2013 17:34:32,MSNBC,Weekends With Alex Witt,MSNBCW_20130406_160000_Weekends_With_Alex_Witt,https://archive.org/download/MSNBCW_20130406_160000_Weekends_With_Alex_Witt/MSNBCW_20130406_160000_Weekends_With_Alex_Witt.thumbs/MSNBCW_20130406_160000_Weekends_With_Alex_Witt_005656.jpg,"warming greenhouse gas emissions. that's one piece of it, and it's so thick and heavy that a spill from it will have a much greater impact. so again the pieces against it are certainly adding up. on the other hand, i would point"
https://archive.org/details/MSNBCW_20130403_210000_Hardball_With_Chris_Matthews#start/3282/end/3317,4/3/2013 21:54:57,MSNBC,Hardball With Chris Matthews,MSNBCW_20130403_210000_Hardball_With_Chris_Matthews,https://archive.org/download/MSNBCW_20130403_210000_Hardball_With_Chris_Matthews/MSNBCW_20130403_210000_Hardball_With_Chris_Matthews.thumbs/MSNBCW_20130403_210000_Hardball_With_Chris_Matthews_003255.jpg,"do you believe global warming is a hoax? is it a hoax triggered by the environmental lifts? 37% say yes. three out of five romney voters"
https://archive.org/details/MSNBCW_20130403_070000_All_In_With_Chris_Hayes#start/1751/end/1786,4/3/2013 7:29:26,MSNBC,All In With Chris Hayes,MSNBCW_20130403_070000_All_In_With_Chris_Hayes,https://archive.org/download/MSNBCW_20130403_070000_All_In_With_Chris_Hayes/MSNBCW_20130403_070000_All_In_With_Chris_Hayes.thumbs/MSNBCW_20130403_070000_All_In_With_Chris_Hayes_001726.jpg,"trend was not a natural variation. in other words, human induced global warming had begun, but -- moonlighted as an activist. hansen said you can't testify against the government."
https://archive.org/details/MSNBCW_20130402_000000_All_In_With_Chris_Hayes#start/494/end/529,4/2/2013 0:08:29,MSNBC,All In With Chris Hayes,MSNBCW_20130402_000000_All_In_With_Chris_Hayes,https://archive.org/download/MSNBCW_20130402_000000_All_In_With_Chris_Hayes/MSNBCW_20130402_000000_All_In_With_Chris_Hayes.thumbs/MSNBCW_20130402_000000_All_In_With_Chris_Hayes_000466.jpg,"very significant greenhouse gas emissions, we're talking about this planet heating up by eight degrees fahrenheit by the end of the century. and that is calamitous for this planet. and here's the thing. there are alternatives, and you never hear about a solar spill."
https://archive.org/details/MSNBCW_20130412_100000_Morning_Joe#start/9910/end/9945,4/12/2013 12:45:25,MSNBC,Morning Joe,MSNBCW_20130412_100000_Morning_Joe,https://archive.org/download/MSNBCW_20130412_100000_Morning_Joe/MSNBCW_20130412_100000_Morning_Joe.thumbs/MSNBCW_20130412_100000_Morning_Joe_009885.jpg,"it rolls off the tongue. yeah. you keep doing it with these docs. of course, you tackled global warming, education reform, why immigration now? these dreamers you meet and read about."
https://archive.org/details/MSNBCW_20130408_160000_NOW_With_Alex_Wagner#start/1982/end/2017,4/8/2013 16:33:17,MSNBC,NOW With Alex Wagner,MSNBCW_20130408_160000_NOW_With_Alex_Wagner,https://archive.org/download/MSNBCW_20130408_160000_NOW_With_Alex_Wagner/MSNBCW_20130408_160000_NOW_With_Alex_Wagner.thumbs/MSNBCW_20130408_160000_NOW_With_Alex_Wagner_001965.jpg,"my parents still haven't moved back in and most of our neighbors, five miles in both directions haven't been able to get back into their houses. the same thing for people in texas displaced by wildfires last year. same thing is happening to people who are affected by drought. but when we look at climate"
https://archive.org/details/MSNBCW_20130426_100000_Morning_Joe#start/8966/end/9001,4/26/2013 12:29:41,MSNBC,Morning Joe,MSNBCW_20130426_100000_Morning_Joe,https://archive.org/download/MSNBCW_20130426_100000_Morning_Joe/MSNBCW_20130426_100000_Morning_Joe.thumbs/MSNBCW_20130426_100000_Morning_Joe_008955.jpg,"that's all good news and creating this possibility of energy independence for the u.s. the flip side is it's a greenhouse gas. we haven't talked about climate yet. that's the really scary part of this, is that we're going to continue to warm the planet. this is better in many ways."
https://archive.org/details/MSNBCW_20130411_090000_First_Look#start/424/end/459,4/11/2013 9:07:19,MSNBC,First Look,MSNBCW_20130411_090000_First_Look,https://archive.org/download/MSNBCW_20130411_090000_First_Look/MSNBCW_20130411_090000_First_Look.thumbs/MSNBCW_20130411_090000_First_Look_000406.jpg,"florida less safe. and joe barton citing the old testament about man made global warming and said bp was the victim of the shakedown after the gulf oil spill. if you're a believer in the"
https://archive.org/details/MSNBCW_20130423_130000_The_Daily_Rundown#start/2161/end/2196,4/23/2013 13:36:16,MSNBC,The Daily Rundown,MSNBCW_20130423_130000_The_Daily_Rundown,https://archive.org/download/MSNBCW_20130423_130000_The_Daily_Rundown/MSNBCW_20130423_130000_The_Daily_Rundown.thumbs/MSNBCW_20130423_130000_The_Daily_Rundown_002145.jpg,"to fund energy projects and defeat another that would have suspended the state's global warming law. he took to the stage to promote the president's vision of a clean energy future. i say this not as the head of"
https://archive.org/details/MSNBCW_20130403_030000_All_In_With_Chris_Hayes#start/1754/end/1789,4/3/2013 3:29:29,MSNBC,All In With Chris Hayes,MSNBCW_20130403_030000_All_In_With_Chris_Hayes,https://archive.org/download/MSNBCW_20130403_030000_All_In_With_Chris_Hayes/MSNBCW_20130403_030000_All_In_With_Chris_Hayes.thumbs/MSNBCW_20130403_030000_All_In_With_Chris_Hayes_001755.jpg,"in other words, human induced global warming had begun, but -- moonlighted as an activist. hansen said you can't testify against the government. he was arrested outside the white house in 2010 calling for a ban on mountain top removal."
https://archive.org/details/MSNBCW_20130403_230000_Hardball_With_Chris_Matthews#start/3294/end/3329,4/3/2013 23:55:09,MSNBC,Hardball With Chris Matthews,MSNBCW_20130403_230000_Hardball_With_Chris_Matthews,https://archive.org/download/MSNBCW_20130403_230000_Hardball_With_Chris_Matthews/MSNBCW_20130403_230000_Hardball_With_Chris_Matthews.thumbs/MSNBCW_20130403_230000_Hardball_With_Chris_Matthews_003286.jpg,"does matter. theory they love to hate, do you believe global warming is a hoax, not that it's in dispute, is it a hoax perpetrated by environmentalist, 37% say yes. majority of romney voters, 3 out"
https://archive.org/details/MSNBCW_20130404_060000_Hardball_With_Chris_Matthews#start/846/end/881,4/4/2013 6:14:21,MSNBC,Hardball With Chris Matthews,MSNBCW_20130404_060000_Hardball_With_Chris_Matthews,https://archive.org/download/MSNBCW_20130404_060000_Hardball_With_Chris_Matthews/MSNBCW_20130404_060000_Hardball_With_Chris_Matthews.thumbs/MSNBCW_20130404_060000_Hardball_With_Chris_Matthews_000826.jpg,"24% of republicans now believe president obama is the antichrist. that puts things in perspective. doesn't it? 33% saddam hussein actually hit us on 9/11. 53% of republicans say global warming is a hoax. not just wrong, but a hoax."
https://archive.org/details/MSNBCW_20130402_000000_All_In_With_Chris_Hayes#start/479/end/514,4/2/2013 0:08:14,MSNBC,All In With Chris Hayes,MSNBCW_20130402_000000_All_In_With_Chris_Hayes,https://archive.org/download/MSNBCW_20130402_000000_All_In_With_Chris_Hayes/MSNBCW_20130402_000000_All_In_With_Chris_Hayes.thumbs/MSNBCW_20130402_000000_All_In_With_Chris_Hayes_000466.jpg,"as a member of the energy committee and the environmental committee we have talked to scientists and they say the estimations we made for global warming damage, we were wrong. good we don't get our act together and start cutting in a"
https://archive.org/details/MSNBCW_20130402_030000_All_In_With_Chris_Hayes#start/474/end/509,4/2/2013 3:08:09,MSNBC,All In With Chris Hayes,MSNBCW_20130402_030000_All_In_With_Chris_Hayes,https://archive.org/download/MSNBCW_20130402_030000_All_In_With_Chris_Hayes/MSNBCW_20130402_030000_All_In_With_Chris_Hayes.thumbs/MSNBCW_20130402_030000_All_In_With_Chris_Hayes_000466.jpg,"and that is whether we continue to be a carbon based economy, whether we finally recognize that if we don't get a handle on greenhouse gas submissions that this planet is going to be facing some disastrous problems in years to come. as a member of the energy committee and the environmental committee we have talked to scientists and they say the"
https://archive.org/details/MSNBCW_20130403_030000_All_In_With_Chris_Hayes#start/1739/end/1774,4/3/2013 3:29:14,MSNBC,All In With Chris Hayes,MSNBCW_20130403_030000_All_In_With_Chris_Hayes,https://archive.org/download/MSNBCW_20130403_030000_All_In_With_Chris_Hayes/MSNBCW_20130403_030000_All_In_With_Chris_Hayes.thumbs/MSNBCW_20130403_030000_All_In_With_Chris_Hayes_001725.jpg,"46-year government career so he can protest the government. he is the nasa climate scientist who in 1988, after more than a decade of evidence gathering, declared that nasa was quote 99% certain that the global warming trend was not a natural variation."
https://archive.org/details/MSNBCW_20130405_010000_The_Rachel_Maddow_Show#start/3446/end/3481,4/5/2013 1:57:41,MSNBC,The Rachel Maddow Show,MSNBCW_20130405_010000_The_Rachel_Maddow_Show,https://archive.org/download/MSNBCW_20130405_010000_The_Rachel_Maddow_Show/MSNBCW_20130405_010000_The_Rachel_Maddow_Show.thumbs/MSNBCW_20130405_010000_The_Rachel_Maddow_Show_003436.jpg,"61%. nearly two-thirds of the people who voted for mitt romney say global warming is a hoax. did the bush administration mislead the country on weapons of mass destruction in iraq? definitely no. no, not if you're a republican. there was no misleading."
https://archive.org/details/MSNBCW_20130406_160000_Weekends_With_Alex_Witt#start/5579/end/5614,4/6/2013 17:33:14,MSNBC,Weekends With Alex Witt,MSNBCW_20130406_160000_Weekends_With_Alex_Witt,https://archive.org/download/MSNBCW_20130406_160000_Weekends_With_Alex_Witt/MSNBCW_20130406_160000_Weekends_With_Alex_Witt.thumbs/MSNBCW_20130406_160000_Weekends_With_Alex_Witt_005566.jpg,"with whether or not the united states wants to give a market to this polluting ail that will contribute to global warming. this on the ground event gives a lot of opposition -- gives a lot of ammunition to the opposition, but it may not play intensely"
https://archive.org/details/MSNBCW_20130411_220000_PoliticsNation#start/1725/end/1760,4/11/2013 22:29:00,MSNBC,PoliticsNation,MSNBCW_20130411_220000_PoliticsNation,https://archive.org/download/MSNBCW_20130411_220000_PoliticsNation/MSNBCW_20130411_220000_PoliticsNation.thumbs/MSNBCW_20130411_220000_PoliticsNation_001725.jpg,"you're a believer in the bible, the great flood is an example of climate change. and that's certainly was not because mankind overdeveloped hydrocarbon energy. what?"
https://archive.org/details/MSNBCW_20130403_210000_Hardball_With_Chris_Matthews#start/799/end/834,4/3/2013 21:13:34,MSNBC,Hardball With Chris Matthews,MSNBCW_20130403_210000_Hardball_With_Chris_Matthews,https://archive.org/download/MSNBCW_20130403_210000_Hardball_With_Chris_Matthews/MSNBCW_20130403_210000_Hardball_With_Chris_Matthews.thumbs/MSNBCW_20130403_210000_Hardball_With_Chris_Matthews_000795.jpg,"53% of republicans say global warming is a hoax. not just wrong, but a hoax. before you get too smug, democrats believe some weird stuff, too. we'll get to that. the truthers are out there, too. yesterday it was radio talk show host who found a way to"
https://archive.org/details/MSNBCW_20130411_220000_PoliticsNation#start/1740/end/1775,4/11/2013 22:29:15,MSNBC,PoliticsNation,MSNBCW_20130411_220000_PoliticsNation,https://archive.org/download/MSNBCW_20130411_220000_PoliticsNation/MSNBCW_20130411_220000_PoliticsNation.thumbs/MSNBCW_20130411_220000_PoliticsNation_001725.jpg,"the flood doesn't show that humans are behind climate change. i know noah didn't drive a gas-gu sdplchlt zling suv and didn't build the ark on a smoky"
https://archive.org/details/MSNBCW_20130402_000000_All_In_With_Chris_Hayes#start/209/end/244,4/2/2013 0:03:44,MSNBC,All In With Chris Hayes,MSNBCW_20130402_000000_All_In_With_Chris_Hayes,https://archive.org/download/MSNBCW_20130402_000000_All_In_With_Chris_Hayes/MSNBCW_20130402_000000_All_In_With_Chris_Hayes.thumbs/MSNBCW_20130402_000000_All_In_With_Chris_Hayes_000196.jpg,"fuel america unless we decide collectively to join another future. joining me, bernie sanders, independent from vermont, may bouvier, from the classroots climate change, and dan, a cnbc"
https://archive.org/details/MSNBCW_20130411_090000_First_Look#start/439/end/474,4/11/2013 9:07:34,MSNBC,First Look,MSNBCW_20130411_090000_First_Look,https://archive.org/download/MSNBCW_20130411_090000_First_Look/MSNBCW_20130411_090000_First_Look.thumbs/MSNBCW_20130411_090000_First_Look_000436.jpg,"bible, one would have to say the great flood is an example of climate change that. certainly wasn't because mankind overdeveloped hydrocarbon energy. that's your morning dish of"
https://archive.org/details/MSNBCW_20130411_230000_Hardball_With_Chris_Matthews#start/1834/end/1869,4/11/2013 23:30:49,MSNBC,Hardball With Chris Matthews,MSNBCW_20130411_230000_Hardball_With_Chris_Matthews,https://archive.org/download/MSNBCW_20130411_230000_Hardball_With_Chris_Matthews/MSNBCW_20130411_230000_Hardball_With_Chris_Matthews.thumbs/MSNBCW_20130411_230000_Hardball_With_Chris_Matthews_001816.jpg,"the texas republican does not dispute that climate change is occurring, only whether it's called by us. by humans. in a house hearing on the keystone pipeline yesterday,"
https://archive.org/details/MSNBCW_20130414_140000_Melissa_Harris-Perry#start/1244/end/1279,4/14/2013 14:20:59,MSNBC,Melissa Harris-Perry,MSNBCW_20130414_140000_Melissa_Harris-Perry,https://archive.org/download/MSNBCW_20130414_140000_Melissa_Harris-Perry/MSNBCW_20130414_140000_Melissa_Harris-Perry.thumbs/MSNBCW_20130414_140000_Melissa_Harris-Perry_001245.jpg,"carbon tax is i clean and elegant way to reduce carbon emissions that's more economically efficient than doing regulatory approaches when you tell people to emit carbon at specific times and where. i think there's a tendency for the tax code to get politically"
https://archive.org/details/MSNBCW_20130407_120000_Up_W_Chris_Hayes#start/2057/end/2092,4/7/2013 12:34:32,MSNBC,Up W Chris Hayes,MSNBCW_20130407_120000_Up_W_Chris_Hayes,https://archive.org/download/MSNBCW_20130407_120000_Up_W_Chris_Hayes/MSNBCW_20130407_120000_Up_W_Chris_Hayes.thumbs/MSNBCW_20130407_120000_Up_W_Chris_Hayes_002055.jpg,"not just traditional tax base. there is a bunch of new taxes. carbon tax and financial transaction tax. we are never going to get close to the marginal tax rates we had 30 years ago. the question as to whether or not these budgets are"
https://archive.org/details/MSNBCW_20130411_230000_Hardball_With_Chris_Matthews#start/1841/end/1876,4/11/2013 23:30:56,MSNBC,Hardball With Chris Matthews,MSNBCW_20130411_230000_Hardball_With_Chris_Matthews,https://archive.org/download/MSNBCW_20130411_230000_Hardball_With_Chris_Matthews/MSNBCW_20130411_230000_Hardball_With_Chris_Matthews.thumbs/MSNBCW_20130411_230000_Hardball_With_Chris_Matthews_001846.jpg,"barton went pretty far back for evidence that humans are not behind climate change. think noah's ark. people like me that support hydrocarbon development don't deny the climate is changing."
https://archive.org/details/MSNBCW_20130412_060000_Hardball_With_Chris_Matthews#start/1869/end/1904,4/12/2013 6:31:24,MSNBC,Hardball With Chris Matthews,MSNBCW_20130412_060000_Hardball_With_Chris_Matthews,https://archive.org/download/MSNBCW_20130412_060000_Hardball_With_Chris_Matthews/MSNBCW_20130412_060000_Hardball_With_Chris_Matthews.thumbs/MSNBCW_20130412_060000_Hardball_With_Chris_Matthews_001845.jpg,"if you're a believer in the bible, one would have to say the great flood is an example of climate change, and that certainly wasn't because mankind had overdeveloped hydrocarbon energy."
https://archive.org/details/MSNBCW_20130409_090000_First_Look#start/888/end/923,4/9/2013 9:15:03,MSNBC,First Look,MSNBCW_20130409_090000_First_Look,https://archive.org/download/MSNBCW_20130409_090000_First_Look/MSNBCW_20130409_090000_First_Look.thumbs/MSNBCW_20130409_090000_First_Look_000886.jpg,"getting bumpier thanks to global warming changes. that's according to the international energy agency, which also says carbon dioxide emissions will require longer flights and require more jet fuel by 2050. sequester budget cuts could delay the federal terrorism trial of osama bin laden's"
https://archive.org/details/MSNBCW_20130408_160000_NOW_With_Alex_Wagner#start/1713/end/1748,4/8/2013 16:28:48,MSNBC,NOW With Alex Wagner,MSNBCW_20130408_160000_NOW_With_Alex_Wagner,https://archive.org/download/MSNBCW_20130408_160000_NOW_With_Alex_Wagner/MSNBCW_20130408_160000_NOW_With_Alex_Wagner.thumbs/MSNBCW_20130408_160000_NOW_With_Alex_Wagner_001695.jpg,"if we're in war to stop global warming, we need to fight it on the beaches, the landing zones and the carbon-spewing tar sands of alberta there are many climate problems a president can't solve, but keystone isn't one of them. it's a choice between big oil and a more sustainable planet."
https://archive.org/details/MSNBCW_20130409_050000_The_Last_Word#start/2401/end/2436,4/9/2013 5:40:16,MSNBC,The Last Word,MSNBCW_20130409_050000_The_Last_Word,https://archive.org/download/MSNBCW_20130409_050000_The_Last_Word/MSNBCW_20130409_050000_The_Last_Word.thumbs/MSNBCW_20130409_050000_The_Last_Word_002385.jpg,"thatcher say this. it is mankind and his activities which are changing the environment of our planet in damaging and dangerous ways. the problem of global climate change is one that effects us"
https://archive.org/details/MSNBCW_20130408_220000_PoliticsNation#start/3109/end/3144,4/8/2013 22:52:04,MSNBC,PoliticsNation,MSNBCW_20130408_220000_PoliticsNation,https://archive.org/download/MSNBCW_20130408_220000_PoliticsNation/MSNBCW_20130408_220000_PoliticsNation.thumbs/MSNBCW_20130408_220000_PoliticsNation_003106.jpg,"gun control, immigration reform, same-sex marriage equality, voting reform, climate change, and today we're learning what he's really like inside the white house details on how the president is taking control of"
https://archive.org/details/MSNBCW_20130423_130000_The_Daily_Rundown#start/2400/end/2435,4/23/2013 13:40:15,MSNBC,The Daily Rundown,MSNBCW_20130423_130000_The_Daily_Rundown,https://archive.org/download/MSNBCW_20130423_130000_The_Daily_Rundown/MSNBCW_20130423_130000_The_Daily_Rundown.thumbs/MSNBCW_20130423_130000_The_Daily_Rundown_002385.jpg,"more politicized. you see this, what candidate obama said in 2008 about climate change, yes, what he said at his nug gu inaugural, but it seems the politics of this issue has"
https://archive.org/details/MSNBCW_20130406_120000_Up_W_Chris_Hayes#start/3043/end/3078,4/6/2013 12:50:58,MSNBC,Up W Chris Hayes,MSNBCW_20130406_120000_Up_W_Chris_Hayes,https://archive.org/download/MSNBCW_20130406_120000_Up_W_Chris_Hayes/MSNBCW_20130406_120000_Up_W_Chris_Hayes.thumbs/MSNBCW_20130406_120000_Up_W_Chris_Hayes_003015.jpg,"for a elected officials to address climate change and the ramifications seriously. in the days after with those in the northeast living without heat, and after a presidential campaign with almost no mention"
https://archive.org/details/MSNBCW_20130411_230000_Hardball_With_Chris_Matthews#start/867/end/902,4/11/2013 23:14:42,MSNBC,Hardball With Chris Matthews,MSNBCW_20130411_230000_Hardball_With_Chris_Matthews,https://archive.org/download/MSNBCW_20130411_230000_Hardball_With_Chris_Matthews/MSNBCW_20130411_230000_Hardball_With_Chris_Matthews.thumbs/MSNBCW_20130411_230000_Hardball_With_Chris_Matthews_000856.jpg,"woman with perhaps the least enviable job in america, the democrat running against chris christie. that's going to be interesting. and republican joe barton's logic against climate change. he said we had the great flood"
https://archive.org/details/MSNBCW_20130411_220000_PoliticsNation#start/1709/end/1744,4/11/2013 22:28:44,MSNBC,PoliticsNation,MSNBCW_20130411_220000_PoliticsNation,https://archive.org/download/MSNBCW_20130411_220000_PoliticsNation/MSNBCW_20130411_220000_PoliticsNation.thumbs/MSNBCW_20130411_220000_PoliticsNation_001695.jpg,"researchers say humans are causing climate change, the scientist who is actually study these things. but congressman barton thought he would prove them wrong by quoting chapter and verse. i would point out that if"
https://archive.org/details/MSNBCW_20130411_210000_Hardball_With_Chris_Matthews#start/1858/end/1893,4/11/2013 21:31:13,MSNBC,Hardball With Chris Matthews,MSNBCW_20130411_210000_Hardball_With_Chris_Matthews,https://archive.org/download/MSNBCW_20130411_210000_Hardball_With_Chris_Matthews/MSNBCW_20130411_210000_Hardball_With_Chris_Matthews.thumbs/MSNBCW_20130411_210000_Hardball_With_Chris_Matthews_001845.jpg,"climate change, and that certainly wasn't because mankind had overdeveloped hydrocarbon energy. theories that suggest such a flood actually occurred, of course, controversial to say the least. anyway, barton, by the way, is a"
https://archive.org/details/MSNBCW_20130404_030000_All_In_With_Chris_Hayes#start/2025/end/2060,4/4/2013 3:34:00,MSNBC,All In With Chris Hayes,MSNBCW_20130404_030000_All_In_With_Chris_Hayes,https://archive.org/download/MSNBCW_20130404_030000_All_In_With_Chris_Hayes/MSNBCW_20130404_030000_All_In_With_Chris_Hayes.thumbs/MSNBCW_20130404_030000_All_In_With_Chris_Hayes_002025.jpg,"to find the butterflies' habitat was creeping ever northward and there's a map that's a perfect visual representation of how climate change is altering the planet. and he didn't know when he started tracking butterflies"
https://archive.org/details/MSNBCW_20130402_070000_All_In_With_Chris_Hayes#start/205/end/240,4/2/2013 7:03:40,MSNBC,All In With Chris Hayes,MSNBCW_20130402_070000_All_In_With_Chris_Hayes,https://archive.org/download/MSNBCW_20130402_070000_All_In_With_Chris_Hayes/MSNBCW_20130402_070000_All_In_With_Chris_Hayes.thumbs/MSNBCW_20130402_070000_All_In_With_Chris_Hayes_000195.jpg,"this is the future of fossil fuel america unless we decide collectively to join another future. joining me, bernie sanders, independent from vermont, may bouvier, from the grassroots climate change, and dan, a cnbc"
https://archive.org/details/MSNBCW_20130429_170000_Andrea_Mitchell_Reports#start/2217/end/2252,4/29/2013 17:37:12,MSNBC,Andrea Mitchell Reports,MSNBCW_20130429_170000_Andrea_Mitchell_Reports,https://archive.org/download/MSNBCW_20130429_170000_Andrea_Mitchell_Reports/MSNBCW_20130429_170000_Andrea_Mitchell_Reports.thumbs/MSNBCW_20130429_170000_Andrea_Mitchell_Reports_002205.jpg,"acre of land there on the atlantic owe shceaocean. she now has a sliver. it changed that fast in a 15-year period. ann thompson, and it's only going to get worse as climate change and the rising levels,"
https://archive.org/details/MSNBCW_20130403_220000_PoliticsNation#start/0/end/35,4/3/2013 22:00:15,MSNBC,PoliticsNation,MSNBCW_20130403_220000_PoliticsNation,https://archive.org/download/MSNBCW_20130403_220000_PoliticsNation/MSNBCW_20130403_220000_PoliticsNation.thumbs/MSNBCW_20130403_220000_PoliticsNation_000045.jpg,"an anti christ, by the time we get to the people who believe the u.s. itself had a role in bombing the pentagon, climate change to be an outright hoax, how do you wind up the whole"
https://archive.org/details/MSNBCW_20130401_160000_NOW_With_Alex_Wagner#start/1813/end/1848,4/1/2013 16:30:28,MSNBC,NOW With Alex Wagner,MSNBCW_20130401_160000_NOW_With_Alex_Wagner,https://archive.org/download/MSNBCW_20130401_160000_NOW_With_Alex_Wagner/MSNBCW_20130401_160000_NOW_With_Alex_Wagner.thumbs/MSNBCW_20130401_160000_NOW_With_Alex_Wagner_001815.jpg,"will. i will direct, i will direct my cabinet to come up with executive actions we can take now and in the future to reduce pollution, prepare our communities for the consequences of climate change and speed the"
https://archive.org/details/MSNBCW_20130402_070000_All_In_With_Chris_Hayes#start/1213/end/1248,4/2/2013 7:20:28,MSNBC,All In With Chris Hayes,MSNBCW_20130402_070000_All_In_With_Chris_Hayes,https://archive.org/download/MSNBCW_20130402_070000_All_In_With_Chris_Hayes/MSNBCW_20130402_070000_All_In_With_Chris_Hayes.thumbs/MSNBCW_20130402_070000_All_In_With_Chris_Hayes_001185.jpg,"and we have to do better and we can do better. what has been so interesting in the keystone fight is it has brought climate change back into the focus, and we're working with the sierra club and glen"
https://archive.org/details/MSNBCW_20130404_150000_MSNBC_Live#start/3184/end/3219,4/4/2013 15:53:19,MSNBC,MSNBC Live,MSNBCW_20130404_150000_MSNBC_Live,https://archive.org/download/MSNBCW_20130404_150000_MSNBC_Live/MSNBCW_20130404_150000_MSNBC_Live.thumbs/MSNBCW_20130404_150000_MSNBC_Live_003166.jpg,"the arab spring and climate change. and the hollywood reporters says a new documentary about the letters sent to jackie kennedy after her husband's assassination will feature the voices of about 20 a-list celebrities, some voices will be"
https://archive.org/details/MSNBCW_20130411_220000_PoliticsNation#start/1674/end/1709,4/11/2013 22:28:09,MSNBC,PoliticsNation,MSNBCW_20130411_220000_PoliticsNation,https://archive.org/download/MSNBCW_20130411_220000_PoliticsNation/MSNBCW_20130411_220000_PoliticsNation.thumbs/MSNBCW_20130411_220000_PoliticsNation_001665.jpg,"the he thought that holding bp accountable was a real tragedy. and now he's weighing in again on climate change. i think you can have an honest difference of opinion of what is causing that change"
https://archive.org/details/MSNBCW_20130402_030000_All_In_With_Chris_Hayes#start/227/end/262,4/2/2013 3:04:02,MSNBC,All In With Chris Hayes,MSNBCW_20130402_030000_All_In_With_Chris_Hayes,https://archive.org/download/MSNBCW_20130402_030000_All_In_With_Chris_Hayes/MSNBCW_20130402_030000_All_In_With_Chris_Hayes.thumbs/MSNBCW_20130402_030000_All_In_With_Chris_Hayes_000226.jpg,"climate change, and dan, a cnbc contributor, and we're joined by glen hooks of the sierra club of arkansas. no one from exxonmobil or the american petroleum institute was available to join us. glen, i'll begin with you."
https://archive.org/details/MSNBCW_20130408_160000_NOW_With_Alex_Wagner#start/1824/end/1859,4/8/2013 16:30:39,MSNBC,NOW With Alex Wagner,MSNBCW_20130408_160000_NOW_With_Alex_Wagner,https://archive.org/download/MSNBCW_20130408_160000_NOW_With_Alex_Wagner/MSNBCW_20130408_160000_NOW_With_Alex_Wagner.thumbs/MSNBCW_20130408_160000_NOW_With_Alex_Wagner_001815.jpg,"environmental devastation that has wreaked havoc on the nation's economy, whether that's droughts, wildfires, whether that's you know, dangerous, very, very destructive storms like hurricane sandy. and yet the issue of climate change hasn't seemed to gain"
https://archive.org/details/MSNBCW_20130412_060000_Hardball_With_Chris_Matthews#start/1841/end/1876,4/12/2013 6:30:56,MSNBC,Hardball With Chris Matthews,MSNBCW_20130412_060000_Hardball_With_Chris_Matthews,https://archive.org/download/MSNBCW_20130412_060000_Hardball_With_Chris_Matthews/MSNBCW_20130412_060000_Hardball_With_Chris_Matthews.thumbs/MSNBCW_20130412_060000_Hardball_With_Chris_Matthews_001815.jpg,"barton went pretty far back for evidence that humans are not behind climate change. think noah's ark. people like me that support hydrocarbon development don't deny the climate is changing. i think you could have is an"
https://archive.org/details/MSNBCW_20130405_040000_The_Rachel_Maddow_Show#start/3441/end/3476,4/5/2013 4:57:36,MSNBC,The Rachel Maddow Show,MSNBCW_20130405_040000_The_Rachel_Maddow_Show,https://archive.org/download/MSNBCW_20130405_040000_The_Rachel_Maddow_Show/MSNBCW_20130405_040000_The_Rachel_Maddow_Show.thumbs/MSNBCW_20130405_040000_The_Rachel_Maddow_Show_003435.jpg,"nearly two-thirds of the people who voted for mitt romney say global warming is a hoax. did the bush administration mislead the country on weapons of mass destruction in iraq? definitely no. no, not if you're a republican. there was no misleading. three quarters of republicans polled say no, there was no misleading heading into iraq. if you ask democrats, the"
https://archive.org/details/MSNBCW_20130401_160000_NOW_With_Alex_Wagner#start/1798/end/1833,4/1/2013 16:30:13,MSNBC,NOW With Alex Wagner,MSNBCW_20130401_160000_NOW_With_Alex_Wagner,https://archive.org/download/MSNBCW_20130401_160000_NOW_With_Alex_Wagner/MSNBCW_20130401_160000_NOW_With_Alex_Wagner.thumbs/MSNBCW_20130401_160000_NOW_With_Alex_Wagner_001755.jpg,"see what's right for you at constantcontact.com/try. during his state of the union address, president obama raised the hope of sol environmentalists by vowing action on climate change and energy reform. in congress won't act soon to protect future generations, i"
https://archive.org/details/MSNBCW_20130411_220000_PoliticsNation#start/1693/end/1728,4/11/2013 22:28:28,MSNBC,PoliticsNation,MSNBCW_20130411_220000_PoliticsNation,https://archive.org/download/MSNBCW_20130411_220000_PoliticsNation/MSNBCW_20130411_220000_PoliticsNation.thumbs/MSNBCW_20130411_220000_PoliticsNation_001665.jpg,"without automatically either being all in or it's all because of manmind or it's all just natural. we hear this from the right all the time but the causes of climate change aren't a matter of opinion. more than 97% of climate"
https://archive.org/details/MSNBCW_20130411_210000_Hardball_With_Chris_Matthews#start/1794/end/1829,4/11/2013 21:30:09,MSNBC,Hardball With Chris Matthews,MSNBCW_20130411_210000_Hardball_With_Chris_Matthews,https://archive.org/download/MSNBCW_20130411_210000_Hardball_With_Chris_Matthews/MSNBCW_20130411_210000_Hardball_With_Chris_Matthews.thumbs/MSNBCW_20130411_210000_Hardball_With_Chris_Matthews_001785.jpg,"ha! back to 'hardball.' this is the sideshow. you know the feeling when a politician says something and you think, did i really just hear that? well, first tonight, congressman joe barton on the subject of climate change. the texas republican does not"
https://archive.org/details/MSNBCW_20130408_220000_PoliticsNation#start/3241/end/3276,4/8/2013 22:54:16,MSNBC,PoliticsNation,MSNBCW_20130408_220000_PoliticsNation,https://archive.org/download/MSNBCW_20130408_220000_PoliticsNation/MSNBCW_20130408_220000_PoliticsNation.thumbs/MSNBCW_20130408_220000_PoliticsNation_003226.jpg,"implement health care reform, that the energy department is doing everything it can to create clean energy jobs and fight climate change just like he's doing out there in states across the country for members of congress to pass the agenda"
https://archive.org/details/MSNBCW_20130406_120000_Up_W_Chris_Hayes#start/3246/end/3281,4/6/2013 12:54:21,MSNBC,Up W Chris Hayes,MSNBCW_20130406_120000_Up_W_Chris_Hayes,https://archive.org/download/MSNBCW_20130406_120000_Up_W_Chris_Hayes/MSNBCW_20130406_120000_Up_W_Chris_Hayes.thumbs/MSNBCW_20130406_120000_Up_W_Chris_Hayes_003225.jpg,"and, yet, here we sit with a political system that could barely bring itself to acknowledge or discuss the tangible danger climate change poses to us, never mind undertake the massive sustained effort necessary to combat and adament to it."
https://archive.org/details/MSNBCW_20130408_160000_NOW_With_Alex_Wagner#start/1997/end/2032,4/8/2013 16:33:32,MSNBC,NOW With Alex Wagner,MSNBCW_20130408_160000_NOW_With_Alex_Wagner,https://archive.org/download/MSNBCW_20130408_160000_NOW_With_Alex_Wagner/MSNBCW_20130408_160000_NOW_With_Alex_Wagner.thumbs/MSNBCW_20130408_160000_NOW_With_Alex_Wagner_001995.jpg,"change, most of the conversation is about the obligation or whether or not people feel a moral obligation to act to fight climate change. what isn't covered often is the economic opportunity in a transition to clean energy. for every billion dollars that's"
https://archive.org/details/MSNBCW_20130404_070000_All_In_With_Chris_Hayes#start/2037/end/2072,4/4/2013 7:34:12,MSNBC,All In With Chris Hayes,MSNBCW_20130404_070000_All_In_With_Chris_Hayes,https://archive.org/download/MSNBCW_20130404_070000_All_In_With_Chris_Hayes/MSNBCW_20130404_070000_All_In_With_Chris_Hayes.thumbs/MSNBCW_20130404_070000_All_In_With_Chris_Hayes_002025.jpg,"climate change is altering the planet. and he didn't know when he started tracking butterflies that he was going to create this incredible use of knowledge. he went at it because he loved knowledge and he was curious about the world and loved"
https://archive.org/details/MSNBCW_20130402_030000_All_In_With_Chris_Hayes#start/1217/end/1252,4/2/2013 3:20:32,MSNBC,All In With Chris Hayes,MSNBCW_20130402_030000_All_In_With_Chris_Hayes,https://archive.org/download/MSNBCW_20130402_030000_All_In_With_Chris_Hayes/MSNBCW_20130402_030000_All_In_With_Chris_Hayes.thumbs/MSNBCW_20130402_030000_All_In_With_Chris_Hayes_001216.jpg,"and we have to do better and we can do better. what has been so interesting in the keystone fight is it has brought climate change back into the national conversation. a whole movement has arisen from this issue, and we're working"
https://archive.org/details/MSNBCW_20130408_160000_NOW_With_Alex_Wagner#start/1699/end/1734,4/8/2013 16:28:34,MSNBC,NOW With Alex Wagner,MSNBCW_20130408_160000_NOW_With_Alex_Wagner,https://archive.org/download/MSNBCW_20130408_160000_NOW_With_Alex_Wagner/MSNBCW_20130408_160000_NOW_With_Alex_Wagner.thumbs/MSNBCW_20130408_160000_NOW_With_Alex_Wagner_001695.jpg,"of the pipeline, the president has a point, politics are tough. but now might be the moment to combat climate change. earlier this year, 'time' magazine wrote keystone isn't the best fight to have over fossil fuels, but it's the fight we're having."
https://archive.org/details/MSNBCW_20130403_230000_Hardball_With_Chris_Matthews#start/865/end/900,4/3/2013 23:14:40,MSNBC,Hardball With Chris Matthews,MSNBCW_20130403_230000_Hardball_With_Chris_Matthews,https://archive.org/download/MSNBCW_20130403_230000_Hardball_With_Chris_Matthews/MSNBCW_20130403_230000_Hardball_With_Chris_Matthews.thumbs/MSNBCW_20130403_230000_Hardball_With_Chris_Matthews_000856.jpg,"33% saddam hussein actually hit us on 9/11. 53% of republicans say global warming is a hoax. not just wrong, but a hoax. before you get too smug, democrats believe some weird stuff, too. we'll get to that. the truthers are out there, too. yesterday it was radio talk show host who found a way to link gay marriage and trouble in korea. today we bring you the texas congressman."
https://archive.org/details/MSNBCW_20130403_210000_Hardball_With_Chris_Matthews#start/3267/end/3302,4/3/2013 21:54:42,MSNBC,Hardball With Chris Matthews,MSNBCW_20130403_210000_Hardball_With_Chris_Matthews,https://archive.org/download/MSNBCW_20130403_210000_Hardball_With_Chris_Matthews/MSNBCW_20130403_210000_Hardball_With_Chris_Matthews.thumbs/MSNBCW_20130403_210000_Hardball_With_Chris_Matthews_003255.jpg,"like i'm sure he's not dead even though there's people who can say it and prove it and now there's a movie. i don't understand why people are invested in crazy talk. well, they are. finally, the climate change. the theories love to hate."
https://archive.org/details/MSNBCW_20130403_210000_Hardball_With_Chris_Matthews#start/3578/end/3613,4/3/2013 21:59:53,MSNBC,Hardball With Chris Matthews,MSNBCW_20130403_210000_Hardball_With_Chris_Matthews,https://archive.org/download/MSNBCW_20130403_210000_Hardball_With_Chris_Matthews/MSNBCW_20130403_210000_Hardball_With_Chris_Matthews.thumbs/MSNBCW_20130403_210000_Hardball_With_Chris_Matthews_003555.jpg,"here comes the bad news. only about half of us are ready to deny that climate change is a hoax. just about half are ready to say that not that it's subject to a dispute but that it's a concoction dreamed up by the"
https://archive.org/details/MSNBCW_20130402_140000_Jansing_and_Co.#start/1137/end/1172,4/2/2013 14:19:12,MSNBC,Jansing and Co.,MSNBCW_20130402_140000_Jansing_and_Co.,https://archive.org/download/MSNBCW_20130402_140000_Jansing_and_Co./MSNBCW_20130402_140000_Jansing_and_Co..thumbs/MSNBCW_20130402_140000_Jansing_and_Co._001126.jpg,"there are things they can do and we saw that constrained somewhat during the first term because of the emphasis on the financial crisis. we're now seeing the president stepping forward with some of these executive actions on things like climate change and this investment in brain"
https://archive.org/details/MSNBCW_20130402_000000_All_In_With_Chris_Hayes#start/1211/end/1246,4/2/2013 0:20:26,MSNBC,All In With Chris Hayes,MSNBCW_20130402_000000_All_In_With_Chris_Hayes,https://archive.org/download/MSNBCW_20130402_000000_All_In_With_Chris_Hayes/MSNBCW_20130402_000000_All_In_With_Chris_Hayes.thumbs/MSNBCW_20130402_000000_All_In_With_Chris_Hayes_001186.jpg,"this is just part of the business and a bad part of the business. and we have to do better and we can do better. what has been so interesting in the keystone fight is it has brought climate change back into the focus, and we're working"
https://archive.org/details/MSNBCW_20130411_230000_Hardball_With_Chris_Matthews#start/910/end/945,4/11/2013 23:15:25,MSNBC,Hardball With Chris Matthews,MSNBCW_20130411_230000_Hardball_With_Chris_Matthews,https://archive.org/download/MSNBCW_20130411_230000_Hardball_With_Chris_Matthews/MSNBCW_20130411_230000_Hardball_With_Chris_Matthews.thumbs/MSNBCW_20130411_230000_Hardball_With_Chris_Matthews_000856.jpg,"back in the bible and that was climate change and it sure wasn't caused by man. so clearly, well, whatever. this is 'hardball.' the place for politics. [ male announcer ] i've seen incredible things. otherworldly things. but there are some things i've never seen before."
https://archive.org/details/MSNBCW_20130404_000000_All_In_With_Chris_Hayes#start/0/end/34,4/4/2013 0:00:14,MSNBC,All In With Chris Hayes,MSNBCW_20130404_000000_All_In_With_Chris_Hayes,https://archive.org/download/MSNBCW_20130404_000000_All_In_With_Chris_Hayes/MSNBCW_20130404_000000_All_In_With_Chris_Hayes.thumbs/MSNBCW_20130404_000000_All_In_With_Chris_Hayes_000015.jpg,"about half of us are ready to deny climate change is a hoax, just about half are ready to say not that it's subject to dispute, but it's not an outright concoction dreamed up by environmentalists. no wonder it's hard to get people excited to demonstrate"
https://archive.org/details/MSNBCW_20130430_190000_The_Cycle#start/1925/end/1960,4/30/2013 19:32:20,MSNBC,The Cycle,MSNBCW_20130430_190000_The_Cycle,https://archive.org/download/MSNBCW_20130430_190000_The_Cycle/MSNBCW_20130430_190000_The_Cycle.thumbs/MSNBCW_20130430_190000_The_Cycle_001905.jpg,"in syria, what's going on with the gun control debate. what's going on with the sequester. talk to me after we get through immigration reform. talk to me after we get through climate change. talk to me at the end of the material about job creation."
https://archive.org/details/MSNBCW_20130407_190000_MSNBC_Live#start/628/end/663,4/7/2013 19:10:43,MSNBC,MSNBC Live,MSNBCW_20130407_190000_MSNBC_Live,https://archive.org/download/MSNBCW_20130407_190000_MSNBC_Live/MSNBCW_20130407_190000_MSNBC_Live.thumbs/MSNBCW_20130407_190000_MSNBC_Live_000615.jpg,"electi election, some of his big items on his agenda and seems to reset expectations. not overtly, subtly, saying it's going to be tough. he acknowledged the gun legislation. saying on climate change, that's really tough politically, people are more concerned about the economy."
https://archive.org/details/MSNBCW_20130408_160000_NOW_With_Alex_Wagner#start/1775/end/1810,4/8/2013 16:29:50,MSNBC,NOW With Alex Wagner,MSNBCW_20130408_160000_NOW_With_Alex_Wagner,https://archive.org/download/MSNBCW_20130408_160000_NOW_With_Alex_Wagner/MSNBCW_20130408_160000_NOW_With_Alex_Wagner.thumbs/MSNBCW_20130408_160000_NOW_With_Alex_Wagner_001755.jpg,"and a key test of the president's commitment to really fight climate change with both fists. a couple of months ago we had the largest climate rally in u.s. history, 50000 people came to d.c. to rally against this pipeline. and in favor of full approach"
https://archive.org/details/MSNBCW_20130408_160000_NOW_With_Alex_Wagner#start/2105/end/2140,4/8/2013 16:35:20,MSNBC,NOW With Alex Wagner,MSNBCW_20130408_160000_NOW_With_Alex_Wagner,https://archive.org/download/MSNBCW_20130408_160000_NOW_With_Alex_Wagner/MSNBCW_20130408_160000_NOW_With_Alex_Wagner.thumbs/MSNBCW_20130408_160000_NOW_With_Alex_Wagner_002085.jpg,"his first speech on secretary of state was about climate change. how much is this going to be a referendum on his ability to keep the flame burning on the subject of sensible energy reform? it's a huge decision that, that secretary kerry needs to"
https://archive.org/details/MSNBCW_20130408_160000_NOW_With_Alex_Wagner#start/2138/end/2173,4/8/2013 16:35:53,MSNBC,NOW With Alex Wagner,MSNBCW_20130408_160000_NOW_With_Alex_Wagner,https://archive.org/download/MSNBCW_20130408_160000_NOW_With_Alex_Wagner/MSNBCW_20130408_160000_NOW_With_Alex_Wagner.thumbs/MSNBCW_20130408_160000_NOW_With_Alex_Wagner_002115.jpg,"opportunity for the secretary and his new position, to say that this is a national security issue. fighting climate change. it's an international issue. but we can't just talk about it. we can't just issue a regulation through epa, every six months or so."
https://archive.org/details/MSNBCW_20130404_000000_All_In_With_Chris_Hayes#start/2033/end/2068,4/4/2013 0:34:08,MSNBC,All In With Chris Hayes,MSNBCW_20130404_000000_All_In_With_Chris_Hayes,https://archive.org/download/MSNBCW_20130404_000000_All_In_With_Chris_Hayes/MSNBCW_20130404_000000_All_In_With_Chris_Hayes.thumbs/MSNBCW_20130404_000000_All_In_With_Chris_Hayes_002025.jpg,"was creeping ever northward and there's a map that's a perfect visual representation of how climate change is altering the planet. and he didn't know when he started tracking butterflies that he was going to create this incredible use of knowledge. he went at it because he loved"
https://archive.org/details/MSNBCW_20130430_000000_All_In_With_Chris_Hayes#start/1911/end/1946,4/30/2013 0:32:06,MSNBC,All In With Chris Hayes,MSNBCW_20130430_000000_All_In_With_Chris_Hayes,https://archive.org/download/MSNBCW_20130430_000000_All_In_With_Chris_Hayes/MSNBCW_20130430_000000_All_In_With_Chris_Hayes.thumbs/MSNBCW_20130430_000000_All_In_With_Chris_Hayes_001905.jpg,"combined with the era of climate disaster means that we're going to spend more and more and more on providing relief to victims of weather catastrophes. at some point, i'm confident we'll collectively wake up to the fact that ignoring climate change and doing little or nothing about the carbon"
https://archive.org/details/MSNBCW_20130408_160000_NOW_With_Alex_Wagner#start/1951/end/1986,4/8/2013 16:32:46,MSNBC,NOW With Alex Wagner,MSNBCW_20130408_160000_NOW_With_Alex_Wagner,https://archive.org/download/MSNBCW_20130408_160000_NOW_With_Alex_Wagner/MSNBCW_20130408_160000_NOW_With_Alex_Wagner.thumbs/MSNBCW_20130408_160000_NOW_With_Alex_Wagner_001935.jpg,"economic impact of climate change. people whose jobs, people whose farms were affected. people whose jobs were lost, their profits were down. that's a very measurable economic impact. and yet, the white house doesn't seem to sort of wrap its arms around that argument that well. it's a fascinating thing."
https://archive.org/details/MSNBCW_20130408_160000_NOW_With_Alex_Wagner#start/2153/end/2188,4/8/2013 16:36:08,MSNBC,NOW With Alex Wagner,MSNBCW_20130408_160000_NOW_With_Alex_Wagner,https://archive.org/download/MSNBCW_20130408_160000_NOW_With_Alex_Wagner/MSNBCW_20130408_160000_NOW_With_Alex_Wagner.thumbs/MSNBCW_20130408_160000_NOW_With_Alex_Wagner_002145.jpg,"we actually have to fight. if we want to defeat climate change, if we want to stabilize emissions, build a clean energy economy, we have to show leadership and we have to make sometimes difficult political decisions in favor of clean energy and we have to stand up to big oil."
https://archive.org/details/MSNBCW_20130417_160000_NOW_With_Alex_Wagner#start/3195/end/3230,4/17/2013 16:53:30,MSNBC,NOW With Alex Wagner,MSNBCW_20130417_160000_NOW_With_Alex_Wagner,https://archive.org/download/MSNBCW_20130417_160000_NOW_With_Alex_Wagner/MSNBCW_20130417_160000_NOW_With_Alex_Wagner.thumbs/MSNBCW_20130417_160000_NOW_With_Alex_Wagner_003195.jpg,"senators would expos their flank when they knew it was going to die in the house. very similar to when nancy pelosi put forward the climate change legislation in 2009, got it through the house, a lot of vulnerable democrats have to vote on it, it i daoed in the"
https://archive.org/details/MSNBCW_20130403_100000_Morning_Joe#start/6460/end/6495,4/3/2013 11:47:55,MSNBC,Morning Joe,MSNBCW_20130403_100000_Morning_Joe,https://archive.org/download/MSNBCW_20130403_100000_Morning_Joe/MSNBCW_20130403_100000_Morning_Joe.thumbs/MSNBCW_20130403_100000_Morning_Joe_006435.jpg,"three years ago there was the last major push for a big energy bill, energy climate change bill in congress when they tried to do cap and trade, right? there's not been anything really put on the table since then. you talked a lot about energy independence and the stuff you've been talking about today."
https://archive.org/details/MSNBCW_20130411_210000_Hardball_With_Chris_Matthews#start/863/end/898,4/11/2013 21:14:38,MSNBC,Hardball With Chris Matthews,MSNBCW_20130411_210000_Hardball_With_Chris_Matthews,https://archive.org/download/MSNBCW_20130411_210000_Hardball_With_Chris_Matthews/MSNBCW_20130411_210000_Hardball_With_Chris_Matthews.thumbs/MSNBCW_20130411_210000_Hardball_With_Chris_Matthews_000855.jpg,"he said we had the great flood back in the bible and that was climate change and it sure wasn't caused by man. so clearly, well, whatever. this is 'hardball.' the place for politics. meet you nia, i'm mike. what do you drive? i have a ford explorer, i love my car."
https://archive.org/details/MSNBCW_20130404_060000_Hardball_With_Chris_Matthews#start/3572/end/3607,4/4/2013 6:59:47,MSNBC,Hardball With Chris Matthews,MSNBCW_20130404_060000_Hardball_With_Chris_Matthews,https://archive.org/download/MSNBCW_20130404_060000_Hardball_With_Chris_Matthews/MSNBCW_20130404_060000_Hardball_With_Chris_Matthews.thumbs/MSNBCW_20130404_060000_Hardball_With_Chris_Matthews_003556.jpg,"that's more good news. here comes the bad news, only about half of us are ready to deny climate change is a hoax, just about half are ready to say not that it's subject to dispute, but it's not an outright concoction dreamed up by environmentalists. no wonder it's hard to get"
https://archive.org/details/MSNBCW_20130430_070000_All_In_With_Chris_Hayes#start/1960/end/1995,4/30/2013 7:32:55,MSNBC,All In With Chris Hayes,MSNBCW_20130430_070000_All_In_With_Chris_Hayes,https://archive.org/download/MSNBCW_20130430_070000_All_In_With_Chris_Hayes/MSNBCW_20130430_070000_All_In_With_Chris_Hayes.thumbs/MSNBCW_20130430_070000_All_In_With_Chris_Hayes_001936.jpg,"at some point, i'm confident we'll collectively wake up to the fact that ignoring climate change and doing little or nothing about the carbon emissions that exacerbates it is costing us a fortune beyond the loss of life. but the rise in global temperature from the damage we have already done means we need"
https://archive.org/details/MSNBCW_20130423_130000_The_Daily_Rundown#start/2384/end/2419,4/23/2013 13:39:59,MSNBC,The Daily Rundown,MSNBCW_20130423_130000_The_Daily_Rundown,https://archive.org/download/MSNBCW_20130423_130000_The_Daily_Rundown/MSNBCW_20130423_130000_The_Daily_Rundown.thumbs/MSNBCW_20130423_130000_The_Daily_Rundown_002385.jpg,"richer, healthier and we will respond to the biggest challenge of our generation. five years ago i was convinced watching the politics of climate change, if you will, that this was moving in a direction where you had sort of -- it was getting out of politics. then all of a sudden it's become"
https://archive.org/details/MSNBCW_20130430_030000_All_In_With_Chris_Hayes#start/1919/end/1954,4/30/2013 3:32:14,MSNBC,All In With Chris Hayes,MSNBCW_20130430_030000_All_In_With_Chris_Hayes,https://archive.org/download/MSNBCW_20130430_030000_All_In_With_Chris_Hayes/MSNBCW_20130430_030000_All_In_With_Chris_Hayes.thumbs/MSNBCW_20130430_030000_All_In_With_Chris_Hayes_001905.jpg,"we'll collectively wake up to the fact that ignoring climate change and doing little or nothing about the carbon emissions that exacerbates it is costing us a fortune beyond the loss of life even, but the rise in global temperature from the damage we have already done means we need to think in a comprehensive way"
https://archive.org/details/MSNBCW_20130411_230000_Hardball_With_Chris_Matthews#start/1868/end/1903,4/11/2013 23:31:23,MSNBC,Hardball With Chris Matthews,MSNBCW_20130411_230000_Hardball_With_Chris_Matthews,https://archive.org/download/MSNBCW_20130411_230000_Hardball_With_Chris_Matthews/MSNBCW_20130411_230000_Hardball_With_Chris_Matthews.thumbs/MSNBCW_20130411_230000_Hardball_With_Chris_Matthews_001846.jpg,"i think you could have is an honest difference opinion on what's causing that change without automatically without being either all in, it's all because of mankind, or it's all just natural. i think there's a divergence of evidence. if you're a believer in the bible, one would have to say the great flood is an example of climate change, and that certainly wasn't because mankind had overdeveloped hydrocarbon"
