﻿URL,MatchDateTime,Station,Show,IAShowID,IAPreviewThumb,Snippet
https://archive.org/details/MSNBC_20110104_010000_Countdown_With_Keith_Olbermann#start/2296/end/2331,1/4/2011 1:38:31,MSNBC,Countdown With Keith Olbermann,MSNBC_20110104_010000_Countdown_With_Keith_Olbermann,https://archive.org/download/MSNBC_20110104_010000_Countdown_With_Keith_Olbermann/MSNBC_20110104_010000_Countdown_With_Keith_Olbermann.thumbs/MSNBC_20110104_010000_Countdown_With_Keith_Olbermann_002274.jpg,"presidential ticket in 2008 she offered this. climate change just might be man ma made. i believe that man's activities certainly can be contributing to the issue of global warming, climate change."
https://archive.org/details/MSNBC_20110104_070000_Countdown_With_Keith_Olbermann#start/91/end/126,1/4/2011 7:01:46,MSNBC,Countdown With Keith Olbermann,MSNBC_20110104_070000_Countdown_With_Keith_Olbermann,https://archive.org/download/MSNBC_20110104_070000_Countdown_With_Keith_Olbermann/MSNBC_20110104_070000_Countdown_With_Keith_Olbermann.thumbs/MSNBC_20110104_070000_Countdown_With_Keith_Olbermann_000086.jpg,"presidents have stopped saying anything that even remotely sounds like this. i believe that man's activities certainly can be contributing to the issue of global warming, climate change."
https://archive.org/details/MSNBC_20110104_010000_Countdown_With_Keith_Olbermann#start/96/end/131,1/4/2011 1:01:51,MSNBC,Countdown With Keith Olbermann,MSNBC_20110104_010000_Countdown_With_Keith_Olbermann,https://archive.org/download/MSNBC_20110104_010000_Countdown_With_Keith_Olbermann/MSNBC_20110104_010000_Countdown_With_Keith_Olbermann.thumbs/MSNBC_20110104_010000_Countdown_With_Keith_Olbermann_000086.jpg,"regulations go into effect, suddenly all of the would be gop presidents have stopped saying anything that even remotely sounds like this. i believe that man's activities certainly can be contributing to the issue of global warming, climate change."
https://archive.org/details/MSNBC_20110104_040000_Countdown_With_Keith_Olbermann#start/96/end/131,1/4/2011 4:01:51,MSNBC,Countdown With Keith Olbermann,MSNBC_20110104_040000_Countdown_With_Keith_Olbermann,https://archive.org/download/MSNBC_20110104_040000_Countdown_With_Keith_Olbermann/MSNBC_20110104_040000_Countdown_With_Keith_Olbermann.thumbs/MSNBC_20110104_040000_Countdown_With_Keith_Olbermann_000086.jpg,"global warming, climate change. our country must take action to address climate change."
https://archive.org/details/MSNBC_20110104_010000_Countdown_With_Keith_Olbermann#start/2184/end/2219,1/4/2011 1:36:39,MSNBC,Countdown With Keith Olbermann,MSNBC_20110104_010000_Countdown_With_Keith_Olbermann,https://archive.org/download/MSNBC_20110104_010000_Countdown_With_Keith_Olbermann/MSNBC_20110104_010000_Countdown_With_Keith_Olbermann.thumbs/MSNBC_20110104_010000_Countdown_With_Keith_Olbermann_002094.jpg,"new set of talking points for republicans including presidential hopefuls trying to erase any trace of their having believed in climate change. under new epa standards power plants and refineries are expected to put in technologies to curb the greenhouse gas"
https://archive.org/details/MSNBC_20110104_040000_Countdown_With_Keith_Olbermann#start/74/end/109,1/4/2011 4:01:29,MSNBC,Countdown With Keith Olbermann,MSNBC_20110104_040000_Countdown_With_Keith_Olbermann,https://archive.org/download/MSNBC_20110104_040000_Countdown_With_Keith_Olbermann/MSNBC_20110104_040000_Countdown_With_Keith_Olbermann.thumbs/MSNBC_20110104_040000_Countdown_With_Keith_Olbermann_000056.jpg,"times. this is one of the most corrupt administrations which is what i meant to say there. he wants to investigate why the administration blamed wall street for the economic meltdown, not poor people. climate change change. as the greenhouse gas"
https://archive.org/details/MSNBC_20110104_070000_Countdown_With_Keith_Olbermann#start/2331/end/2366,1/4/2011 7:39:06,MSNBC,Countdown With Keith Olbermann,MSNBC_20110104_070000_Countdown_With_Keith_Olbermann,https://archive.org/download/MSNBC_20110104_070000_Countdown_With_Keith_Olbermann/MSNBC_20110104_070000_Countdown_With_Keith_Olbermann.thumbs/MSNBC_20110104_070000_Countdown_With_Keith_Olbermann_002334.jpg,"global warming goregate stuff. that woman is an idiot. time now to call in the environmental reporter for 'mother jones' magazine. kate, thanks for your time tonight. thanks for having me, keith. you wrote about soon-to-be chairman upton's plans to block the greenhouse gas emission regulations."
https://archive.org/details/MSNBC_20110104_010000_Countdown_With_Keith_Olbermann#start/80/end/115,1/4/2011 1:01:35,MSNBC,Countdown With Keith Olbermann,MSNBC_20110104_010000_Countdown_With_Keith_Olbermann,https://archive.org/download/MSNBC_20110104_010000_Countdown_With_Keith_Olbermann/MSNBC_20110104_010000_Countdown_With_Keith_Olbermann.thumbs/MSNBC_20110104_010000_Countdown_With_Keith_Olbermann_000056.jpg,"corrupt presidents in modern times. this is one of the most corrupt administrations which is what i meant to say there. he wants to investigate why the administration blamed wall street for the economic meltdown, not poor people. climate change change. as the greenhouse gas"
https://archive.org/details/MSNBC_20110104_070000_Countdown_With_Keith_Olbermann#start/2182/end/2217,1/4/2011 7:36:37,MSNBC,Countdown With Keith Olbermann,MSNBC_20110104_070000_Countdown_With_Keith_Olbermann,https://archive.org/download/MSNBC_20110104_070000_Countdown_With_Keith_Olbermann/MSNBC_20110104_070000_Countdown_With_Keith_Olbermann.thumbs/MSNBC_20110104_070000_Countdown_With_Keith_Olbermann_002064.jpg,"our third story a whole new set of talking points for republicans including presidential hopefuls trying to erase any trace of their having believed in climate change. under new epa standards power plants and refineries are expected to put in technologies to curb the greenhouse gas"
https://archive.org/details/MSNBC_20110104_040000_Countdown_With_Keith_Olbermann#start/2169/end/2204,1/4/2011 4:36:24,MSNBC,Countdown With Keith Olbermann,MSNBC_20110104_040000_Countdown_With_Keith_Olbermann,https://archive.org/download/MSNBC_20110104_040000_Countdown_With_Keith_Olbermann/MSNBC_20110104_040000_Countdown_With_Keith_Olbermann.thumbs/MSNBC_20110104_040000_Countdown_With_Keith_Olbermann_002040.jpg,"new year, new epa greenhouse gas regulations which means in our third story a whole new set of talking points for republicans including presidential hopefuls trying to erase any trace of their having believed in climate change."
https://archive.org/details/MSNBC_20110126_010000_The_Last_Word#start/2568/end/2603,1/26/2011 1:43:03,MSNBC,The Last Word,MSNBC_20110126_010000_The_Last_Word,https://archive.org/download/MSNBC_20110126_010000_The_Last_Word/MSNBC_20110126_010000_The_Last_Word.thumbs/MSNBC_20110126_010000_The_Last_Word_002544.jpg,"the state of the union address on the way. rachel, the quick scan produces a couple of other phrases are are not, repeat not in the state of the union prepared text. global warming or climate change."
https://archive.org/details/MSNBC_20110105_070000_Countdown_With_Keith_Olbermann#start/750/end/785,1/5/2011 7:12:45,MSNBC,Countdown With Keith Olbermann,MSNBC_20110105_070000_Countdown_With_Keith_Olbermann,https://archive.org/download/MSNBC_20110105_070000_Countdown_With_Keith_Olbermann/MSNBC_20110105_070000_Countdown_With_Keith_Olbermann.thumbs/MSNBC_20110105_070000_Countdown_With_Keith_Olbermann_000746.jpg,"do on greenhouse gases or climate change or i guess the environment. yeah, and squeeze everything"
https://archive.org/details/MSNBC_20110103_110000_Morning_Joe#start/4474/end/4509,1/3/2011 12:14:49,MSNBC,Morning Joe,MSNBC_20110103_110000_Morning_Joe,https://archive.org/download/MSNBC_20110103_110000_Morning_Joe/MSNBC_20110103_110000_Morning_Joe.thumbs/MSNBC_20110103_110000_Morning_Joe_004470.jpg,"financial regulatory reform law. same fight will be fought, waged over what the fcc just did a few days ago, the net neutrality ratings. what the apa is prepared to do in regulating greenhouse gas"
https://archive.org/details/MSNBC_20110104_040000_Countdown_With_Keith_Olbermann#start/1970/end/2005,1/4/2011 4:33:05,MSNBC,Countdown With Keith Olbermann,MSNBC_20110104_040000_Countdown_With_Keith_Olbermann,https://archive.org/download/MSNBC_20110104_040000_Countdown_With_Keith_Olbermann/MSNBC_20110104_040000_Countdown_With_Keith_Olbermann.thumbs/MSNBC_20110104_040000_Countdown_With_Keith_Olbermann_001950.jpg,"need to be on the lookout. time marches on. the regulation of greenhouse gases to fight back against climate change has begun as have the walkbacks of all key republicans who have even ever hinted that there is climate change. well, naturally. the owners of those key"
https://archive.org/details/MSNBC_20110105_070000_Countdown_With_Keith_Olbermann#start/774/end/809,1/5/2011 7:13:09,MSNBC,Countdown With Keith Olbermann,MSNBC_20110105_070000_Countdown_With_Keith_Olbermann,https://archive.org/download/MSNBC_20110105_070000_Countdown_With_Keith_Olbermann/MSNBC_20110105_070000_Countdown_With_Keith_Olbermann.thumbs/MSNBC_20110105_070000_Countdown_With_Keith_Olbermann_000776.jpg,"try to thwart anything we might do on greenhouse gases or climate change or i guess the environment. yeah, and squeeze everything out of the news hole by as this"
https://archive.org/details/MSNBC_20110119_180000_Andrea_Mitchell_Reports#start/1901/end/1936,1/19/2011 18:31:56,MSNBC,Andrea Mitchell Reports,MSNBC_20110119_180000_Andrea_Mitchell_Reports,https://archive.org/download/MSNBC_20110119_180000_Andrea_Mitchell_Reports/MSNBC_20110119_180000_Andrea_Mitchell_Reports.thumbs/MSNBC_20110119_180000_Andrea_Mitchell_Reports_001885.jpg,"research center, smart grids and cleaner coal. i believe dthat the united stats and china have a responsibility to combat climate change by"
https://archive.org/details/MSNBC_20110105_010000_Countdown_With_Keith_Olbermann#start/782/end/817,1/5/2011 1:13:17,MSNBC,Countdown With Keith Olbermann,MSNBC_20110105_010000_Countdown_With_Keith_Olbermann,https://archive.org/download/MSNBC_20110105_010000_Countdown_With_Keith_Olbermann/MSNBC_20110105_010000_Countdown_With_Keith_Olbermann.thumbs/MSNBC_20110105_010000_Countdown_With_Keith_Olbermann_000776.jpg,"try to thwart anything we might do on greenhouse gases or climate change or i guess the environment. yeah, and squeeze everything out of the news hole by as this other source that told politico,"
https://archive.org/details/MSNBC_20110131_230000_MSNBC_Live#start/3282/end/3317,1/31/2011 23:54:57,MSNBC,MSNBC Live,MSNBC_20110131_230000_MSNBC_Live,https://archive.org/download/MSNBC_20110131_230000_MSNBC_Live/MSNBC_20110131_230000_MSNBC_Live.thumbs/MSNBC_20110131_230000_MSNBC_Live_003264.jpg,"conference is to raise funds for the 2012 election. i want to show where some of the funding goes that the koh brothers give out. funding to 25 conservative and libertarian groups. $48 million to global warming opposition groups."
https://archive.org/details/MSNBC_20110104_010000_Countdown_With_Keith_Olbermann#start/1972/end/2007,1/4/2011 1:33:07,MSNBC,Countdown With Keith Olbermann,MSNBC_20110104_010000_Countdown_With_Keith_Olbermann,https://archive.org/download/MSNBC_20110104_010000_Countdown_With_Keith_Olbermann/MSNBC_20110104_010000_Countdown_With_Keith_Olbermann.thumbs/MSNBC_20110104_010000_Countdown_With_Keith_Olbermann_001945.jpg,"any parties with a large pinata need to be on the lookout. time marches on. the regulation of greenhouse gases to fight back against climate change has begun as have the walkbacks of all key republicans who have even ever"
https://archive.org/details/MSNBC_20110107_050000_The_Rachel_Maddow_Show#start/1686/end/1721,1/7/2011 5:28:21,MSNBC,The Rachel Maddow Show,MSNBC_20110107_050000_The_Rachel_Maddow_Show,https://archive.org/download/MSNBC_20110107_050000_The_Rachel_Maddow_Show/MSNBC_20110107_050000_The_Rachel_Maddow_Show.thumbs/MSNBC_20110107_050000_The_Rachel_Maddow_Show_001675.jpg,"polls, whether it's gallup or pew, show there's a real difference on climate change, who are either agreeing with tea party folks or self-identified republicans, doubt that climate"
https://archive.org/details/MSNBC_20110105_040000_Countdown_With_Keith_Olbermann#start/776/end/811,1/5/2011 4:13:11,MSNBC,Countdown With Keith Olbermann,MSNBC_20110105_040000_Countdown_With_Keith_Olbermann,https://archive.org/download/MSNBC_20110105_040000_Countdown_With_Keith_Olbermann/MSNBC_20110105_040000_Countdown_With_Keith_Olbermann.thumbs/MSNBC_20110105_040000_Countdown_With_Keith_Olbermann_000775.jpg,"try to thwart anything we might do on greenhouse gases or climate change or i guess the environment. yeah, and squeeze everything out of the news hole by as this other source that told politico, issa has already sent 75 letters to officials at the"
https://archive.org/details/MSNBC_20110126_230000_MSNBC_Live#start/424/end/459,1/26/2011 23:07:19,MSNBC,MSNBC Live,MSNBC_20110126_230000_MSNBC_Live,https://archive.org/download/MSNBC_20110126_230000_MSNBC_Live/MSNBC_20110126_230000_MSNBC_Live.thumbs/MSNBC_20110126_230000_MSNBC_Live_000416.jpg,"public transportation crumblinc, we can create millions of good paying jobs. transforming our energy system, becoming energy independent, reversing greenhouse global warming and lowering greenhouse gas emissions, all very important. lowering the cost of college,"
https://archive.org/details/MSNBC_20110104_070000_Countdown_With_Keith_Olbermann#start/1966/end/2001,1/4/2011 7:33:01,MSNBC,Countdown With Keith Olbermann,MSNBC_20110104_070000_Countdown_With_Keith_Olbermann,https://archive.org/download/MSNBC_20110104_070000_Countdown_With_Keith_Olbermann/MSNBC_20110104_070000_Countdown_With_Keith_Olbermann.thumbs/MSNBC_20110104_070000_Countdown_With_Keith_Olbermann_001944.jpg,"the sticky bandit grabs the money from the open register and escapes. the crook is still on the run so any parties with a large pinata need to be on the lookout. time marches on. the regulation of greenhouse gases to fight back against climate change has begun as have"
https://archive.org/details/MSNBC_20110104_010000_Countdown_With_Keith_Olbermann#start/2170/end/2205,1/4/2011 1:36:25,MSNBC,Countdown With Keith Olbermann,MSNBC_20110104_010000_Countdown_With_Keith_Olbermann,https://archive.org/download/MSNBC_20110104_010000_Countdown_With_Keith_Olbermann/MSNBC_20110104_010000_Countdown_With_Keith_Olbermann.thumbs/MSNBC_20110104_010000_Countdown_With_Keith_Olbermann_001975.jpg,"hinted that there is climate change. well, naturally. the owners of those key republicans, the oil cartel, can't have any of that. tlae new year, new epa greenhouse gas regulations which means in our third story a whole"
https://archive.org/details/MSNBC_20110125_230000_The_Ed_Show#start/1928/end/1963,1/25/2011 23:32:23,MSNBC,The Ed Show,MSNBC_20110125_230000_The_Ed_Show,https://archive.org/download/MSNBC_20110125_230000_The_Ed_Show/MSNBC_20110125_230000_The_Ed_Show.thumbs/MSNBC_20110125_230000_The_Ed_Show_001915.jpg,"carol browner is stepping down as president obama's chief adviser on energy and climate matters. her number one goal was to pass a comprehensive energy bill. i don't know if you know this, but that never happened. all that talk about doing something about climate change,"
https://archive.org/details/MSNBC_20110104_070000_Countdown_With_Keith_Olbermann#start/2408/end/2443,1/4/2011 7:40:23,MSNBC,Countdown With Keith Olbermann,MSNBC_20110104_070000_Countdown_With_Keith_Olbermann,https://archive.org/download/MSNBC_20110104_070000_Countdown_With_Keith_Olbermann/MSNBC_20110104_070000_Countdown_With_Keith_Olbermann.thumbs/MSNBC_20110104_070000_Countdown_With_Keith_Olbermann_002394.jpg,"essentially a vote against the scientific consensus because as we know politicians know much more than scientists possibly could on this. why is there, in your opinion, this sort of sudden effort on both sides of the aisle to suppress the progress on climate change?"
https://archive.org/details/MSNBC_20110104_070000_Countdown_With_Keith_Olbermann#start/2299/end/2334,1/4/2011 7:38:34,MSNBC,Countdown With Keith Olbermann,MSNBC_20110104_070000_Countdown_With_Keith_Olbermann,https://archive.org/download/MSNBC_20110104_070000_Countdown_With_Keith_Olbermann/MSNBC_20110104_070000_Countdown_With_Keith_Olbermann.thumbs/MSNBC_20110104_070000_Countdown_With_Keith_Olbermann_002274.jpg,"i believe that man's activities certainly can be contributing to the issue of global warming, climate change. i am attributing some of man's activities to potentially causing some of the changes in the climate right now."
https://archive.org/details/MSNBC_20110126_010000_The_Last_Word#start/2645/end/2680,1/26/2011 1:44:20,MSNBC,The Last Word,MSNBC_20110126_010000_The_Last_Word,https://archive.org/download/MSNBC_20110126_010000_The_Last_Word/MSNBC_20110126_010000_The_Last_Word.thumbs/MSNBC_20110126_010000_The_Last_Word_002634.jpg,"project what direction they are going to go in. on this climate change, global warming not being in the speech. what other global indicators do you find in terms of a predict ivica pasty of where this"
https://archive.org/details/MSNBC_20110130_160000_MSNBC_News_Live#start/2518/end/2553,1/30/2011 16:42:13,MSNBC,MSNBC News Live,MSNBC_20110130_160000_MSNBC_News_Live,https://archive.org/download/MSNBC_20110130_160000_MSNBC_News_Live/MSNBC_20110130_160000_MSNBC_News_Live.thumbs/MSNBC_20110130_160000_MSNBC_News_Live_002513.jpg,"graphic that will show the snow totals and how disproportionate they are this winter. when you make the argument of global warming and climate change, it's hard to see how the warming is bringing all this"
https://archive.org/details/MSNBC_20110104_070000_Countdown_With_Keith_Olbermann#start/2167/end/2202,1/4/2011 7:36:22,MSNBC,Countdown With Keith Olbermann,MSNBC_20110104_070000_Countdown_With_Keith_Olbermann,https://archive.org/download/MSNBC_20110104_070000_Countdown_With_Keith_Olbermann/MSNBC_20110104_070000_Countdown_With_Keith_Olbermann.thumbs/MSNBC_20110104_070000_Countdown_With_Keith_Olbermann_001974.jpg,"the walkbacks of all key republicans who have even ever hinted that there is climate change. well, naturally. the owners of those key republicans, the oil cartel, can't have any of that. new year, new epa greenhouse. new year, new epa greenhouse gas regulations which means in"
https://archive.org/details/MSNBC_20110104_070000_Countdown_With_Keith_Olbermann#start/79/end/114,1/4/2011 7:01:34,MSNBC,Countdown With Keith Olbermann,MSNBC_20110104_070000_Countdown_With_Keith_Olbermann,https://archive.org/download/MSNBC_20110104_070000_Countdown_With_Keith_Olbermann/MSNBC_20110104_070000_Countdown_With_Keith_Olbermann.thumbs/MSNBC_20110104_070000_Countdown_With_Keith_Olbermann_000056.jpg,"administrations which is what i meant to say there. he wants to investigate why the administration blamed wall street for the economic meltdown, not poor people. climate change change. as the greenhouse gas regulations go into effect, suddenly all of the would be gop"
https://archive.org/details/MSNBC_20110104_040000_Countdown_With_Keith_Olbermann#start/2297/end/2332,1/4/2011 4:38:32,MSNBC,Countdown With Keith Olbermann,MSNBC_20110104_040000_Countdown_With_Keith_Olbermann,https://archive.org/download/MSNBC_20110104_040000_Countdown_With_Keith_Olbermann/MSNBC_20110104_040000_Countdown_With_Keith_Olbermann.thumbs/MSNBC_20110104_040000_Countdown_With_Keith_Olbermann_002280.jpg,"i believe that man's activities certainly can be contributing to the issue of global warming, climate change. i am attributing some of man's activities to potentially causing some of the changes in the climate right now. now, free from the"
https://archive.org/details/MSNBC_20110104_070000_Countdown_With_Keith_Olbermann#start/2269/end/2304,1/4/2011 7:38:04,MSNBC,Countdown With Keith Olbermann,MSNBC_20110104_070000_Countdown_With_Keith_Olbermann,https://archive.org/download/MSNBC_20110104_070000_Countdown_With_Keith_Olbermann/MSNBC_20110104_070000_Countdown_With_Keith_Olbermann.thumbs/MSNBC_20110104_070000_Countdown_With_Keith_Olbermann_002244.jpg,"climate change is here. it's real. i support cap and trade of carbon emissions, and i was disappointed that the senate rejected it. and just how will former house speaker gingrich explain this statement on this couch in front of that capitol with the only nancy pelosi? we do agree our country must take action to address climate"
https://archive.org/details/MSNBC_20110105_040000_Countdown_With_Keith_Olbermann#start/710/end/745,1/5/2011 4:12:05,MSNBC,Countdown With Keith Olbermann,MSNBC_20110105_040000_Countdown_With_Keith_Olbermann,https://archive.org/download/MSNBC_20110105_040000_Countdown_With_Keith_Olbermann/MSNBC_20110105_040000_Countdown_With_Keith_Olbermann.thumbs/MSNBC_20110105_040000_Countdown_With_Keith_Olbermann_000685.jpg,"how much is designed the attack the epa's efforts to curb the greenhouse gases? well, let's see, in addition to nam, you've got duke energy, you've got the american"
https://archive.org/details/MSNBC_20110105_070000_Countdown_With_Keith_Olbermann#start/712/end/747,1/5/2011 7:12:07,MSNBC,Countdown With Keith Olbermann,MSNBC_20110105_070000_Countdown_With_Keith_Olbermann,https://archive.org/download/MSNBC_20110105_070000_Countdown_With_Keith_Olbermann/MSNBC_20110105_070000_Countdown_With_Keith_Olbermann.thumbs/MSNBC_20110105_070000_Countdown_With_Keith_Olbermann_000686.jpg,"nam. also oil industry trade groups. how much is designed the attack the epa's efforts to curb the greenhouse gases? well, let's see, in addition to nam, you've got duke energy, you've got the american"
https://archive.org/details/MSNBC_20110105_010000_Countdown_With_Keith_Olbermann#start/719/end/754,1/5/2011 1:12:14,MSNBC,Countdown With Keith Olbermann,MSNBC_20110105_010000_Countdown_With_Keith_Olbermann,https://archive.org/download/MSNBC_20110105_010000_Countdown_With_Keith_Olbermann/MSNBC_20110105_010000_Countdown_With_Keith_Olbermann.thumbs/MSNBC_20110105_010000_Countdown_With_Keith_Olbermann_000716.jpg,"has the unfortunate acronym of nam. also oil industry trade groups. how much is designed the attack the epa's efforts to curb the greenhouse gases? well, let's see, in addition to nam, you've got duke energy,"
https://archive.org/details/MSNBC_20110106_200000_MSNBC_News_Live#start/2380/end/2415,1/6/2011 20:39:55,MSNBC,MSNBC News Live,MSNBC_20110106_200000_MSNBC_News_Live,https://archive.org/download/MSNBC_20110106_200000_MSNBC_News_Live/MSNBC_20110106_200000_MSNBC_News_Live.thumbs/MSNBC_20110106_200000_MSNBC_News_Live_002364.jpg,"energy revolution and overcome global warming. your group claims that global warming is natural and not influenced by human hands. do you have pause for concern or alarm by the bizarre freakish weather patterns we've been seeing, like flooding in"
https://archive.org/details/MSNBC_20110104_010000_Countdown_With_Keith_Olbermann#start/2406/end/2441,1/4/2011 1:40:21,MSNBC,Countdown With Keith Olbermann,MSNBC_20110104_010000_Countdown_With_Keith_Olbermann,https://archive.org/download/MSNBC_20110104_010000_Countdown_With_Keith_Olbermann/MSNBC_20110104_010000_Countdown_With_Keith_Olbermann.thumbs/MSNBC_20110104_010000_Countdown_With_Keith_Olbermann_002394.jpg,"senate democrats who voted to block the epa finding that greenhouse gases are indeed bad for human health, that essentially a vote against the scientific consensus because as we know politicians know much more than scientists possibly could on this. why is there, in your opinion,"
https://archive.org/details/MSNBC_20110104_040000_Countdown_With_Keith_Olbermann#start/2393/end/2428,1/4/2011 4:40:08,MSNBC,Countdown With Keith Olbermann,MSNBC_20110104_040000_Countdown_With_Keith_Olbermann,https://archive.org/download/MSNBC_20110104_040000_Countdown_With_Keith_Olbermann/MSNBC_20110104_040000_Countdown_With_Keith_Olbermann.thumbs/MSNBC_20110104_040000_Countdown_With_Keith_Olbermann_002370.jpg,"get it passed in the house which obviously now is in republican control. there were, last summer, six senate democrats who voted to block the epa finding that greenhouse gases are indeed bad for human health, that essentially a vote against the scientific consensus because as"
https://archive.org/details/MSNBC_20110104_070000_Countdown_With_Keith_Olbermann#start/2394/end/2429,1/4/2011 7:40:09,MSNBC,Countdown With Keith Olbermann,MSNBC_20110104_070000_Countdown_With_Keith_Olbermann,https://archive.org/download/MSNBC_20110104_070000_Countdown_With_Keith_Olbermann/MSNBC_20110104_070000_Countdown_With_Keith_Olbermann.thumbs/MSNBC_20110104_070000_Countdown_With_Keith_Olbermann_002394.jpg,"somewhere if upton is serious about it and he can definitely get it passed in the house which obviously now is in republican control. there were, last summer, six senate democrats who voted to block the epa finding that greenhouse gases are indeed bad for human health, that"
https://archive.org/details/MSNBC_20110107_020000_The_Rachel_Maddow_Show#start/1704/end/1739,1/7/2011 2:28:39,MSNBC,The Rachel Maddow Show,MSNBC_20110107_020000_The_Rachel_Maddow_Show,https://archive.org/download/MSNBC_20110107_020000_The_Rachel_Maddow_Show/MSNBC_20110107_020000_The_Rachel_Maddow_Show.thumbs/MSNBC_20110107_020000_The_Rachel_Maddow_Show_001705.jpg,"difference on climate change, who are either agreeing with tea party folks or self-identified republicans, doubt that climate change is occurring. so it's a real problem. what does it mean in"
https://archive.org/details/MSNBC_20110126_040000_The_Last_Word#start/2699/end/2734,1/26/2011 4:45:14,MSNBC,The Last Word,MSNBC_20110126_040000_The_Last_Word,https://archive.org/download/MSNBC_20110126_040000_The_Last_Word/MSNBC_20110126_040000_The_Last_Word.thumbs/MSNBC_20110126_040000_The_Last_Word_002664.jpg,"where you're free to do anything you want. which may be nothing at all. royal caribbean international. visit royalcaribbean.com today. the president didn't even mention gun and ammunition control. he didn't mention climate"
https://archive.org/details/MSNBC_20110107_050000_The_Rachel_Maddow_Show#start/1588/end/1623,1/7/2011 5:26:43,MSNBC,The Rachel Maddow Show,MSNBC_20110107_050000_The_Rachel_Maddow_Show,https://archive.org/download/MSNBC_20110107_050000_The_Rachel_Maddow_Show/MSNBC_20110107_050000_The_Rachel_Maddow_Show.thumbs/MSNBC_20110107_050000_The_Rachel_Maddow_Show_001585.jpg,"can talk about climate change and the oil spill in the gulf where people were minimizing the effect. but in behavioral science and other things. and on climate change, i just wrote down some of the things that elected members of congress -- some of them very senior"
https://archive.org/details/MSNBC_20110107_050000_The_Rachel_Maddow_Show#start/1634/end/1669,1/7/2011 5:27:29,MSNBC,The Rachel Maddow Show,MSNBC_20110107_050000_The_Rachel_Maddow_Show,https://archive.org/download/MSNBC_20110107_050000_The_Rachel_Maddow_Show/MSNBC_20110107_050000_The_Rachel_Maddow_Show.thumbs/MSNBC_20110107_050000_The_Rachel_Maddow_Show_001615.jpg,"climate change. but he is promising to hold hearings he says will investigate the evidence for climate change. what do you expect from those hearings? and do you think it's a bad idea? i'll say among those quotes was one from ralph hall. okay."
https://archive.org/details/MSNBC_20110107_020000_The_Rachel_Maddow_Show#start/1637/end/1672,1/7/2011 2:27:32,MSNBC,The Rachel Maddow Show,MSNBC_20110107_020000_The_Rachel_Maddow_Show,https://archive.org/download/MSNBC_20110107_020000_The_Rachel_Maddow_Show/MSNBC_20110107_020000_The_Rachel_Maddow_Show.thumbs/MSNBC_20110107_020000_The_Rachel_Maddow_Show_001615.jpg,"an anti-science bias. congressman hall, who will be chairman of the science and technology committee, he says that he is not a denier of climate change. but he is promising to hold hearings he says will investigate the evidenced for climate change. what do you expect from those"
https://archive.org/details/MSNBC_20110130_140000_MSNBC_News_Live#start/2933/end/2968,1/30/2011 14:49:08,MSNBC,MSNBC News Live,MSNBC_20110130_140000_MSNBC_News_Live,https://archive.org/download/MSNBC_20110130_140000_MSNBC_News_Live/MSNBC_20110130_140000_MSNBC_News_Live.thumbs/MSNBC_20110130_140000_MSNBC_News_Live_002934.jpg,"the temperatures seem to be just in the 20s routinely lately. well, one thing is that climate change -- we still have winter with climate change, but what it's important to remember is that the weather patterns are being disrupted, and so the jet stream is shifting, we have some"
https://archive.org/details/MSNBC_20110104_180000_Andrea_Mitchell_Reports#start/1642/end/1677,1/4/2011 18:27:37,MSNBC,Andrea Mitchell Reports,MSNBC_20110104_180000_Andrea_Mitchell_Reports,https://archive.org/download/MSNBC_20110104_180000_Andrea_Mitchell_Reports/MSNBC_20110104_180000_Andrea_Mitchell_Reports.thumbs/MSNBC_20110104_180000_Andrea_Mitchell_Reports_001644.jpg,"have a big platform in which to air those grievances. for instance, the national manufacturing association, association of manufacturers, high priority list, greenhouse gas regulations, osha workplace safety rules, derivatives"
https://archive.org/details/MSNBC_20110125_110000_Morning_Joe#start/4217/end/4252,1/25/2011 12:10:32,MSNBC,Morning Joe,MSNBC_20110125_110000_Morning_Joe,https://archive.org/download/MSNBC_20110125_110000_Morning_Joe/MSNBC_20110125_110000_Morning_Joe.thumbs/MSNBC_20110125_110000_Morning_Joe_004200.jpg,"and it's in that context that the president will talk it what the white house calls investments in things like innovation, education, and he'll talk about his green energy agenda. even as carol browner, the head of the office on climate control -- excuse me, climate                 _"
https://archive.org/details/MSNBC_20110101_120000_MSNBC_News_Live#start/2468/end/2503,1/1/2011 12:41:23,MSNBC,MSNBC News Live,MSNBC_20110101_120000_MSNBC_News_Live,https://archive.org/download/MSNBC_20110101_120000_MSNBC_News_Live/MSNBC_20110101_120000_MSNBC_News_Live.thumbs/MSNBC_20110101_120000_MSNBC_News_Live_002454.jpg,"he beats his old record by six minutes. he staged the stunt to call attention to global warming. i can't believe he can still move after that."
https://archive.org/details/MSNBC_20110106_200000_MSNBC_News_Live#start/1640/end/1675,1/6/2011 20:27:35,MSNBC,MSNBC News Live,MSNBC_20110106_200000_MSNBC_News_Live,https://archive.org/download/MSNBC_20110106_200000_MSNBC_News_Live/MSNBC_20110106_200000_MSNBC_News_Live.thumbs/MSNBC_20110106_200000_MSNBC_News_Live_001615.jpg,"obsess with facebook. that's true. thanks for coming in. bullying in the school yard. what you need to know about mao how to curtail it. is global warming a part of"
https://archive.org/details/MSNBC_20110106_200000_MSNBC_News_Live#start/2349/end/2384,1/6/2011 20:39:24,MSNBC,MSNBC News Live,MSNBC_20110106_200000_MSNBC_News_Live,https://archive.org/download/MSNBC_20110106_200000_MSNBC_News_Live/MSNBC_20110106_200000_MSNBC_News_Live.thumbs/MSNBC_20110106_200000_MSNBC_News_Live_002334.jpg,"for us, part of that includes overcoming global warming. this is a serious threat to god's creation and solving it will bring about -- will give us -- part of there are"
https://archive.org/details/MSNBC_20110104_010000_Countdown_With_Keith_Olbermann#start/115/end/150,1/4/2011 1:02:10,MSNBC,Countdown With Keith Olbermann,MSNBC_20110104_010000_Countdown_With_Keith_Olbermann,https://archive.org/download/MSNBC_20110104_010000_Countdown_With_Keith_Olbermann/MSNBC_20110104_010000_Countdown_With_Keith_Olbermann.thumbs/MSNBC_20110104_010000_Countdown_With_Keith_Olbermann_000116.jpg,"our country must take action to address climate change. and how there was a study into the differences between"
https://archive.org/details/MSNBC_20110104_070000_Countdown_With_Keith_Olbermann#start/106/end/141,1/4/2011 7:02:01,MSNBC,Countdown With Keith Olbermann,MSNBC_20110104_070000_Countdown_With_Keith_Olbermann,https://archive.org/download/MSNBC_20110104_070000_Countdown_With_Keith_Olbermann/MSNBC_20110104_070000_Countdown_With_Keith_Olbermann.thumbs/MSNBC_20110104_070000_Countdown_With_Keith_Olbermann_000086.jpg,"our country must take action to address climate change. and how there was a study into the differences between brains."
https://archive.org/details/MSNBC_20110106_200000_MSNBC_News_Live#start/2522/end/2557,1/6/2011 20:42:17,MSNBC,MSNBC News Live,MSNBC_20110106_200000_MSNBC_News_Live,https://archive.org/download/MSNBC_20110106_200000_MSNBC_News_Live/MSNBC_20110106_200000_MSNBC_News_Live.thumbs/MSNBC_20110106_200000_MSNBC_News_Live_002513.jpg,"circles. that doesn't necessarily divide the church. and global warming is one issue is the cornwall alliance looks as as i know it's one issue that jim and the evangelical environmental network look at."
https://archive.org/details/MSNBC_20110106_210000_The_Dylan_Ratigan_Show#start/1646/end/1681,1/6/2011 21:27:41,MSNBC,The Dylan Ratigan Show,MSNBC_20110106_210000_The_Dylan_Ratigan_Show,https://archive.org/download/MSNBC_20110106_210000_The_Dylan_Ratigan_Show/MSNBC_20110106_210000_The_Dylan_Ratigan_Show.thumbs/MSNBC_20110106_210000_The_Dylan_Ratigan_Show_001645.jpg,"in the u.k. many a theory at this point, everything from fireworks and sonic booms for the birds and global warming and the oil spill in the ocean. they also added thunder and the"
https://archive.org/details/MSNBC_20110104_010000_Countdown_With_Keith_Olbermann#start/2341/end/2376,1/4/2011 1:39:16,MSNBC,Countdown With Keith Olbermann,MSNBC_20110104_010000_Countdown_With_Keith_Olbermann,https://archive.org/download/MSNBC_20110104_010000_Countdown_With_Keith_Olbermann/MSNBC_20110104_010000_Countdown_With_Keith_Olbermann.thumbs/MSNBC_20110104_010000_Countdown_With_Keith_Olbermann_002334.jpg,"tonight. thanks for having me, keith. you wrote about soon-to-be chairman upton's plans to block the greenhouse gas emission regulations. what is he going to try to do and is he going to be successful? what representative upton has said he might do is use the"
https://archive.org/details/MSNBC_20110104_040000_Countdown_With_Keith_Olbermann#start/2190/end/2225,1/4/2011 4:36:45,MSNBC,Countdown With Keith Olbermann,MSNBC_20110104_040000_Countdown_With_Keith_Olbermann,https://archive.org/download/MSNBC_20110104_040000_Countdown_With_Keith_Olbermann/MSNBC_20110104_040000_Countdown_With_Keith_Olbermann.thumbs/MSNBC_20110104_040000_Countdown_With_Keith_Olbermann_002190.jpg,"under new epa standards, power plants and refineries are expected to put in technologies to curb the greenhouse gas emissions. the soon to be chair of the house energy committee, fred upton, says blocking these new standards will be one of his priorities. writing in a 'wall street"
https://archive.org/details/MSNBC_20110104_070000_Countdown_With_Keith_Olbermann#start/2363/end/2398,1/4/2011 7:39:38,MSNBC,Countdown With Keith Olbermann,MSNBC_20110104_070000_Countdown_With_Keith_Olbermann,https://archive.org/download/MSNBC_20110104_070000_Countdown_With_Keith_Olbermann/MSNBC_20110104_070000_Countdown_With_Keith_Olbermann.thumbs/MSNBC_20110104_070000_Countdown_With_Keith_Olbermann_002364.jpg,"regulations from the executive branch and basically says congress can say we don't like that regulation. kick it back to the drawing board. we want a do over. it would block it from going into effect and so upton said he wants to do this on greenhouse gas regulations which have"
https://archive.org/details/MSNBC_20110119_180000_Andrea_Mitchell_Reports#start/2571/end/2606,1/19/2011 18:43:06,MSNBC,Andrea Mitchell Reports,MSNBC_20110119_180000_Andrea_Mitchell_Reports,https://archive.org/download/MSNBC_20110119_180000_Andrea_Mitchell_Reports/MSNBC_20110119_180000_Andrea_Mitchell_Reports.thumbs/MSNBC_20110119_180000_Andrea_Mitchell_Reports_002574.jpg,"regional issues including the situation on the korean peninsula, the iranian nuclear issue, climate change and others. we agree to coordinate on major"
https://archive.org/details/MSNBC_20110106_200000_MSNBC_News_Live#start/2365/end/2400,1/6/2011 20:39:40,MSNBC,MSNBC News Live,MSNBC_20110106_200000_MSNBC_News_Live,https://archive.org/download/MSNBC_20110106_200000_MSNBC_News_Live/MSNBC_20110106_200000_MSNBC_News_Live.thumbs/MSNBC_20110106_200000_MSNBC_News_Live_002364.jpg,"tremendous opportunities that come with overcoming global warming in terms of creating a clean energy future. we're excited about the opportunities that are there to work with anybody, mainstream environmentalists or whoever who wants to create this clean"
https://archive.org/details/MSNBC_20110106_200000_MSNBC_News_Live#start/2477/end/2512,1/6/2011 20:41:32,MSNBC,MSNBC News Live,MSNBC_20110106_200000_MSNBC_News_Live,https://archive.org/download/MSNBC_20110106_200000_MSNBC_News_Live/MSNBC_20110106_200000_MSNBC_News_Live.thumbs/MSNBC_20110106_200000_MSNBC_News_Live_002453.jpg,"jesus taught. for us overcoming global warming, following the risen lord because he's the one leading way on this charge. this is part of being a desiple of jesus christ today. for people to be a good"
https://archive.org/details/MSNBC_20110126_230000_MSNBC_Live#start/2914/end/2949,1/26/2011 23:48:49,MSNBC,MSNBC Live,MSNBC_20110126_230000_MSNBC_Live,https://archive.org/download/MSNBC_20110126_230000_MSNBC_Live/MSNBC_20110126_230000_MSNBC_Live.thumbs/MSNBC_20110126_230000_MSNBC_Live_002904.jpg,"of course, that helps poor people. they don't need nose stinking housing. have you ever heard of tents? he also wants to cut department of energy. that's global warming nonsense. he wants to cut most of the"
https://archive.org/details/MSNBC_20110131_230000_MSNBC_Live#start/3125/end/3160,1/31/2011 23:52:20,MSNBC,MSNBC Live,MSNBC_20110131_230000_MSNBC_Live,https://archive.org/download/MSNBC_20110131_230000_MSNBC_Live/MSNBC_20110131_230000_MSNBC_Live.thumbs/MSNBC_20110131_230000_MSNBC_Live_003114.jpg,"promoting their own business interests by investing in right wing groups. that includes $25 million spent between 2005 and 2008 to make you think global warming is a myth and that we have too much environmental regulation."
https://archive.org/details/MSNBC_20110104_040000_Countdown_With_Keith_Olbermann#start/2332/end/2367,1/4/2011 4:39:07,MSNBC,Countdown With Keith Olbermann,MSNBC_20110104_040000_Countdown_With_Keith_Olbermann,https://archive.org/download/MSNBC_20110104_040000_Countdown_With_Keith_Olbermann/MSNBC_20110104_040000_Countdown_With_Keith_Olbermann.thumbs/MSNBC_20110104_040000_Countdown_With_Keith_Olbermann_002310.jpg,"time now to call in the environmental reporter for 'mother jones' magazine. kate, thanks for your time tonight. thanks for having me, keith. you wrote about soon-to-be chairman upton's plans to block the greenhouse gas emission regulations. what is he going to try to do and is he going to be successful?"
https://archive.org/details/MSNBC_20110104_010000_Countdown_With_Keith_Olbermann#start/2373/end/2408,1/4/2011 1:39:48,MSNBC,Countdown With Keith Olbermann,MSNBC_20110104_010000_Countdown_With_Keith_Olbermann,https://archive.org/download/MSNBC_20110104_010000_Countdown_With_Keith_Olbermann/MSNBC_20110104_010000_Countdown_With_Keith_Olbermann.thumbs/MSNBC_20110104_010000_Countdown_With_Keith_Olbermann_002364.jpg,"board. we want a do over. it would block it from going into effect and so upton said he wants to do this on greenhouse gas regulations which have started phasing in just this week. it's a pretty dangerous maneuver actually because unlike a lot of things especially in the senate it doesn't require -- it only            _"
https://archive.org/details/MSNBC_20110104_010000_Countdown_With_Keith_Olbermann#start/2327/end/2362,1/4/2011 1:39:02,MSNBC,Countdown With Keith Olbermann,MSNBC_20110104_010000_Countdown_With_Keith_Olbermann,https://archive.org/download/MSNBC_20110104_010000_Countdown_With_Keith_Olbermann/MSNBC_20110104_010000_Countdown_With_Keith_Olbermann.thumbs/MSNBC_20110104_010000_Countdown_With_Keith_Olbermann_002304.jpg,"investment and renewables. none this of snake oil science stuff that is based on this global warming goregate stuff. that woman is an idiot. time now to call in the environmental reporter for 'mother jones' magazine. kate, thanks for your time"
https://archive.org/details/MSNBC_20110104_040000_Countdown_With_Keith_Olbermann#start/2315/end/2350,1/4/2011 4:38:50,MSNBC,Countdown With Keith Olbermann,MSNBC_20110104_040000_Countdown_With_Keith_Olbermann,https://archive.org/download/MSNBC_20110104_040000_Countdown_With_Keith_Olbermann/MSNBC_20110104_040000_Countdown_With_Keith_Olbermann.thumbs/MSNBC_20110104_040000_Countdown_With_Keith_Olbermann_002310.jpg,"constraints of facts, the half governor has changed her tune. we should create a competitive climate for investment and renewables. none this of snake oil science stuff that is based on this global warming goregate stuff. that woman is an idiot."
https://archive.org/details/MSNBC_20110117_210000_The_Dylan_Ratigan_Show#start/2996/end/3031,1/17/2011 21:50:11,MSNBC,The Dylan Ratigan Show,MSNBC_20110117_210000_The_Dylan_Ratigan_Show,https://archive.org/download/MSNBC_20110117_210000_The_Dylan_Ratigan_Show/MSNBC_20110117_210000_The_Dylan_Ratigan_Show.thumbs/MSNBC_20110117_210000_The_Dylan_Ratigan_Show_002993.jpg,"deregulation of finance and trade. they are completely linked. trade in water, importing and exporting live animals exactly the same process imported and exported in larger and larger quantity. the main reason for global warming and co-2 emission."
https://archive.org/details/MSNBC_20110104_040000_Countdown_With_Keith_Olbermann#start/2361/end/2396,1/4/2011 4:39:36,MSNBC,Countdown With Keith Olbermann,MSNBC_20110104_040000_Countdown_With_Keith_Olbermann,https://archive.org/download/MSNBC_20110104_040000_Countdown_With_Keith_Olbermann/MSNBC_20110104_040000_Countdown_With_Keith_Olbermann.thumbs/MSNBC_20110104_040000_Countdown_With_Keith_Olbermann_002340.jpg,"branch and basically says congress can say we don't like that regulation. kick it back to the drawing board. we want a do-over. it would block it from going into effect and so upton said he wants to do this on greenhouse gas regulations which have started phasing in just this week. it's a pretty dangerous maneuver"
https://archive.org/details/MSNBC_20110106_200000_MSNBC_News_Live#start/2461/end/2496,1/6/2011 20:41:16,MSNBC,MSNBC News Live,MSNBC_20110106_200000_MSNBC_News_Live,https://archive.org/download/MSNBC_20110106_200000_MSNBC_News_Live/MSNBC_20110106_200000_MSNBC_News_Live.thumbs/MSNBC_20110106_200000_MSNBC_News_Live_002453.jpg,"the scientific community that we're causing global warming. and the reports from the national academy of sciences and ipcc are warning of serious consequences for millions of people around the world, especially the poor. as christians we're called to care for the least of these, as"
https://archive.org/details/MSNBC_20110124_110000_Morning_Joe#start/6502/end/6537,1/24/2011 12:48:37,MSNBC,Morning Joe,MSNBC_20110124_110000_Morning_Joe,https://archive.org/download/MSNBC_20110124_110000_Morning_Joe/MSNBC_20110124_110000_Morning_Joe.thumbs/MSNBC_20110124_110000_Morning_Joe_006480.jpg,"book that tells us, wait a second, something is going on where we might lose part of this or something is under threat? the glaciers are melting. global warming is very real. if you could ask lisa murkowski whose probe for drilling in the"
https://archive.org/details/MSNBC_20110108_020000_The_Rachel_Maddow_Show#start/731/end/766,1/8/2011 2:12:26,MSNBC,The Rachel Maddow Show,MSNBC_20110108_020000_The_Rachel_Maddow_Show,https://archive.org/download/MSNBC_20110108_020000_The_Rachel_Maddow_Show/MSNBC_20110108_020000_The_Rachel_Maddow_Show.thumbs/MSNBC_20110108_020000_The_Rachel_Maddow_Show_000715.jpg,"energy independence & global warming. one of the republicans' first acts upon taking power in the house was to disband that committee. what's the message there and how important is that decision? well, i think the message is that in the same way that more"
https://archive.org/details/MSNBC_20110117_230000_The_Ed_Show#start/1315/end/1350,1/17/2011 23:22:10,MSNBC,The Ed Show,MSNBC_20110117_230000_The_Ed_Show,https://archive.org/download/MSNBC_20110117_230000_The_Ed_Show/MSNBC_20110117_230000_The_Ed_Show.thumbs/MSNBC_20110117_230000_The_Ed_Show_001315.jpg,"congress' inaction on so many issues, climate change, mayor ve on the streets, we have to do this on our own. we need the community development block grant, we need"
https://archive.org/details/MSNBC_20110125_230000_The_Ed_Show#start/1579/end/1614,1/25/2011 23:26:34,MSNBC,The Ed Show,MSNBC_20110125_230000_The_Ed_Show,https://archive.org/download/MSNBC_20110125_230000_The_Ed_Show/MSNBC_20110125_230000_The_Ed_Show.thumbs/MSNBC_20110125_230000_The_Ed_Show_001555.jpg,"activities by federal employees. they're going after the panel on climate change to help the oil companies. they're going after administrative costs, which means you can't do health care if they cut that."
https://archive.org/details/MSNBC_20110108_020000_The_Rachel_Maddow_Show#start/793/end/828,1/8/2011 2:13:28,MSNBC,The Rachel Maddow Show,MSNBC_20110108_020000_The_Rachel_Maddow_Show,https://archive.org/download/MSNBC_20110108_020000_The_Rachel_Maddow_Show/MSNBC_20110108_020000_The_Rachel_Maddow_Show.thumbs/MSNBC_20110108_020000_The_Rachel_Maddow_Show_000775.jpg,"committee on energy independence and global warming that nancy pelosi created four years ago and asked me to be the chair of. so i do believe that in the same way they don't believe in healthy families they don't believe in a healthy planet either and it all goes back to"
https://archive.org/details/MSNBC_20110107_020000_The_Rachel_Maddow_Show#start/1588/end/1623,1/7/2011 2:26:43,MSNBC,The Rachel Maddow Show,MSNBC_20110107_020000_The_Rachel_Maddow_Show,https://archive.org/download/MSNBC_20110107_020000_The_Rachel_Maddow_Show/MSNBC_20110107_020000_The_Rachel_Maddow_Show.thumbs/MSNBC_20110107_020000_The_Rachel_Maddow_Show_001585.jpg,"ideological certitude that is, i think, really damaging. not on those -- not just on those particular issues -- we can talk about climate change and the oil spill in the gulf where people were minimizing the"
https://archive.org/details/MSNBC_20110103_150000_MSNBC_News_Live#start/2192/end/2227,1/3/2011 15:36:47,MSNBC,MSNBC News Live,MSNBC_20110103_150000_MSNBC_News_Live,https://archive.org/download/MSNBC_20110103_150000_MSNBC_News_Live/MSNBC_20110103_150000_MSNBC_News_Live.thumbs/MSNBC_20110103_150000_MSNBC_News_Live_002184.jpg,"climate change, epa regulations and net neutrality also possibilities for upton. let's go to another gentleman from michigan, mike rogers, former fbi agent and army officer will chair the intelligence committee and challenge the president's"
https://archive.org/details/MSNBC_20110104_040000_Countdown_With_Keith_Olbermann#start/2286/end/2321,1/4/2011 4:38:21,MSNBC,Countdown With Keith Olbermann,MSNBC_20110104_040000_Countdown_With_Keith_Olbermann,https://archive.org/download/MSNBC_20110104_040000_Countdown_With_Keith_Olbermann/MSNBC_20110104_040000_Countdown_With_Keith_Olbermann.thumbs/MSNBC_20110104_040000_Countdown_With_Keith_Olbermann_002280.jpg,"nod and smile. nod and smile. then there is sister sarah. as one-half of the republican presidential ticket in 2008 she offered this. climate change just might be man-made, jerry."
https://archive.org/details/MSNBC_20110119_200000_MSNBC_News_Live#start/445/end/480,1/19/2011 20:07:40,MSNBC,MSNBC News Live,MSNBC_20110119_200000_MSNBC_News_Live,https://archive.org/download/MSNBC_20110119_200000_MSNBC_News_Live/MSNBC_20110119_200000_MSNBC_News_Live.thumbs/MSNBC_20110119_200000_MSNBC_News_Live_000446.jpg,"out in an article in 'newsweek' that matter most to these twos leaders. you have economy, intellectual property, climate change, technology and north korea. economy, the trade imbalance which we were just hearing from"
https://archive.org/details/MSNBC_20110104_010000_Countdown_With_Keith_Olbermann#start/2281/end/2316,1/4/2011 1:38:16,MSNBC,Countdown With Keith Olbermann,MSNBC_20110104_010000_Countdown_With_Keith_Olbermann,https://archive.org/download/MSNBC_20110104_010000_Countdown_With_Keith_Olbermann/MSNBC_20110104_010000_Countdown_With_Keith_Olbermann.thumbs/MSNBC_20110104_010000_Countdown_With_Keith_Olbermann_002274.jpg,"only nancy pelosi? we do agree our country must take action to address climate change. together we can do this. nod and smile. nod and smile. then there is sister sarah. as one-half of the republican"
https://archive.org/details/MSNBC_20110104_040000_Countdown_With_Keith_Olbermann#start/2268/end/2303,1/4/2011 4:38:03,MSNBC,Countdown With Keith Olbermann,MSNBC_20110104_040000_Countdown_With_Keith_Olbermann,https://archive.org/download/MSNBC_20110104_040000_Countdown_With_Keith_Olbermann/MSNBC_20110104_040000_Countdown_With_Keith_Olbermann.thumbs/MSNBC_20110104_040000_Countdown_With_Keith_Olbermann_002250.jpg,"house speaker gingrich explain this statement on this couch in front of that capitol with the only nancy pelosi? we do agree our country must take action to address climate change. together we can do this."
https://archive.org/details/MSNBC_20110106_200000_MSNBC_News_Live#start/2413/end/2448,1/6/2011 20:40:28,MSNBC,MSNBC News Live,MSNBC_20110106_200000_MSNBC_News_Live,https://archive.org/download/MSNBC_20110106_200000_MSNBC_News_Live/MSNBC_20110106_200000_MSNBC_News_Live.thumbs/MSNBC_20110106_200000_MSNBC_News_Live_002394.jpg,"correlation between weather patterns around the world. we're among those who think that climate change is overwhelmingly naturally cause. we don't deny human action can have some impact on it as well. we agree with those who"
https://archive.org/details/MSNBC_20110107_020000_The_Rachel_Maddow_Show#start/1606/end/1641,1/7/2011 2:27:01,MSNBC,The Rachel Maddow Show,MSNBC_20110107_020000_The_Rachel_Maddow_Show,https://archive.org/download/MSNBC_20110107_020000_The_Rachel_Maddow_Show/MSNBC_20110107_020000_The_Rachel_Maddow_Show.thumbs/MSNBC_20110107_020000_The_Rachel_Maddow_Show_001585.jpg,"effect. but in behavioral science and other things. and on climate change, i just wrote down some of the things that elected members of congress -- some of them very senior said. fraud, scientific data manipulated. lacking scientific evidence."
https://archive.org/details/MSNBC_20110104_010000_Countdown_With_Keith_Olbermann#start/2215/end/2250,1/4/2011 1:37:10,MSNBC,Countdown With Keith Olbermann,MSNBC_20110104_010000_Countdown_With_Keith_Olbermann,https://archive.org/download/MSNBC_20110104_010000_Countdown_With_Keith_Olbermann/MSNBC_20110104_010000_Countdown_With_Keith_Olbermann.thumbs/MSNBC_20110104_010000_Countdown_With_Keith_Olbermann_002214.jpg,"carbon is in need of regulation. we are not convinced. quote, climate change is a serious problem that necessitates serious solutions. everything must be put on the table. many republican 2012 wanna-bes"
https://archive.org/details/MSNBC_20110126_080000_The_Last_Word#start/972/end/1007,1/26/2011 8:16:27,MSNBC,The Last Word,MSNBC_20110126_080000_The_Last_Word,https://archive.org/download/MSNBC_20110126_080000_The_Last_Word/MSNBC_20110126_080000_The_Last_Word.thumbs/MSNBC_20110126_080000_The_Last_Word_000955.jpg,"americans, you really are talking about change here and, yes. he didn't say climate change. i think what the president is trying to do is bring us together so he stayed away from certain words and terms but i"
https://archive.org/details/MSNBC_20110104_070000_Countdown_With_Keith_Olbermann#start/2282/end/2317,1/4/2011 7:38:17,MSNBC,Countdown With Keith Olbermann,MSNBC_20110104_070000_Countdown_With_Keith_Olbermann,https://archive.org/download/MSNBC_20110104_070000_Countdown_With_Keith_Olbermann/MSNBC_20110104_070000_Countdown_With_Keith_Olbermann.thumbs/MSNBC_20110104_070000_Countdown_With_Keith_Olbermann_002274.jpg,"change. together we can do this. nod and smile. nod and smile. then there is sister sarah. as one-half of the republican presidential ticket in 2008 she offered this. climate change just might be man made."
https://archive.org/details/MSNBC_20110119_190000_News_Nation#start/307/end/342,1/19/2011 19:05:22,MSNBC,News Nation,MSNBC_20110119_190000_News_Nation,https://archive.org/download/MSNBC_20110119_190000_News_Nation/MSNBC_20110119_190000_News_Nation.thumbs/MSNBC_20110119_190000_News_Nation_000296.jpg,"states, to the extent that we have a partner in dealing with regional hot spots, to the extent that we have a partner in addressing issues like climate change or pandemic, to the extent that we have a partner"
https://archive.org/details/MSNBC_20110125_110000_Morning_Joe#start/659/end/694,1/25/2011 11:11:14,MSNBC,Morning Joe,MSNBC_20110125_110000_Morning_Joe,https://archive.org/download/MSNBC_20110125_110000_Morning_Joe/MSNBC_20110125_110000_Morning_Joe.thumbs/MSNBC_20110125_110000_Morning_Joe_000660.jpg,"she's talked about how minnesotans needed to be armed and dangerous on climate change. and she is now -- i guess, nora -- and? that's crazy. it's absolutely crazy. and she is going to be given this -- this microphone, and i"
https://archive.org/details/MSNBC_20110126_040000_The_Last_Word#start/945/end/980,1/26/2011 4:16:00,MSNBC,The Last Word,MSNBC_20110126_040000_The_Last_Word,https://archive.org/download/MSNBC_20110126_040000_The_Last_Word/MSNBC_20110126_040000_The_Last_Word.thumbs/MSNBC_20110126_040000_The_Last_Word_000925.jpg,"the environment committee were you surprised that a democratic president could stand before you in a speech of that length and breadth and not mention climate change? well, lawrence, he didn't use those words. but he absolutely addressed it."
https://archive.org/details/MSNBC_20110119_170000_MSNBC_News_Live#start/3037/end/3072,1/19/2011 17:50:52,MSNBC,MSNBC News Live,MSNBC_20110119_170000_MSNBC_News_Live,https://archive.org/download/MSNBC_20110119_170000_MSNBC_News_Live/MSNBC_20110119_170000_MSNBC_News_Live.thumbs/MSNBC_20110119_170000_MSNBC_News_Live_003024.jpg,"environment which has been a life-long priority. leading fights against air and water pollution, working hard to build coalitions to do something about climate change, cleaning up long island sound, protecting the connecticut river and"
https://archive.org/details/MSNBC_20110130_160000_MSNBC_News_Live#start/2587/end/2622,1/30/2011 16:43:22,MSNBC,MSNBC News Live,MSNBC_20110130_160000_MSNBC_News_Live,https://archive.org/download/MSNBC_20110130_160000_MSNBC_News_Live/MSNBC_20110130_160000_MSNBC_News_Live.thumbs/MSNBC_20110130_160000_MSNBC_News_Live_002573.jpg,"in many places. can you make a connection of extreme winters to extreme summer with the heat? with climate change we see that the warmers are rising much faster than the summer. our temperatures are increasing"
https://archive.org/details/MSNBC_20110104_040000_Countdown_With_Keith_Olbermann#start/2253/end/2288,1/4/2011 4:37:48,MSNBC,Countdown With Keith Olbermann,MSNBC_20110104_040000_Countdown_With_Keith_Olbermann,https://archive.org/download/MSNBC_20110104_040000_Countdown_With_Keith_Olbermann/MSNBC_20110104_040000_Countdown_With_Keith_Olbermann.thumbs/MSNBC_20110104_040000_Countdown_With_Keith_Olbermann_002250.jpg,"perhaps blacking out on the fact that he declared that support on camera. climate change is here. it's real. i support cap and trade of carbon emissions, and i was disappointed that the senate rejected it. and just how will former"
https://archive.org/details/MSNBC_20110126_060000_The_Last_Word#start/955/end/990,1/26/2011 6:16:10,MSNBC,The Last Word,MSNBC_20110126_060000_The_Last_Word,https://archive.org/download/MSNBC_20110126_060000_The_Last_Word/MSNBC_20110126_060000_The_Last_Word.thumbs/MSNBC_20110126_060000_The_Last_Word_000956.jpg,"you surprised that a democratic president could stand before you in a speech of that length and breadth and not mention climate change? well, lawrence, he didn't use those words. but he absolutely addressed it. when he talked about his three"
https://archive.org/details/MSNBC_20110126_060000_The_Last_Word#start/969/end/1004,1/26/2011 6:16:24,MSNBC,The Last Word,MSNBC_20110126_060000_The_Last_Word,https://archive.org/download/MSNBC_20110126_060000_The_Last_Word/MSNBC_20110126_060000_The_Last_Word.thumbs/MSNBC_20110126_060000_The_Last_Word_000956.jpg,"priorities, one of them is clean energy. it's the same way as saying, we're going to combat climate change. when have you a million electric cars on the road which is his vision, and when you move to clean electricity, for 80% of"
https://archive.org/details/MSNBC_20110125_230000_The_Ed_Show#start/1944/end/1979,1/25/2011 23:32:39,MSNBC,The Ed Show,MSNBC_20110125_230000_The_Ed_Show,https://archive.org/download/MSNBC_20110125_230000_The_Ed_Show/MSNBC_20110125_230000_The_Ed_Show.thumbs/MSNBC_20110125_230000_The_Ed_Show_001945.jpg,"washington seems to have cooled on the idea. get it? all right. of course. it's a sign that they have completely and utterly thrown in the towel on doing anything about climate change. that's my take. and tim pawlenty is giving"
https://archive.org/details/MSNBC_20110104_070000_Countdown_With_Keith_Olbermann#start/2215/end/2250,1/4/2011 7:37:10,MSNBC,Countdown With Keith Olbermann,MSNBC_20110104_070000_Countdown_With_Keith_Olbermann,https://archive.org/download/MSNBC_20110104_070000_Countdown_With_Keith_Olbermann/MSNBC_20110104_070000_Countdown_With_Keith_Olbermann.thumbs/MSNBC_20110104_070000_Countdown_With_Keith_Olbermann_002214.jpg,"quote, climate change is a serious problem that necessitates serious solutions. everything must be put on the table. many republican 2012 wanna-bes seem to be taking a page out of his playbook like tim pawlenty who signed his state on to a"
https://archive.org/details/MSNBC_20110114_190000_News_Nation#start/536/end/571,1/14/2011 19:09:11,MSNBC,News Nation,MSNBC_20110114_190000_News_Nation,https://archive.org/download/MSNBC_20110114_190000_News_Nation/MSNBC_20110114_190000_News_Nation.thumbs/MSNBC_20110114_190000_News_Nation_000536.jpg,"recorded, going back 111 years. the warmer temperatures help contribute to the heavy rains. might we see more of this? well, absolutely. because the oceans are warming, as we all know. there's climate change going on. the earth recorded the its"
https://archive.org/details/MSNBC_20110125_060000_The_Last_Word#start/2289/end/2324,1/25/2011 6:38:24,MSNBC,The Last Word,MSNBC_20110125_060000_The_Last_Word,https://archive.org/download/MSNBC_20110125_060000_The_Last_Word/MSNBC_20110125_060000_The_Last_Word.thumbs/MSNBC_20110125_060000_The_Last_Word_002274.jpg,"supreme court can take that decision away. when the president makes a decision about climate change, this court can take that away. so while we've been worried about what's happening in congress, in those elections, though have been secretly packing the court."
https://archive.org/details/MSNBC_20110104_010000_Countdown_With_Keith_Olbermann#start/2265/end/2300,1/4/2011 1:38:00,MSNBC,Countdown With Keith Olbermann,MSNBC_20110104_010000_Countdown_With_Keith_Olbermann,https://archive.org/download/MSNBC_20110104_010000_Countdown_With_Keith_Olbermann/MSNBC_20110104_010000_Countdown_With_Keith_Olbermann.thumbs/MSNBC_20110104_010000_Countdown_With_Keith_Olbermann_002244.jpg,"camera. climate change is here. it's real. i support cap and trade of carbon emissions, and i was disappointed that the senate rejected it. and just how will former house speaker gingrich explain this statement on this couch in front of that capitol with the"
https://archive.org/details/MSNBC_20110104_010000_Countdown_With_Keith_Olbermann#start/1070/end/1105,1/4/2011 1:18:05,MSNBC,Countdown With Keith Olbermann,MSNBC_20110104_010000_Countdown_With_Keith_Olbermann,https://archive.org/download/MSNBC_20110104_010000_Countdown_With_Keith_Olbermann/MSNBC_20110104_010000_Countdown_With_Keith_Olbermann.thumbs/MSNBC_20110104_010000_Countdown_With_Keith_Olbermann_001046.jpg,"government blamed wall street and not poor people for the collapse of the economy. this is the incoming house energy chair, the one who believed in climate change until he became the incoming house energy chair and his flip flop duplicated by palin, huckabee, and gingrich."
https://archive.org/details/MSNBC_20110126_060000_The_Last_Word#start/985/end/1020,1/26/2011 6:16:40,MSNBC,The Last Word,MSNBC_20110126_060000_The_Last_Word,https://archive.org/download/MSNBC_20110126_060000_The_Last_Word/MSNBC_20110126_060000_The_Last_Word.thumbs/MSNBC_20110126_060000_The_Last_Word_000986.jpg,"americans, you really are talking about change here and, yes. he didn't say climate change. i think what the president is trying to do is bring us together so he stayed away from certain words and terms but i felt when he spoke about this"
https://archive.org/details/MSNBC_20110126_080000_The_Last_Word#start/943/end/978,1/26/2011 8:15:58,MSNBC,The Last Word,MSNBC_20110126_080000_The_Last_Word,https://archive.org/download/MSNBC_20110126_080000_The_Last_Word/MSNBC_20110126_080000_The_Last_Word.thumbs/MSNBC_20110126_080000_The_Last_Word_000925.jpg,"senator, as the chairman of the environment committee were you surprised that a democratic president could stand before you in a speech of that length and breadth and not mention climate change? well, lawrence, he didn't use those words. but he absolutely addressed it."
https://archive.org/details/MSNBC_20110120_020000_The_Rachel_Maddow_Show#start/2461/end/2496,1/20/2011 2:41:16,MSNBC,The Rachel Maddow Show,MSNBC_20110120_020000_The_Rachel_Maddow_Show,https://archive.org/download/MSNBC_20110120_020000_The_Rachel_Maddow_Show/MSNBC_20110120_020000_The_Rachel_Maddow_Show.thumbs/MSNBC_20110120_020000_The_Rachel_Maddow_Show_002453.jpg,"relationship that exists in the world right now. if you look at the quantity of goods and services and capital that flows between the two places, the amount of massive major global challenges, among them climate change, possibly at the top, that both have to work together."
https://archive.org/details/MSNBC_20110126_040000_The_Last_Word#start/980/end/1015,1/26/2011 4:16:35,MSNBC,The Last Word,MSNBC_20110126_040000_The_Last_Word,https://archive.org/download/MSNBC_20110126_040000_The_Last_Word/MSNBC_20110126_040000_The_Last_Word.thumbs/MSNBC_20110126_040000_The_Last_Word_000955.jpg,"americans, you really are talking about change here and, yes. he didn't say climate change. i think what the president is trying to do is bring us together so he stayed away from certain words and terms but i felt when he spoke about this"
https://archive.org/details/MSNBC_20110104_070000_Countdown_With_Keith_Olbermann#start/1072/end/1107,1/4/2011 7:18:07,MSNBC,Countdown With Keith Olbermann,MSNBC_20110104_070000_Countdown_With_Keith_Olbermann,https://archive.org/download/MSNBC_20110104_070000_Countdown_With_Keith_Olbermann/MSNBC_20110104_070000_Countdown_With_Keith_Olbermann.thumbs/MSNBC_20110104_070000_Countdown_With_Keith_Olbermann_001045.jpg,"this is the incoming house energy chair, the one who believed in climate change until he became the incoming house energy chair and his flip flop duplicated by palin, huckabee, and gingrich. worsts? more bad news for this former new york jets quarterback. massage therapists."
https://archive.org/details/MSNBC_20110104_070000_Countdown_With_Keith_Olbermann#start/2505/end/2540,1/4/2011 7:42:00,MSNBC,Countdown With Keith Olbermann,MSNBC_20110104_070000_Countdown_With_Keith_Olbermann,https://archive.org/download/MSNBC_20110104_070000_Countdown_With_Keith_Olbermann/MSNBC_20110104_070000_Countdown_With_Keith_Olbermann.thumbs/MSNBC_20110104_070000_Countdown_With_Keith_Olbermann_002484.jpg,"you saw newt gingrich sitting on the couch with nancy pelosi not all that long ago talking about how climate change as problem we should all come together and address and a few months later gingrich was out there leading the drill here and drill now"
https://archive.org/details/MSNBC_20110130_160000_MSNBC_News_Live#start/2501/end/2536,1/30/2011 16:41:56,MSNBC,MSNBC News Live,MSNBC_20110130_160000_MSNBC_News_Live,https://archive.org/download/MSNBC_20110130_160000_MSNBC_News_Live/MSNBC_20110130_160000_MSNBC_News_Live.thumbs/MSNBC_20110130_160000_MSNBC_News_Live_002483.jpg,"and during the winter, we're recording even heavier snowstorms. what this means is climate change is creating a new normal and officials needs to prepare their communities to create safer communities for this future condition. you know, brenda, i'm going to have my director put up the"
https://archive.org/details/MSNBC_20110125_180000_Andrea_Mitchell_Reports#start/637/end/672,1/25/2011 18:10:52,MSNBC,Andrea Mitchell Reports,MSNBC_20110125_180000_Andrea_Mitchell_Reports,https://archive.org/download/MSNBC_20110125_180000_Andrea_Mitchell_Reports/MSNBC_20110125_180000_Andrea_Mitchell_Reports.thumbs/MSNBC_20110125_180000_Andrea_Mitchell_Reports_000625.jpg,"can you explain why carol browner is quitting at this moment? if the president is going to be talking about infrastructure and addressing the future, where is the future without climate change and energy investments? well, the president is a very strong proponent of dealing with"
https://archive.org/details/MSNBC_20110130_160000_MSNBC_News_Live#start/2534/end/2569,1/30/2011 16:42:29,MSNBC,MSNBC News Live,MSNBC_20110130_160000_MSNBC_News_Live,https://archive.org/download/MSNBC_20110130_160000_MSNBC_News_Live/MSNBC_20110130_160000_MSNBC_News_Live.thumbs/MSNBC_20110130_160000_MSNBC_News_Live_002513.jpg,"snow. can you put that together in a logical explanation? we've had record ocean temperatures, they're warming up. this creates a lot of moisture sources. with climate change we have shifting jet stream and we've sort of blown open the planet's freezer door and the arctic"
https://archive.org/details/MSNBC_20110104_010000_Countdown_With_Keith_Olbermann#start/2421/end/2456,1/4/2011 1:40:36,MSNBC,Countdown With Keith Olbermann,MSNBC_20110104_010000_Countdown_With_Keith_Olbermann,https://archive.org/download/MSNBC_20110104_010000_Countdown_With_Keith_Olbermann/MSNBC_20110104_010000_Countdown_With_Keith_Olbermann.thumbs/MSNBC_20110104_010000_Countdown_With_Keith_Olbermann_002394.jpg,"this sort of sudden effort on both sides of the aisle to suppress the progress on climate change? is it -- do they in fact know more science than the scientists? absolutely, keith. i think this is why this is so dangerous. it is congress saying we know more than scientists."
https://archive.org/details/MSNBC_20110104_040000_Countdown_With_Keith_Olbermann#start/2204/end/2239,1/4/2011 4:36:59,MSNBC,Countdown With Keith Olbermann,MSNBC_20110104_040000_Countdown_With_Keith_Olbermann,https://archive.org/download/MSNBC_20110104_040000_Countdown_With_Keith_Olbermann/MSNBC_20110104_040000_Countdown_With_Keith_Olbermann.thumbs/MSNBC_20110104_040000_Countdown_With_Keith_Olbermann_002190.jpg,"journal' editorial this presumes carbon is in need of regulation. we are not convinced. odd, considering that just two years ago mr. upton seemed to be all for this regulation. quote, climate change is a serious problem that necessitates serious solutions. everything must be put on the table."
https://archive.org/details/MSNBC_20110104_040000_Countdown_With_Keith_Olbermann#start/2409/end/2444,1/4/2011 4:40:24,MSNBC,Countdown With Keith Olbermann,MSNBC_20110104_040000_Countdown_With_Keith_Olbermann,https://archive.org/download/MSNBC_20110104_040000_Countdown_With_Keith_Olbermann/MSNBC_20110104_040000_Countdown_With_Keith_Olbermann.thumbs/MSNBC_20110104_040000_Countdown_With_Keith_Olbermann_002400.jpg,"we know politicians know much more than scientists possibly could on this. why is there, in your opinion, this sort of sudden effort on both sides of the aisle to suppress the progress on climate change? is it -- do they in fact know more science than the scientists?"
https://archive.org/details/MSNBC_20110126_060000_The_Last_Word#start/2725/end/2760,1/26/2011 6:45:40,MSNBC,The Last Word,MSNBC_20110126_060000_The_Last_Word,https://archive.org/download/MSNBC_20110126_060000_The_Last_Word/MSNBC_20110126_060000_The_Last_Word.thumbs/MSNBC_20110126_060000_The_Last_Word_002694.jpg,"he didn't mention climate change. more of the progressive reaction next. and later the hero who watched the address inside the chamber on his 21st birthday.  when the parts for the line   come precisely on time  that's logistics   a continuous link, that is always in sync   that's logistics"
https://archive.org/details/MSNBC_20110126_080000_The_Last_Word#start/959/end/994,1/26/2011 8:16:14,MSNBC,The Last Word,MSNBC_20110126_080000_The_Last_Word,https://archive.org/download/MSNBC_20110126_080000_The_Last_Word/MSNBC_20110126_080000_The_Last_Word.thumbs/MSNBC_20110126_080000_The_Last_Word_000955.jpg,"when he talked about his three priorities, one of them is clean energy. it's the same way as saying, we're going to combat climate change. when have you a million electric cars on the road which is his vision, and when you move to clean electricity, for 80% of"
https://archive.org/details/MSNBC_20110104_070000_Countdown_With_Keith_Olbermann#start/1855/end/1890,1/4/2011 7:31:10,MSNBC,Countdown With Keith Olbermann,MSNBC_20110104_070000_Countdown_With_Keith_Olbermann,https://archive.org/download/MSNBC_20110104_070000_Countdown_With_Keith_Olbermann/MSNBC_20110104_070000_Countdown_With_Keith_Olbermann.thumbs/MSNBC_20110104_070000_Countdown_With_Keith_Olbermann_001614.jpg,"uh-oh. somewhere, is. funny how newt gingrich and mike huckabee and sister sarah all believed in climate change until the temperature started going up for the 2012 republican nomination. that's next. first the tweet of the day. it's from on deck lou. you have to comment on this. thoughts please."
https://archive.org/details/MSNBC_20110118_090000_The_Ed_Show#start/1295/end/1330,1/18/2011 9:21:50,MSNBC,The Ed Show,MSNBC_20110118_090000_The_Ed_Show,https://archive.org/download/MSNBC_20110118_090000_The_Ed_Show/MSNBC_20110118_090000_The_Ed_Show.thumbs/MSNBC_20110118_090000_The_Ed_Show_001285.jpg,"you just heard mr. schumer, senator from new york, saying the votes aren't there. so the congress isn't going to do anything. is this part of your motivation? you know, so much of congress' inaction on so many issues, climate change, violence on the streets, we have to do"
https://archive.org/details/MSNBC_20110126_040000_The_Last_Word#start/963/end/998,1/26/2011 4:16:18,MSNBC,The Last Word,MSNBC_20110126_040000_The_Last_Word,https://archive.org/download/MSNBC_20110126_040000_The_Last_Word/MSNBC_20110126_040000_The_Last_Word.thumbs/MSNBC_20110126_040000_The_Last_Word_000955.jpg,"when he talked about his three priorities, one of them is clean energy. it's the same way as saying, we're going to combat climate change. when have you a million electric cars on the road which is his vision, and when you move to clean electricity, for 80% of"
https://archive.org/details/MSNBC_20110108_020000_The_Rachel_Maddow_Show#start/2505/end/2540,1/8/2011 2:42:00,MSNBC,The Rachel Maddow Show,MSNBC_20110108_020000_The_Rachel_Maddow_Show,https://archive.org/download/MSNBC_20110108_020000_The_Rachel_Maddow_Show/MSNBC_20110108_020000_The_Rachel_Maddow_Show.thumbs/MSNBC_20110108_020000_The_Rachel_Maddow_Show_002484.jpg,"he did very good -- not progressive but moderate work in minnesota when he worked with a democratic legislature and the guy i met seemed to have rational views on climate change and other things. i think that may be the real tim pawlenty. but you don't win a republican"
https://archive.org/details/MSNBC_20110130_140000_MSNBC_News_Live#start/2918/end/2953,1/30/2011 14:48:53,MSNBC,MSNBC News Live,MSNBC_20110130_140000_MSNBC_News_Live,https://archive.org/download/MSNBC_20110130_140000_MSNBC_News_Live/MSNBC_20110130_140000_MSNBC_News_Live.thumbs/MSNBC_20110130_140000_MSNBC_News_Live_002904.jpg,"snowstorms. in other words, climate change is creating a new normal of weather extremes, and we have to plan for this and prepare our snow removal budgets for such extremes. and brenda, this extends to even the temperature, because it seems like we're getting a lot more cold weather."
https://archive.org/details/MSNBC_20110104_010000_Countdown_With_Keith_Olbermann#start/1848/end/1883,1/4/2011 1:31:03,MSNBC,Countdown With Keith Olbermann,MSNBC_20110104_010000_Countdown_With_Keith_Olbermann,https://archive.org/download/MSNBC_20110104_010000_Countdown_With_Keith_Olbermann/MSNBC_20110104_010000_Countdown_With_Keith_Olbermann.thumbs/MSNBC_20110104_010000_Countdown_With_Keith_Olbermann_001735.jpg,"can you take a check? [ female announcer ] you could save 522 big ones. see for yourself at esurance. technology when you want it. people when you don't. funny how newt gingrich and mike huckabee and sister sarah all believed in climate change until the temperature started going up for the 2012 republican"
https://archive.org/details/MSNBC_20110125_030000_The_Last_Word#start/2287/end/2322,1/25/2011 3:38:22,MSNBC,The Last Word,MSNBC_20110125_030000_The_Last_Word,https://archive.org/download/MSNBC_20110125_030000_The_Last_Word/MSNBC_20110125_030000_The_Last_Word.thumbs/MSNBC_20110125_030000_The_Last_Word_002274.jpg,"supreme court. the reason they've done that is they understand that's where the power is. when a president makes a decision on health care that supreme court can take that decision away. when the president makes a decision about climate change, this court can take that away. so while we've been worried"
https://archive.org/details/MSNBC_20110120_050000_The_Rachel_Maddow_Show#start/2461/end/2496,1/20/2011 5:41:16,MSNBC,The Rachel Maddow Show,MSNBC_20110120_050000_The_Rachel_Maddow_Show,https://archive.org/download/MSNBC_20110120_050000_The_Rachel_Maddow_Show/MSNBC_20110120_050000_The_Rachel_Maddow_Show.thumbs/MSNBC_20110120_050000_The_Rachel_Maddow_Show_002454.jpg,"world right now. if you look at the quantity of goods and services and capital that flows between the two places, the amount of massive major global challenges, among them climate change, possibly at the top, that both have to work together. it's hard to kind of consider what makes a successful visit"
https://archive.org/details/MSNBC_20110104_010000_Countdown_With_Keith_Olbermann#start/2512/end/2547,1/4/2011 1:42:07,MSNBC,Countdown With Keith Olbermann,MSNBC_20110104_010000_Countdown_With_Keith_Olbermann,https://archive.org/download/MSNBC_20110104_010000_Countdown_With_Keith_Olbermann/MSNBC_20110104_010000_Countdown_With_Keith_Olbermann.thumbs/MSNBC_20110104_010000_Countdown_With_Keith_Olbermann_002484.jpg,"the couch with nancy pelosi not all that long ago talking about how climate change as problem we should all come together and address and a few months later gingrich was out there leading the drill here and drill now call which then became the drill baby drill call we heard a few summers ago when gas prices were"
https://archive.org/details/MSNBC_20110104_040000_Countdown_With_Keith_Olbermann#start/1065/end/1100,1/4/2011 4:18:00,MSNBC,Countdown With Keith Olbermann,MSNBC_20110104_040000_Countdown_With_Keith_Olbermann,https://archive.org/download/MSNBC_20110104_040000_Countdown_With_Keith_Olbermann/MSNBC_20110104_040000_Countdown_With_Keith_Olbermann.thumbs/MSNBC_20110104_040000_Countdown_With_Keith_Olbermann_001050.jpg,"wants some into the way the government blamed wall street and not poor people for the collapse of the economy. this is the incoming house energy chair, the one who believed in climate change until he became the incoming house energy chair and his flip flop duplicated by palin, huckabee, and gingrich. worsts? more bad news for this former"
https://archive.org/details/MSNBC_20110126_080000_The_Last_Word#start/2702/end/2737,1/26/2011 8:45:17,MSNBC,The Last Word,MSNBC_20110126_080000_The_Last_Word,https://archive.org/download/MSNBC_20110126_080000_The_Last_Word/MSNBC_20110126_080000_The_Last_Word.thumbs/MSNBC_20110126_080000_The_Last_Word_002573.jpg,"we need to teach our kids it's not just the winner of the super bowl who deserves to be celebrated but the winner of the science fair. mention gun and ammunition control. he didn't mention climate change. more of the progressive reaction next. and later the hero who watched the address inside the chamber on his 21st birthday."
https://archive.org/details/MSNBC_20110125_180000_Andrea_Mitchell_Reports#start/701/end/736,1/25/2011 18:11:56,MSNBC,Andrea Mitchell Reports,MSNBC_20110125_180000_Andrea_Mitchell_Reports,https://archive.org/download/MSNBC_20110125_180000_Andrea_Mitchell_Reports/MSNBC_20110125_180000_Andrea_Mitchell_Reports.thumbs/MSNBC_20110125_180000_Andrea_Mitchell_Reports_000685.jpg,"eliminated? i think you'll all have to wait for the announcements that the president, that our chief of staff will be making in the coming days and weeks. is that a signal, though, that climate change is not going to be a top priority in the state of the union? oh, i think this has been an"
https://archive.org/details/MSNBC_20110104_040000_Countdown_With_Keith_Olbermann#start/1860/end/1895,1/4/2011 4:31:15,MSNBC,Countdown With Keith Olbermann,MSNBC_20110104_040000_Countdown_With_Keith_Olbermann,https://archive.org/download/MSNBC_20110104_040000_Countdown_With_Keith_Olbermann/MSNBC_20110104_040000_Countdown_With_Keith_Olbermann.thumbs/MSNBC_20110104_040000_Countdown_With_Keith_Olbermann_001710.jpg,"funny how newt gingrich and mike huckabee and sister sarah shop till you drop. relax by the pool. all believed in climate change until the temperature started going up for the 2012 republican nomination. rnomination. that's next. first the tweet of the day. first the tweet of the day. you have to comment on this. this. thoughts please. oh, boy."
https://archive.org/details/MSNBC_20110104_040000_Countdown_With_Keith_Olbermann#start/2510/end/2545,1/4/2011 4:42:05,MSNBC,Countdown With Keith Olbermann,MSNBC_20110104_040000_Countdown_With_Keith_Olbermann,https://archive.org/download/MSNBC_20110104_040000_Countdown_With_Keith_Olbermann/MSNBC_20110104_040000_Countdown_With_Keith_Olbermann.thumbs/MSNBC_20110104_040000_Countdown_With_Keith_Olbermann_002490.jpg,"how climate change is a problem we should all come together and address and a few months later gingrich was out there leading the drill here and drill now call which then became the drill baby drill call we heard a few summers ago when gas prices were high. i think they're doing what they think is politically popular and what they think the public wants"
