﻿URL,MatchDateTime,Station,Show,IAShowID,IAPreviewThumb,Snippet
https://archive.org/details/MSNBC_20101227_190000_News_Nation#start/1238/end/1273,12/27/2010 19:20:53,MSNBC,News Nation,MSNBC_20101227_190000_News_Nation,https://archive.org/download/MSNBC_20101227_190000_News_Nation/MSNBC_20101227_190000_News_Nation.thumbs/MSNBC_20101227_190000_News_Nation_001225.jpg,"to blame. with me is a doctor from the pew center on global climate change. you look at tennessee and the wicked flooding they had there. this has been -- or the global warming system."
https://archive.org/details/MSNBC_20101230_020000_The_Rachel_Maddow_Show#start/240/end/275,12/30/2010 2:04:15,MSNBC,The Rachel Maddow Show,MSNBC_20101230_020000_The_Rachel_Maddow_Show,https://archive.org/download/MSNBC_20101230_020000_The_Rachel_Maddow_Show/MSNBC_20101230_020000_The_Rachel_Maddow_Show.thumbs/MSNBC_20101230_020000_The_Rachel_Maddow_Show_000237.jpg,"control to republican control, and in the case of climate change, here's the one that matters to you. the house energy and commerce committee will now be headed up by this gentleman, congressman fred upton of michigan. if climate change legislation"
https://archive.org/details/MSNBC_20101230_020000_The_Rachel_Maddow_Show#start/382/end/417,12/30/2010 2:06:37,MSNBC,The Rachel Maddow Show,MSNBC_20101230_020000_The_Rachel_Maddow_Show,https://archive.org/download/MSNBC_20101230_020000_The_Rachel_Maddow_Show/MSNBC_20101230_020000_The_Rachel_Maddow_Show.thumbs/MSNBC_20101230_020000_The_Rachel_Maddow_Show_000356.jpg,"was climate change and there was some upability for it, among us human beings. in the late 1990s he supported immediate reductions in greenhouse gases. in 2007 he signed an energy bill na called for an overall"
https://archive.org/details/MSNBC_20101218_010000_Countdown_With_Keith_Olbermann#start/2285/end/2320,12/18/2010 1:38:20,MSNBC,Countdown With Keith Olbermann,MSNBC_20101218_010000_Countdown_With_Keith_Olbermann,https://archive.org/download/MSNBC_20101218_010000_Countdown_With_Keith_Olbermann/MSNBC_20101218_010000_Countdown_With_Keith_Olbermann.thumbs/MSNBC_20101218_010000_Countdown_With_Keith_Olbermann_002274.jpg,"stimulus caused job loss and didn't include any tax cuts. income has gone up, health care law will worsen the deficit. scientists can't agree on climate change."
https://archive.org/details/MSNBC_20101227_190000_News_Nation#start/624/end/659,12/27/2010 19:10:39,MSNBC,News Nation,MSNBC_20101227_190000_News_Nation,https://archive.org/download/MSNBC_20101227_190000_News_Nation/MSNBC_20101227_190000_News_Nation.thumbs/MSNBC_20101227_190000_News_Nation_000596.jpg,"pictures. upload or e-mail them in to msnbc.com. we're looking to share them with our viewers. 2010 had the hottest summer on record in 11 states. are we looking at climate change"
https://archive.org/details/MSNBC_20101229_210000_The_Dylan_Ratigan_Show#start/1109/end/1144,12/29/2010 21:18:44,MSNBC,The Dylan Ratigan Show,MSNBC_20101229_210000_The_Dylan_Ratigan_Show,https://archive.org/download/MSNBC_20101229_210000_The_Dylan_Ratigan_Show/MSNBC_20101229_210000_The_Dylan_Ratigan_Show.thumbs/MSNBC_20101229_210000_The_Dylan_Ratigan_Show_001105.jpg,"when you start linking this to global warming and global change and climate change, i think that's --. not this specific storm. not this specific storm. what i'm saying is we are with headed into a situation where global climate change is going to intensify the weather and"
https://archive.org/details/MSNBC_20101230_180000_Andrea_Mitchell_Reports#start/468/end/503,12/30/2010 18:08:03,MSNBC,Andrea Mitchell Reports,MSNBC_20101230_180000_Andrea_Mitchell_Reports,https://archive.org/download/MSNBC_20101230_180000_Andrea_Mitchell_Reports/MSNBC_20101230_180000_Andrea_Mitchell_Reports.thumbs/MSNBC_20101230_180000_Andrea_Mitchell_Reports_000446.jpg,"to the right by the tea party and, of course, the republican base and president obama pulled to the left. what specific areas do you think they can find compromise on? there's two that mcconnell has staked out. he said he's willing to work with the president on energy. not the big global warming push"
https://archive.org/details/MSNBC_20101208_110000_Morning_Joe#start/6088/end/6123,12/8/2010 12:41:43,MSNBC,Morning Joe,MSNBC_20101208_110000_Morning_Joe,https://archive.org/download/MSNBC_20101208_110000_Morning_Joe/MSNBC_20101208_110000_Morning_Joe.thumbs/MSNBC_20101208_110000_Morning_Joe_006060.jpg,"danger is more certain than it ever was. and we ignore climate change is better than global warming, even though that's what gets used a"
https://archive.org/details/MSNBC_20101227_190000_News_Nation#start/1318/end/1353,12/27/2010 19:22:13,MSNBC,News Nation,MSNBC_20101227_190000_News_Nation,https://archive.org/download/MSNBC_20101227_190000_News_Nation/MSNBC_20101227_190000_News_Nation.thumbs/MSNBC_20101227_190000_News_Nation_001315.jpg,"they say you can't point to a few bad years and say the humans have caused it. what are you looking for when you look at a series of bad weather events and matching them up with concerns over climate change?"
https://archive.org/details/MSNBC_20101230_020000_The_Rachel_Maddow_Show#start/451/end/486,12/30/2010 2:07:46,MSNBC,The Rachel Maddow Show,MSNBC_20101230_020000_The_Rachel_Maddow_Show,https://archive.org/download/MSNBC_20101230_020000_The_Rachel_Maddow_Show/MSNBC_20101230_020000_The_Rachel_Maddow_Show.thumbs/MSNBC_20101230_020000_The_Rachel_Maddow_Show_000446.jpg,"ezra, bless your soul for being here tonight. good to see you, man. good evening. how do you explain a congressman like fred upton going from moderate, sensible guy and thinks there's climate change to a guy writing climate"
https://archive.org/details/MSNBC_20101210_080000_Hardball_With_Chris_Matthews#start/46/end/81,12/10/2010 8:01:01,MSNBC,Hardball With Chris Matthews,MSNBC_20101210_080000_Hardball_With_Chris_Matthews,https://archive.org/download/MSNBC_20101210_080000_Hardball_With_Chris_Matthews/MSNBC_20101210_080000_Hardball_With_Chris_Matthews.thumbs/MSNBC_20101210_080000_Hardball_With_Chris_Matthews_000027.jpg,"matthews in washington. leading off tonight, sales resistance. president obama's fighting for his tax agreement with republicans with the kind of intensity the democrats wish he had -- they had seen from him on their issues. they want to know why mr. obama didn't fight as hard for the public option or carbon tax or"
https://archive.org/details/MSNBC_20101227_190000_News_Nation#start/1223/end/1258,12/27/2010 19:20:38,MSNBC,News Nation,MSNBC_20101227_190000_News_Nation,https://archive.org/download/MSNBC_20101227_190000_News_Nation/MSNBC_20101227_190000_News_Nation.thumbs/MSNBC_20101227_190000_News_Nation_001225.jpg,"hundreds of reported tornadoes in colorado and north carolina. in just the last week, heavy rain caused massive flooding in california. it triggered mud slides that destroyed homes. you have some people looking at the series of events and wondering if climate change is"
https://archive.org/details/MSNBC_20101220_230000_The_Ed_Show#start/3541/end/3576,12/20/2010 23:59:16,MSNBC,The Ed Show,MSNBC_20101220_230000_The_Ed_Show,https://archive.org/download/MSNBC_20101220_230000_The_Ed_Show/MSNBC_20101220_230000_The_Ed_Show.thumbs/MSNBC_20101220_230000_The_Ed_Show_003532.jpg,"has been proven to be a complete joke. you have to wonder, does earth need saving? i don't believe that climate change is real. i think that this is global warming hysteria alarmism. media matters for america,"
https://archive.org/details/MSNBC_20101221_090000_The_Ed_Show#start/3517/end/3552,12/21/2010 9:58:52,MSNBC,The Ed Show,MSNBC_20101221_090000_The_Ed_Show,https://archive.org/download/MSNBC_20101221_090000_The_Ed_Show/MSNBC_20101221_090000_The_Ed_Show.thumbs/MSNBC_20101221_090000_The_Ed_Show_003503.jpg,"has been proven to be a complete joke. you have to wonder, does earth need saving? i don't believe that climate change is real. i think that this is global warming hysteria alarmism. media matters for america,"
https://archive.org/details/MSNBC_20101230_020000_The_Rachel_Maddow_Show#start/178/end/213,12/30/2010 2:03:13,MSNBC,The Rachel Maddow Show,MSNBC_20101230_020000_The_Rachel_Maddow_Show,https://archive.org/download/MSNBC_20101230_020000_The_Rachel_Maddow_Show/MSNBC_20101230_020000_The_Rachel_Maddow_Show.thumbs/MSNBC_20101230_020000_The_Rachel_Maddow_Show_000177.jpg,"snow. businesses and travel virtually shut down. where are all the global warming alarmists now? once again for the record everybody, if it's cold anywhere any time no matter what season it is, climate change is a hoax."
https://archive.org/details/MSNBC_20101230_020000_The_Rachel_Maddow_Show#start/194/end/229,12/30/2010 2:03:29,MSNBC,The Rachel Maddow Show,MSNBC_20101230_020000_The_Rachel_Maddow_Show,https://archive.org/download/MSNBC_20101230_020000_The_Rachel_Maddow_Show/MSNBC_20101230_020000_The_Rachel_Maddow_Show.thumbs/MSNBC_20101230_020000_The_Rachel_Maddow_Show_000177.jpg,"since, you know, global warming means it's supposed to be warm all the time now, except that the phenomenon described by scientists, remember scientists, the thing they describe as climate change means extreme weather events like huge"
https://archive.org/details/MSNBC_20101230_020000_The_Rachel_Maddow_Show#start/132/end/167,12/30/2010 2:02:27,MSNBC,The Rachel Maddow Show,MSNBC_20101230_020000_The_Rachel_Maddow_Show,https://archive.org/download/MSNBC_20101230_020000_The_Rachel_Maddow_Show/MSNBC_20101230_020000_The_Rachel_Maddow_Show.thumbs/MSNBC_20101230_020000_The_Rachel_Maddow_Show_000117.jpg,"because who cares? if you don't believe in global warming, who thinks the idea of climate change is the attention of attention-starved scientists and al gore trying to fool everyone for unknown and evil purposes, you probably felt"
https://archive.org/details/MSNBC_20101208_110000_Morning_Joe#start/6180/end/6215,12/8/2010 12:43:15,MSNBC,Morning Joe,MSNBC_20101208_110000_Morning_Joe,https://archive.org/download/MSNBC_20101208_110000_Morning_Joe/MSNBC_20101208_110000_Morning_Joe.thumbs/MSNBC_20101208_110000_Morning_Joe_006180.jpg,"going to get colder. global warming should not be used as a term. we should phase that out and use climate change. that's what most of the experts -- all the experts are doing. you're also working with sam nunn -- trying to get rid of nuclear"
https://archive.org/details/MSNBC_20101220_230000_The_Ed_Show#start/3509/end/3544,12/20/2010 23:58:44,MSNBC,The Ed Show,MSNBC_20101220_230000_The_Ed_Show,https://archive.org/download/MSNBC_20101220_230000_The_Ed_Show/MSNBC_20101220_230000_The_Ed_Show.thumbs/MSNBC_20101220_230000_The_Ed_Show_003502.jpg,"and the berther nonsense is only the beginning. fox newers are 30% more likely to believe that climate change, it ain't happening. i wonder where they got that idea. all right this is our fox news global warming alert for you. it is freezing!"
https://archive.org/details/MSNBC_20101221_090000_The_Ed_Show#start/3489/end/3524,12/21/2010 9:58:24,MSNBC,The Ed Show,MSNBC_20101221_090000_The_Ed_Show,https://archive.org/download/MSNBC_20101221_090000_The_Ed_Show/MSNBC_20101221_090000_The_Ed_Show.thumbs/MSNBC_20101221_090000_The_Ed_Show_003473.jpg,"and the berther nonsense is only the beginning. fox newers are 30% more likely to believe that climate change, it ain't happening. i wonder where they got that idea. all right this is our fox news global warming alert for you. it is freezing!"
https://archive.org/details/MSNBC_20101230_020000_The_Rachel_Maddow_Show#start/162/end/197,12/30/2010 2:02:57,MSNBC,The Rachel Maddow Show,MSNBC_20101230_020000_The_Rachel_Maddow_Show,https://archive.org/download/MSNBC_20101230_020000_The_Rachel_Maddow_Show/MSNBC_20101230_020000_The_Rachel_Maddow_Show.thumbs/MSNBC_20101230_020000_The_Rachel_Maddow_Show_000147.jpg,"extremely snowy britain this week. so much for global warming. it's the coldest december in the uk since 1772. there's a lot of evidence out there to completely debunk the whole global warming theory. the east coast blanketed with"
https://archive.org/details/MSNBC_20101229_010000_Countdown_With_Keith_Olbermann#start/3408/end/3443,12/29/2010 1:57:03,MSNBC,Countdown With Keith Olbermann,MSNBC_20101229_010000_Countdown_With_Keith_Olbermann,https://archive.org/download/MSNBC_20101229_010000_Countdown_With_Keith_Olbermann/MSNBC_20101229_010000_Countdown_With_Keith_Olbermann.thumbs/MSNBC_20101229_010000_Countdown_With_Keith_Olbermann_003383.jpg,"truth about global warming.' thanks for joining us tonight. good evening, sam. so, let's start with the obvious. global warming's real, it's happening, so why have we seen two of new york's biggest snowfalls ever this year? well, imagine going into your"
https://archive.org/details/MSNBC_20101229_010000_Countdown_With_Keith_Olbermann#start/3295/end/3330,12/29/2010 1:55:10,MSNBC,Countdown With Keith Olbermann,MSNBC_20101229_010000_Countdown_With_Keith_Olbermann,https://archive.org/download/MSNBC_20101229_010000_Countdown_With_Keith_Olbermann/MSNBC_20101229_010000_Countdown_With_Keith_Olbermann.thumbs/MSNBC_20101229_010000_Countdown_With_Keith_Olbermann_003293.jpg,"their chuckle on. the fox gang reacting to the storm claiming right on cue that cold weather pours hot water on global warming. our next guest will explain why snowfalls can actually get worse during global warming. but first we wanted to explain"
https://archive.org/details/MSNBC_20101227_190000_News_Nation#start/1340/end/1375,12/27/2010 19:22:35,MSNBC,News Nation,MSNBC_20101227_190000_News_Nation,https://archive.org/download/MSNBC_20101227_190000_News_Nation/MSNBC_20101227_190000_News_Nation.thumbs/MSNBC_20101227_190000_News_Nation_001315.jpg,"what we've been looking at is decades worth of data. we average them up around the globe and what we find is several incontrovertible facts. the earth has gotten warmer. the amount of greenhouse gases in the atmosphere has increased. we know that's coming from human"
https://archive.org/details/MSNBC_20101208_110000_Morning_Joe#start/6041/end/6076,12/8/2010 12:40:56,MSNBC,Morning Joe,MSNBC_20101208_110000_Morning_Joe,https://archive.org/download/MSNBC_20101208_110000_Morning_Joe/MSNBC_20101208_110000_Morning_Joe.thumbs/MSNBC_20101208_110000_Morning_Joe_006030.jpg,"political ramifications of it like our political leaders have to do. you're usually careful with what you say. you measure every word carefully. so talk about how over the past five years it seems like global"
https://archive.org/details/MSNBC_20101220_230000_The_Ed_Show#start/3525/end/3560,12/20/2010 23:59:00,MSNBC,The Ed Show,MSNBC_20101220_230000_The_Ed_Show,https://archive.org/download/MSNBC_20101220_230000_The_Ed_Show/MSNBC_20101220_230000_The_Ed_Show.thumbs/MSNBC_20101220_230000_The_Ed_Show_003502.jpg,"across the entire globe. a winter storm pummeled the east coast this weekend. what about global warming, al gore, come on. the hot air's coming out of al gore's mouth for years now and never before like this. people are going how could there be global warming and there's snow and bear low cold."
https://archive.org/details/MSNBC_20101213_230000_The_Ed_Show#start/1809/end/1844,12/13/2010 23:30:24,MSNBC,The Ed Show,MSNBC_20101213_230000_The_Ed_Show,https://archive.org/download/MSNBC_20101213_230000_The_Ed_Show/MSNBC_20101213_230000_The_Ed_Show.thumbs/MSNBC_20101213_230000_The_Ed_Show_001795.jpg,"snow that they've had, which is interesting from a global warming perspective, but most snow in what, 50 years? well it's only proof that global warming is happening. right of course it. first of all, laughing about the tragic minneapolis bridge collapse is unacceptable. 13 people died. it isn't funny, and let me tell"
https://archive.org/details/MSNBC_20101221_090000_The_Ed_Show#start/3503/end/3538,12/21/2010 9:58:38,MSNBC,The Ed Show,MSNBC_20101221_090000_The_Ed_Show,https://archive.org/download/MSNBC_20101221_090000_The_Ed_Show/MSNBC_20101221_090000_The_Ed_Show.thumbs/MSNBC_20101221_090000_The_Ed_Show_003503.jpg,"across the entire globe. a winter storm pummeled the east coast this weekend. what about global warming, al gore, come on. the hot air's coming out of al gore's mouth for years now and never before like this. people are going how could there be global warming and there's snow and bear low cold."
https://archive.org/details/MSNBC_20101227_180000_Andrea_Mitchell_Reports#start/2199/end/2234,12/27/2010 18:36:54,MSNBC,Andrea Mitchell Reports,MSNBC_20101227_180000_Andrea_Mitchell_Reports,https://archive.org/download/MSNBC_20101227_180000_Andrea_Mitchell_Reports/MSNBC_20101227_180000_Andrea_Mitchell_Reports.thumbs/MSNBC_20101227_180000_Andrea_Mitchell_Reports_002185.jpg,"with a bunch of republicans on a number of different things. for instance, energy. expect him to move ahead on a bunch of different fronts. he used to be energy and climate change. we'll see how much climate change is really in this."
https://archive.org/details/MSNBC_20101229_210000_The_Dylan_Ratigan_Show#start/1139/end/1174,12/29/2010 21:19:14,MSNBC,The Dylan Ratigan Show,MSNBC_20101229_210000_The_Dylan_Ratigan_Show,https://archive.org/download/MSNBC_20101229_210000_The_Dylan_Ratigan_Show/MSNBC_20101229_210000_The_Dylan_Ratigan_Show.thumbs/MSNBC_20101229_210000_The_Dylan_Ratigan_Show_001135.jpg,"start taking global climate change serious limit. martha, let me give you a brief word on that a lot of ground to could have canner, a little bit of mission creep on the global climate change folks. no, i think, look, these are storms that happen."
https://archive.org/details/MSNBC_20101201_170000_MSNBC_News_Live#start/2657/end/2692,12/1/2010 17:44:32,MSNBC,MSNBC News Live,MSNBC_20101201_170000_MSNBC_News_Live,https://archive.org/download/MSNBC_20101201_170000_MSNBC_News_Live/MSNBC_20101201_170000_MSNBC_News_Live.thumbs/MSNBC_20101201_170000_MSNBC_News_Live_002634.jpg,"marching in the streets of mexico city. many chanted slogans and hoisted anti-global warming signs. they coincided with the talks underway in cancun."
https://archive.org/details/MSNBC_20101228_220000_Hardball_With_Chris_Matthews#start/198/end/233,12/28/2010 22:03:33,MSNBC,Hardball With Chris Matthews,MSNBC_20101228_220000_Hardball_With_Chris_Matthews,https://archive.org/download/MSNBC_20101228_220000_Hardball_With_Chris_Matthews/MSNBC_20101228_220000_Hardball_With_Chris_Matthews.thumbs/MSNBC_20101228_220000_Hardball_With_Chris_Matthews_000176.jpg,"for bipartisan angles, so they may be disappointed on that front. on the substance, look for him to actually deal with two things and maybe make some progress on at least one of them, energy and climate change. on the climate change thing, of course republicans are not going to be there. he's going to have to use"
https://archive.org/details/MSNBC_20101229_210000_The_Dylan_Ratigan_Show#start/1153/end/1188,12/29/2010 21:19:28,MSNBC,The Dylan Ratigan Show,MSNBC_20101229_210000_The_Dylan_Ratigan_Show,https://archive.org/download/MSNBC_20101229_210000_The_Dylan_Ratigan_Show/MSNBC_20101229_210000_The_Dylan_Ratigan_Show.thumbs/MSNBC_20101229_210000_The_Dylan_Ratigan_Show_001135.jpg,"i love it went weather forecasters say this is the worst storm in 70 years that means 70 years ago, there was a storm just like this one. these are cycles that run. yes, got to get it in place. i don't think we can link this and bloomberg to global climate"
https://archive.org/details/MSNBC_20101222_170000_MSNBC_News_Live#start/2409/end/2444,12/22/2010 17:40:24,MSNBC,MSNBC News Live,MSNBC_20101222_170000_MSNBC_News_Live,https://archive.org/download/MSNBC_20101222_170000_MSNBC_News_Live/MSNBC_20101222_170000_MSNBC_News_Live.thumbs/MSNBC_20101222_170000_MSNBC_News_Live_002394.jpg,"obama administration will roll out a plan to force power plants and refineries to clean up their act. and the government is expected to set tighter limits on greenhouse gas emissions. environmentalists are cheering. but house lawmakers have already vowed to investigate the epa"
https://archive.org/details/MSNBC_20101230_020000_The_Rachel_Maddow_Show#start/147/end/182,12/30/2010 2:02:42,MSNBC,The Rachel Maddow Show,MSNBC_20101230_020000_The_Rachel_Maddow_Show,https://archive.org/download/MSNBC_20101230_020000_The_Rachel_Maddow_Show/MSNBC_20101230_020000_The_Rachel_Maddow_Show.thumbs/MSNBC_20101230_020000_The_Rachel_Maddow_Show_000147.jpg,"vindication, sweet, sweet snow-covered vindication. for some people extreme snowstorms like we saw this week more proof that global warming is a fraud. you're looking at video of an"
https://archive.org/details/MSNBC_20101208_110000_Morning_Joe#start/6011/end/6046,12/8/2010 12:40:26,MSNBC,Morning Joe,MSNBC_20101208_110000_Morning_Joe,https://archive.org/download/MSNBC_20101208_110000_Morning_Joe/MSNBC_20101208_110000_Morning_Joe.thumbs/MSNBC_20101208_110000_Morning_Joe_006000.jpg,"week, we're celebrating it on friday. wow. let's talk about what you're doing on global warming. well, i'm basically just jawboning because i don't really have -- other than my chairmanship of the united"
https://archive.org/details/MSNBC_20101214_090000_The_Ed_Show#start/1742/end/1777,12/14/2010 9:29:17,MSNBC,The Ed Show,MSNBC_20101214_090000_The_Ed_Show,https://archive.org/download/MSNBC_20101214_090000_The_Ed_Show/MSNBC_20101214_090000_The_Ed_Show.thumbs/MSNBC_20101214_090000_The_Ed_Show_001735.jpg,"they're all wound up about the minneapolis metrodome collapsing under 17 inches of snow. fox website jumped right into it. mocking global warming with its headline 'paging gore, metrodome collapses under snowstorm.'"
https://archive.org/details/MSNBC_20101230_010000_Countdown_With_Keith_Olbermann#start/2154/end/2189,12/30/2010 1:36:09,MSNBC,Countdown With Keith Olbermann,MSNBC_20101230_010000_Countdown_With_Keith_Olbermann,https://archive.org/download/MSNBC_20101230_010000_Countdown_With_Keith_Olbermann/MSNBC_20101230_010000_Countdown_With_Keith_Olbermann.thumbs/MSNBC_20101230_010000_Countdown_With_Keith_Olbermann_002154.jpg,"big snowfalls on global warming. as countdown meteorologist explained last night, there are other factors, too. this is sunday's storm right over the northeast dropping more than two feet of snow in some"
https://archive.org/details/MSNBC_20101227_110000_Morning_Joe#start/2765/end/2800,12/27/2010 11:46:20,MSNBC,Morning Joe,MSNBC_20101227_110000_Morning_Joe,https://archive.org/download/MSNBC_20101227_110000_Morning_Joe/MSNBC_20101227_110000_Morning_Joe.thumbs/MSNBC_20101227_110000_Morning_Joe_002760.jpg,"of winter they can't understand how it's related. global warming is kind of an obsolete term because dumping heat into this big engine of climate actually cause these local imbalances and that extra"
https://archive.org/details/MSNBC_20101228_140000_The_Daily_Rundown#start/1287/end/1322,12/28/2010 14:21:42,MSNBC,The Daily Rundown,MSNBC_20101228_140000_The_Daily_Rundown,https://archive.org/download/MSNBC_20101228_140000_The_Daily_Rundown/MSNBC_20101228_140000_The_Daily_Rundown.thumbs/MSNBC_20101228_140000_The_Daily_Rundown_001285.jpg,"bills in a way that did not under clinton. in the end, they paid a high coast for seeming tor focused on a different set of priorities than the country. let's turn to what's next and in the new year, there were a number of things the president did not get done. everything from the climate"
https://archive.org/details/MSNBC_20101223_200000_MSNBC_News_Live#start/3345/end/3380,12/23/2010 20:56:00,MSNBC,MSNBC News Live,MSNBC_20101223_200000_MSNBC_News_Live,https://archive.org/download/MSNBC_20101223_200000_MSNBC_News_Live/MSNBC_20101223_200000_MSNBC_News_Live.thumbs/MSNBC_20101223_200000_MSNBC_News_Live_003323.jpg,"grant them extra protection, but with that would come pressure to further take on global warming. pat robertson is in the news for an admission that he and snoop dog may share a similar"
https://archive.org/details/MSNBC_20101227_110000_Morning_Joe#start/2576/end/2611,12/27/2010 11:43:11,MSNBC,Morning Joe,MSNBC_20101227_110000_Morning_Joe,https://archive.org/download/MSNBC_20101227_110000_Morning_Joe/MSNBC_20101227_110000_Morning_Joe.thumbs/MSNBC_20101227_110000_Morning_Joe_002580.jpg,"challenges of global warming and explaining the political message behind his film 'avatar,' the top grossing movie of all time. you talked about the importance of 'avatar,' that while al gore's message in 'an"
https://archive.org/details/MSNBC_20101229_010000_Countdown_With_Keith_Olbermann#start/3311/end/3346,12/29/2010 1:55:26,MSNBC,Countdown With Keith Olbermann,MSNBC_20101229_010000_Countdown_With_Keith_Olbermann,https://archive.org/download/MSNBC_20101229_010000_Countdown_With_Keith_Olbermann/MSNBC_20101229_010000_Countdown_With_Keith_Olbermann.thumbs/MSNBC_20101229_010000_Countdown_With_Keith_Olbermann_003293.jpg,"the technical meteorological reasons that storms like this fuel global warming denial. for that report, let's go to our 'countdown' meteorologist, sam seeder. sam? thanks, sam. now, this is sunday's storm right over the northeast,"
https://archive.org/details/MSNBC_20101213_230000_The_Ed_Show#start/1761/end/1796,12/13/2010 23:29:36,MSNBC,The Ed Show,MSNBC_20101213_230000_The_Ed_Show,https://archive.org/download/MSNBC_20101213_230000_The_Ed_Show/MSNBC_20101213_230000_The_Ed_Show.thumbs/MSNBC_20101213_230000_The_Ed_Show_001735.jpg,"it. mocking global warming with its headline 'paging gore, metrodome collapses under snowstorm.' and then of course glenn beck and the stooges on the radio tackled the winter storms with a dose of their trademark sarcasm."
https://archive.org/details/MSNBC_20101214_040000_Countdown_With_Keith_Olbermann#start/2891/end/2926,12/14/2010 4:48:26,MSNBC,Countdown With Keith Olbermann,MSNBC_20101214_040000_Countdown_With_Keith_Olbermann,https://archive.org/download/MSNBC_20101214_040000_Countdown_With_Keith_Olbermann/MSNBC_20101214_040000_Countdown_With_Keith_Olbermann.thumbs/MSNBC_20101214_040000_Countdown_With_Keith_Olbermann_002874.jpg,"worst person in the world. mr. beck noted the roof collapse and said it was proof that global warming is happening. this is what happens when you let stupid people out of their homes. weather is different than the"
https://archive.org/details/MSNBC_20101214_070000_Countdown_With_Keith_Olbermann#start/2890/end/2925,12/14/2010 7:48:25,MSNBC,Countdown With Keith Olbermann,MSNBC_20101214_070000_Countdown_With_Keith_Olbermann,https://archive.org/download/MSNBC_20101214_070000_Countdown_With_Keith_Olbermann/MSNBC_20101214_070000_Countdown_With_Keith_Olbermann.thumbs/MSNBC_20101214_070000_Countdown_With_Keith_Olbermann_002873.jpg,"global warming is happening. this is what happens when you let stupid people out of their homes. weather is different than the climate. nasa reported that 2010 will register as the hottest climate year on record."
https://archive.org/details/MSNBC_20101222_170000_MSNBC_News_Live#start/1161/end/1196,12/22/2010 17:19:36,MSNBC,MSNBC News Live,MSNBC_20101222_170000_MSNBC_News_Live,https://archive.org/download/MSNBC_20101222_170000_MSNBC_News_Live/MSNBC_20101222_170000_MSNBC_News_Live.thumbs/MSNBC_20101222_170000_MSNBC_News_Live_001136.jpg,"global warming. only one in ten species survived. the newly found fossils are well preserved. more than half of them completely intact including soft tissues which, scientists say, can provide a ton of information. we're looking forward to it."
https://archive.org/details/MSNBC_20101214_090000_The_Ed_Show#start/1803/end/1838,12/14/2010 9:30:18,MSNBC,The Ed Show,MSNBC_20101214_090000_The_Ed_Show,https://archive.org/download/MSNBC_20101214_090000_The_Ed_Show/MSNBC_20101214_090000_The_Ed_Show.thumbs/MSNBC_20101214_090000_The_Ed_Show_001795.jpg,"global warming is happening. right of course it. first of all, laughing about the tragic minneapolis bridge collapse is unacceptable. 13 people died. it isn't funny, and let me tell you something about the metrodome, i've covered dozens"
https://archive.org/details/MSNBC_20101228_010000_Countdown_With_Keith_Olbermann#start/2195/end/2230,12/28/2010 1:36:50,MSNBC,Countdown With Keith Olbermann,MSNBC_20101228_010000_Countdown_With_Keith_Olbermann,https://archive.org/download/MSNBC_20101228_010000_Countdown_With_Keith_Olbermann/MSNBC_20101228_010000_Countdown_With_Keith_Olbermann.thumbs/MSNBC_20101228_010000_Countdown_With_Keith_Olbermann_002185.jpg,"snowmageddon. while counterintuitive to the phrase, global warming, trends are to blame for the snowstorms. the impact of this storm reaches beyond the eastern seaboard. nbc's jeff rossen has more. reporter: the day started like this."
https://archive.org/details/MSNBC_20101230_010000_Countdown_With_Keith_Olbermann#start/2233/end/2268,12/30/2010 1:37:28,MSNBC,Countdown With Keith Olbermann,MSNBC_20101230_010000_Countdown_With_Keith_Olbermann,https://archive.org/download/MSNBC_20101230_010000_Countdown_With_Keith_Olbermann/MSNBC_20101230_010000_Countdown_With_Keith_Olbermann.thumbs/MSNBC_20101230_010000_Countdown_With_Keith_Olbermann_002214.jpg,"back to you, sam. that was last night's report from sam cedar. ironically however, the heavy snowfalls caused by global warming illustrate some of the reasons you need big government. it's not because you need big"
https://archive.org/details/MSNBC_20101214_090000_The_Ed_Show#start/1835/end/1870,12/14/2010 9:30:50,MSNBC,The Ed Show,MSNBC_20101214_090000_The_Ed_Show,https://archive.org/download/MSNBC_20101214_090000_The_Ed_Show/MSNBC_20101214_090000_The_Ed_Show.thumbs/MSNBC_20101214_090000_The_Ed_Show_001825.jpg,"talking point about global warming is just warmed over 'psycho talk.' coming up, does the tan man, does he have some emotional issues that we really need to talk about? he lost control on tv again over the american dream?"
https://archive.org/details/MSNBC_20101213_230000_The_Ed_Show#start/1840/end/1875,12/13/2010 23:30:55,MSNBC,The Ed Show,MSNBC_20101213_230000_The_Ed_Show,https://archive.org/download/MSNBC_20101213_230000_The_Ed_Show/MSNBC_20101213_230000_The_Ed_Show.thumbs/MSNBC_20101213_230000_The_Ed_Show_001825.jpg,"friends to use the metro collapse as their push, their annual push bogus right-wing talking point about global warming is just warmed over 'psycho talk.' coming up, does the tan man, does he have some emotional issues that we really need to"
https://archive.org/details/MSNBC_20101230_020000_The_Rachel_Maddow_Show#start/350/end/385,12/30/2010 2:06:05,MSNBC,The Rachel Maddow Show,MSNBC_20101230_020000_The_Rachel_Maddow_Show,https://archive.org/download/MSNBC_20101230_020000_The_Rachel_Maddow_Show/MSNBC_20101230_020000_The_Rachel_Maddow_Show.thumbs/MSNBC_20101230_020000_The_Rachel_Maddow_Show_000326.jpg,"prosperity flies big, red, hot air balloons across the country as part of the hot air tour. you know global warming is just a bunch of hot air. get it? convenien conveniently this group was founded by a man named david"
https://archive.org/details/MSNBC_20101214_010000_Countdown_With_Keith_Olbermann#start/3486/end/3521,12/14/2010 1:58:21,MSNBC,Countdown With Keith Olbermann,MSNBC_20101214_010000_Countdown_With_Keith_Olbermann,https://archive.org/download/MSNBC_20101214_010000_Countdown_With_Keith_Olbermann/MSNBC_20101214_010000_Countdown_With_Keith_Olbermann.thumbs/MSNBC_20101214_010000_Countdown_With_Keith_Olbermann_003473.jpg,"the war on christmas. you might say a cold front. the people fighting back against this war on christmas feel there's a lot of sympathy in the liberal media toward frosty the snowman, because global warming has made its existence all the more"
https://archive.org/details/MSNBC_20101214_070000_Countdown_With_Keith_Olbermann#start/132/end/167,12/14/2010 7:02:27,MSNBC,Countdown With Keith Olbermann,MSNBC_20101214_070000_Countdown_With_Keith_Olbermann,https://archive.org/download/MSNBC_20101214_070000_Countdown_With_Keith_Olbermann/MSNBC_20101214_070000_Countdown_With_Keith_Olbermann.thumbs/MSNBC_20101214_070000_Countdown_With_Keith_Olbermann_000116.jpg,"this is proof there is no climate change. and the catholic league attacks the young men's christian association for emphasizing frosty the snowman instead of"
https://archive.org/details/MSNBC_20101208_110000_Morning_Joe#start/6102/end/6137,12/8/2010 12:41:57,MSNBC,Morning Joe,MSNBC_20101208_110000_Morning_Joe,https://archive.org/download/MSNBC_20101208_110000_Morning_Joe/MSNBC_20101208_110000_Morning_Joe.thumbs/MSNBC_20101208_110000_Morning_Joe_006090.jpg,"lot, we ignore it at our peril. what if the global warming skeptics are wrong. what if the scientists and the people that observe the glaciers melting and so forth are right and we have a world that's five or ten degrees hotter than it is"
https://archive.org/details/MSNBC_20101208_110000_Morning_Joe#start/6146/end/6181,12/8/2010 12:42:41,MSNBC,Morning Joe,MSNBC_20101208_110000_Morning_Joe,https://archive.org/download/MSNBC_20101208_110000_Morning_Joe/MSNBC_20101208_110000_Morning_Joe.thumbs/MSNBC_20101208_110000_Morning_Joe_006120.jpg,"there. mike? do you think part of the problem is that when a lot of people -- not a lot of people burks i think more than a few people, when they hear the phrase global warming, average people think they're walking around in earth shoes and listen"
https://archive.org/details/MSNBC_20101214_090000_The_Ed_Show#start/1727/end/1762,12/14/2010 9:29:02,MSNBC,The Ed Show,MSNBC_20101214_090000_The_Ed_Show,https://archive.org/download/MSNBC_20101214_090000_The_Ed_Show/MSNBC_20101214_090000_The_Ed_Show.thumbs/MSNBC_20101214_090000_The_Ed_Show_001675.jpg,"country is giving the righties their yearly excuse to rail against global warming, here we go again, and as usual they're ignoring all of the facts like a nasa study saying that 2010 will likely be the hottest year on record. well, the fox news family,"
https://archive.org/details/MSNBC_20101213_230000_The_Ed_Show#start/1497/end/1532,12/13/2010 23:25:12,MSNBC,The Ed Show,MSNBC_20101213_230000_The_Ed_Show,https://archive.org/download/MSNBC_20101213_230000_The_Ed_Show/MSNBC_20101213_230000_The_Ed_Show.thumbs/MSNBC_20101213_230000_The_Ed_Show_001495.jpg,"me to do? more on this tomorrow. coming up, the beckster's using a massive midwest snowstorm to mock global warming. hey, i'm going to crank up the heat on this one. on the clown. does he have an idea how we could fix the metrodome?"
https://archive.org/details/MSNBC_20101229_010000_Countdown_With_Keith_Olbermann#start/2612/end/2647,12/29/2010 1:43:47,MSNBC,Countdown With Keith Olbermann,MSNBC_20101229_010000_Countdown_With_Keith_Olbermann,https://archive.org/download/MSNBC_20101229_010000_Countdown_With_Keith_Olbermann/MSNBC_20101229_010000_Countdown_With_Keith_Olbermann.thumbs/MSNBC_20101229_010000_Countdown_With_Keith_Olbermann_002604.jpg,"tonight. thanks for having me on. if it snowed in new york city and nobody seemed to be plowing the streets, would it -- oh, wait. that happened. and whenever it snows, the deniers call it proof that global warming is a myth. by this year's snowstorm"
https://archive.org/details/MSNBC_20101229_010000_Countdown_With_Keith_Olbermann#start/3280/end/3315,12/29/2010 1:54:55,MSNBC,Countdown With Keith Olbermann,MSNBC_20101229_010000_Countdown_With_Keith_Olbermann,https://archive.org/download/MSNBC_20101229_010000_Countdown_With_Keith_Olbermann/MSNBC_20101229_010000_Countdown_With_Keith_Olbermann.thumbs/MSNBC_20101229_010000_Countdown_With_Keith_Olbermann_003263.jpg,"years. january 1996, fourth heaviest, february of this year, third heaviest, february of 2006, heaviest on record. in our number-one story tonight, you know what time it is when winter's snowfall first comes around. it's time for the right-wing global warming deniers to get"
https://archive.org/details/MSNBC_20101230_010000_Countdown_With_Keith_Olbermann#start/2138/end/2173,12/30/2010 1:35:53,MSNBC,Countdown With Keith Olbermann,MSNBC_20101230_010000_Countdown_With_Keith_Olbermann,https://archive.org/download/MSNBC_20101230_010000_Countdown_With_Keith_Olbermann/MSNBC_20101230_010000_Countdown_With_Keith_Olbermann.thumbs/MSNBC_20101230_010000_Countdown_With_Keith_Olbermann_002064.jpg,"blizzard are clear. in our number three story, some of the effects are political ones. as we reported on this news hour last night, big snowfalls like this week's fuels the denial of global warming. it's obviously counterintuitive on a simplistic level to have"
https://archive.org/details/MSNBC_20101214_010000_Countdown_With_Keith_Olbermann#start/2908/end/2943,12/14/2010 1:48:43,MSNBC,Countdown With Keith Olbermann,MSNBC_20101214_010000_Countdown_With_Keith_Olbermann,https://archive.org/download/MSNBC_20101214_010000_Countdown_With_Keith_Olbermann/MSNBC_20101214_010000_Countdown_With_Keith_Olbermann.thumbs/MSNBC_20101214_010000_Countdown_With_Keith_Olbermann_002904.jpg,"global warming is happening. this is what happens when you let stupid people out of their homes. weather is different than climate. the good news, we have obtained exclusive video of this mri of mr. beck's head, and, thus, what his brain looks like in action."
https://archive.org/details/MSNBC_20101228_110000_Morning_Joe#start/9874/end/9909,12/28/2010 13:44:49,MSNBC,Morning Joe,MSNBC_20101228_110000_Morning_Joe,https://archive.org/download/MSNBC_20101228_110000_Morning_Joe/MSNBC_20101228_110000_Morning_Joe.thumbs/MSNBC_20101228_110000_Morning_Joe_009870.jpg,"closing. climate change denial is not helping. in fact, it's the opposite. so, we really need to grasp this and say, we have a chance to"
https://archive.org/details/MSNBC_20101206_160000_Jansing_and_Co.#start/3168/end/3203,12/6/2010 16:53:03,MSNBC,Jansing and Co.,MSNBC_20101206_160000_Jansing_and_Co.,https://archive.org/download/MSNBC_20101206_160000_Jansing_and_Co./MSNBC_20101206_160000_Jansing_and_Co..thumbs/MSNBC_20101206_160000_Jansing_and_Co._003144.jpg,"birmese pythons in there, climate change is biting into that, too, in terms of the water, but i think we're on an upward curve. thank you so much."
https://archive.org/details/MSNBC_20101227_190000_News_Nation#start/1367/end/1402,12/27/2010 19:23:02,MSNBC,News Nation,MSNBC_20101227_190000_News_Nation,https://archive.org/download/MSNBC_20101227_190000_News_Nation/MSNBC_20101227_190000_News_Nation.thumbs/MSNBC_20101227_190000_News_Nation_001345.jpg,"so you don't doubt climate change at all. then is it a catastrophe? no, it's not a catastrophe. there have been local disasters that are really, really bad."
https://archive.org/details/MSNBC_20101228_010000_Countdown_With_Keith_Olbermann#start/2173/end/2208,12/28/2010 1:36:28,MSNBC,Countdown With Keith Olbermann,MSNBC_20101228_010000_Countdown_With_Keith_Olbermann,https://archive.org/download/MSNBC_20101228_010000_Countdown_With_Keith_Olbermann/MSNBC_20101228_010000_Countdown_With_Keith_Olbermann.thumbs/MSNBC_20101228_010000_Countdown_With_Keith_Olbermann_002065.jpg,"country, curtesy of climate change. the northeast, covered with about two feet of snow in the new york city area, making this blizzard the largest since last february's infamous"
https://archive.org/details/MSNBC_20101213_230000_The_Ed_Show#start/951/end/986,12/13/2010 23:16:06,MSNBC,The Ed Show,MSNBC_20101213_230000_The_Ed_Show,https://archive.org/download/MSNBC_20101213_230000_The_Ed_Show/MSNBC_20101213_230000_The_Ed_Show.thumbs/MSNBC_20101213_230000_The_Ed_Show_000925.jpg,"palin's grandstanding tour in haiti is over, folks. and i've got pictures to prove that she's exploiting people for media attention. plus, a bush-appointed judge rules against president obama's health care law and the beckster is freaking out over global warming. you're watching 'the ed show.' se full key."
https://archive.org/details/MSNBC_20101213_230000_The_Ed_Show#start/1729/end/1764,12/13/2010 23:29:04,MSNBC,The Ed Show,MSNBC_20101213_230000_The_Ed_Show,https://archive.org/download/MSNBC_20101213_230000_The_Ed_Show/MSNBC_20101213_230000_The_Ed_Show.thumbs/MSNBC_20101213_230000_The_Ed_Show_001705.jpg,"tonight, all of the wintry weather across the middle of the country is giving the righties their yearly excuse to rail against global warming, here we go again, and as usual they're ignoring all of the facts like a nasa study saying that 2010 will likely be the hottest year on"
https://archive.org/details/MSNBC_20101213_230000_The_Ed_Show#start/1824/end/1859,12/13/2010 23:30:39,MSNBC,The Ed Show,MSNBC_20101213_230000_The_Ed_Show,https://archive.org/download/MSNBC_20101213_230000_The_Ed_Show/MSNBC_20101213_230000_The_Ed_Show.thumbs/MSNBC_20101213_230000_The_Ed_Show_001825.jpg,"you something about the metrodome, i've covered dozens of games in that stadium in the last 30 years it's not global warming. the metrodome has been a dump, always has been, always will be. it has caved in four other times. so for the beckster and his fox"
https://archive.org/details/MSNBC_20101214_090000_The_Ed_Show#start/1010/end/1045,12/14/2010 9:17:05,MSNBC,The Ed Show,MSNBC_20101214_090000_The_Ed_Show,https://archive.org/download/MSNBC_20101214_090000_The_Ed_Show/MSNBC_20101214_090000_The_Ed_Show.thumbs/MSNBC_20101214_090000_The_Ed_Show_000926.jpg,"haiti is over, folks. and i've got pictures to prove that she's exploiting people for media attention. plus, a bush-appointed judge rules against president obama's health care law and the beckster is freaking out over global warming. you're watching 'the ed show.'. coming up, we've got the"
https://archive.org/details/MSNBC_20101214_090000_The_Ed_Show#start/1788/end/1823,12/14/2010 9:30:03,MSNBC,The Ed Show,MSNBC_20101214_090000_The_Ed_Show,https://archive.org/download/MSNBC_20101214_090000_The_Ed_Show/MSNBC_20101214_090000_The_Ed_Show.thumbs/MSNBC_20101214_090000_The_Ed_Show_001765.jpg,"stadiums and the bridges. shouldn't they both hold up? i mean you didn't than there would be snow. yeah they do but the most snow that they've had, which is interesting from a global warming perspective, but most snow in what, 50 years? well it's only proof that"
https://archive.org/details/MSNBC_20101231_150000_MSNBC_News_Live#start/1982/end/2017,12/31/2010 15:33:17,MSNBC,MSNBC News Live,MSNBC_20101231_150000_MSNBC_News_Live,https://archive.org/download/MSNBC_20101231_150000_MSNBC_News_Live/MSNBC_20101231_150000_MSNBC_News_Live.thumbs/MSNBC_20101231_150000_MSNBC_News_Live_001974.jpg,"energy situation given our need to get off foreign independence and the global warming issue, the white house feels it has better arguments than the republicans do on it and they are looking to engage them in a fight. you're looking for a democrat in the white house, in particular,"
https://archive.org/details/MSNBC_20101214_040000_Countdown_With_Keith_Olbermann#start/131/end/166,12/14/2010 4:02:26,MSNBC,Countdown With Keith Olbermann,MSNBC_20101214_040000_Countdown_With_Keith_Olbermann,https://archive.org/download/MSNBC_20101214_040000_Countdown_With_Keith_Olbermann/MSNBC_20101214_040000_Countdown_With_Keith_Olbermann.thumbs/MSNBC_20101214_040000_Countdown_With_Keith_Olbermann_000116.jpg,"beck? this is proof there is no climate change. and the catholic league attacks the young men's christian association for emphasizing frosty the snowman instead of santy at a christmas party."
https://archive.org/details/MSNBC_20101229_010000_Countdown_With_Keith_Olbermann#start/1001/end/1036,12/29/2010 1:16:56,MSNBC,Countdown With Keith Olbermann,MSNBC_20101229_010000_Countdown_With_Keith_Olbermann,https://archive.org/download/MSNBC_20101229_010000_Countdown_With_Keith_Olbermann/MSNBC_20101229_010000_Countdown_With_Keith_Olbermann.thumbs/MSNBC_20101229_010000_Countdown_With_Keith_Olbermann_000986.jpg,"and the more the right denies climate change, the more it seems to change. the snowstorm is proof. while going shoeless and metal-free in seconds. and you.rent from national."
https://archive.org/details/MSNBC_20101229_000000_Hardball_With_Chris_Matthews#start/196/end/231,12/29/2010 0:03:31,MSNBC,Hardball With Chris Matthews,MSNBC_20101229_000000_Hardball_With_Chris_Matthews,https://archive.org/download/MSNBC_20101229_000000_Hardball_With_Chris_Matthews/MSNBC_20101229_000000_Hardball_With_Chris_Matthews.thumbs/MSNBC_20101229_000000_Hardball_With_Chris_Matthews_000176.jpg,"has really stepped up, until late in the year, so they want to see something that he's not that comfortable doing unless he's in a campaign setting. of course, we'll be heading into that campaign so they may get more of the fight they're looking for. i suspect he may be treading that middle ground and looking for bipartisan angles, so they may be disappointed on that front. but on the substance, look for him to actually deal with two things and maybe make some progress on at least one of them, energy and climate change. on the climate change thing, of course republicans are not going"
https://archive.org/details/MSNBC_20101214_010000_Countdown_With_Keith_Olbermann#start/3515/end/3550,12/14/2010 1:58:50,MSNBC,Countdown With Keith Olbermann,MSNBC_20101214_010000_Countdown_With_Keith_Olbermann,https://archive.org/download/MSNBC_20101214_010000_Countdown_With_Keith_Olbermann/MSNBC_20101214_010000_Countdown_With_Keith_Olbermann.thumbs/MSNBC_20101214_010000_Countdown_With_Keith_Olbermann_003503.jpg,"nothing more than a wartime propaganda for climate change. there's a feeling that there's also a war against -- don't forget traditional christmas songs like 'silent night' 'the first noel' and ymca by the"
https://archive.org/details/MSNBC_20101214_090000_The_Ed_Show#start/1488/end/1523,12/14/2010 9:25:03,MSNBC,The Ed Show,MSNBC_20101214_090000_The_Ed_Show,https://archive.org/download/MSNBC_20101214_090000_The_Ed_Show/MSNBC_20101214_090000_The_Ed_Show.thumbs/MSNBC_20101214_090000_The_Ed_Show_001465.jpg,"ask them, now what do you want me to do? more on this tomorrow. coming up, the beckster's using a massive midwest snowstorm to mock global warming. hey, i'm going to crank up the heat on this one. on the clown. does he have an idea how we could fix the metrodome?"
https://archive.org/details/MSNBC_20101214_040000_Countdown_With_Keith_Olbermann#start/3508/end/3543,12/14/2010 4:58:43,MSNBC,Countdown With Keith Olbermann,MSNBC_20101214_040000_Countdown_With_Keith_Olbermann,https://archive.org/download/MSNBC_20101214_040000_Countdown_With_Keith_Olbermann/MSNBC_20101214_040000_Countdown_With_Keith_Olbermann.thumbs/MSNBC_20101214_040000_Countdown_With_Keith_Olbermann_003503.jpg,"nothing more than a wartime propaganda for climate change. there's a feeling that there's also a war against -- don't forget traditional christmas songs like 'silent night' 'the first noel' and 'ymca' by the village people."
https://archive.org/details/MSNBC_20101214_070000_Countdown_With_Keith_Olbermann#start/3489/end/3524,12/14/2010 7:58:24,MSNBC,Countdown With Keith Olbermann,MSNBC_20101214_070000_Countdown_With_Keith_Olbermann,https://archive.org/download/MSNBC_20101214_070000_Countdown_With_Keith_Olbermann/MSNBC_20101214_070000_Countdown_With_Keith_Olbermann.thumbs/MSNBC_20101214_070000_Countdown_With_Keith_Olbermann_003472.jpg,"resurrected from the dead in three days? i don't think so. they feel his annual special is nothing more than a wartime propaganda for climate change. there's a feeling that there's also a war against -- don't       _"
https://archive.org/details/MSNBC_20101215_230000_The_Ed_Show#start/2513/end/2548,12/15/2010 23:42:08,MSNBC,The Ed Show,MSNBC_20101215_230000_The_Ed_Show,https://archive.org/download/MSNBC_20101215_230000_The_Ed_Show/MSNBC_20101215_230000_The_Ed_Show.thumbs/MSNBC_20101215_230000_The_Ed_Show_002513.jpg,"stories. more foxy leaks. new e-mails. to push conservative talking points on climate change. and the house's historic vote to repeal don't ask, don't tell is marred by some ugly republican talk about gay americans."
https://archive.org/details/MSNBC_20101208_110000_Morning_Joe#start/6164/end/6199,12/8/2010 12:42:59,MSNBC,Morning Joe,MSNBC_20101208_110000_Morning_Joe,https://archive.org/download/MSNBC_20101208_110000_Morning_Joe/MSNBC_20101208_110000_Morning_Joe.thumbs/MSNBC_20101208_110000_Morning_Joe_006150.jpg,"to 'the lovin spoonful.' why not from a marketing standpoint go with climate change? that's what we're doing. some areas are getting colder, take a look out the window here in new york. some areas -- some areas are                 _"
https://archive.org/details/MSNBC_20101208_110000_Morning_Joe#start/6195/end/6230,12/8/2010 12:43:30,MSNBC,Morning Joe,MSNBC_20101208_110000_Morning_Joe,https://archive.org/download/MSNBC_20101208_110000_Morning_Joe/MSNBC_20101208_110000_Morning_Joe.thumbs/MSNBC_20101208_110000_Morning_Joe_006180.jpg,"weapons. other than the threat from climate change, the threat of blowing ourselves up accidentally or a madman gets control -- for instance, pakistan has about 100 nuclear weapons and we don't even know who is really running pakistan."
https://archive.org/details/MSNBC_20101221_030000_The_Last_Word#start/331/end/366,12/21/2010 3:05:46,MSNBC,The Last Word,MSNBC_20101221_030000_The_Last_Word,https://archive.org/download/MSNBC_20101221_030000_The_Last_Word/MSNBC_20101221_030000_The_Last_Word.thumbs/MSNBC_20101221_030000_The_Last_Word_000326.jpg,"climate change, the importance of bipartisanship, even on whether he's a maverick or not, mccain has turned on himself and left the rest of us to wonder, what's up with john mccain? joining me now are cliff"
https://archive.org/details/MSNBC_20101221_060000_The_Last_Word#start/491/end/526,12/21/2010 6:08:26,MSNBC,The Last Word,MSNBC_20101221_060000_The_Last_Word,https://archive.org/download/MSNBC_20101221_060000_The_Last_Word/MSNBC_20101221_060000_The_Last_Word.thumbs/MSNBC_20101221_060000_The_Last_Word_000476.jpg,"but the operative word is protect bitter rather than amnesia amnesiac. he remembers things that have been done to him. he changes his mind on issues like climate change, immigration, relationships with vietnam. he's never changed his mind on"
https://archive.org/details/MSNBC_20101227_190000_News_Nation#start/1299/end/1334,12/27/2010 19:21:54,MSNBC,News Nation,MSNBC_20101227_190000_News_Nation,https://archive.org/download/MSNBC_20101227_190000_News_Nation/MSNBC_20101227_190000_News_Nation.thumbs/MSNBC_20101227_190000_News_Nation_001285.jpg,"still a lot of people have major doubts about weather climate change is happening because of human behavior. and especially when you look at the historical cycles over, you know, thousands of years shlg potentially millions of years."
https://archive.org/details/MSNBC_20101214_090000_The_Ed_Show#start/1819/end/1854,12/14/2010 9:30:34,MSNBC,The Ed Show,MSNBC_20101214_090000_The_Ed_Show,https://archive.org/download/MSNBC_20101214_090000_The_Ed_Show/MSNBC_20101214_090000_The_Ed_Show.thumbs/MSNBC_20101214_090000_The_Ed_Show_001795.jpg,"of games in that stadium in the last 30 years it's not global warming. the metrodome has been a dump, always has been, always will be. it has caved in four other times. so for the beckster and his fox friends to use the metro collapse as their push, their annual push bogus right-wing"
https://archive.org/details/MSNBC_20101202_000000_Hardball_With_Chris_Matthews#start/870/end/905,12/2/2010 0:14:45,MSNBC,Hardball With Chris Matthews,MSNBC_20101202_000000_Hardball_With_Chris_Matthews,https://archive.org/download/MSNBC_20101202_000000_Hardball_With_Chris_Matthews/MSNBC_20101202_000000_Hardball_With_Chris_Matthews.thumbs/MSNBC_20101202_000000_Hardball_With_Chris_Matthews_000866.jpg,"used as a bully pulpit against those who believe that humans are causing global warming. in the other corner you've got ralph hall of texas who says people can't change nature. this is the chairmanship of the house science committee and they're actually fighting over who is less of a believer in science. what a party."
https://archive.org/details/MSNBC_20101214_040000_Countdown_With_Keith_Olbermann#start/3479/end/3514,12/14/2010 4:58:14,MSNBC,Countdown With Keith Olbermann,MSNBC_20101214_040000_Countdown_With_Keith_Olbermann,https://archive.org/download/MSNBC_20101214_040000_Countdown_With_Keith_Olbermann/MSNBC_20101214_040000_Countdown_With_Keith_Olbermann.thumbs/MSNBC_20101214_040000_Countdown_With_Keith_Olbermann_003473.jpg,"opened up a whole new front on the war on christmas. you might say a cold front. the people fighting back against this war on christmas feel there's a lot of sympathy in the liberal media toward frosty the snowman, because global warming has made its existence all the more precarious. they also consider the frosty"
https://archive.org/details/MSNBC_20101214_070000_Countdown_With_Keith_Olbermann#start/3481/end/3516,12/14/2010 7:58:16,MSNBC,Countdown With Keith Olbermann,MSNBC_20101214_070000_Countdown_With_Keith_Olbermann,https://archive.org/download/MSNBC_20101214_070000_Countdown_With_Keith_Olbermann/MSNBC_20101214_070000_Countdown_With_Keith_Olbermann.thumbs/MSNBC_20101214_070000_Countdown_With_Keith_Olbermann_003472.jpg,"this war on christmas feel there's a lot of sympathy in the liberal media toward frosty the snowman, because global warming has made its existence all the more precarious. they also consider the frosty the snowman song blasphemous. at the end of the song, he says, don't cry, i'll come back again one day. oh, so now you're the one being"
https://archive.org/details/MSNBC_20101208_110000_Morning_Joe#start/9979/end/10014,12/8/2010 13:46:34,MSNBC,Morning Joe,MSNBC_20101208_110000_Morning_Joe,https://archive.org/download/MSNBC_20101208_110000_Morning_Joe/MSNBC_20101208_110000_Morning_Joe.thumbs/MSNBC_20101208_110000_Morning_Joe_009960.jpg,"climate change deny l is not helping. in fact, it's the opposite. so, we really need to grasp this and say, we have a chance to turn it around, but it's a small challenge. i wonder if they had a list"
https://archive.org/details/MSNBC_20101208_110000_Morning_Joe#start/6385/end/6420,12/8/2010 12:46:40,MSNBC,Morning Joe,MSNBC_20101208_110000_Morning_Joe,https://archive.org/download/MSNBC_20101208_110000_Morning_Joe/MSNBC_20101208_110000_Morning_Joe.thumbs/MSNBC_20101208_110000_Morning_Joe_006360.jpg,"tough for me to tackle, so i'm not going to be political. i think he's doing a good job. would i do some things differently? absolutely. i think, for instance, climate change should have been the top priority rather thanks as much"
https://archive.org/details/MSNBC_20101229_210000_The_Dylan_Ratigan_Show#start/1093/end/1128,12/29/2010 21:18:28,MSNBC,The Dylan Ratigan Show,MSNBC_20101229_210000_The_Dylan_Ratigan_Show,https://archive.org/download/MSNBC_20101229_210000_The_Dylan_Ratigan_Show/MSNBC_20101229_210000_The_Dylan_Ratigan_Show.thumbs/MSNBC_20101229_210000_The_Dylan_Ratigan_Show_001075.jpg,"can add this. this is partially a cautionary tale. this is a question of global climate change, how much more intense weather is going to be. when you mix that with -- david, wait, wait, wait a minute -- i got to tell you,"
https://archive.org/details/MSNBC_20101227_110000_Morning_Joe#start/3008/end/3043,12/27/2010 11:50:23,MSNBC,Morning Joe,MSNBC_20101227_110000_Morning_Joe,https://archive.org/download/MSNBC_20101227_110000_Morning_Joe/MSNBC_20101227_110000_Morning_Joe.thumbs/MSNBC_20101227_110000_Morning_Joe_003000.jpg,"recent poll. and as you went to senators yesterday talking about the importance of climate change, you heard from just about everybody, don't use that word. can't use that word. it's a dirty word, yeah. how did that happen the past"
https://archive.org/details/MSNBC_20101230_020000_The_Rachel_Maddow_Show#start/254/end/289,12/30/2010 2:04:29,MSNBC,The Rachel Maddow Show,MSNBC_20101230_020000_The_Rachel_Maddow_Show,https://archive.org/download/MSNBC_20101230_020000_The_Rachel_Maddow_Show/MSNBC_20101230_020000_The_Rachel_Maddow_Show.thumbs/MSNBC_20101230_020000_The_Rachel_Maddow_Show_000237.jpg,"will happen in the congress, it has to go through fred upton's energy committee. where does he stand on climate change? well, congressman upton has penned an op ed in the 'wall street journal' in which he rails against the obama"
https://archive.org/details/MSNBC_20101210_000000_Hardball_With_Chris_Matthews#start/61/end/96,12/10/2010 0:01:16,MSNBC,Hardball With Chris Matthews,MSNBC_20101210_000000_Hardball_With_Chris_Matthews,https://archive.org/download/MSNBC_20101210_000000_Hardball_With_Chris_Matthews/MSNBC_20101210_000000_Hardball_With_Chris_Matthews.thumbs/MSNBC_20101210_000000_Hardball_With_Chris_Matthews_000057.jpg,"his tax agreement with republicans with the kind of intensity the democrats wish he had -- they had seen from him on their issues. they want to know why mr. obama didn't fight as hard for the public option or carbon tax or against the tax breaks for the wealthy. even if he didn't have their"
https://archive.org/details/MSNBC_20101218_010000_Countdown_With_Keith_Olbermann#start/2409/end/2444,12/18/2010 1:40:24,MSNBC,Countdown With Keith Olbermann,MSNBC_20101218_010000_Countdown_With_Keith_Olbermann,https://archive.org/download/MSNBC_20101218_010000_Countdown_With_Keith_Olbermann/MSNBC_20101218_010000_Countdown_With_Keith_Olbermann.thumbs/MSNBC_20101218_010000_Countdown_With_Keith_Olbermann_002394.jpg,"have a climate change debate and a massive percent of the population is living in an alternate reality about what that is. this isn't just about lying, this is about an organized political strategy. media matters released a memo from the washington bureau chief"
https://archive.org/details/MSNBC_20101227_180000_Andrea_Mitchell_Reports#start/3344/end/3379,12/27/2010 18:55:59,MSNBC,Andrea Mitchell Reports,MSNBC_20101227_180000_Andrea_Mitchell_Reports,https://archive.org/download/MSNBC_20101227_180000_Andrea_Mitchell_Reports/MSNBC_20101227_180000_Andrea_Mitchell_Reports.thumbs/MSNBC_20101227_180000_Andrea_Mitchell_Reports_003324.jpg,"strands holiday travelers. plus this is just the late nest the year of crazy weather. hurricanes, mud slides, extreme temperatures. is this climate change? and today's gut check. a husband finds out his wife is cheating with an abusive man. he tells her son's father to"
https://archive.org/details/MSNBC_20101227_190000_News_Nation#start/1388/end/1423,12/27/2010 19:23:23,MSNBC,News Nation,MSNBC_20101227_190000_News_Nation,https://archive.org/download/MSNBC_20101227_190000_News_Nation/MSNBC_20101227_190000_News_Nation.thumbs/MSNBC_20101227_190000_News_Nation_001375.jpg,"20 million people displaced from their homes. that's a real disaster. it's a disaster in a place where it's our biggest ally in the vote against international terrorism. whether or not we can say that one event was because of climate change, that's the type of event"
https://archive.org/details/MSNBC_20101227_190000_News_Nation#start/1404/end/1439,12/27/2010 19:23:39,MSNBC,News Nation,MSNBC_20101227_190000_News_Nation,https://archive.org/download/MSNBC_20101227_190000_News_Nation/MSNBC_20101227_190000_News_Nation.thumbs/MSNBC_20101227_190000_News_Nation_001405.jpg,"we know will become more common because of climate change, and we just need to be learning about our vulnerabilities and getting ready and figuring out how to manage the problems. so when you're looking at 2010, the year of record heat in california, on september 27th,"
https://archive.org/details/MSNBC_20101227_190000_News_Nation#start/1482/end/1517,12/27/2010 19:24:57,MSNBC,News Nation,MSNBC_20101227_190000_News_Nation,https://archive.org/download/MSNBC_20101227_190000_News_Nation/MSNBC_20101227_190000_News_Nation.thumbs/MSNBC_20101227_190000_News_Nation_001465.jpg,"events and say you can't tell me whether or not that's climate change. i don't need to. i can look at the 30-year trend and tell you everything that happens now is because there's more heat and water vapor in the atmosphere. that's causing these extreme"
https://archive.org/details/MSNBC_20101227_110000_Morning_Joe#start/2866/end/2901,12/27/2010 11:48:01,MSNBC,Morning Joe,MSNBC_20101227_110000_Morning_Joe,https://archive.org/download/MSNBC_20101227_110000_Morning_Joe/MSNBC_20101227_110000_Morning_Joe.thumbs/MSNBC_20101227_110000_Morning_Joe_002850.jpg,"comes to climate change as a whole or even this dam project that's halted it's very hard just like the economy or health for people to think long term. they just don't do it. let me ask this, though. the chinese built three dams and"
https://archive.org/details/MSNBC_20101227_110000_Morning_Joe#start/2993/end/3028,12/27/2010 11:50:08,MSNBC,Morning Joe,MSNBC_20101227_110000_Morning_Joe,https://archive.org/download/MSNBC_20101227_110000_Morning_Joe/MSNBC_20101227_110000_Morning_Joe.thumbs/MSNBC_20101227_110000_Morning_Joe_002970.jpg,"the media. and if you looked at the polls, i think the climate change argument was winning the day. over the last two years, you have just seen the poll numbers go down more and more and more down to 34% as you said in a"
https://archive.org/details/MSNBC_20101229_010000_Countdown_With_Keith_Olbermann#start/3141/end/3176,12/29/2010 1:52:36,MSNBC,Countdown With Keith Olbermann,MSNBC_20101229_010000_Countdown_With_Keith_Olbermann,https://archive.org/download/MSNBC_20101229_010000_Countdown_With_Keith_Olbermann/MSNBC_20101229_010000_Countdown_With_Keith_Olbermann.thumbs/MSNBC_20101229_010000_Countdown_With_Keith_Olbermann_003054.jpg,"that was nbc's jeff rossen reporting. if you thought the weather was bad, wait for the high-pressure system coming in from the right. with climate change denier, it's not the heat. it's the stupidity. [ john ] yea, well, there you go. yea, so what else is new?"
https://archive.org/details/MSNBC_20101231_150000_MSNBC_News_Live#start/2073/end/2108,12/31/2010 15:34:48,MSNBC,MSNBC News Live,MSNBC_20101231_150000_MSNBC_News_Live,https://archive.org/download/MSNBC_20101231_150000_MSNBC_News_Live/MSNBC_20101231_150000_MSNBC_News_Live.thumbs/MSNBC_20101231_150000_MSNBC_News_Live_002064.jpg,"there isn't much that republicans talk about and so much out there in terms of renewable fuels and dealing with the global climate change and dealing with so many other issues. i think this is really a great opportunity for democrats if they're looking to dweistinguis"
https://archive.org/details/MSNBC_20101221_030000_The_Last_Word#start/505/end/540,12/21/2010 3:08:40,MSNBC,The Last Word,MSNBC_20101221_030000_The_Last_Word,https://archive.org/download/MSNBC_20101221_030000_The_Last_Word/MSNBC_20101221_030000_The_Last_Word.thumbs/MSNBC_20101221_030000_The_Last_Word_000505.jpg,"been done to him. he changes his mind on issues like climate change, immigration, relationships with vietnam. he's never changed his mind on an issue because people have confronted him directly on it. he's always changed his mind over time in a drip drip kind of way. people around him have"
https://archive.org/details/MSNBC_20101214_110000_Morning_Joe#start/9713/end/9748,12/14/2010 13:42:08,MSNBC,Morning Joe,MSNBC_20101214_110000_Morning_Joe,https://archive.org/download/MSNBC_20101214_110000_Morning_Joe/MSNBC_20101214_110000_Morning_Joe.thumbs/MSNBC_20101214_110000_Morning_Joe_009707.jpg,"the world and we don't manage it properly, it is out of control. that is why we have had prices, that is why we have had the oil volatility that's why we have got climate change problems. we are not managing it probablerly. how do we get an"
https://archive.org/details/MSNBC_20101227_190000_News_Nation#start/1006/end/1041,12/27/2010 19:17:01,MSNBC,News Nation,MSNBC_20101227_190000_News_Nation,https://archive.org/download/MSNBC_20101227_190000_News_Nation/MSNBC_20101227_190000_News_Nation.thumbs/MSNBC_20101227_190000_News_Nation_000985.jpg,"rule for the house of representatives. plus, 2010 was one of the most active hurricane seasons on record. add to that record-breaking cold and heat and powerful storms on both coasts. are we looking at evidence of climate change? 'news nation' is back in 30 minutes. rs."
https://archive.org/details/MSNBC_20101230_020000_The_Rachel_Maddow_Show#start/487/end/522,12/30/2010 2:08:22,MSNBC,The Rachel Maddow Show,MSNBC_20101230_020000_The_Rachel_Maddow_Show,https://archive.org/download/MSNBC_20101230_020000_The_Rachel_Maddow_Show/MSNBC_20101230_020000_The_Rachel_Maddow_Show.thumbs/MSNBC_20101230_020000_The_Rachel_Maddow_Show_000476.jpg,"loses her primary. he doesn't get he's get that chairmanship he'll get because republicans thought he might be too moderate on climate change. what do you do if that's going to happen? you have to signal to people somehow you're with them, one of them, you're not a bad"
https://archive.org/details/MSNBC_20101223_110000_Morning_Joe#start/2189/end/2224,12/23/2010 11:36:44,MSNBC,Morning Joe,MSNBC_20101223_110000_Morning_Joe,https://archive.org/download/MSNBC_20101223_110000_Morning_Joe/MSNBC_20101223_110000_Morning_Joe.thumbs/MSNBC_20101223_110000_Morning_Joe_002190.jpg,"inches of water on the field ahead of the -- i remember al gore pointing out that the poinsettia bowl might have to be canceled due to climate change. that was like five years ago. how did he know that maybe we'd be playing san diego state? oh, no."
https://archive.org/details/MSNBC_20101221_060000_The_Last_Word#start/328/end/363,12/21/2010 6:05:43,MSNBC,The Last Word,MSNBC_20101221_060000_The_Last_Word,https://archive.org/download/MSNBC_20101221_060000_The_Last_Word/MSNBC_20101221_060000_The_Last_Word.thumbs/MSNBC_20101221_060000_The_Last_Word_000326.jpg,"again an again on immigration, bush tax cuts, climate change, the importance of bipartisanship, even on whether he's a maverick or not, mccain has turned on himself and left the rest of us to wonder, what's up with john mccain? joining me now are cliff schecter, the author of 'the real mccain.'"
https://archive.org/details/MSNBC_20101230_020000_The_Rachel_Maddow_Show#start/517/end/552,12/30/2010 2:08:52,MSNBC,The Rachel Maddow Show,MSNBC_20101230_020000_The_Rachel_Maddow_Show,https://archive.org/download/MSNBC_20101230_020000_The_Rachel_Maddow_Show/MSNBC_20101230_020000_The_Rachel_Maddow_Show.thumbs/MSNBC_20101230_020000_The_Rachel_Maddow_Show_000506.jpg,"i felt once on the climate change, i will now do everything i can to stop the obama administration from doing a single thing about it. even two years out from his next election. in other words, he just got elected, so, you know, the need for money right now isn't there. but even two years from his next"
https://archive.org/details/MSNBC_20101229_010000_Countdown_With_Keith_Olbermann#start/77/end/112,12/29/2010 1:01:32,MSNBC,Countdown With Keith Olbermann,MSNBC_20101229_010000_Countdown_With_Keith_Olbermann,https://archive.org/download/MSNBC_20101229_010000_Countdown_With_Keith_Olbermann/MSNBC_20101229_010000_Countdown_With_Keith_Olbermann.thumbs/MSNBC_20101229_010000_Countdown_With_Keith_Olbermann_000056.jpg,"how dare he commend the philadelphia eagles for giving michael vick a second chance? the president has made this something vital enough to pick up the phone and make a phone call during christmas vacation. and thousands may have been stranded by the snow, but it didn't stop the climate change skeptics from stirring up a"
https://archive.org/details/MSNBC_20101216_090000_The_Ed_Show#start/2508/end/2543,12/16/2010 9:42:03,MSNBC,The Ed Show,MSNBC_20101216_090000_The_Ed_Show,https://archive.org/download/MSNBC_20101216_090000_The_Ed_Show/MSNBC_20101216_090000_The_Ed_Show.thumbs/MSNBC_20101216_090000_The_Ed_Show_002483.jpg,"they're not paying for the party. reverend jackson, good to have you on tonight. now let's get some rapid-fire response from our panel on these stories. more foxy leaks. new e-mails. to push conservative talking points on climate change. and the house's historic vote to repeal don't ask, don't tell is marred by some ugly republican talk about gay americans. i think they're on the wrong side of history on this issue"
