﻿URL,MatchDateTime,Station,Show,IAShowID,IAPreviewThumb,Snippet
https://archive.org/details/MSNBCW_20160216_070000_Hardball_With_Chris_Matthews#start/186/end/221,2/16/2016 7:03:21,MSNBC,Hardball With Chris Matthews,MSNBCW_20160216_070000_Hardball_With_Chris_Matthews,https://archive.org/download/MSNBCW_20160216_070000_Hardball_With_Chris_Matthews/MSNBCW_20160216_070000_Hardball_With_Chris_Matthews.thumbs/MSNBCW_20160216_070000_Hardball_With_Chris_Matthews_000177.jpg,"burdensome restrictions placed on women's reproductive decisions. that could affect millions of women. they're going to have a big impact deciding the fate of president obama's plan to cut greenhouse gas pollution and address climate change."
https://archive.org/details/MSNBCW_20160209_230000_The_Place_for_Politics_2016#start/12804/end/12839,2/10/2016 2:33:39,MSNBC,The Place for Politics 2016,MSNBCW_20160209_230000_The_Place_for_Politics_2016,https://archive.org/download/MSNBCW_20160209_230000_The_Place_for_Politics_2016/MSNBCW_20160209_230000_The_Place_for_Politics_2016.thumbs/MSNBCW_20160209_230000_The_Place_for_Politics_2016_012778.jpg,"fossil fuel industry that they cannot even acknowledge the scientific reality of climate change."
https://archive.org/details/MSNBCW_20160218_140000_The_Place_for_Politics_2016#start/25774/end/25809,2/18/2016 21:09:49,MSNBC,The Place for Politics 2016,MSNBCW_20160218_140000_The_Place_for_Politics_2016,https://archive.org/download/MSNBCW_20160218_140000_The_Place_for_Politics_2016/MSNBCW_20160218_140000_The_Place_for_Politics_2016.thumbs/MSNBCW_20160218_140000_The_Place_for_Politics_2016_025768.jpg,"for tat with pope francis. i'd stay away from that. he's head of my church he's my spiritual leader. as we've said from other areaser whether global warming, i think"
https://archive.org/details/MSNBCW_20160216_140000_The_Place_for_Politics_2016#start/28678/end/28713,2/16/2016 21:58:13,MSNBC,The Place for Politics 2016,MSNBCW_20160216_140000_The_Place_for_Politics_2016,https://archive.org/download/MSNBCW_20160216_140000_The_Place_for_Politics_2016/MSNBCW_20160216_140000_The_Place_for_Politics_2016.thumbs/MSNBCW_20160216_140000_The_Place_for_Politics_2016_028677.jpg,"together. i offered our assistance to help asean countries to better leverage interpol data to help the flow of foreign fighters. we agreed implements the paris climate change agreement, including helping developing countries adapt to and mitigate the impacts of climate change"
https://archive.org/details/MSNBCW_20160205_060000_The_Last_Word_With_Lawrence_ODonnell#start/3287/end/3322,2/5/2016 6:55:02,MSNBC,The Last Word With Lawrence ODonnell,MSNBCW_20160205_060000_The_Last_Word_With_Lawrence_ODonnell,https://archive.org/download/MSNBCW_20160205_060000_The_Last_Word_With_Lawrence_ODonnell/MSNBCW_20160205_060000_The_Last_Word_With_Lawrence_ODonnell.thumbs/MSNBCW_20160205_060000_The_Last_Word_With_Lawrence_ODonnell_003268.jpg,"he did health care and it came at the expense of immigration reform. so there's three big lifts that you've talked about. immigration, reform, climate change."
https://archive.org/details/MSNBCW_20160205_090000_The_Rachel_Maddow_Show#start/2920/end/2955,2/5/2016 9:48:55,MSNBC,The Rachel Maddow Show,MSNBCW_20160205_090000_The_Rachel_Maddow_Show,https://archive.org/download/MSNBCW_20160205_090000_The_Rachel_Maddow_Show/MSNBCW_20160205_090000_The_Rachel_Maddow_Show.thumbs/MSNBCW_20160205_090000_The_Rachel_Maddow_Show_002907.jpg,"he did health care and it came at the expense of immigration reform. so there's three big lifts that you've talked about. immigration, reform, climate change."
https://archive.org/details/MSNBCW_20160229_140000_The_Place_for_Politics_2016#start/788/end/823,2/29/2016 14:13:23,MSNBC,The Place for Politics 2016,MSNBCW_20160229_140000_The_Place_for_Politics_2016,https://archive.org/download/MSNBCW_20160229_140000_The_Place_for_Politics_2016/MSNBCW_20160229_140000_The_Place_for_Politics_2016.thumbs/MSNBCW_20160229_140000_The_Place_for_Politics_2016_000778.jpg,"fully understand what i said. do you agree with joe scarborough's assessment there that the comments we heard on sunday would be disqualifying for a presidential candidate? i don't think anything is disqualifying in this year. you start with racism and end with global warming and everyone"
https://archive.org/details/MSNBCW_20160223_230000_With_All_Due_Respect#start/2491/end/2526,2/23/2016 23:41:46,MSNBC,With All Due Respect,MSNBCW_20160223_230000_With_All_Due_Respect,https://archive.org/download/MSNBCW_20160223_230000_With_All_Due_Respect/MSNBCW_20160223_230000_With_All_Due_Respect.thumbs/MSNBCW_20160223_230000_With_All_Due_Respect_002488.jpg,"those stories. but i think he stands up for that. those are two. we have so many issues. not just one issue pol fish sit. climate change, what's happening"
https://archive.org/details/MSNBCW_20160205_110000_Morning_Joe#start/7584/end/7619,2/5/2016 13:06:39,MSNBC,Morning Joe,MSNBCW_20160205_110000_Morning_Joe,https://archive.org/download/MSNBCW_20160205_110000_Morning_Joe/MSNBCW_20160205_110000_Morning_Joe.thumbs/MSNBCW_20160205_110000_Morning_Joe_007558.jpg,"tomorrow and there's nothing that the government can do to stop it. do you think it has anything to do with the huge amounts of campaign contributions and lobbying from the fossil fuel industry? let's talk about climate change."
https://archive.org/details/MSNBCW_20160202_040000_The_Place_for_Politics_2016#start/3518/end/3553,2/2/2016 4:58:53,MSNBC,The Place for Politics 2016,MSNBCW_20160202_040000_The_Place_for_Politics_2016,https://archive.org/download/MSNBCW_20160202_040000_The_Place_for_Politics_2016/MSNBCW_20160202_040000_The_Place_for_Politics_2016.thumbs/MSNBCW_20160202_040000_The_Place_for_Politics_2016_003507.jpg,"and i'll tell you something that really does astound me. i'm on the senate energy committee, i'm on the senate environment committee, i have talked to scientists all over the world. the debate is over. climate change is real."
https://archive.org/details/MSNBCW_20160205_220000_MTP_Daily#start/837/end/872,2/5/2016 22:14:12,MSNBC,MTP Daily,MSNBCW_20160205_220000_MTP_Daily,https://archive.org/download/MSNBCW_20160205_220000_MTP_Daily/MSNBCW_20160205_220000_MTP_Daily.thumbs/MSNBCW_20160205_220000_MTP_Daily_000837.jpg,"we have a rigged economy in this country, it's held up by a corrupt system of campaign finance, that is the core of senator sanders' message about why we need to transform america, so we can deal with issues like climate change and"
https://archive.org/details/MSNBCW_20160205_050000_The_Rachel_Maddow_Show#start/1716/end/1751,2/5/2016 5:28:51,MSNBC,The Rachel Maddow Show,MSNBCW_20160205_050000_The_Rachel_Maddow_Show,https://archive.org/download/MSNBCW_20160205_050000_The_Rachel_Maddow_Show/MSNBCW_20160205_050000_The_Rachel_Maddow_Show.thumbs/MSNBCW_20160205_050000_The_Rachel_Maddow_Show_001707.jpg,"you think it has anything to do with the huge amount of campaign contributions and lobbying for the fossil fuel industry. let's talk about climate change. do you think there's a reason why not one republican has the guts to recognize that climate"
https://archive.org/details/MSNBCW_20160205_050000_The_Rachel_Maddow_Show#start/3138/end/3173,2/5/2016 5:52:33,MSNBC,The Rachel Maddow Show,MSNBCW_20160205_050000_The_Rachel_Maddow_Show,https://archive.org/download/MSNBCW_20160205_050000_The_Rachel_Maddow_Show/MSNBCW_20160205_050000_The_Rachel_Maddow_Show.thumbs/MSNBCW_20160205_050000_The_Rachel_Maddow_Show_003087.jpg,"invest in low income countries around the world rather than in the united states of america. senator sanders, thank you. with that we're going to take a break. america's never been it's not who we are.ers. we don't ignore threats like climate change."
https://archive.org/details/MSNBCW_20160216_000000_Hardball_With_Chris_Matthews#start/212/end/247,2/16/2016 0:03:47,MSNBC,Hardball With Chris Matthews,MSNBCW_20160216_000000_Hardball_With_Chris_Matthews,https://archive.org/download/MSNBCW_20160216_000000_Hardball_With_Chris_Matthews/MSNBCW_20160216_000000_Hardball_With_Chris_Matthews.thumbs/MSNBCW_20160216_000000_Hardball_With_Chris_Matthews_000207.jpg,"decisions. that could affect millions of women. they're going to have a big impact deciding the fate of president obama's plan to cut greenhouse gas pollution and address climate change. so i think the supreme court deserves nine justices. and i think we should demand"
https://archive.org/details/MSNBCW_20160229_140000_The_Place_for_Politics_2016#start/16326/end/16361,2/29/2016 18:32:21,MSNBC,The Place for Politics 2016,MSNBCW_20160229_140000_The_Place_for_Politics_2016,https://archive.org/download/MSNBCW_20160229_140000_The_Place_for_Politics_2016/MSNBCW_20160229_140000_The_Place_for_Politics_2016.thumbs/MSNBCW_20160229_140000_The_Place_for_Politics_2016_016318.jpg,"alex seitz-wald there for us in boston. bernie sanders has taken the stage right now in minneapolis is. let's listen in. when they go around the country and they say 'well, climate"
https://archive.org/details/MSNBCW_20160205_020000_The_Rachel_Maddow_Show#start/1723/end/1758,2/5/2016 2:28:58,MSNBC,The Rachel Maddow Show,MSNBCW_20160205_020000_The_Rachel_Maddow_Show,https://archive.org/download/MSNBCW_20160205_020000_The_Rachel_Maddow_Show/MSNBCW_20160205_020000_The_Rachel_Maddow_Show.thumbs/MSNBCW_20160205_020000_The_Rachel_Maddow_Show_001707.jpg,"contributions and lobbying for the fossil fuel industry. let's talk about climate change. do you think there's a reason why not one republican has the guts to recognize that climate change is real, and we need to"
https://archive.org/details/MSNBCW_20160201_030000_Citizen_Trump_With_Chris_Matthews#start/1130/end/1165,2/1/2016 3:19:05,MSNBC,Citizen Trump With Chris Matthews,MSNBCW_20160201_030000_Citizen_Trump_With_Chris_Matthews,https://archive.org/download/MSNBCW_20160201_030000_Citizen_Trump_With_Chris_Matthews/MSNBCW_20160201_030000_Citizen_Trump_With_Chris_Matthews.thumbs/MSNBCW_20160201_030000_Citizen_Trump_With_Chris_Matthews_001108.jpg,"maybe they go talk to a scientist. you've got a lot of really good ones here in the colleges, universities. you can probably come to lincoln high school and talko a science teacher, and get help and understanding of climate"
https://archive.org/details/MSNBCW_20160203_170000_Andrea_Mitchell_Reports#start/285/end/320,2/3/2016 17:05:00,MSNBC,Andrea Mitchell Reports,MSNBCW_20160203_170000_Andrea_Mitchell_Reports,https://archive.org/download/MSNBCW_20160203_170000_Andrea_Mitchell_Reports/MSNBCW_20160203_170000_Andrea_Mitchell_Reports.thumbs/MSNBCW_20160203_170000_Andrea_Mitchell_Reports_000267.jpg,"the right for gays and lesbians to get married. they don't believe in climate change, in fact, they fight efforts to do something about climate change. what about bernie sanders. he is on your side of the same side as hillary clinton on all those issues. well, but the difference for young people and for all voters is the ability to get something"
https://archive.org/details/MSNBCW_20160205_080000_All_In_With_Chris_Hayes#start/1726/end/1761,2/5/2016 8:29:01,MSNBC,All In With Chris Hayes,MSNBCW_20160205_080000_All_In_With_Chris_Hayes,https://archive.org/download/MSNBCW_20160205_080000_All_In_With_Chris_Hayes/MSNBCW_20160205_080000_All_In_With_Chris_Hayes.thumbs/MSNBCW_20160205_080000_All_In_With_Chris_Hayes_001708.jpg,"and your medicine can be doubled tomorrow and there's nothing the government can do to stop it. you think it has anything to do with the huge amount of campaign contributions and lobbying for the fossil fuel industry. let's talk about climate change. do you think there's a reason why not one republican has the guts to recognize that climate change is real, and we need to transform our energy system?"
https://archive.org/details/MSNBCW_20160201_030000_Citizen_Trump_With_Chris_Matthews#start/1161/end/1196,2/1/2016 3:19:36,MSNBC,Citizen Trump With Chris Matthews,MSNBCW_20160201_030000_Citizen_Trump_With_Chris_Matthews,https://archive.org/download/MSNBCW_20160201_030000_Citizen_Trump_With_Chris_Matthews/MSNBCW_20160201_030000_Citizen_Trump_With_Chris_Matthews.thumbs/MSNBCW_20160201_030000_Citizen_Trump_With_Chris_Matthews_001138.jpg,"after watching this charade among the republicans. they're not all that ill-informed. they just won't cross the koch brothers. the koch brothers have said, can't talk about climate change, so they don't talk about climate change. now, that's bad enough. especially when we finally have an international agreement that the united states and president obama helped to forge, so we can begin to work together around the world. but what's really so sad about"
https://archive.org/details/MSNBCW_20160202_040000_The_Place_for_Politics_2016#start/1861/end/1896,2/2/2016 4:31:16,MSNBC,The Place for Politics 2016,MSNBCW_20160202_040000_The_Place_for_Politics_2016,https://archive.org/download/MSNBCW_20160202_040000_The_Place_for_Politics_2016/MSNBCW_20160202_040000_The_Place_for_Politics_2016.thumbs/MSNBCW_20160202_040000_The_Place_for_Politics_2016_001857.jpg,"coverage for every single man, woman and child. i know -- i know we can combat climate change and be the clean"
https://archive.org/details/MSNBCW_20160201_030000_Citizen_Trump_With_Chris_Matthews#start/1093/end/1128,2/1/2016 3:18:28,MSNBC,Citizen Trump With Chris Matthews,MSNBCW_20160201_030000_Citizen_Trump_With_Chris_Matthews,https://archive.org/download/MSNBCW_20160201_030000_Citizen_Trump_With_Chris_Matthews/MSNBCW_20160201_030000_Citizen_Trump_With_Chris_Matthews.thumbs/MSNBCW_20160201_030000_Citizen_Trump_With_Chris_Matthews_001078.jpg,"and one of the best ways we're going to create jobs is by combating climate change and creating clean renewable jobs!"
https://archive.org/details/MSNBCW_20160205_050000_The_Rachel_Maddow_Show#start/3155/end/3190,2/5/2016 5:52:50,MSNBC,The Rachel Maddow Show,MSNBCW_20160205_050000_The_Rachel_Maddow_Show,https://archive.org/download/MSNBCW_20160205_050000_The_Rachel_Maddow_Show/MSNBCW_20160205_050000_The_Rachel_Maddow_Show.thumbs/MSNBCW_20160205_050000_The_Rachel_Maddow_Show_003147.jpg,"we face our problems head-on. with american-made clean energy, we can end our dependence on foreign oil. spark new innovation. and create millions of new jobs. solving our climate crisis starts with 50% clean energy by 2030."
https://archive.org/details/MSNBCW_20160212_110000_Morning_Joe#start/626/end/661,2/12/2016 11:10:41,MSNBC,Morning Joe,MSNBCW_20160212_110000_Morning_Joe,https://archive.org/download/MSNBCW_20160212_110000_Morning_Joe/MSNBCW_20160212_110000_Morning_Joe.thumbs/MSNBCW_20160212_110000_Morning_Joe_000627.jpg,"see and hear the speeches because, you know, if you have a strong position on, say, global warming and you go -- for some reason you're invited by an oil company to speak or something like that, i mean, you have a"
https://archive.org/details/MSNBCW_20160202_040000_The_Place_for_Politics_2016#start/3578/end/3613,2/2/2016 4:59:53,MSNBC,The Place for Politics 2016,MSNBCW_20160202_040000_The_Place_for_Politics_2016,https://archive.org/download/MSNBCW_20160202_040000_The_Place_for_Politics_2016/MSNBCW_20160202_040000_The_Place_for_Politics_2016.thumbs/MSNBCW_20160202_040000_The_Place_for_Politics_2016_003567.jpg,"climate change, and call for change, you know whats? they're going to lose their campaign funds from the coke brothers and the fossil fuel industry."
https://archive.org/details/MSNBCW_20160212_110000_Morning_Joe#start/7884/end/7919,2/12/2016 13:11:39,MSNBC,Morning Joe,MSNBCW_20160212_110000_Morning_Joe,https://archive.org/download/MSNBCW_20160212_110000_Morning_Joe/MSNBCW_20160212_110000_Morning_Joe.thumbs/MSNBCW_20160212_110000_Morning_Joe_007857.jpg,"i think that's going to be the question when people get to see and hear the speeches because, you know, if you have a strong position on, say, global warming and you go for some reason you are invited by an oil company to"
https://archive.org/details/MSNBCW_20160227_190000_The_Place_for_Politics_2016#start/1699/end/1734,2/27/2016 19:28:34,MSNBC,The Place for Politics 2016,MSNBCW_20160227_190000_The_Place_for_Politics_2016,https://archive.org/download/MSNBCW_20160227_190000_The_Place_for_Politics_2016/MSNBCW_20160227_190000_The_Place_for_Politics_2016.thumbs/MSNBCW_20160227_190000_The_Place_for_Politics_2016_001678.jpg,"climate change is a hoax. it is not a hoax, it's a tragic reality. we will defeat trump because the american people do not want a"
https://archive.org/details/MSNBCW_20160209_230000_The_Place_for_Politics_2016#start/13364/end/13399,2/10/2016 2:42:59,MSNBC,The Place for Politics 2016,MSNBCW_20160209_230000_The_Place_for_Politics_2016,https://archive.org/download/MSNBCW_20160209_230000_The_Place_for_Politics_2016/MSNBCW_20160209_230000_The_Place_for_Politics_2016.thumbs/MSNBCW_20160209_230000_The_Place_for_Politics_2016_013348.jpg,"the energy committee in the senate and the environmental econo committee, the debate is over. climate change is real. it is caused by human activity and it's already causing"
https://archive.org/details/MSNBCW_20160226_140000_The_Place_for_Politics_2016#start/22609/end/22644,2/26/2016 20:17:04,MSNBC,The Place for Politics 2016,MSNBCW_20160226_140000_The_Place_for_Politics_2016,https://archive.org/download/MSNBCW_20160226_140000_The_Place_for_Politics_2016/MSNBCW_20160226_140000_The_Place_for_Politics_2016.thumbs/MSNBCW_20160226_140000_The_Place_for_Politics_2016_022587.jpg,"christie thinks climate change is a reality. christie does not support mass deportations of undocumented immigrants. of course, donald trump does support that. christie wants to cut social"
https://archive.org/details/MSNBCW_20160226_000000_Hardball_With_Chris_Matthews#start/690/end/725,2/26/2016 0:11:45,MSNBC,Hardball With Chris Matthews,MSNBCW_20160226_000000_Hardball_With_Chris_Matthews,https://archive.org/download/MSNBCW_20160226_000000_Hardball_With_Chris_Matthews/MSNBCW_20160226_000000_Hardball_With_Chris_Matthews.thumbs/MSNBCW_20160226_000000_Hardball_With_Chris_Matthews_000687.jpg,"had on climate change, where you can tell someone a million times, scientists tell you this. i don't trust them. the anti-trump, they don't trust you're telling the truth when"
https://archive.org/details/MSNBCW_20160201_090000_Meet_the_Press#start/899/end/934,2/1/2016 9:15:14,MSNBC,Meet the Press,MSNBCW_20160201_090000_Meet_the_Press,https://archive.org/download/MSNBCW_20160201_090000_Meet_the_Press/MSNBCW_20160201_090000_Meet_the_Press.thumbs/MSNBCW_20160201_090000_Meet_the_Press_000897.jpg,"it can access early compliance funds and help influence what that cap and trade looks like at the federal level. so i'm in favor of giving the department of environmental protection a mandate that they go out and design a cap and trade or a carbon tax program and bring it back to the legislature for ratification"
https://archive.org/details/MSNBCW_20160201_070000_Meet_the_Press#start/903/end/938,2/1/2016 7:15:18,MSNBC,Meet the Press,MSNBCW_20160201_070000_Meet_the_Press,https://archive.org/download/MSNBCW_20160201_070000_Meet_the_Press/MSNBCW_20160201_070000_Meet_the_Press.thumbs/MSNBCW_20160201_070000_Meet_the_Press_000897.jpg,"funds and help influence what that cap and trade looks like at the federal level. so i'm in favor of giving the department of environmental protection a mandate that they go out and design a cap and trade or a carbon tax program and bring it back to the legislature for ratification some time in the next two years."
https://archive.org/details/MSNBCW_20160208_140000_The_Place_for_Politics_2016#start/14906/end/14941,2/8/2016 18:08:41,MSNBC,The Place for Politics 2016,MSNBCW_20160208_140000_The_Place_for_Politics_2016,https://archive.org/download/MSNBCW_20160208_140000_The_Place_for_Politics_2016/MSNBCW_20160208_140000_The_Place_for_Politics_2016.thumbs/MSNBCW_20160208_140000_The_Place_for_Politics_2016_014907.jpg,"climate change. how can you run for president of the united states and refuse to acknowledge the reality of climate stichange? that's why i would look forward to run against trump or rubio."
https://archive.org/details/MSNBCW_20160226_220000_MTP_Daily#start/1451/end/1486,2/26/2016 22:24:26,MSNBC,MTP Daily,MSNBCW_20160226_220000_MTP_Daily,https://archive.org/download/MSNBCW_20160226_220000_MTP_Daily/MSNBCW_20160226_220000_MTP_Daily.thumbs/MSNBCW_20160226_220000_MTP_Daily_001437.jpg,"bernie sanders, people before politicians. he's targeting south carolina and minnesota with that ad. is that an ad that can be effective? i think so. climate change is an enormously important çissue."
https://archive.org/details/MSNBCW_20160228_030000_Hardball_College_Tour#start/1110/end/1145,2/28/2016 3:18:45,MSNBC,Hardball College Tour,MSNBCW_20160228_030000_Hardball_College_Tour,https://archive.org/download/MSNBCW_20160228_030000_Hardball_College_Tour/MSNBCW_20160228_030000_Hardball_College_Tour.thumbs/MSNBCW_20160228_030000_Hardball_College_Tour_000867.jpg,"i am a member of the senate committee on the environment of the senate committee on emergency. i talk to scientists all over this world. the debate is over. climate change is real. [ applause ]  _          _"
https://archive.org/details/MSNBCW_20160221_150000_The_Place_for_Politics_2016#start/4847/end/4882,2/21/2016 16:21:02,MSNBC,The Place for Politics 2016,MSNBCW_20160221_150000_The_Place_for_Politics_2016,https://archive.org/download/MSNBCW_20160221_150000_The_Place_for_Politics_2016/MSNBCW_20160221_150000_The_Place_for_Politics_2016.thumbs/MSNBCW_20160221_150000_The_Place_for_Politics_2016_004828.jpg,"act and to improve it. to protect the president's bold moves on immigration and climate change and go even further. the democratic front-runner hillary clinton last night after she defeated senator bernie"
https://archive.org/details/MSNBCW_20160212_110000_Morning_Joe#start/7775/end/7810,2/12/2016 13:09:50,MSNBC,Morning Joe,MSNBCW_20160212_110000_Morning_Joe,https://archive.org/download/MSNBCW_20160212_110000_Morning_Joe/MSNBCW_20160212_110000_Morning_Joe.thumbs/MSNBCW_20160212_110000_Morning_Joe_007767.jpg,"did go down and see an oil company, you weren't going to go down and talk about global warming and the need for -- do you know what's funny is i didn't say anything about their industry. what's interesting about her talks is i accept her explanation that she goes to talk about current events and"
https://archive.org/details/MSNBCW_20160212_110000_Morning_Joe#start/517/end/552,2/12/2016 11:08:52,MSNBC,Morning Joe,MSNBCW_20160212_110000_Morning_Joe,https://archive.org/download/MSNBCW_20160212_110000_Morning_Joe/MSNBCW_20160212_110000_Morning_Joe.thumbs/MSNBCW_20160212_110000_Morning_Joe_000507.jpg,"there and talk about global warming -- you know what's funny? i didn't say about their industry. what's interesting about her talks is i accept her explanation that she goes to talk about current events and she goes -- she was the secretary of state, she goes to talk about america's role in the"
https://archive.org/details/MSNBCW_20160204_230000_With_All_Due_Respect#start/1305/end/1340,2/4/2016 23:22:00,MSNBC,With All Due Respect,MSNBCW_20160204_230000_With_All_Due_Respect,https://archive.org/download/MSNBCW_20160204_230000_With_All_Due_Respect/MSNBCW_20160204_230000_With_All_Due_Respect.thumbs/MSNBCW_20160204_230000_With_All_Due_Respect_001287.jpg,"community, the police department should reflect that diversity. trump as you know is a well-known scientist, brilliant scientist. and he has concluded after years of studying the issue that climate change is a hoax."
https://archive.org/details/MSNBCW_20160226_000000_Hardball_With_Chris_Matthews#start/2175/end/2210,2/26/2016 0:36:30,MSNBC,Hardball With Chris Matthews,MSNBCW_20160226_000000_Hardball_With_Chris_Matthews,https://archive.org/download/MSNBCW_20160226_000000_Hardball_With_Chris_Matthews/MSNBCW_20160226_000000_Hardball_With_Chris_Matthews.thumbs/MSNBCW_20160226_000000_Hardball_With_Chris_Matthews_002157.jpg,"while trump, the candidate, has towed the republican line on a huge host of issues, non-climate change, over the course of his public life, everything from taxes, deficit, deregulation, health care, abortion, gun"
https://archive.org/details/MSNBCW_20160226_220000_MTP_Daily#start/1559/end/1594,2/26/2016 22:26:14,MSNBC,MTP Daily,MSNBCW_20160226_220000_MTP_Daily,https://archive.org/download/MSNBCW_20160226_220000_MTP_Daily/MSNBCW_20160226_220000_MTP_Daily.thumbs/MSNBCW_20160226_220000_MTP_Daily_001557.jpg,"earthquakes. so, it continues -- it needs to continue to be studied, but in terms of climate change, what we've seen is, it has replaced an awful lot of coal and has about half the co2 emissions of"
https://archive.org/details/MSNBCW_20160219_080000_All_In_With_Chris_Hayes#start/3585/end/3620,2/19/2016 9:00:00,MSNBC,All In With Chris Hayes,MSNBCW_20160219_080000_All_In_With_Chris_Hayes,https://archive.org/download/MSNBCW_20160219_080000_All_In_With_Chris_Hayes/MSNBCW_20160219_080000_All_In_With_Chris_Hayes.thumbs/MSNBCW_20160219_080000_All_In_With_Chris_Hayes_003567.jpg,"number two, i will -- you're raising issues in terms of extraction of fossil fuels for example. i believe that climate change is one of the great challenges facing this planet and what i have introduced legislation to"
https://archive.org/details/MSNBCW_20160212_200000_MSNBC_Live_With_Kate_Snow#start/6658/end/6693,2/12/2016 21:51:13,MSNBC,MSNBC Live With Kate Snow,MSNBCW_20160212_200000_MSNBC_Live_With_Kate_Snow,https://archive.org/download/MSNBCW_20160212_200000_MSNBC_Live_With_Kate_Snow/MSNBCW_20160212_200000_MSNBC_Live_With_Kate_Snow.thumbs/MSNBCW_20160212_200000_MSNBC_Live_With_Kate_Snow_006657.jpg,"system. funded by over a million contributions, tackling climate change to create clean energy jobs, fighting for living wages, equal pay, and tuition-free public colleges. people are sick and tired of establishment politics and they"
https://archive.org/details/MSNBCW_20160205_030000_The_Last_Word_With_Lawrence_ODonnell#start/3310/end/3345,2/5/2016 3:55:25,MSNBC,The Last Word With Lawrence ODonnell,MSNBCW_20160205_030000_The_Last_Word_With_Lawrence_ODonnell,https://archive.org/download/MSNBCW_20160205_030000_The_Last_Word_With_Lawrence_ODonnell/MSNBCW_20160205_030000_The_Last_Word_With_Lawrence_ODonnell.thumbs/MSNBCW_20160205_030000_The_Last_Word_With_Lawrence_ODonnell_003298.jpg,"reform. so there's three big lifts that you've talked about. immigration, reform, climate change. what do you do first because you know the first one is the one you have the best shot at getting done. well, i don't accept that"
https://archive.org/details/MSNBCW_20160205_110000_Morning_Joe#start/307/end/342,2/5/2016 11:05:22,MSNBC,Morning Joe,MSNBCW_20160205_110000_Morning_Joe,https://archive.org/download/MSNBCW_20160205_110000_Morning_Joe/MSNBCW_20160205_110000_Morning_Joe.thumbs/MSNBCW_20160205_110000_Morning_Joe_000298.jpg,"stop it. do you think it has anything to do with the huge amounts of campaign contributions and lobbying from the fossil fuel industry? let's talk about climate change. do you think there is a reason why not one republican has the"
https://archive.org/details/MSNBCW_20160205_110000_Morning_Joe#start/7598/end/7633,2/5/2016 13:06:53,MSNBC,Morning Joe,MSNBCW_20160205_110000_Morning_Joe,https://archive.org/download/MSNBCW_20160205_110000_Morning_Joe/MSNBCW_20160205_110000_Morning_Joe.thumbs/MSNBCW_20160205_110000_Morning_Joe_007588.jpg,"do you think there is a reason why not one republican has the guts to recognize that climate change is real and that we need to transform our energy system? do you think it has anything to do with the koch brothers and"
https://archive.org/details/MSNBCW_20160226_220000_MTP_Daily#start/1434/end/1469,2/26/2016 22:24:09,MSNBC,MTP Daily,MSNBCW_20160226_220000_MTP_Daily,https://archive.org/download/MSNBCW_20160226_220000_MTP_Daily/MSNBCW_20160226_220000_MTP_Daily.thumbs/MSNBCW_20160226_220000_MTP_Daily_001407.jpg,"keystone pipeline and never waffled. he's also the only candidate to oppose fracking, because fracking can endanger our drinking water and threaten our climate. sanders has the most far-reaching plan to fight climate change and build a clean energy future."
https://archive.org/details/MSNBCW_20160201_030000_Citizen_Trump_With_Chris_Matthews#start/2930/end/2965,2/1/2016 3:49:05,MSNBC,Citizen Trump With Chris Matthews,MSNBCW_20160201_030000_Citizen_Trump_With_Chris_Matthews,https://archive.org/download/MSNBCW_20160201_030000_Citizen_Trump_With_Chris_Matthews/MSNBCW_20160201_030000_Citizen_Trump_With_Chris_Matthews.thumbs/MSNBCW_20160201_030000_Citizen_Trump_With_Chris_Matthews_002908.jpg,"brought up in this latest get out the caucus event as they are calling it from the hillary clinton campaign, touching on jobs, climate change, as well as those themes that are echoing over to the republican side. and then finishing with bernie"
https://archive.org/details/MSNBCW_20160209_140000_The_Place_for_Politics_2016#start/11840/end/11875,2/9/2016 17:17:35,MSNBC,The Place for Politics 2016,MSNBCW_20160209_140000_The_Place_for_Politics_2016,https://archive.org/download/MSNBCW_20160209_140000_The_Place_for_Politics_2016/MSNBCW_20160209_140000_The_Place_for_Politics_2016.thumbs/MSNBCW_20160209_140000_The_Place_for_Politics_2016_011817.jpg,"and have so much debt to be able to get an education. seniors can't live in dignity and security. we need to address real issues in this country. climate change. so what is nice is that it's not just, oh, bernie's wonderful."
https://archive.org/details/MSNBCW_20160219_020000_The_Rachel_Maddow_Show#start/3537/end/3572,2/19/2016 2:59:12,MSNBC,The Rachel Maddow Show,MSNBCW_20160219_020000_The_Rachel_Maddow_Show,https://archive.org/download/MSNBCW_20160219_020000_The_Rachel_Maddow_Show/MSNBCW_20160219_020000_The_Rachel_Maddow_Show.thumbs/MSNBCW_20160219_020000_The_Rachel_Maddow_Show_003537.jpg,"i believe that climate change is one of the great challenges facing this planet and what i have introduced legislation to do, by the way, is to say that we will not extract fossil fuels in the future from any public"
https://archive.org/details/MSNBCW_20160219_140000_The_Place_for_Politics_2016#start/6665/end/6700,2/19/2016 15:51:20,MSNBC,The Place for Politics 2016,MSNBCW_20160219_140000_The_Place_for_Politics_2016,https://archive.org/download/MSNBCW_20160219_140000_The_Place_for_Politics_2016/MSNBCW_20160219_140000_The_Place_for_Politics_2016.thumbs/MSNBCW_20160219_140000_The_Place_for_Politics_2016_006657.jpg,"were. it was climate change, it was political corruption. it was free college, all these issues that were not what you would expect them to be. and on this issue, all of those issues are important, and are priorities, until someone is"
https://archive.org/details/MSNBCW_20160202_140000_The_Place_for_Politics_2016#start/26330/end/26365,2/2/2016 21:19:05,MSNBC,The Place for Politics 2016,MSNBCW_20160202_140000_The_Place_for_Politics_2016,https://archive.org/download/MSNBCW_20160202_140000_The_Place_for_Politics_2016/MSNBCW_20160202_140000_The_Place_for_Politics_2016.thumbs/MSNBCW_20160202_140000_The_Place_for_Politics_2016_026307.jpg,"the economy going. we agree on raising incomes. we agree on combatting climate change. we agree on universal coverage. who has the track record, who's gotten the results? who can actually produce the kind of change you want for yourself and your family?"
https://archive.org/details/MSNBCW_20160202_140000_The_Place_for_Politics_2016#start/17840/end/17875,2/2/2016 18:57:35,MSNBC,The Place for Politics 2016,MSNBCW_20160202_140000_The_Place_for_Politics_2016,https://archive.org/download/MSNBCW_20160202_140000_The_Place_for_Politics_2016/MSNBCW_20160202_140000_The_Place_for_Politics_2016.thumbs/MSNBCW_20160202_140000_The_Place_for_Politics_2016_017817.jpg,"out these great big ideas. but i want folks to stop and think no matter what age you are, okay, we agree on getting the economy going. we agree on raising incomes, we agree on combatting climate change, we agree on universal"
https://archive.org/details/MSNBCW_20160229_103000_Way_Too_Early#start/1539/end/1574,2/29/2016 10:55:54,MSNBC,Way Too Early,MSNBCW_20160229_103000_Way_Too_Early,https://archive.org/download/MSNBCW_20160229_103000_Way_Too_Early/MSNBCW_20160229_103000_Way_Too_Early.thumbs/MSNBCW_20160229_103000_Way_Too_Early_001527.jpg,"hottest year in recorded history our production needed to move to the southern tip of this planet just to be able to find snow. climate change is real. it is happening right now. it is the most urgent threat facing our entire species."
https://archive.org/details/MSNBCW_20160219_050000_The_Rachel_Maddow_Show#start/3549/end/3584,2/19/2016 5:59:24,MSNBC,The Rachel Maddow Show,MSNBCW_20160219_050000_The_Rachel_Maddow_Show,https://archive.org/download/MSNBCW_20160219_050000_The_Rachel_Maddow_Show/MSNBCW_20160219_050000_The_Rachel_Maddow_Show.thumbs/MSNBCW_20160219_050000_The_Rachel_Maddow_Show_003538.jpg,"for example, i believe that climate change is one of the great challenges facing this planet. and wla have introduced legislation to do by the way, is to say that we will not extract fossil fuels in the future from any public lands."
https://archive.org/details/MSNBCW_20160205_140000_MSNBC_Live_With_Jose_Diaz-Balart#start/2503/end/2538,2/5/2016 14:41:58,MSNBC,MSNBC Live With Jose Diaz-Balart,MSNBCW_20160205_140000_MSNBC_Live_With_Jose_Diaz-Balart,https://archive.org/download/MSNBCW_20160205_140000_MSNBC_Live_With_Jose_Diaz-Balart/MSNBCW_20160205_140000_MSNBC_Live_With_Jose_Diaz-Balart.thumbs/MSNBCW_20160205_140000_MSNBC_Live_With_Jose_Diaz-Balart_002488.jpg,"guts to recognize that climate change is real and that we need to transform our energy system? do you think it has anything to do with the koch brothers and exxon mobil pouring huge amounts of money into the political"
https://archive.org/details/MSNBCW_20160202_220000_MTP_Daily#start/447/end/482,2/2/2016 22:07:42,MSNBC,MTP Daily,MSNBCW_20160202_220000_MTP_Daily,https://archive.org/download/MSNBCW_20160202_220000_MTP_Daily/MSNBCW_20160202_220000_MTP_Daily.thumbs/MSNBCW_20160202_220000_MTP_Daily_000448.jpg,"ticket with those folks. i want folks to stop and think, no matter what age you are, okay, we agree on getting the economy going. we agree on raising incomes, we agree on combatting climate change. we agree on universal coverage."
https://archive.org/details/MSNBCW_20160203_000000_Hardball_With_Chris_Matthews#start/1135/end/1170,2/3/2016 0:19:10,MSNBC,Hardball With Chris Matthews,MSNBCW_20160203_000000_Hardball_With_Chris_Matthews,https://archive.org/download/MSNBCW_20160203_000000_Hardball_With_Chris_Matthews/MSNBCW_20160203_000000_Hardball_With_Chris_Matthews.thumbs/MSNBCW_20160203_000000_Hardball_With_Chris_Matthews_001137.jpg,"we agree on combating climate change. we agree on universal college, who has the track record, who has the results. who can actually produce the kind of change you want for yourself and your family, and for our country. so i'm very energized about"
https://archive.org/details/MSNBCW_20160216_140000_The_Place_for_Politics_2016#start/27182/end/27217,2/16/2016 21:33:17,MSNBC,The Place for Politics 2016,MSNBCW_20160216_140000_The_Place_for_Politics_2016,https://archive.org/download/MSNBCW_20160216_140000_The_Place_for_Politics_2016/MSNBCW_20160216_140000_The_Place_for_Politics_2016.thumbs/MSNBCW_20160216_140000_The_Place_for_Politics_2016_027177.jpg,"single-payer health care and climate change legislation than see president obama's choice for -- maybe that's what he ought to do. he should negotiate and say, okay, cap and trade or supreme court justice. exactly, exactly. you know, the supreme court has always been an issue in"
https://archive.org/details/MSNBCW_20160204_080000_All_In_With_Chris_Hayes#start/2027/end/2062,2/4/2016 8:34:02,MSNBC,All In With Chris Hayes,MSNBCW_20160204_080000_All_In_With_Chris_Hayes,https://archive.org/download/MSNBCW_20160204_080000_All_In_With_Chris_Hayes/MSNBCW_20160204_080000_All_In_With_Chris_Hayes.thumbs/MSNBCW_20160204_080000_All_In_With_Chris_Hayes_002008.jpg,"citizens united being overturned, when we look at climate change, when we look at student loans and we look at all these things that we really have to work on, i believe in my heart in being pragmatic and who can, who's been actually"
https://archive.org/details/MSNBCW_20160203_110000_Morning_Joe#start/8641/end/8676,2/3/2016 13:24:16,MSNBC,Morning Joe,MSNBCW_20160203_110000_Morning_Joe,https://archive.org/download/MSNBCW_20160203_110000_Morning_Joe/MSNBCW_20160203_110000_Morning_Joe.thumbs/MSNBCW_20160203_110000_Morning_Joe_008637.jpg,"concerned about a broken criminal justice system. they're very engaged on the issue of climate change and the need to transform our energy system away from fossil fuel, and obviously there's the economic reason. look, these young people for the first time in the modern history"
https://archive.org/details/MSNBCW_20160201_030000_Citizen_Trump_With_Chris_Matthews#start/1115/end/1150,2/1/2016 3:18:50,MSNBC,Citizen Trump With Chris Matthews,MSNBCW_20160201_030000_Citizen_Trump_With_Chris_Matthews,https://archive.org/download/MSNBCW_20160201_030000_Citizen_Trump_With_Chris_Matthews/MSNBCW_20160201_030000_Citizen_Trump_With_Chris_Matthews.thumbs/MSNBCW_20160201_030000_Citizen_Trump_With_Chris_Matthews_001108.jpg,"now, you know, you've heard them, you know what the republicans say when they're asked about climate change. you know, they're all asked, what do you think? they all say, i don't know. i'm not a scientist. i've been traveling across the state and i've been suggesting,"
https://archive.org/details/MSNBCW_20160203_070000_Hardball_With_Chris_Matthews#start/1091/end/1126,2/3/2016 7:18:26,MSNBC,Hardball With Chris Matthews,MSNBCW_20160203_070000_Hardball_With_Chris_Matthews,https://archive.org/download/MSNBCW_20160203_070000_Hardball_With_Chris_Matthews/MSNBCW_20160203_070000_Hardball_With_Chris_Matthews.thumbs/MSNBCW_20160203_070000_Hardball_With_Chris_Matthews_001077.jpg,"but i want folks to stop and think, no matter what age you are, okay, we agree on getting the economy going. we agree on raising incomes. we agree on combating climate change. we agree on universal college, who has the track record, who has the results."
https://archive.org/details/MSNBCW_20160229_103000_Way_Too_Early#start/1524/end/1559,2/29/2016 10:55:39,MSNBC,Way Too Early,MSNBCW_20160229_103000_Way_Too_Early,https://archive.org/download/MSNBCW_20160229_103000_Way_Too_Early/MSNBCW_20160229_103000_Way_Too_Early.thumbs/MSNBCW_20160229_103000_Way_Too_Early_001497.jpg,"nominee leonardo dicaprio finally took home a golden statue for his performance in 'the revenant.' he used his speech to bring attention to climate change. making 'the revenant' was about man's relationship to the natural world, a world that we collectively felt in 2015 as the"
https://archive.org/details/MSNBCW_20160203_140000_MSNBC_Live_With_Jose_Diaz-Balart#start/6257/end/6292,2/3/2016 15:44:32,MSNBC,MSNBC Live With Jose Diaz-Balart,MSNBCW_20160203_140000_MSNBC_Live_With_Jose_Diaz-Balart,https://archive.org/download/MSNBCW_20160203_140000_MSNBC_Live_With_Jose_Diaz-Balart/MSNBCW_20160203_140000_MSNBC_Live_With_Jose_Diaz-Balart.thumbs/MSNBCW_20160203_140000_MSNBC_Live_With_Jose_Diaz-Balart_006237.jpg,"this election because we're talking about their future. when we talk about things like climate change and talk about women's rights and we talk about health care, we know for a fact that the republicans want to strip away all of that. immigration reform, raising"
https://archive.org/details/MSNBCW_20160204_040000_All_In_With_Chris_Hayes#start/2041/end/2076,2/4/2016 4:34:16,MSNBC,All In With Chris Hayes,MSNBCW_20160204_040000_All_In_With_Chris_Hayes,https://archive.org/download/MSNBCW_20160204_040000_All_In_With_Chris_Hayes/MSNBCW_20160204_040000_All_In_With_Chris_Hayes.thumbs/MSNBCW_20160204_040000_All_In_With_Chris_Hayes_002037.jpg,"citizens united being overturned, when we look at climate change, when we look at student loans and we look at all these things that we really have to work on, i believe in my heart in being pragmatic and who can, who's been actually"
https://archive.org/details/MSNBCW_20160204_010000_All_In_With_Chris_Hayes#start/2031/end/2066,2/4/2016 1:34:06,MSNBC,All In With Chris Hayes,MSNBCW_20160204_010000_All_In_With_Chris_Hayes,https://archive.org/download/MSNBCW_20160204_010000_All_In_With_Chris_Hayes/MSNBCW_20160204_010000_All_In_With_Chris_Hayes.thumbs/MSNBCW_20160204_010000_All_In_With_Chris_Hayes_002007.jpg,"things really complement each other. i have like i have to be very pragmatic right now and i believe that when we look at citizens united being overturned, when we look at climate change, when we look at student loans and we look at all these things that we really have"
https://archive.org/details/MSNBCW_20160205_110000_Morning_Joe#start/325/end/360,2/5/2016 11:05:40,MSNBC,Morning Joe,MSNBCW_20160205_110000_Morning_Joe,https://archive.org/download/MSNBCW_20160205_110000_Morning_Joe/MSNBCW_20160205_110000_Morning_Joe.thumbs/MSNBCW_20160205_110000_Morning_Joe_000298.jpg,"guts to recognize that that climate change is real and that we need to transform our energy system? do you think it has anything to do with the koch brothers and exxonmobil pouring huge amounts of money into the political system? that is what goes on in america."
https://archive.org/details/MSNBCW_20160223_180000_MSNBC_Live_With_Thomas_Roberts#start/3066/end/3101,2/23/2016 18:51:21,MSNBC,MSNBC Live With Thomas Roberts,MSNBCW_20160223_180000_MSNBC_Live_With_Thomas_Roberts,https://archive.org/download/MSNBCW_20160223_180000_MSNBC_Live_With_Thomas_Roberts/MSNBCW_20160223_180000_MSNBC_Live_With_Thomas_Roberts.thumbs/MSNBCW_20160223_180000_MSNBC_Live_With_Thomas_Roberts_003057.jpg,"like the death penalty, on issues like climate change, on issues like free college education. there are a lot of issues between these two candidates and voters need to know what the issues are so they can make an informed decision. you guys have been extraordinarily successful, some"
https://archive.org/details/MSNBCW_20160203_140000_MSNBC_Live_With_Jose_Diaz-Balart#start/4613/end/4648,2/3/2016 15:17:08,MSNBC,MSNBC Live With Jose Diaz-Balart,MSNBCW_20160203_140000_MSNBC_Live_With_Jose_Diaz-Balart,https://archive.org/download/MSNBCW_20160203_140000_MSNBC_Live_With_Jose_Diaz-Balart/MSNBCW_20160203_140000_MSNBC_Live_With_Jose_Diaz-Balart.thumbs/MSNBCW_20160203_140000_MSNBC_Live_With_Jose_Diaz-Balart_004587.jpg,"issue of climate change and the need to transform our energy system away from fossil fuel, and obviously, there's the economic reason. look, these young people for the first time in the modern history of america are looking at a situation where they may have a lower standard of living than"
https://archive.org/details/MSNBCW_20160205_140000_MSNBC_Live_With_Jose_Diaz-Balart#start/2488/end/2523,2/5/2016 14:41:43,MSNBC,MSNBC Live With Jose Diaz-Balart,MSNBCW_20160205_140000_MSNBC_Live_With_Jose_Diaz-Balart,https://archive.org/download/MSNBCW_20160205_140000_MSNBC_Live_With_Jose_Diaz-Balart/MSNBCW_20160205_140000_MSNBC_Live_With_Jose_Diaz-Balart.thumbs/MSNBCW_20160205_140000_MSNBC_Live_With_Jose_Diaz-Balart_002488.jpg,"that the government can do to stop it. do you think it has anything to do with the huge amounts of campaign contributions and lobbying from the fossil fuel industry? let's talk about climate change. do you think there is a reason why not one republican has the"
https://archive.org/details/MSNBCW_20160204_170000_Andrea_Mitchell_Reports#start/2939/end/2974,2/4/2016 17:49:14,MSNBC,Andrea Mitchell Reports,MSNBCW_20160204_170000_Andrea_Mitchell_Reports,https://archive.org/download/MSNBCW_20160204_170000_Andrea_Mitchell_Reports/MSNBCW_20160204_170000_Andrea_Mitchell_Reports.thumbs/MSNBCW_20160204_170000_Andrea_Mitchell_Reports_002938.jpg,"college and held up by a corrupt system of campaign finance. until we deal with that problem, you see on issue after after, you try to solve whether it's climate change where you have the fossil fuel industry coming in and exerting enormous influence and then the drug companies coming in with"
https://archive.org/details/MSNBCW_20160203_170000_Andrea_Mitchell_Reports#start/301/end/336,2/3/2016 17:05:16,MSNBC,Andrea Mitchell Reports,MSNBCW_20160203_170000_Andrea_Mitchell_Reports,https://archive.org/download/MSNBCW_20160203_170000_Andrea_Mitchell_Reports/MSNBCW_20160203_170000_Andrea_Mitchell_Reports.thumbs/MSNBCW_20160203_170000_Andrea_Mitchell_Reports_000297.jpg,"done. young voertds care that we do take action on climate change. they care that we do protect the right to marry. and what that takes is someone in washington who can breakthrough the gridlock and get something done. the problem with a lot of the proposals that bernie sanders has brought forward is they"
https://archive.org/details/MSNBCW_20160210_103000_Way_Too_Early#start/1175/end/1210,2/10/2016 10:49:50,MSNBC,Way Too Early,MSNBCW_20160210_103000_Way_Too_Early,https://archive.org/download/MSNBCW_20160210_103000_Way_Too_Early/MSNBCW_20160210_103000_Way_Too_Early.thumbs/MSNBCW_20160210_103000_Way_Too_Early_001168.jpg,"between police and the black community. the agreement came after the department of justice investigated the city and found multiple civil rights violations. the supreme court has dealt a blow to president obama's climate change initiative. after a 5-4 vote by the justices, the environmental protection agency has been blocked from moving forward with"
https://archive.org/details/MSNBCW_20160228_190000_Meet_the_Press#start/2899/end/2934,2/28/2016 19:48:34,MSNBC,Meet the Press,MSNBCW_20160228_190000_Meet_the_Press,https://archive.org/download/MSNBCW_20160228_190000_Meet_the_Press/MSNBCW_20160228_190000_Meet_the_Press.thumbs/MSNBCW_20160228_190000_Meet_the_Press_002877.jpg,"our country, around climate change, around debt free college in the next generation are at the center of the debate. so we have to have a full debate about them. and i frankly think it's time for us to really have a message that actually integrates the party that talks about economic"
https://archive.org/details/MSNBCW_20160229_090000_Meet_the_Press#start/2882/end/2917,2/29/2016 9:48:17,MSNBC,Meet the Press,MSNBCW_20160229_090000_Meet_the_Press,https://archive.org/download/MSNBCW_20160229_090000_Meet_the_Press/MSNBCW_20160229_090000_Meet_the_Press.thumbs/MSNBCW_20160229_090000_Meet_the_Press_002878.jpg,"primary. this is a time when our core issues around the social contract, around the future of our country, around climate change, around debt free college in the next generation are at the center of the debate. so we have to have a full debate about them. and i frankly think it's time"
https://archive.org/details/MSNBCW_20160229_070000_Meet_the_Press#start/2887/end/2922,2/29/2016 7:48:22,MSNBC,Meet the Press,MSNBCW_20160229_070000_Meet_the_Press,https://archive.org/download/MSNBCW_20160229_070000_Meet_the_Press/MSNBCW_20160229_070000_Meet_the_Press.thumbs/MSNBCW_20160229_070000_Meet_the_Press_002877.jpg,"contract, around the future of our country, around climate change, around debt free college in the next generation are at the center of the debate. so we have to have a full debate about them. and i frankly think it's time for us to really have a message that actually integrates the party that talks about economic"
https://archive.org/details/MSNBCW_20160226_220000_MTP_Daily#start/1418/end/1453,2/26/2016 22:23:53,MSNBC,MTP Daily,MSNBCW_20160226_220000_MTP_Daily,https://archive.org/download/MSNBCW_20160226_220000_MTP_Daily/MSNBCW_20160226_220000_MTP_Daily.thumbs/MSNBCW_20160226_220000_MTP_Daily_001407.jpg,"person. so bernie sanders, among the states he is targeting on super tuesday, he's sort of being selected, is minnesota. correct. he's running an ad specifically there that just launched. we've got a clip of it and it's on climate change. i want to play it. curious of your reaction on the other side. here it is. sanders said no to the"
