﻿URL,MatchDateTime,Station,Show,IAShowID,IAPreviewThumb,Snippet
https://archive.org/details/MSNBC_20101105_060000_Countdown_With_Keith_Olbermann#start/58/end/93,11/5/2010 6:01:13,MSNBC,Countdown With Keith Olbermann,MSNBC_20101105_060000_Countdown_With_Keith_Olbermann,https://archive.org/download/MSNBC_20101105_060000_Countdown_With_Keith_Olbermann/MSNBC_20101105_060000_Countdown_With_Keith_Olbermann.thumbs/MSNBC_20101105_060000_Countdown_With_Keith_Olbermann_000056.jpg,"while pushing fracking. republicans planning federal investigations of what they call the global warming hoax."
https://archive.org/details/MSNBC_20101112_210000_The_Dylan_Ratigan_Show#start/2306/end/2341,11/12/2010 21:38:41,MSNBC,The Dylan Ratigan Show,MSNBC_20101112_210000_The_Dylan_Ratigan_Show,https://archive.org/download/MSNBC_20101112_210000_The_Dylan_Ratigan_Show/MSNBC_20101112_210000_The_Dylan_Ratigan_Show.thumbs/MSNBC_20101112_210000_The_Dylan_Ratigan_Show_002304.jpg,"tackling global warming because we've been trying the wrong way. maybe it's time to try a new approach. i helped organize some of the world's top climate economists, top economists, including three nobel laureates. they looked at all the ways we could tackle global warming."
https://archive.org/details/MSNBC_20101123_020000_The_Rachel_Maddow_Show#start/1444/end/1479,11/23/2010 2:24:19,MSNBC,The Rachel Maddow Show,MSNBC_20101123_020000_The_Rachel_Maddow_Show,https://archive.org/download/MSNBC_20101123_020000_The_Rachel_Maddow_Show/MSNBC_20101123_020000_The_Rachel_Maddow_Show.thumbs/MSNBC_20101123_020000_The_Rachel_Maddow_Show_001440.jpg,"their future children and grandchildren. even the grandchildren. absolutely. i know you have done a lot of work on the hill around the climate change legislation that was there. first of all, with this pledge that's been signed by the house leadership, is hair any meaningful climate change"
https://archive.org/details/MSNBC_20101111_070000_Countdown_With_Keith_Olbermann#start/1454/end/1489,11/11/2010 7:24:29,MSNBC,Countdown With Keith Olbermann,MSNBC_20101111_070000_Countdown_With_Keith_Olbermann,https://archive.org/download/MSNBC_20101111_070000_Countdown_With_Keith_Olbermann/MSNBC_20101111_070000_Countdown_With_Keith_Olbermann.thumbs/MSNBC_20101111_070000_Countdown_With_Keith_Olbermann_001434.jpg,"for those who have both faith and belief in science and evolution and sort of the history of the planet? well, it is pretty scary that somebody would, as you see in a house hearing, say that he knows that global warming can't harm"
https://archive.org/details/MSNBC_20101115_110000_Morning_Joe#start/6148/end/6183,11/15/2010 12:42:43,MSNBC,Morning Joe,MSNBC_20101115_110000_Morning_Joe,https://archive.org/download/MSNBC_20101115_110000_Morning_Joe/MSNBC_20101115_110000_Morning_Joe.thumbs/MSNBC_20101115_110000_Morning_Joe_006150.jpg,"basically spend two years mounting a disinformation campaign about climate change and the reality of climate change, it's not surprising that when it comes around to passing a clean energy bill, which will require some kind of carbon tax, some kind of price signal, you"
https://archive.org/details/MSNBC_20101105_060000_Countdown_With_Keith_Olbermann#start/1222/end/1257,11/5/2010 6:20:37,MSNBC,Countdown With Keith Olbermann,MSNBC_20101105_060000_Countdown_With_Keith_Olbermann,https://archive.org/download/MSNBC_20101105_060000_Countdown_With_Keith_Olbermann/MSNBC_20101105_060000_Countdown_With_Keith_Olbermann.thumbs/MSNBC_20101105_060000_Countdown_With_Keith_Olbermann_001136.jpg,"as easiyly as tossing off a dark cloak to reveal his true self, another one, karl rove went before an energy group and declared this. quote, climate is gone. in our fourth story, it's not enough that climate change"
https://archive.org/details/MSNBC_20101123_050000_The_Rachel_Maddow_Show#start/1445/end/1480,11/23/2010 5:24:20,MSNBC,The Rachel Maddow Show,MSNBC_20101123_050000_The_Rachel_Maddow_Show,https://archive.org/download/MSNBC_20101123_050000_The_Rachel_Maddow_Show/MSNBC_20101123_050000_The_Rachel_Maddow_Show.thumbs/MSNBC_20101123_050000_The_Rachel_Maddow_Show_001440.jpg,"attain a cleaner, sustainable environment for our current members and workers and also their future children and grandchildren. even the grandchildren. absolutely. i know you have done a lot of work on the hill around the climate change legislation that"
https://archive.org/details/MSNBC_20101112_210000_The_Dylan_Ratigan_Show#start/2063/end/2098,11/12/2010 21:34:38,MSNBC,The Dylan Ratigan Show,MSNBC_20101112_210000_The_Dylan_Ratigan_Show,https://archive.org/download/MSNBC_20101112_210000_The_Dylan_Ratigan_Show/MSNBC_20101112_210000_The_Dylan_Ratigan_Show.thumbs/MSNBC_20101112_210000_The_Dylan_Ratigan_Show_002064.jpg,"the current approach is broken. 'cool it.' that's the title of a new doultary on climate change and its message to all global warming fear mongers out there. in the film bjorn lomborg"
https://archive.org/details/MSNBC_20101103_170000_Andrea_Mitchell_Reports#start/2350/end/2385,11/3/2010 17:39:25,MSNBC,Andrea Mitchell Reports,MSNBC_20101103_170000_Andrea_Mitchell_Reports,https://archive.org/download/MSNBC_20101103_170000_Andrea_Mitchell_Reports/MSNBC_20101103_170000_Andrea_Mitchell_Reports.thumbs/MSNBC_20101103_170000_Andrea_Mitchell_Reports_002334.jpg,"greenhouse gases and seeing are there ways that we can make progress in the short-term and invest in technologies in the long-term that start giving us the tools to reduce greenhouse gases and solve this problem?"
https://archive.org/details/MSNBC_20101116_110000_Morning_Joe#start/9648/end/9683,11/16/2010 13:41:03,MSNBC,Morning Joe,MSNBC_20101116_110000_Morning_Joe,https://archive.org/download/MSNBC_20101116_110000_Morning_Joe/MSNBC_20101116_110000_Morning_Joe.thumbs/MSNBC_20101116_110000_Morning_Joe_009630.jpg,"let's get it out. do you believe in climate change? yes. global warming is real. it's manmade. it's an important problem but we are not tackling itery well. we are throwing hundreds of billions of dollars into"
https://archive.org/details/MSNBC_20101116_110000_Morning_Joe#start/9827/end/9862,11/16/2010 13:44:02,MSNBC,Morning Joe,MSNBC_20101116_110000_Morning_Joe,https://archive.org/download/MSNBC_20101116_110000_Morning_Joe/MSNBC_20101116_110000_Morning_Joe.thumbs/MSNBC_20101116_110000_Morning_Joe_009810.jpg,"warming. some say climate change. are they the same? what's the deal? they are pretty much the same. the presentation patterns and all that stuff. you know, i actually perform global warming. it's the greenhouse effect that"
https://archive.org/details/MSNBC_20101110_200000_MSNBC_News_Live#start/1224/end/1259,11/10/2010 20:20:39,MSNBC,MSNBC News Live,MSNBC_20101110_200000_MSNBC_News_Live,https://archive.org/download/MSNBC_20101110_200000_MSNBC_News_Live/MSNBC_20101110_200000_MSNBC_News_Live.thumbs/MSNBC_20101110_200000_MSNBC_News_Live_001225.jpg,"baking the planet with greenhouse gases, we refuse to have her power stripped away with the supreme court says she has the -- the duty to protect america from greenhouse gases, that's a fight on principle. i'm happy to have that fight. people say they hate the federal government. that's america's government."
https://archive.org/details/MSNBC_20101112_210000_The_Dylan_Ratigan_Show#start/2080/end/2115,11/12/2010 21:34:55,MSNBC,The Dylan Ratigan Show,MSNBC_20101112_210000_The_Dylan_Ratigan_Show,https://archive.org/download/MSNBC_20101112_210000_The_Dylan_Ratigan_Show/MSNBC_20101112_210000_The_Dylan_Ratigan_Show.thumbs/MSNBC_20101112_210000_The_Dylan_Ratigan_Show_002064.jpg,"travels the globe in search of real solutions to global warming and in the process offering a fresh perspective on the way we think about the world around us. it also takes aim at the other climate change movie by al gore. joining us now, bjorn lomborg, a man called an environmental h"
https://archive.org/details/MSNBC_20101103_170000_Andrea_Mitchell_Reports#start/2367/end/2402,11/3/2010 17:39:42,MSNBC,Andrea Mitchell Reports,MSNBC_20101103_170000_Andrea_Mitchell_Reports,https://archive.org/download/MSNBC_20101103_170000_Andrea_Mitchell_Reports/MSNBC_20101103_170000_Andrea_Mitchell_Reports.thumbs/MSNBC_20101103_170000_Andrea_Mitchell_Reports_002364.jpg,"the epa is under a court order that says, greenhouse gases are a pollutant. that fall under their jurisdiction. and i think, you know, one of the things that is very"
https://archive.org/details/MSNBC_20101118_210000_The_Dylan_Ratigan_Show#start/3534/end/3569,11/18/2010 21:59:09,MSNBC,The Dylan Ratigan Show,MSNBC_20101118_210000_The_Dylan_Ratigan_Show,https://archive.org/download/MSNBC_20101118_210000_The_Dylan_Ratigan_Show/MSNBC_20101118_210000_The_Dylan_Ratigan_Show.thumbs/MSNBC_20101118_210000_The_Dylan_Ratigan_Show_003532.jpg,"to that is a conversation that i had the other day on global warming with this guy who's talking about how we're spending lots of money dealing with global warming, but it's not effective. you have conversations we'll"
https://archive.org/details/MSNBC_20101116_110000_Morning_Joe#start/9696/end/9731,11/16/2010 13:41:51,MSNBC,Morning Joe,MSNBC_20101116_110000_Morning_Joe,https://archive.org/download/MSNBC_20101116_110000_Morning_Joe/MSNBC_20101116_110000_Morning_Joe.thumbs/MSNBC_20101116_110000_Morning_Joe_009690.jpg,"global warming are in a worse position today than before al gore's film came out? it's bigger than that. can you scare people to worry about global warming. yeah, you can. it's a 50 to 100 year problem."
https://archive.org/details/MSNBC_20101110_020000_The_Rachel_Maddow_Show#start/2206/end/2241,11/10/2010 2:37:01,MSNBC,The Rachel Maddow Show,MSNBC_20101110_020000_The_Rachel_Maddow_Show,https://archive.org/download/MSNBC_20101110_020000_The_Rachel_Maddow_Show/MSNBC_20101110_020000_The_Rachel_Maddow_Show.thumbs/MSNBC_20101110_020000_The_Rachel_Maddow_Show_002185.jpg,"global warming when really there isn't global warming, this remains a very live issue in right wing circles. on the right, conspiracy theories and allegations debunked by the outside world are not considered debunked. the right has its own"
https://archive.org/details/MSNBC_20101111_040000_Countdown_With_Keith_Olbermann#start/2364/end/2399,11/11/2010 4:39:39,MSNBC,Countdown With Keith Olbermann,MSNBC_20101111_040000_Countdown_With_Keith_Olbermann,https://archive.org/download/MSNBC_20101111_040000_Countdown_With_Keith_Olbermann/MSNBC_20101111_040000_Countdown_With_Keith_Olbermann.thumbs/MSNBC_20101111_040000_Countdown_With_Keith_Olbermann_002340.jpg,"talking to inhofe about global warming, and he literally told me that barbra streisand and a bunch of hollywood liberals had cooked up this whole hoax of global warming and had managed to foolishly lead astray tens of thousands of scientists."
https://archive.org/details/MSNBC_20101111_070000_Countdown_With_Keith_Olbermann#start/1551/end/1586,11/11/2010 7:26:06,MSNBC,Countdown With Keith Olbermann,MSNBC_20101111_070000_Countdown_With_Keith_Olbermann,https://archive.org/download/MSNBC_20101111_070000_Countdown_With_Keith_Olbermann/MSNBC_20101111_070000_Countdown_With_Keith_Olbermann.thumbs/MSNBC_20101111_070000_Countdown_With_Keith_Olbermann_001524.jpg,"jobs bill. this committee is going to go after the science. it's going to be, you know, the bible doesn't say anything about how mercury and lead harm us. it doesn't say anything about greenhouse gases. so if you're going by that view"
https://archive.org/details/MSNBC_20101116_110000_Morning_Joe#start/9810/end/9845,11/16/2010 13:43:45,MSNBC,Morning Joe,MSNBC_20101116_110000_Morning_Joe,https://archive.org/download/MSNBC_20101116_110000_Morning_Joe/MSNBC_20101116_110000_Morning_Joe.thumbs/MSNBC_20101116_110000_Morning_Joe_009810.jpg,"warming by itself. it's half a percentage point of where we need to go. it's about changing the entire engine. so, this is about making it cost effective. some people say global"
https://archive.org/details/MSNBC_20101117_170000_MSNBC_News_Live#start/3250/end/3285,11/17/2010 17:54:25,MSNBC,MSNBC News Live,MSNBC_20101117_170000_MSNBC_News_Live,https://archive.org/download/MSNBC_20101117_170000_MSNBC_News_Live/MSNBC_20101117_170000_MSNBC_News_Live.thumbs/MSNBC_20101117_170000_MSNBC_News_Live_003240.jpg,"it in the daytime when you need it for peak, for air conditioning, that cuts down tremendously on greenhouse gases and the necessity of fossil fuels. one last question for you, david, when you're talking about the incentives to do this, i know there's a michigan tax"
https://archive.org/details/MSNBC_20101116_110000_Morning_Joe#start/9796/end/9831,11/16/2010 13:43:31,MSNBC,Morning Joe,MSNBC_20101116_110000_Morning_Joe,https://archive.org/download/MSNBC_20101116_110000_Morning_Joe/MSNBC_20101116_110000_Morning_Joe.thumbs/MSNBC_20101116_110000_Morning_Joe_009780.jpg,"technologies now. it makes us feel good, but it won't actually do much to tackle it. what about the hybrid cars, are they worth it? if it is worth your cost, buy it. it's not going to solve global"
https://archive.org/details/MSNBC_20101112_210000_The_Dylan_Ratigan_Show#start/1840/end/1875,11/12/2010 21:30:55,MSNBC,The Dylan Ratigan Show,MSNBC_20101112_210000_The_Dylan_Ratigan_Show,https://archive.org/download/MSNBC_20101112_210000_The_Dylan_Ratigan_Show/MSNBC_20101112_210000_The_Dylan_Ratigan_Show.thumbs/MSNBC_20101112_210000_The_Dylan_Ratigan_Show_001825.jpg,"all the hype makes rational solutions less likely, not more. not to mention it causes us to spend more money on things we don't need. maybe the problem with global warming is not just the global warming problem if you know what i'm saying. we'll talk to the man at the heart of this particular"
https://archive.org/details/MSNBC_20101112_210000_The_Dylan_Ratigan_Show#start/2386/end/2421,11/12/2010 21:40:01,MSNBC,The Dylan Ratigan Show,MSNBC_20101112_210000_The_Dylan_Ratigan_Show,https://archive.org/download/MSNBC_20101112_210000_The_Dylan_Ratigan_Show/MSNBC_20101112_210000_The_Dylan_Ratigan_Show.thumbs/MSNBC_20101112_210000_The_Dylan_Ratigan_Show_002364.jpg,"thing? why is fear such a liability when it comes to policy making cl weather it's global warming or anything else? first of all, it's great to get attention. that's what we've seen both with the iraq war and with global warming. but it's bad because this panicked state doesn't mean we say, all right."
https://archive.org/details/MSNBC_20101111_010000_Countdown_With_Keith_Olbermann#start/1544/end/1579,11/11/2010 1:25:59,MSNBC,Countdown With Keith Olbermann,MSNBC_20101111_010000_Countdown_With_Keith_Olbermann,https://archive.org/download/MSNBC_20101111_010000_Countdown_With_Keith_Olbermann/MSNBC_20101111_010000_Countdown_With_Keith_Olbermann.thumbs/MSNBC_20101111_010000_Countdown_With_Keith_Olbermann_001524.jpg,"after the science. it's going to be, you know, the bible doesn't say anything about how mercury and lead harm us. it doesn't say anything about greenhouse gases. so if you're going by that view of things, you're not going to take any action. and of course, they get large"
https://archive.org/details/MSNBC_20101111_040000_Countdown_With_Keith_Olbermann#start/1546/end/1581,11/11/2010 4:26:01,MSNBC,Countdown With Keith Olbermann,MSNBC_20101111_040000_Countdown_With_Keith_Olbermann,https://archive.org/download/MSNBC_20101111_040000_Countdown_With_Keith_Olbermann/MSNBC_20101111_040000_Countdown_With_Keith_Olbermann.thumbs/MSNBC_20101111_040000_Countdown_With_Keith_Olbermann_001530.jpg,"bible doesn't say anything about how mercury and lead harm us. it doesn't say anything about greenhouse gases. so if you're going by that view of things, you're not going to take any action. and of course, they get large amounts of funding from big oil. we need science-based"
https://archive.org/details/MSNBC_20101111_010000_Countdown_With_Keith_Olbermann#start/2351/end/2386,11/11/2010 1:39:26,MSNBC,Countdown With Keith Olbermann,MSNBC_20101111_010000_Countdown_With_Keith_Olbermann,https://archive.org/download/MSNBC_20101111_010000_Countdown_With_Keith_Olbermann/MSNBC_20101111_010000_Countdown_With_Keith_Olbermann.thumbs/MSNBC_20101111_010000_Countdown_With_Keith_Olbermann_002334.jpg,"senate privilege, you usually have to bet on preserving the senate privilege. so i think demint may be, may have a tough slogging here. and you asked about inhofe, blaming this on liberals. i remembered about a year ago, talking to inhofe about global"
https://archive.org/details/MSNBC_20101123_020000_The_Rachel_Maddow_Show#start/1397/end/1432,11/23/2010 2:23:32,MSNBC,The Rachel Maddow Show,MSNBC_20101123_020000_The_Rachel_Maddow_Show,https://archive.org/download/MSNBC_20101123_020000_The_Rachel_Maddow_Show/MSNBC_20101123_020000_The_Rachel_Maddow_Show.thumbs/MSNBC_20101123_020000_The_Rachel_Maddow_Show_001380.jpg,"issues involving the environment really stems from our desire to have safer working conditions for our mechlmbers. this is something that we have been concerned with since the '60s. something we have been working on for over 40 years. in 1990, we identified global"
https://archive.org/details/MSNBC_20101111_070000_Countdown_With_Keith_Olbermann#start/1536/end/1571,11/11/2010 7:25:51,MSNBC,Countdown With Keith Olbermann,MSNBC_20101111_070000_Countdown_With_Keith_Olbermann,https://archive.org/download/MSNBC_20101111_070000_Countdown_With_Keith_Olbermann/MSNBC_20101111_070000_Countdown_With_Keith_Olbermann.thumbs/MSNBC_20101111_070000_Countdown_With_Keith_Olbermann_001524.jpg,"legislatively and in terms of where we are, as a nation on climate change, does it mean we're not anywhere on climate change? yeah, i mean, the house, obviously, this committee passed out a climate and clean energy"
https://archive.org/details/MSNBC_20101102_170000_Andrea_Mitchell_Reports#start/1778/end/1813,11/2/2010 17:29:53,MSNBC,Andrea Mitchell Reports,MSNBC_20101102_170000_Andrea_Mitchell_Reports,https://archive.org/download/MSNBC_20101102_170000_Andrea_Mitchell_Reports/MSNBC_20101102_170000_Andrea_Mitchell_Reports.thumbs/MSNBC_20101102_170000_Andrea_Mitchell_Reports_001764.jpg,"in california, prop 19 would legalize recreational marijuana. prop 23 would repeal a state limit on greenhouse gas emissions. in colorado, amendment 62 would legally define fetuses as"
https://archive.org/details/MSNBC_20101101_040000_The_Rachel_Maddow_Show#start/232/end/267,11/1/2010 4:04:07,MSNBC,The Rachel Maddow Show,MSNBC_20101101_040000_The_Rachel_Maddow_Show,https://archive.org/download/MSNBC_20101101_040000_The_Rachel_Maddow_Show/MSNBC_20101101_040000_The_Rachel_Maddow_Show.thumbs/MSNBC_20101101_040000_The_Rachel_Maddow_Show_000206.jpg,"the state's climate change law. the campaign to defeat that initiative, in other words to keep the climate change law as is, is out with a very, very clever ad. they are going with a world series theme. see at the top?"
https://archive.org/details/MSNBC_20101123_050000_The_Rachel_Maddow_Show#start/956/end/991,11/23/2010 5:16:11,MSNBC,The Rachel Maddow Show,MSNBC_20101123_050000_The_Rachel_Maddow_Show,https://archive.org/download/MSNBC_20101123_050000_The_Rachel_Maddow_Show/MSNBC_20101123_050000_The_Rachel_Maddow_Show.thumbs/MSNBC_20101123_050000_The_Rachel_Maddow_Show_000930.jpg,"you, too. republicans talk about choices our governor makes now that will affect our kids and the future. what about our children and grandchildren. these conscientious people are unanimously agreed we shouldn't bother with the whole climate"
https://archive.org/details/MSNBC_20101111_010000_Countdown_With_Keith_Olbermann#start/1064/end/1099,11/11/2010 1:17:59,MSNBC,Countdown With Keith Olbermann,MSNBC_20101111_010000_Countdown_With_Keith_Olbermann,https://archive.org/download/MSNBC_20101111_010000_Countdown_With_Keith_Olbermann/MSNBC_20101111_010000_Countdown_With_Keith_Olbermann.thumbs/MSNBC_20101111_010000_Countdown_With_Keith_Olbermann_000955.jpg,"i'm looking to save in insurance. so who's going to run the house energy committee now? the guy who believes god will eliminate climate change or the guy who believes bp will eliminate climate change? the gop fight against earmarks, except for its senate"
https://archive.org/details/MSNBC_20101111_010000_Countdown_With_Keith_Olbermann#start/1529/end/1564,11/11/2010 1:25:44,MSNBC,Countdown With Keith Olbermann,MSNBC_20101111_010000_Countdown_With_Keith_Olbermann,https://archive.org/download/MSNBC_20101111_010000_Countdown_With_Keith_Olbermann/MSNBC_20101111_010000_Countdown_With_Keith_Olbermann.thumbs/MSNBC_20101111_010000_Countdown_With_Keith_Olbermann_001524.jpg,"legislatively and in terms of where we are, as a nation on climate change, does it mean we're not anywhere on climate change? yeah, i mean, the house, obviously, this committee passed out a climate and clean energy jobs bill. this committee is going to go"
https://archive.org/details/MSNBC_20101111_040000_Countdown_With_Keith_Olbermann#start/1530/end/1565,11/11/2010 4:25:45,MSNBC,Countdown With Keith Olbermann,MSNBC_20101111_040000_Countdown_With_Keith_Olbermann,https://archive.org/download/MSNBC_20101111_040000_Countdown_With_Keith_Olbermann/MSNBC_20101111_040000_Countdown_With_Keith_Olbermann.thumbs/MSNBC_20101111_040000_Countdown_With_Keith_Olbermann_001530.jpg,"climate change, does it mean we're not anywhere on climate change? yeah, i mean, the house, obviously, this committee passed out a climate and clean energy jobs bill. this committee is going to go after the science. it's going to be, you know, the"
https://archive.org/details/MSNBC_20101123_050000_The_Rachel_Maddow_Show#start/1493/end/1528,11/23/2010 5:25:08,MSNBC,The Rachel Maddow Show,MSNBC_20101123_050000_The_Rachel_Maddow_Show,https://archive.org/download/MSNBC_20101123_050000_The_Rachel_Maddow_Show/MSNBC_20101123_050000_The_Rachel_Maddow_Show.thumbs/MSNBC_20101123_050000_The_Rachel_Maddow_Show_001470.jpg,"so a strong renewable lectristy is something that would be real in terms of reducing our greenhouse gas emissions and creating jobs. programs like building star and home star and policies that"
https://archive.org/details/MSNBC_20101111_040000_Countdown_With_Keith_Olbermann#start/1068/end/1103,11/11/2010 4:18:03,MSNBC,Countdown With Keith Olbermann,MSNBC_20101111_040000_Countdown_With_Keith_Olbermann,https://archive.org/download/MSNBC_20101111_040000_Countdown_With_Keith_Olbermann/MSNBC_20101111_040000_Countdown_With_Keith_Olbermann.thumbs/MSNBC_20101111_040000_Countdown_With_Keith_Olbermann_001020.jpg,"so who's going to run the house energy committee now? the guy who believes god will eliminate climate change or the guy who believes bp will eliminate climate change? the gop fight against earmarks, except for its senate leader, he's fighting for earmarks. when we do puppet theater, it's because we lost video."
https://archive.org/details/MSNBC_20101111_070000_Countdown_With_Keith_Olbermann#start/1070/end/1105,11/11/2010 7:18:05,MSNBC,Countdown With Keith Olbermann,MSNBC_20101111_070000_Countdown_With_Keith_Olbermann,https://archive.org/download/MSNBC_20101111_070000_Countdown_With_Keith_Olbermann/MSNBC_20101111_070000_Countdown_With_Keith_Olbermann.thumbs/MSNBC_20101111_070000_Countdown_With_Keith_Olbermann_000955.jpg,"so who's going to run the house energy committee now? the guy who believes god will eliminate climate change or the guy who believes bp will eliminate climate change? the gop fight against earmarks, except for its senate leader, he's fighting for earmarks. when we do puppet theater, it's because we lost video."
https://archive.org/details/MSNBC_20101115_110000_Morning_Joe#start/6426/end/6461,11/15/2010 12:47:21,MSNBC,Morning Joe,MSNBC_20101115_110000_Morning_Joe,https://archive.org/download/MSNBC_20101115_110000_Morning_Joe/MSNBC_20101115_110000_Morning_Joe.thumbs/MSNBC_20101115_110000_Morning_Joe_006420.jpg,"you'll never have that industry here. what i say when i speak to people, you don't believe in hot, you don't believe in climate change. anybody got an eraser out there? take off hot. you don't believe in climate change? that's between you and your beach house. i'll let you sort that out."
https://archive.org/details/MSNBC_20101123_020000_The_Rachel_Maddow_Show#start/1490/end/1525,11/23/2010 2:25:05,MSNBC,The Rachel Maddow Show,MSNBC_20101123_020000_The_Rachel_Maddow_Show,https://archive.org/download/MSNBC_20101123_020000_The_Rachel_Maddow_Show/MSNBC_20101123_020000_The_Rachel_Maddow_Show.thumbs/MSNBC_20101123_020000_The_Rachel_Maddow_Show_001470.jpg,"is something that would be real in terms of reducing our greenhouse gas emissions and creating jobs. programs like building star and home star and policies that encourage industrial energy efficiency are all things that have strong bipartisan support"
https://archive.org/details/MSNBC_20101117_010000_Countdown_With_Keith_Olbermann#start/1226/end/1261,11/17/2010 1:20:41,MSNBC,Countdown With Keith Olbermann,MSNBC_20101117_010000_Countdown_With_Keith_Olbermann,https://archive.org/download/MSNBC_20101117_010000_Countdown_With_Keith_Olbermann/MSNBC_20101117_010000_Countdown_With_Keith_Olbermann.thumbs/MSNBC_20101117_010000_Countdown_With_Keith_Olbermann_001225.jpg,"consult required. the president can use his authority by issuing executive orders, use rule making, a9e management and diplomacy. to further his agenda. among the group's specific recommendations, use the epa to lower greenhouse gas pollution and use commander in chief"
https://archive.org/details/MSNBC_20101116_020000_The_Rachel_Maddow_Show#start/1323/end/1358,11/16/2010 2:22:18,MSNBC,The Rachel Maddow Show,MSNBC_20101116_020000_The_Rachel_Maddow_Show,https://archive.org/download/MSNBC_20101116_020000_The_Rachel_Maddow_Show/MSNBC_20101116_020000_The_Rachel_Maddow_Show.thumbs/MSNBC_20101116_020000_The_Rachel_Maddow_Show_001320.jpg,"john mccain is also opposed to john mccain on environmental legislation. cap and trade, that there will be incentives for people to reduce greenhouse gas emissions. it's a free market approach. that's the john mccain who was in favor of cap and trade."
https://archive.org/details/MSNBC_20101117_070000_Countdown_With_Keith_Olbermann#start/1223/end/1258,11/17/2010 7:20:38,MSNBC,Countdown With Keith Olbermann,MSNBC_20101117_070000_Countdown_With_Keith_Olbermann,https://archive.org/download/MSNBC_20101117_070000_Countdown_With_Keith_Olbermann/MSNBC_20101117_070000_Countdown_With_Keith_Olbermann.thumbs/MSNBC_20101117_070000_Countdown_With_Keith_Olbermann_001200.jpg,"the president can use his authority by issuing executive orders, use rule making, a9e management and diplomacy. to further his agenda. among the group's specific recommendations, use the epa to lower greenhouse gas pollution and use commander in chief authority to stop the"
https://archive.org/details/MSNBC_20101105_030000_Countdown_With_Keith_Olbermann#start/73/end/108,11/5/2010 3:01:28,MSNBC,Countdown With Keith Olbermann,MSNBC_20101105_030000_Countdown_With_Keith_Olbermann,https://archive.org/download/MSNBC_20101105_030000_Countdown_With_Keith_Olbermann/MSNBC_20101105_030000_Countdown_With_Keith_Olbermann.thumbs/MSNBC_20101105_030000_Countdown_With_Keith_Olbermann_000057.jpg,"karl rove boasts climate is gone while pushing fracking. republicans planning federal investigations of what they call the global warming hoax. our guest, the director of the"
https://archive.org/details/MSNBC_20101117_040000_Countdown_With_Keith_Olbermann#start/1234/end/1269,11/17/2010 4:20:49,MSNBC,Countdown With Keith Olbermann,MSNBC_20101117_040000_Countdown_With_Keith_Olbermann,https://archive.org/download/MSNBC_20101117_040000_Countdown_With_Keith_Olbermann/MSNBC_20101117_040000_Countdown_With_Keith_Olbermann.thumbs/MSNBC_20101117_040000_Countdown_With_Keith_Olbermann_001225.jpg,"recommendations, use the epa to lower greenhouse gas pollution and use commander in chief authority to stop the endorsement of don't ask, don't tell. the center's report pointing to another democratic president facing similar republican opposition in the latter half of his first term, bill clinton."
https://archive.org/details/MSNBC_20101111_070000_Countdown_With_Keith_Olbermann#start/1311/end/1346,11/11/2010 7:22:06,MSNBC,Countdown With Keith Olbermann,MSNBC_20101111_070000_Countdown_With_Keith_Olbermann,https://archive.org/download/MSNBC_20101111_070000_Countdown_With_Keith_Olbermann/MSNBC_20101111_070000_Countdown_With_Keith_Olbermann.thumbs/MSNBC_20101111_070000_Countdown_With_Keith_Olbermann_001314.jpg,"the shimkus solution to global warming, pollute more and the dinosaurs might come back. then we'll live in the land of the lost. not clear how much mr. shimkus clears his dinosaur reanimation"
https://archive.org/details/MSNBC_20101111_010000_Countdown_With_Keith_Olbermann#start/2365/end/2400,11/11/2010 1:39:40,MSNBC,Countdown With Keith Olbermann,MSNBC_20101111_010000_Countdown_With_Keith_Olbermann,https://archive.org/download/MSNBC_20101111_010000_Countdown_With_Keith_Olbermann/MSNBC_20101111_010000_Countdown_With_Keith_Olbermann.thumbs/MSNBC_20101111_010000_Countdown_With_Keith_Olbermann_002364.jpg,"warming, and he literally told me that barbra streisand and a bunch of hollywood liberals had cooked up this whole hoax of global warming and had managed to fooli isishly lead astray tef"
https://archive.org/details/MSNBC_20101112_210000_The_Dylan_Ratigan_Show#start/2131/end/2166,11/12/2010 21:35:46,MSNBC,The Dylan Ratigan Show,MSNBC_20101112_210000_The_Dylan_Ratigan_Show,https://archive.org/download/MSNBC_20101112_210000_The_Dylan_Ratigan_Show/MSNBC_20101112_210000_The_Dylan_Ratigan_Show.thumbs/MSNBC_20101112_210000_The_Dylan_Ratigan_Show_002124.jpg,"at it we possibly can. pan sick a very unlikely way to make good judgments. you actually argue in your film that the fearmongering to draw attention to global warming, while maybe attractive,"
https://archive.org/details/MSNBC_20101111_040000_Countdown_With_Keith_Olbermann#start/1203/end/1238,11/11/2010 4:20:18,MSNBC,Countdown With Keith Olbermann,MSNBC_20101111_040000_Countdown_With_Keith_Olbermann,https://archive.org/download/MSNBC_20101111_040000_Countdown_With_Keith_Olbermann/MSNBC_20101111_040000_Countdown_With_Keith_Olbermann.thumbs/MSNBC_20101111_040000_Countdown_With_Keith_Olbermann_001200.jpg,"destroyed with man-made global warming, because only god can destroy the candidate. and now fred upton is being attacked, presumably by one of his republican rivals, we don't know who. an unsigned voting record"
https://archive.org/details/MSNBC_20101117_110000_Morning_Joe#start/4733/end/4768,11/17/2010 12:19:08,MSNBC,Morning Joe,MSNBC_20101117_110000_Morning_Joe,https://archive.org/download/MSNBC_20101117_110000_Morning_Joe/MSNBC_20101117_110000_Morning_Joe.thumbs/MSNBC_20101117_110000_Morning_Joe_004710.jpg,"up next we'll check in with chuck todd. later -- i don't know what happened there. environmentalists call clean coal an oxymoron. but is the only solution to global warming? we'll talk about that, too."
https://archive.org/details/MSNBC_20101117_040000_Countdown_With_Keith_Olbermann#start/2497/end/2532,11/17/2010 4:41:52,MSNBC,Countdown With Keith Olbermann,MSNBC_20101117_040000_Countdown_With_Keith_Olbermann,https://archive.org/download/MSNBC_20101117_040000_Countdown_With_Keith_Olbermann/MSNBC_20101117_040000_Countdown_With_Keith_Olbermann.thumbs/MSNBC_20101117_040000_Countdown_With_Keith_Olbermann_002484.jpg,"moderates, they don't. there are no moderates on the republican side. there are no republican senators who will argue that global warming is a hoax anymore. for example. you know, at some point the left"
https://archive.org/details/MSNBC_20101116_110000_Morning_Joe#start/9841/end/9876,11/16/2010 13:44:16,MSNBC,Morning Joe,MSNBC_20101116_110000_Morning_Joe,https://archive.org/download/MSNBC_20101116_110000_Morning_Joe/MSNBC_20101116_110000_Morning_Joe.thumbs/MSNBC_20101116_110000_Morning_Joe_009840.jpg,"comes from putting out more co 2. let's talk nuclear. is that a good way to reduce global warming? we know it works. co 2-free. it's also costly. it's actually two to three times"
https://archive.org/details/MSNBC_20101117_070000_Countdown_With_Keith_Olbermann#start/2499/end/2534,11/17/2010 7:41:54,MSNBC,Countdown With Keith Olbermann,MSNBC_20101117_070000_Countdown_With_Keith_Olbermann,https://archive.org/download/MSNBC_20101117_070000_Countdown_With_Keith_Olbermann/MSNBC_20101117_070000_Countdown_With_Keith_Olbermann.thumbs/MSNBC_20101117_070000_Countdown_With_Keith_Olbermann_002490.jpg,"there are no republican senators who will argue that global warming is a hoax anymore. for example. you know, at some point the left moved to the center, the right moved into a mental hospital."
https://archive.org/details/MSNBC_20101116_110000_Morning_Joe#start/9585/end/9620,11/16/2010 13:40:00,MSNBC,Morning Joe,MSNBC_20101116_110000_Morning_Joe,https://archive.org/download/MSNBC_20101116_110000_Morning_Joe/MSNBC_20101116_110000_Morning_Joe.thumbs/MSNBC_20101116_110000_Morning_Joe_009510.jpg,"ruling the climate debate. this is one picture that summarizes how a lot of people see global warming as a catastrophe. the tag line of al gore's film is, this is the most terrifying"
https://archive.org/details/MSNBC_20101125_030000_The_Last_Word#start/2376/end/2411,11/25/2010 3:39:51,MSNBC,The Last Word,MSNBC_20101125_030000_The_Last_Word,https://archive.org/download/MSNBC_20101125_030000_The_Last_Word/MSNBC_20101125_030000_The_Last_Word.thumbs/MSNBC_20101125_030000_The_Last_Word_002370.jpg,"i don't watch tv that often. what's your position on global warming? do you believe it's man made or not? no, i don't. you don't believe it's man made? or you don't believe it's man"
https://archive.org/details/MSNBC_20101110_050000_The_Rachel_Maddow_Show#start/2188/end/2223,11/10/2010 5:36:43,MSNBC,The Rachel Maddow Show,MSNBC_20101110_050000_The_Rachel_Maddow_Show,https://archive.org/download/MSNBC_20101110_050000_The_Rachel_Maddow_Show/MSNBC_20101110_050000_The_Rachel_Maddow_Show.thumbs/MSNBC_20101110_050000_The_Rachel_Maddow_Show_002184.jpg,"despite the fact that it's been debunkeried by a series of independent investigations including one by the british parliament, this theory of a grave conspiracy to fool the world into thinking there is global warming when really there"
https://archive.org/details/MSNBC_20101111_010000_Countdown_With_Keith_Olbermann#start/1202/end/1237,11/11/2010 1:20:17,MSNBC,Countdown With Keith Olbermann,MSNBC_20101111_010000_Countdown_With_Keith_Olbermann,https://archive.org/download/MSNBC_20101111_010000_Countdown_With_Keith_Olbermann/MSNBC_20101111_010000_Countdown_With_Keith_Olbermann.thumbs/MSNBC_20101111_010000_Countdown_With_Keith_Olbermann_001194.jpg,"infamously apologized to bp, and john schimka who is not destroyed with man-made global warming, because only god can destroy the candidate. and now fred upton is being attacked, presumably by one of his republican rivals, we don't"
https://archive.org/details/MSNBC_20101111_010000_Countdown_With_Keith_Olbermann#start/1468/end/1503,11/11/2010 1:24:43,MSNBC,Countdown With Keith Olbermann,MSNBC_20101111_010000_Countdown_With_Keith_Olbermann,https://archive.org/download/MSNBC_20101111_010000_Countdown_With_Keith_Olbermann/MSNBC_20101111_010000_Countdown_With_Keith_Olbermann.thumbs/MSNBC_20101111_010000_Countdown_With_Keith_Olbermann_001464.jpg,"that global warming can't harm us, can't cause sea level rise, because god said he wouldn't cause anymore floods. so, no, i think shimkus is about as extreme as you'd get. and as you say, he sort of mixed"
https://archive.org/details/MSNBC_20101111_040000_Countdown_With_Keith_Olbermann#start/1297/end/1332,11/11/2010 4:21:52,MSNBC,Countdown With Keith Olbermann,MSNBC_20101111_040000_Countdown_With_Keith_Olbermann,https://archive.org/download/MSNBC_20101111_040000_Countdown_With_Keith_Olbermann/MSNBC_20101111_040000_Countdown_With_Keith_Olbermann.thumbs/MSNBC_20101111_040000_Countdown_With_Keith_Olbermann_001290.jpg,"more like 4000 parts per million. there is a theological debate that there is a carbon-starved planet, not too much carbon. the shimkus solution to global warming, pollute more and the dinosaurs might come back."
https://archive.org/details/MSNBC_20101111_070000_Countdown_With_Keith_Olbermann#start/2357/end/2392,11/11/2010 7:39:32,MSNBC,Countdown With Keith Olbermann,MSNBC_20101111_070000_Countdown_With_Keith_Olbermann,https://archive.org/download/MSNBC_20101111_070000_Countdown_With_Keith_Olbermann/MSNBC_20101111_070000_Countdown_With_Keith_Olbermann.thumbs/MSNBC_20101111_070000_Countdown_With_Keith_Olbermann_002334.jpg,"have a tough slogging here. and you asked about inhofe, blaming this on liberals. i remembered about a year ago, talking to inhofe about global warming, and he literally told me that barbra streisand and a"
https://archive.org/details/MSNBC_20101105_000000_Countdown_With_Keith_Olbermann#start/79/end/114,11/5/2010 0:01:34,MSNBC,Countdown With Keith Olbermann,MSNBC_20101105_000000_Countdown_With_Keith_Olbermann,https://archive.org/download/MSNBC_20101105_000000_Countdown_With_Keith_Olbermann/MSNBC_20101105_000000_Countdown_With_Keith_Olbermann.thumbs/MSNBC_20101105_000000_Countdown_With_Keith_Olbermann_000056.jpg,"while pushing fracking. republicans planning federal investigations of what they call the global warming hoax. our guest, the director of the movie 'gas lamp.' mitch mcconnell and the new bipartisanship. he insists health care reform be"
https://archive.org/details/MSNBC_20101125_060000_The_Last_Word#start/2368/end/2403,11/25/2010 6:39:43,MSNBC,The Last Word,MSNBC_20101125_060000_The_Last_Word,https://archive.org/download/MSNBC_20101125_060000_The_Last_Word/MSNBC_20101125_060000_The_Last_Word.thumbs/MSNBC_20101125_060000_The_Last_Word_002364.jpg,"global warming? do you believe it's man made or not? no, i don't. you don't believe it's man made? or you don't believe it's man made. i don't believe it's man made. some people have credited the"
https://archive.org/details/MSNBC_20101125_060000_The_Last_Word#start/2989/end/3024,11/25/2010 6:50:04,MSNBC,The Last Word,MSNBC_20101125_060000_The_Last_Word,https://archive.org/download/MSNBC_20101125_060000_The_Last_Word/MSNBC_20101125_060000_The_Last_Word.thumbs/MSNBC_20101125_060000_The_Last_Word_002964.jpg,"york times' i don't watch tv that often. what's your position on global warming, do you believe it's man made or not? there are man's activities that can be contributed to the issues that we're dealing with"
https://archive.org/details/MSNBC_20101117_010000_Countdown_With_Keith_Olbermann#start/2507/end/2542,11/17/2010 1:42:02,MSNBC,Countdown With Keith Olbermann,MSNBC_20101117_010000_Countdown_With_Keith_Olbermann,https://archive.org/download/MSNBC_20101117_010000_Countdown_With_Keith_Olbermann/MSNBC_20101117_010000_Countdown_With_Keith_Olbermann.thumbs/MSNBC_20101117_010000_Countdown_With_Keith_Olbermann_002484.jpg,"who will argue that global warming is a hoax anymore. for example. you know, at some point the left moved to the center, the right moved into a mental hospital. and there is no middle anymore."
https://archive.org/details/MSNBC_20101116_110000_Morning_Joe#start/9375/end/9410,11/16/2010 13:36:30,MSNBC,Morning Joe,MSNBC_20101116_110000_Morning_Joe,https://archive.org/download/MSNBC_20101116_110000_Morning_Joe/MSNBC_20101116_110000_Morning_Joe.thumbs/MSNBC_20101116_110000_Morning_Joe_009360.jpg,"financial crisis. up next, an activist who says al gore oversold the message on global warming. we'll be right back. you could switch for great gas mileage or seats that flip and fold with one hand."
https://archive.org/details/MSNBC_20101112_210000_The_Dylan_Ratigan_Show#start/2259/end/2294,11/12/2010 21:37:54,MSNBC,The Dylan Ratigan Show,MSNBC_20101112_210000_The_Dylan_Ratigan_Show,https://archive.org/download/MSNBC_20101112_210000_The_Dylan_Ratigan_Show/MSNBC_20101112_210000_The_Dylan_Ratigan_Show.thumbs/MSNBC_20101112_210000_The_Dylan_Ratigan_Show_002244.jpg,"ruling the climate debate. this is one picture which summarizes how a lot of people see global warming as this all-ending catastrophe. the tag line of al gore's film is, this is the most terrifying"
https://archive.org/details/MSNBC_20101116_060000_The_Rachel_Maddow_Show#start/1324/end/1359,11/16/2010 6:22:19,MSNBC,The Rachel Maddow Show,MSNBC_20101116_060000_The_Rachel_Maddow_Show,https://archive.org/download/MSNBC_20101116_060000_The_Rachel_Maddow_Show/MSNBC_20101116_060000_The_Rachel_Maddow_Show.thumbs/MSNBC_20101116_060000_The_Rachel_Maddow_Show_001320.jpg,"cap and trade, that there will be incentives for people to reduce greenhouse gas emissions. it's a free market approach. that's the john mccain who was in favor of cap and trade. but if president obama's on board with that idea, john mccain finds that he is very much against cap and trade."
https://archive.org/details/MSNBC_20101118_110000_Morning_Joe#start/7769/end/7804,11/18/2010 13:09:44,MSNBC,Morning Joe,MSNBC_20101118_110000_Morning_Joe,https://archive.org/download/MSNBC_20101118_110000_Morning_Joe/MSNBC_20101118_110000_Morning_Joe.thumbs/MSNBC_20101118_110000_Morning_Joe_007758.jpg,"supported it. it's a losing talking point. that's the issue, right? i think even a very small gradually rising gasoline and other carbon tax, rising over the next 20 years would do more."
https://archive.org/details/MSNBC_20101110_050000_The_Rachel_Maddow_Show#start/2204/end/2239,11/10/2010 5:36:59,MSNBC,The Rachel Maddow Show,MSNBC_20101110_050000_The_Rachel_Maddow_Show,https://archive.org/download/MSNBC_20101110_050000_The_Rachel_Maddow_Show/MSNBC_20101110_050000_The_Rachel_Maddow_Show.thumbs/MSNBC_20101110_050000_The_Rachel_Maddow_Show_002184.jpg,"isn't global warming, this remains a very live issue in right wing circles. on the right, conspiracy theories and allegations debunked by the outside world are not considered debunked. the right has its own self-feeding media universe now."
https://archive.org/details/MSNBC_20101111_010000_Countdown_With_Keith_Olbermann#start/1312/end/1347,11/11/2010 1:22:07,MSNBC,Countdown With Keith Olbermann,MSNBC_20101111_010000_Countdown_With_Keith_Olbermann,https://archive.org/download/MSNBC_20101111_010000_Countdown_With_Keith_Olbermann/MSNBC_20101111_010000_Countdown_With_Keith_Olbermann.thumbs/MSNBC_20101111_010000_Countdown_With_Keith_Olbermann_001314.jpg,"global warming, pollute more and the dinosaurs might come back. then we'll live in the land of the lost. not clear how much mr. shimkus clears his dinosaur reanimation progress with the dinosaur bible, but that did not stop him"
https://archive.org/details/MSNBC_20101111_070000_Countdown_With_Keith_Olbermann#start/1201/end/1236,11/11/2010 7:20:16,MSNBC,Countdown With Keith Olbermann,MSNBC_20101111_070000_Countdown_With_Keith_Olbermann,https://archive.org/download/MSNBC_20101111_070000_Countdown_With_Keith_Olbermann/MSNBC_20101111_070000_Countdown_With_Keith_Olbermann.thumbs/MSNBC_20101111_070000_Countdown_With_Keith_Olbermann_001194.jpg,"republican fight to claim that gavel is getting ugly as to two distinguish themselves from the pack. joe barton of texas, who infamously apologized to bp, and john schimka who is not destroyed with man-made global warming, because only god can"
https://archive.org/details/MSNBC_20101112_210000_The_Dylan_Ratigan_Show#start/14/end/49,11/12/2010 21:00:29,MSNBC,The Dylan Ratigan Show,MSNBC_20101112_210000_The_Dylan_Ratigan_Show,https://archive.org/download/MSNBC_20101112_210000_The_Dylan_Ratigan_Show/MSNBC_20101112_210000_The_Dylan_Ratigan_Show.thumbs/MSNBC_20101112_210000_The_Dylan_Ratigan_Show_000026.jpg,"climate change and for that matter al gore. also in japan, holograms replacing rock stars? news anchors we presume are next. show starts right now."
https://archive.org/details/MSNBC_20101104_090000_First_Look#start/150/end/185,11/4/2010 9:02:45,MSNBC,First Look,MSNBC_20101104_090000_First_Look,https://archive.org/download/MSNBC_20101104_090000_First_Look/MSNBC_20101104_090000_First_Look.thumbs/MSNBC_20101104_090000_First_Look_000146.jpg,"we did the right thing and we worked very hard in our campaigns to convey that to the american people. president obama says he's ready to compromise on global warming. and he made no mention of his pre-election promise to hike taxes on the rich."
https://archive.org/details/MSNBC_20101125_030000_The_Last_Word#start/3001/end/3036,11/25/2010 3:50:16,MSNBC,The Last Word,MSNBC_20101125_030000_The_Last_Word,https://archive.org/download/MSNBC_20101125_030000_The_Last_Word/MSNBC_20101125_030000_The_Last_Word.thumbs/MSNBC_20101125_030000_The_Last_Word_003000.jpg,"that often. what's your position on global warming, do you believe it's man made or not? there are man's activities that can be contributed to the issues that we're dealing with now with these impacts. i'm not going to solely blame all of man's activities on"
https://archive.org/details/MSNBC_20101118_150000_Jansing_and_Co.#start/2936/end/2971,11/18/2010 15:49:11,MSNBC,Jansing and Co.,MSNBC_20101118_150000_Jansing_and_Co.,https://archive.org/download/MSNBC_20101118_150000_Jansing_and_Co./MSNBC_20101118_150000_Jansing_and_Co..thumbs/MSNBC_20101118_150000_Jansing_and_Co._002933.jpg,"the brightest to represent our country. it's a thrill. congratulations. it's good to see you. thank you, great to see you. in three minutes one man that is literally reaching new heights to spread the word about global warming. eric larsen will be here next."
https://archive.org/details/MSNBC_20101112_210000_The_Dylan_Ratigan_Show#start/2146/end/2181,11/12/2010 21:36:01,MSNBC,The Dylan Ratigan Show,MSNBC_20101112_210000_The_Dylan_Ratigan_Show,https://archive.org/download/MSNBC_20101112_210000_The_Dylan_Ratigan_Show/MSNBC_20101112_210000_The_Dylan_Ratigan_Show.thumbs/MSNBC_20101112_210000_The_Dylan_Ratigan_Show_002124.jpg,"well intend at tts outset becomes a barrier to solving the problem and results in spending a lot of money that doesn't solve the problem. the two ways we're solving global warming, and i'm putting it in quotation marks is we're promising these grand carbon"
https://archive.org/details/MSNBC_20101112_210000_The_Dylan_Ratigan_Show#start/2446/end/2481,11/12/2010 21:41:01,MSNBC,The Dylan Ratigan Show,MSNBC_20101112_210000_The_Dylan_Ratigan_Show,https://archive.org/download/MSNBC_20101112_210000_The_Dylan_Ratigan_Show/MSNBC_20101112_210000_The_Dylan_Ratigan_Show.thumbs/MSNBC_20101112_210000_The_Dylan_Ratigan_Show_002424.jpg,"corporate america, we should look for entrepreneurship and innovation in our high schools. no joke. maybe they'll solve global warming. we'll talk to a teenager who has become the new party king of new york city. yes, with a touch of innovation. after this."
https://archive.org/details/MSNBC_20101119_150000_Jansing_and_Co.#start/2960/end/2995,11/19/2010 15:49:35,MSNBC,Jansing and Co.,MSNBC_20101119_150000_Jansing_and_Co.,https://archive.org/download/MSNBC_20101119_150000_Jansing_and_Co./MSNBC_20101119_150000_Jansing_and_Co..thumbs/MSNBC_20101119_150000_Jansing_and_Co._002934.jpg,"here. he joins us by skype when it comes to his concern about global warming. i want to show folks what it was like for you up there. let's take a listen to this. it's about 35, 40 below right now. it's really cold."
https://archive.org/details/MSNBC_20101101_010000_The_Rachel_Maddow_Show#start/229/end/264,11/1/2010 1:04:04,MSNBC,The Rachel Maddow Show,MSNBC_20101101_010000_The_Rachel_Maddow_Show,https://archive.org/download/MSNBC_20101101_010000_The_Rachel_Maddow_Show/MSNBC_20101101_010000_The_Rachel_Maddow_Show.thumbs/MSNBC_20101101_010000_The_Rachel_Maddow_Show_000206.jpg,"another really controversial ballot measure would overturn the state's climate change law. the campaign to defeat that niche fiftive is out with a very, very clever ad."
https://archive.org/details/MSNBC_20101101_010000_The_Rachel_Maddow_Show#start/241/end/276,11/1/2010 1:04:16,MSNBC,The Rachel Maddow Show,MSNBC_20101101_010000_The_Rachel_Maddow_Show,https://archive.org/download/MSNBC_20101101_010000_The_Rachel_Maddow_Show/MSNBC_20101101_010000_The_Rachel_Maddow_Show.thumbs/MSNBC_20101101_010000_The_Rachel_Maddow_Show_000236.jpg,"they are going with a world series theme. beat texas? because the proposition to overturn california's climate change law is funded by texas oil companies. nice timing."
https://archive.org/details/MSNBC_20101105_000000_Countdown_With_Keith_Olbermann#start/1248/end/1283,11/5/2010 0:21:03,MSNBC,Countdown With Keith Olbermann,MSNBC_20101105_000000_Countdown_With_Keith_Olbermann,https://archive.org/download/MSNBC_20101105_000000_Countdown_With_Keith_Olbermann/MSNBC_20101105_000000_Countdown_With_Keith_Olbermann.thumbs/MSNBC_20101105_000000_Countdown_With_Keith_Olbermann_001225.jpg,"scientific fraud of climate change. the environmental protection agency recently did something significant. to classify carbon dioxide as a pollutant which could be regulated. republicans plan to counter that"
https://archive.org/details/MSNBC_20101108_220000_Hardball_With_Chris_Matthews#start/1853/end/1888,11/8/2010 22:31:08,MSNBC,Hardball With Chris Matthews,MSNBC_20101108_220000_Hardball_With_Chris_Matthews,https://archive.org/download/MSNBC_20101108_220000_Hardball_With_Chris_Matthews/MSNBC_20101108_220000_Hardball_With_Chris_Matthews.thumbs/MSNBC_20101108_220000_Hardball_With_Chris_Matthews_001854.jpg,"environmental protection agency. how many lawsuits has texas filed against the epa? seven against the epa's efforts to battle climate change. tonight's don't mess with texas big number."
https://archive.org/details/MSNBC_20101111_070000_Countdown_With_Keith_Olbermann#start/2373/end/2408,11/11/2010 7:39:48,MSNBC,Countdown With Keith Olbermann,MSNBC_20101111_070000_Countdown_With_Keith_Olbermann,https://archive.org/download/MSNBC_20101111_070000_Countdown_With_Keith_Olbermann/MSNBC_20101111_070000_Countdown_With_Keith_Olbermann.thumbs/MSNBC_20101111_070000_Countdown_With_Keith_Olbermann_002364.jpg,"bunch of hollywood liberals had cooked up this whole hoax of global warming and had managed to foolishly lead astray tens of thousands of scientists. so i bet if you asked him who's responsible for the sooners losing to the aggies, it was the liberals. this split in the kentucky"
https://archive.org/details/MSNBC_20101111_040000_Countdown_With_Keith_Olbermann#start/1469/end/1504,11/11/2010 4:24:44,MSNBC,Countdown With Keith Olbermann,MSNBC_20101111_040000_Countdown_With_Keith_Olbermann,https://archive.org/download/MSNBC_20101111_040000_Countdown_With_Keith_Olbermann/MSNBC_20101111_040000_Countdown_With_Keith_Olbermann.thumbs/MSNBC_20101111_040000_Countdown_With_Keith_Olbermann_001470.jpg,"that global warming can't harm us, can't cause sea level rise, because god said he wouldn't cause anymore floods. so, no, i think shimkus is about as extreme as you'd get. and as you say, he sort of mixed his metaphors. i don't know how you believe in"
https://archive.org/details/MSNBC_20101112_210000_The_Dylan_Ratigan_Show#start/1854/end/1889,11/12/2010 21:31:09,MSNBC,The Dylan Ratigan Show,MSNBC_20101112_210000_The_Dylan_Ratigan_Show,https://archive.org/download/MSNBC_20101112_210000_The_Dylan_Ratigan_Show/MSNBC_20101112_210000_The_Dylan_Ratigan_Show.thumbs/MSNBC_20101112_210000_The_Dylan_Ratigan_Show_001855.jpg,"documentary. a controversial one at that, on global warming, after this. you never considered making turn-by-turn navigation standard. if you want to talk about it. call me when you get there. that is if you find there, since you don't have"
https://archive.org/details/MSNBC_20101112_210000_The_Dylan_Ratigan_Show#start/2980/end/3015,11/12/2010 21:49:55,MSNBC,The Dylan Ratigan Show,MSNBC_20101112_210000_The_Dylan_Ratigan_Show,https://archive.org/download/MSNBC_20101112_210000_The_Dylan_Ratigan_Show/MSNBC_20101112_210000_The_Dylan_Ratigan_Show.thumbs/MSNBC_20101112_210000_The_Dylan_Ratigan_Show_002964.jpg,"if you were to take your entrepreneurial spirit and then look at all the problems we talk about here on cable networks and all of the politicians, do you think you could solve global warming or something like that? oh, definitely. just hand it over. i'll figure it all out."
https://archive.org/details/MSNBC_20101105_000000_Countdown_With_Keith_Olbermann#start/1104/end/1139,11/5/2010 0:18:39,MSNBC,Countdown With Keith Olbermann,MSNBC_20101105_000000_Countdown_With_Keith_Olbermann,https://archive.org/download/MSNBC_20101105_000000_Countdown_With_Keith_Olbermann/MSNBC_20101105_000000_Countdown_With_Keith_Olbermann.thumbs/MSNBC_20101105_000000_Countdown_With_Keith_Olbermann_001045.jpg,"climate is gone. he means efforts to prevent climate change are governor and efforts of a republican investigation have replaced them. once again, he honestly explains what compromise means, agreeing"
https://archive.org/details/MSNBC_20101104_030000_Countdown_With_Keith_Olbermann#start/2922/end/2957,11/4/2010 3:48:57,MSNBC,Countdown With Keith Olbermann,MSNBC_20101104_030000_Countdown_With_Keith_Olbermann,https://archive.org/download/MSNBC_20101104_030000_Countdown_With_Keith_Olbermann/MSNBC_20101104_030000_Countdown_With_Keith_Olbermann.thumbs/MSNBC_20101104_030000_Countdown_With_Keith_Olbermann_002903.jpg,"companies to kill the california climate change law voted down by more than 20 points. sometimes money does not win out. they rejected prop 19 that would have legalized recreational marijuana."
https://archive.org/details/MSNBC_20101105_030000_Countdown_With_Keith_Olbermann#start/1242/end/1277,11/5/2010 3:20:57,MSNBC,Countdown With Keith Olbermann,MSNBC_20101105_030000_Countdown_With_Keith_Olbermann,https://archive.org/download/MSNBC_20101105_030000_Countdown_With_Keith_Olbermann/MSNBC_20101105_030000_Countdown_With_Keith_Olbermann.thumbs/MSNBC_20101105_030000_Countdown_With_Keith_Olbermann_001225.jpg,"passing in the next congress, republican climate science deniers will hold hearings on what they claim is the scientific fraud of climate change. the environmental protection agency recently did something significant."
https://archive.org/details/MSNBC_20101101_040000_The_Rachel_Maddow_Show#start/247/end/282,11/1/2010 4:04:22,MSNBC,The Rachel Maddow Show,MSNBC_20101101_040000_The_Rachel_Maddow_Show,https://archive.org/download/MSNBC_20101101_040000_The_Rachel_Maddow_Show/MSNBC_20101101_040000_The_Rachel_Maddow_Show.thumbs/MSNBC_20101101_040000_The_Rachel_Maddow_Show_000236.jpg,"beat texas? because the proposition to overturn california's climate change law is funded by texas oil companies. nice timing. also orange and black. in colorado, remember that political ad that said vote for"
https://archive.org/details/MSNBC_20101102_100000_Morning_Joe#start/9797/end/9832,11/2/2010 12:43:32,MSNBC,Morning Joe,MSNBC_20101102_100000_Morning_Joe,https://archive.org/download/MSNBC_20101102_100000_Morning_Joe/MSNBC_20101102_100000_Morning_Joe.thumbs/MSNBC_20101102_100000_Morning_Joe_009797.jpg,"this ain't cheese, joe. this is health care reform. climate change. all the heavy hitters. all the big, democratic issues. they're running away from. but not big issues in middle america. listen."
https://archive.org/details/MSNBC_20101116_110000_Morning_Joe#start/9634/end/9669,11/16/2010 13:40:49,MSNBC,Morning Joe,MSNBC_20101116_110000_Morning_Joe,https://archive.org/download/MSNBC_20101116_110000_Morning_Joe/MSNBC_20101116_110000_Morning_Joe.thumbs/MSNBC_20101116_110000_Morning_Joe_009630.jpg,"global thinkers of 2010 and the author of 'smart solutions to climate change: comparing costs to benefits'. he joins us for the power and progress series. welcome to the show. thank you."
https://archive.org/details/MSNBC_20101120_130000_MSNBC_News_Live#start/3018/end/3053,11/20/2010 13:50:33,MSNBC,MSNBC News Live,MSNBC_20101120_130000_MSNBC_News_Live,https://archive.org/download/MSNBC_20101120_130000_MSNBC_News_Live/MSNBC_20101120_130000_MSNBC_News_Live.thumbs/MSNBC_20101120_130000_MSNBC_News_Live_003000.jpg,"president al gore who says you have to turn the ear on us, the media has failed on climate crisis coverage. have we? well, i don't like to throw stones, but i feel that it's important to discuss this not as a debate, but as fact."
https://archive.org/details/MSNBC_20101123_050000_The_Rachel_Maddow_Show#start/1414/end/1449,11/23/2010 5:23:49,MSNBC,The Rachel Maddow Show,MSNBC_20101123_050000_The_Rachel_Maddow_Show,https://archive.org/download/MSNBC_20101123_050000_The_Rachel_Maddow_Show/MSNBC_20101123_050000_The_Rachel_Maddow_Show.thumbs/MSNBC_20101123_050000_The_Rachel_Maddow_Show_001410.jpg,"our union's concern around issues involving the environment really stems from our desire to have safer working conditions for our members. this is something that we have been concerned with since the '60s. something we have been working on for over 40 years. in 1990, we identified global warming as the most pressing"
https://archive.org/details/MSNBC_20101112_210000_The_Dylan_Ratigan_Show#start/2209/end/2244,11/12/2010 21:37:04,MSNBC,The Dylan Ratigan Show,MSNBC_20101112_210000_The_Dylan_Ratigan_Show,https://archive.org/download/MSNBC_20101112_210000_The_Dylan_Ratigan_Show/MSNBC_20101112_210000_The_Dylan_Ratigan_Show.thumbs/MSNBC_20101112_210000_The_Dylan_Ratigan_Show_002184.jpg,"energy sifg. problem solved? that's the sense you get. by all means, do this. they are great ideas but just let's not kid ourselves and believe that's what's going to fix global warming. this is about changing the entire engine of growth for the last 200 years. it's about changing china and"
https://archive.org/details/MSNBC_20101104_000000_Countdown_With_Keith_Olbermann#start/2884/end/2919,11/4/2010 0:48:19,MSNBC,Countdown With Keith Olbermann,MSNBC_20101104_000000_Countdown_With_Keith_Olbermann,https://archive.org/download/MSNBC_20101104_000000_Countdown_With_Keith_Olbermann/MSNBC_20101104_000000_Countdown_With_Keith_Olbermann.thumbs/MSNBC_20101104_000000_Countdown_With_Keith_Olbermann_002844.jpg,"a victory and setback for progressives as voters weigh in on climate change and marriage equality. put that in your pipe and smoke it. our number two stories, the jaw droppers you don't hear last"
https://archive.org/details/MSNBC_20101108_070000_Meet_the_Press#start/2380/end/2415,11/8/2010 7:39:55,MSNBC,Meet the Press,MSNBC_20101108_070000_Meet_the_Press,https://archive.org/download/MSNBC_20101108_070000_Meet_the_Press/MSNBC_20101108_070000_Meet_the_Press.thumbs/MSNBC_20101108_070000_Meet_the_Press_002364.jpg,"opportunity for our people to confronting terrorism and violent extremism, from preventing the spread of nuclear weapons to addressing climate change, from the development that gives people and nations a path out of poverty, to"
https://archive.org/details/MSNBC_20101104_000000_Countdown_With_Keith_Olbermann#start/2929/end/2964,11/4/2010 0:49:04,MSNBC,Countdown With Keith Olbermann,MSNBC_20101104_000000_Countdown_With_Keith_Olbermann,https://archive.org/download/MSNBC_20101104_000000_Countdown_With_Keith_Olbermann/MSNBC_20101104_000000_Countdown_With_Keith_Olbermann.thumbs/MSNBC_20101104_000000_Countdown_With_Keith_Olbermann_002904.jpg,"oil. prop 23 devised by texas oil companies to kill the california climate change law voted down by more than 20 points. sometimes money does not win out. they jeerejected prop 19 that wd have legalized recreational"
https://archive.org/details/MSNBC_20101108_110000_Morning_Joe#start/5169/end/5204,11/8/2010 12:26:24,MSNBC,Morning Joe,MSNBC_20101108_110000_Morning_Joe,https://archive.org/download/MSNBC_20101108_110000_Morning_Joe/MSNBC_20101108_110000_Morning_Joe.thumbs/MSNBC_20101108_110000_Morning_Joe_005151.jpg,"action to combat climate change and to stand by those actions. we salute india's long history as a leading contributor to united nations peacekeeping missions, and we welcome india as it prepares to take its seat"
https://archive.org/details/MSNBC_20101108_070000_Meet_the_Press#start/2569/end/2604,11/8/2010 7:43:04,MSNBC,Meet the Press,MSNBC_20101108_070000_Meet_the_Press,https://archive.org/download/MSNBC_20101108_070000_Meet_the_Press/MSNBC_20101108_070000_Meet_the_Press.thumbs/MSNBC_20101108_070000_Meet_the_Press_002544.jpg,"and building efficiency. and we agreed to new partnerships including forestry and sustainable development of land to help meet the commitments we made at copenhagen to combat climate change. to ensure the safety of our citizens, we're deepening our"
https://archive.org/details/MSNBC_20101102_160000_Jansing_and_Co.#start/2608/end/2643,11/2/2010 16:43:43,MSNBC,Jansing and Co.,MSNBC_20101102_160000_Jansing_and_Co.,https://archive.org/download/MSNBC_20101102_160000_Jansing_and_Co./MSNBC_20101102_160000_Jansing_and_Co..thumbs/MSNBC_20101102_160000_Jansing_and_Co._002604.jpg,"independence from nancy pelosi. why is she such a target? because she's the speaker of the house and a very effective speaker of the house. she passed climate change. hate crime laws. all sorts of things that -- because she's been                 _"
https://archive.org/details/MSNBC_20101105_060000_Countdown_With_Keith_Olbermann#start/1234/end/1269,11/5/2010 6:20:49,MSNBC,Countdown With Keith Olbermann,MSNBC_20101105_060000_Countdown_With_Keith_Olbermann,https://archive.org/download/MSNBC_20101105_060000_Countdown_With_Keith_Olbermann/MSNBC_20101105_060000_Countdown_With_Keith_Olbermann.thumbs/MSNBC_20101105_060000_Countdown_With_Keith_Olbermann_001226.jpg,"legislation has no chance of passing in the next congress, republican climate science deniers will hold hearings on what they claim is the scientific frauld d of climate change. the environmental protection agency recently did something significant."
https://archive.org/details/MSNBC_20101105_030000_Countdown_With_Keith_Olbermann#start/1228/end/1263,11/5/2010 3:20:43,MSNBC,Countdown With Keith Olbermann,MSNBC_20101105_030000_Countdown_With_Keith_Olbermann,https://archive.org/download/MSNBC_20101105_030000_Countdown_With_Keith_Olbermann/MSNBC_20101105_030000_Countdown_With_Keith_Olbermann.thumbs/MSNBC_20101105_030000_Countdown_With_Keith_Olbermann_001225.jpg,"dark cloak to reveal his true self, another one, karl rove went before an energy group and declared this. quote, climate is gone. in our fourth story, it's not enough that climate change legislation has no chance of"
https://archive.org/details/MSNBC_20101103_130000_The_Daily_Rundown#start/4729/end/4764,11/3/2010 14:19:04,MSNBC,The Daily Rundown,MSNBC_20101103_130000_The_Daily_Rundown,https://archive.org/download/MSNBC_20101103_130000_The_Daily_Rundown/MSNBC_20101103_130000_The_Daily_Rundown.thumbs/MSNBC_20101103_130000_The_Daily_Rundown_004731.jpg,"schumer will deal with it, ted kennedy was honest about it. when are they going to get serious about that problem? it's not complicated like climate change. we have to enforce the border fairly, progressively, if you"
https://archive.org/details/MSNBC_20101104_030000_Countdown_With_Keith_Olbermann#start/2875/end/2910,11/4/2010 3:48:10,MSNBC,Countdown With Keith Olbermann,MSNBC_20101104_030000_Countdown_With_Keith_Olbermann,https://archive.org/download/MSNBC_20101104_030000_Countdown_With_Keith_Olbermann/MSNBC_20101104_030000_Countdown_With_Keith_Olbermann.thumbs/MSNBC_20101104_030000_Countdown_With_Keith_Olbermann_002814.jpg,"or double points. a victory and setback for progressives as voters weigh in on climate change and marriage equality. put that in your pipe and smoke it. our number two stories, the jaw droppers you don't hear last"
https://archive.org/details/MSNBC_20101119_110000_Morning_Joe#start/10134/end/10169,11/19/2010 13:49:09,MSNBC,Morning Joe,MSNBC_20101119_110000_Morning_Joe,https://archive.org/download/MSNBC_20101119_110000_Morning_Joe/MSNBC_20101119_110000_Morning_Joe.thumbs/MSNBC_20101119_110000_Morning_Joe_010127.jpg,"prince charles' documentary' on climate change, at 10:00. a big night on nbc. up next, 'the week in review.' client comes in and they have a box. and inside that box is their financial life."
https://archive.org/details/MSNBC_20101118_110000_Morning_Joe#start/8023/end/8058,11/18/2010 13:13:58,MSNBC,Morning Joe,MSNBC_20101118_110000_Morning_Joe,https://archive.org/download/MSNBC_20101118_110000_Morning_Joe/MSNBC_20101118_110000_Morning_Joe.thumbs/MSNBC_20101118_110000_Morning_Joe_007998.jpg,"the outlook for some producers of energy in the country, and they don't like it. you've got some fully depreciated, fully paid for coal-fired power plants that are contributing to global climate change,i contributing to the"
https://archive.org/details/MSNBC_20101120_130000_MSNBC_News_Live#start/3004/end/3039,11/20/2010 13:50:19,MSNBC,MSNBC News Live,MSNBC_20101120_130000_MSNBC_News_Live,https://archive.org/download/MSNBC_20101120_130000_MSNBC_News_Live/MSNBC_20101120_130000_MSNBC_News_Live.thumbs/MSNBC_20101120_130000_MSNBC_News_Live_003000.jpg,"have it right? it's basically science. either you believe in the fundamental principals of science or you don't. the same methods that are used to describe gravity are employed to describe climate change. what about former vice"
https://archive.org/details/MSNBC_20101116_150000_Jansing_and_Co.#start/2423/end/2458,11/16/2010 15:40:38,MSNBC,Jansing and Co.,MSNBC_20101116_150000_Jansing_and_Co.,https://archive.org/download/MSNBC_20101116_150000_Jansing_and_Co./MSNBC_20101116_150000_Jansing_and_Co..thumbs/MSNBC_20101116_150000_Jansing_and_Co._002400.jpg,"what 'an inconvenient truth' did for climate change. obviously, it didn't get quite as much attention as the other documentary. president obama is pushing for the stark treaty in this lame duck congress. do you think that is even"
https://archive.org/details/MSNBC_20101117_110000_Morning_Joe#start/6347/end/6382,11/17/2010 12:46:02,MSNBC,Morning Joe,MSNBC_20101117_110000_Morning_Joe,https://archive.org/download/MSNBC_20101117_110000_Morning_Joe/MSNBC_20101117_110000_Morning_Joe.thumbs/MSNBC_20101117_110000_Morning_Joe_006330.jpg,"combating climate change. but for the coming decades, if we don't do something about coal, we're not going to really tackle this problem. you're telling me that coal fuels almost half of our economy? that's shocking."
https://archive.org/details/MSNBC_20101116_170000_MSNBC_News_Live#start/3140/end/3175,11/16/2010 17:52:35,MSNBC,MSNBC News Live,MSNBC_20101116_170000_MSNBC_News_Live,https://archive.org/download/MSNBC_20101116_170000_MSNBC_News_Live/MSNBC_20101116_170000_MSNBC_News_Live.thumbs/MSNBC_20101116_170000_MSNBC_News_Live_003114.jpg,"elections have consequences. especially if you're trying to push through stalled legislation. when republicans take over the house next month and add to their numbers in the senate, gro grouping working on climate change could find getting"
https://archive.org/details/MSNBC_20101112_210000_The_Dylan_Ratigan_Show#start/2116/end/2151,11/12/2010 21:35:31,MSNBC,The Dylan Ratigan Show,MSNBC_20101112_210000_The_Dylan_Ratigan_Show,https://archive.org/download/MSNBC_20101112_210000_The_Dylan_Ratigan_Show/MSNBC_20101112_210000_The_Dylan_Ratigan_Show.thumbs/MSNBC_20101112_210000_The_Dylan_Ratigan_Show_002094.jpg,"people saying it's the end of the world. both statements are wrong. we know the scientists are telling us global warming is real. it's a problem. we're making it and we need to tack tele. it's also wrong to scare people silly as we saw with those little kids and say it's the end of the world. we have to throw whatever money"
https://archive.org/details/MSNBC_20101111_010000_Countdown_With_Keith_Olbermann#start/931/end/966,11/11/2010 1:15:46,MSNBC,Countdown With Keith Olbermann,MSNBC_20101111_010000_Countdown_With_Keith_Olbermann,https://archive.org/download/MSNBC_20101111_010000_Countdown_With_Keith_Olbermann/MSNBC_20101111_010000_Countdown_With_Keith_Olbermann.thumbs/MSNBC_20101111_010000_Countdown_With_Keith_Olbermann_000925.jpg,"energy committee, while we're talking about the future. the guy who apologized to bp or the guy who believes climate change can't happen because god promised noaa he would not hit the reset button on the planet again after floody think."
https://archive.org/details/MSNBC_20101109_080000_Hardball_With_Chris_Matthews#start/1833/end/1868,11/9/2010 8:30:48,MSNBC,Hardball With Chris Matthews,MSNBC_20101109_080000_Hardball_With_Chris_Matthews,https://archive.org/download/MSNBC_20101109_080000_Hardball_With_Chris_Matthews/MSNBC_20101109_080000_Hardball_With_Chris_Matthews.thumbs/MSNBC_20101109_080000_Hardball_With_Chris_Matthews_001824.jpg,"in the past nine months how many lawsuits has the state of texas filed against the epa? seven. seven lawsuits. about one a month. lawsuits against the epa's efforts to battle climate change. well he's on his way. tonight's don't mess with texas"
https://archive.org/details/MSNBC_20101105_000000_Countdown_With_Keith_Olbermann#start/965/end/1000,11/5/2010 0:16:20,MSNBC,Countdown With Keith Olbermann,MSNBC_20101105_000000_Countdown_With_Keith_Olbermann,https://archive.org/download/MSNBC_20101105_000000_Countdown_With_Keith_Olbermann/MSNBC_20101105_000000_Countdown_With_Keith_Olbermann.thumbs/MSNBC_20101105_000000_Countdown_With_Keith_Olbermann_000955.jpg,"of mother jones. thanks, david. not even the friday before the mid-terms, karl rove is promising the climate change deniers, the polluters, big oil men, witch hunters, climate is gone. the republican house ready to run rampant over the"
https://archive.org/details/MSNBC_20101107_130000_MSNBC_News_Live#start/1080/end/1115,11/7/2010 13:18:15,MSNBC,MSNBC News Live,MSNBC_20101107_130000_MSNBC_News_Live,https://archive.org/download/MSNBC_20101107_130000_MSNBC_News_Live/MSNBC_20101107_130000_MSNBC_News_Live.thumbs/MSNBC_20101107_130000_MSNBC_News_Live_001075.jpg,"ally in the war against terrorism and a lot of other areas, climate change. lots of other big issues. christina, what about taxes because it appears that the president may have to compromise on the tax cuts. what do you see a compromise"
https://archive.org/details/MSNBC_20101104_060000_Countdown_With_Keith_Olbermann#start/2873/end/2908,11/4/2010 6:48:08,MSNBC,Countdown With Keith Olbermann,MSNBC_20101104_060000_Countdown_With_Keith_Olbermann,https://archive.org/download/MSNBC_20101104_060000_Countdown_With_Keith_Olbermann/MSNBC_20101104_060000_Countdown_With_Keith_Olbermann.thumbs/MSNBC_20101104_060000_Countdown_With_Keith_Olbermann_002754.jpg,"better if you hold it right side up congressman. a fond, fun, farewell to election night ahead. a victory and setback for progressives as voters weigh in on climate change and marriage equality. put that in your pipe and smoke it."
https://archive.org/details/MSNBC_20101124_020000_The_Rachel_Maddow_Show#start/1169/end/1204,11/24/2010 2:19:44,MSNBC,The Rachel Maddow Show,MSNBC_20101124_020000_The_Rachel_Maddow_Show,https://archive.org/download/MSNBC_20101124_020000_The_Rachel_Maddow_Show/MSNBC_20101124_020000_The_Rachel_Maddow_Show.thumbs/MSNBC_20101124_020000_The_Rachel_Maddow_Show_001166.jpg,"climate change legislation. so what does that mean in practical terms? if means that the republicans in congress are running for reelection starting now and they're running to the way right. and that sets up a face-opbetween progress and its"
https://archive.org/details/MSNBC_20101117_150000_Jansing_and_Co.#start/3276/end/3311,11/17/2010 15:54:51,MSNBC,Jansing and Co.,MSNBC_20101117_150000_Jansing_and_Co.,https://archive.org/download/MSNBC_20101117_150000_Jansing_and_Co./MSNBC_20101117_150000_Jansing_and_Co..thumbs/MSNBC_20101117_150000_Jansing_and_Co._003270.jpg,"engagement of his son to kate middleton. but the focus shifts back to the serious issue of climate change and richard lui is following that from new york. hey, richard. hey, chris. this is a good situation, perhaps. the british royals new document"
https://archive.org/details/MSNBC_20101117_030000_The_Last_Word#start/2466/end/2501,11/17/2010 3:41:21,MSNBC,The Last Word,MSNBC_20101117_030000_The_Last_Word,https://archive.org/download/MSNBC_20101117_030000_The_Last_Word/MSNBC_20101117_030000_The_Last_Word.thumbs/MSNBC_20101117_030000_The_Last_Word_002460.jpg,"problems or our own missteps in our war on terror. but we have to talk about -- we should be talking about nuclear proliferation and climate change and education and poverty, not about thins like gay marriage, which i'm sure pastor jones is"
https://archive.org/details/MSNBC_20101116_170000_MSNBC_News_Live#start/3202/end/3237,11/16/2010 17:53:37,MSNBC,MSNBC News Live,MSNBC_20101116_170000_MSNBC_News_Live,https://archive.org/download/MSNBC_20101116_170000_MSNBC_News_Live/MSNBC_20101116_170000_MSNBC_News_Live.thumbs/MSNBC_20101116_170000_MSNBC_News_Live_003203.jpg,"expected to meet this week to talk about whether to call a lame duck session to freeze the current standards for the epa's climate change agenda. it's frightening because the conversation in washington, d.c. is really about parties and who"
https://archive.org/details/MSNBC_20101112_210000_The_Dylan_Ratigan_Show#start/1825/end/1860,11/12/2010 21:30:40,MSNBC,The Dylan Ratigan Show,MSNBC_20101112_210000_The_Dylan_Ratigan_Show,https://archive.org/download/MSNBC_20101112_210000_The_Dylan_Ratigan_Show/MSNBC_20101112_210000_The_Dylan_Ratigan_Show.thumbs/MSNBC_20101112_210000_The_Dylan_Ratigan_Show_001825.jpg,"on the fed and international monetary policy. toure has a few thoughts on this in his daily rant. it is friday, after all. first, a climate change scientist who says we have enough to worry about without overhyping the danger."
https://archive.org/details/MSNBC_20101116_170000_MSNBC_News_Live#start/3247/end/3282,11/16/2010 17:54:22,MSNBC,MSNBC News Live,MSNBC_20101116_170000_MSNBC_News_Live,https://archive.org/download/MSNBC_20101116_170000_MSNBC_News_Live/MSNBC_20101116_170000_MSNBC_News_Live.thumbs/MSNBC_20101116_170000_MSNBC_News_Live_003233.jpg,"because they are out of work. how do you help lawmakers see ways they can take climate change legislation and practically speaking, create more jobs for americans. you know, we have to decide if we're going to be a country"
https://archive.org/details/MSNBC_20101111_040000_Countdown_With_Keith_Olbermann#start/989/end/1024,11/11/2010 4:16:44,MSNBC,Countdown With Keith Olbermann,MSNBC_20101111_040000_Countdown_With_Keith_Olbermann,https://archive.org/download/MSNBC_20101111_040000_Countdown_With_Keith_Olbermann/MSNBC_20101111_040000_Countdown_With_Keith_Olbermann.thumbs/MSNBC_20101111_040000_Countdown_With_Keith_Olbermann_000930.jpg,"the guy who apologized to bp or the guy who believes climate change can't happen because god promised noaa he would not hit the reset button on the planet again after floody think. hi, we're looking to save some money on our car insurance."
https://archive.org/details/MSNBC_20101105_000000_Countdown_With_Keith_Olbermann#start/1233/end/1268,11/5/2010 0:20:48,MSNBC,Countdown With Keith Olbermann,MSNBC_20101105_000000_Countdown_With_Keith_Olbermann,https://archive.org/download/MSNBC_20101105_000000_Countdown_With_Keith_Olbermann/MSNBC_20101105_000000_Countdown_With_Keith_Olbermann.thumbs/MSNBC_20101105_000000_Countdown_With_Keith_Olbermann_001225.jpg,"went before an energy group and declared this. quote, climate is gone. in our fourth story, it's not enough that climate change legislation has no chance of passing in the next congress, republican climate science deniers will hold hearings on what they claim is the"
https://archive.org/details/MSNBC_20101105_060000_Countdown_With_Keith_Olbermann#start/956/end/991,11/5/2010 6:16:11,MSNBC,Countdown With Keith Olbermann,MSNBC_20101105_060000_Countdown_With_Keith_Olbermann,https://archive.org/download/MSNBC_20101105_060000_Countdown_With_Keith_Olbermann/MSNBC_20101105_060000_Countdown_With_Keith_Olbermann.thumbs/MSNBC_20101105_060000_Countdown_With_Keith_Olbermann_000956.jpg,"we'll do better next time. david corn, washington editor of mother jones. thanks, david. not even the friday before the mid-terms, karl rove is promising the climate change deniers, the polluters, big oil men, witch hunters, climate is gone. the republican house ready to"
https://archive.org/details/MSNBC_20101105_060000_Countdown_With_Keith_Olbermann#start/1104/end/1139,11/5/2010 6:18:39,MSNBC,Countdown With Keith Olbermann,MSNBC_20101105_060000_Countdown_With_Keith_Olbermann,https://archive.org/download/MSNBC_20101105_060000_Countdown_With_Keith_Olbermann/MSNBC_20101105_060000_Countdown_With_Keith_Olbermann.thumbs/MSNBC_20101105_060000_Countdown_With_Keith_Olbermann_001016.jpg,"climate is gone. he means efforts to prevent climate change are governor and efforts of a republican investigation have replaced them. once again, he honestly explains what compromise means, agreeing with him. instead of kicking had him in the ass, the president agrees to the chat."
https://archive.org/details/MSNBC_20101105_030000_Countdown_With_Keith_Olbermann#start/966/end/1001,11/5/2010 3:16:21,MSNBC,Countdown With Keith Olbermann,MSNBC_20101105_030000_Countdown_With_Keith_Olbermann,https://archive.org/download/MSNBC_20101105_030000_Countdown_With_Keith_Olbermann/MSNBC_20101105_030000_Countdown_With_Keith_Olbermann.thumbs/MSNBC_20101105_030000_Countdown_With_Keith_Olbermann_000955.jpg,"david corn, washington editor of mother jones. thanks, david. not even the friday before the mid-terms, karl rove is promising the climate change deniers, the polluters, big oil men, witch hunters, climate is gone. the republican house ready to run rampant over the"
https://archive.org/details/MSNBC_20101105_030000_Countdown_With_Keith_Olbermann#start/1111/end/1146,11/5/2010 3:18:46,MSNBC,Countdown With Keith Olbermann,MSNBC_20101105_030000_Countdown_With_Keith_Olbermann,https://archive.org/download/MSNBC_20101105_030000_Countdown_With_Keith_Olbermann/MSNBC_20101105_030000_Countdown_With_Keith_Olbermann.thumbs/MSNBC_20101105_030000_Countdown_With_Keith_Olbermann_001075.jpg,"climate change are governor and efforts of a republican investigation have replaced them. once again, he honestly explains what compromise means, agreeing with him. instead of kicking had him in the ass, the president agrees to the chat. and he's here trying to explain"
https://archive.org/details/MSNBC_20101106_010000_The_Rachel_Maddow_Show#start/407/end/442,11/6/2010 1:07:02,MSNBC,The Rachel Maddow Show,MSNBC_20101106_010000_The_Rachel_Maddow_Show,https://archive.org/download/MSNBC_20101106_010000_The_Rachel_Maddow_Show/MSNBC_20101106_010000_The_Rachel_Maddow_Show.thumbs/MSNBC_20101106_010000_The_Rachel_Maddow_Show_000386.jpg,"senate has yet to act on. they include the repeal of don't ask, don't tell and the cap and trade climate change bill. among, as you can see here, many, many, many, many, many others. in 2007 everybody thought nancy pelosi's speakership would be"
https://archive.org/details/MSNBC_20101117_110000_Morning_Joe#start/6505/end/6540,11/17/2010 12:48:40,MSNBC,Morning Joe,MSNBC_20101117_110000_Morning_Joe,https://archive.org/download/MSNBC_20101117_110000_Morning_Joe/MSNBC_20101117_110000_Morning_Joe.thumbs/MSNBC_20101117_110000_Morning_Joe_006480.jpg,"while we continue having a silly ideological debate here about the sources of climate change, they're moving rapidly forward in experimenting with different solutions to the problem. you look at this technology, you look at what they're doing with high-speed rail, you look"
https://archive.org/details/MSNBC_20101124_050000_The_Rachel_Maddow_Show#start/1154/end/1189,11/24/2010 5:19:29,MSNBC,The Rachel Maddow Show,MSNBC_20101124_050000_The_Rachel_Maddow_Show,https://archive.org/download/MSNBC_20101124_050000_The_Rachel_Maddow_Show/MSNBC_20101124_050000_The_Rachel_Maddow_Show.thumbs/MSNBC_20101124_050000_The_Rachel_Maddow_Show_001135.jpg,"cycle, it's that these days it's tough to win a primary if you don't want to repeal obama care. it doesn't hurt if you also want to criminalize abortion, do away with birth rights and block climate change legislation. so what does that mean in practical terms?"
https://archive.org/details/MSNBC_20101109_000000_Hardball_With_Chris_Matthews#start/1853/end/1888,11/9/2010 0:31:08,MSNBC,Hardball With Chris Matthews,MSNBC_20101109_000000_Hardball_With_Chris_Matthews,https://archive.org/download/MSNBC_20101109_000000_Hardball_With_Chris_Matthews/MSNBC_20101109_000000_Hardball_With_Chris_Matthews.thumbs/MSNBC_20101109_000000_Hardball_With_Chris_Matthews_001854.jpg,"seven lawsuits. about one a month. lawsuits against the epa's efforts to battle climate change. well he's on his way. tonight's don't mess with texas big number. up next -- and that guy's running for president. up next, george w. bush's new memoir. the former president thought"
https://archive.org/details/MSNBC_20101117_060000_The_Last_Word#start/2458/end/2493,11/17/2010 6:41:13,MSNBC,The Last Word,MSNBC_20101117_060000_The_Last_Word,https://archive.org/download/MSNBC_20101117_060000_The_Last_Word/MSNBC_20101117_060000_The_Last_Word.thumbs/MSNBC_20101117_060000_The_Last_Word_002460.jpg,"and not based on economic problems or our own missteps in our war on terror. but we have to talk about -- we should be talking about nuclear proliferation and climate change and education and poverty, not about thins like gay marriage, which i'm sure pastor jones is"
https://archive.org/details/MSNBC_20101119_150000_Jansing_and_Co.#start/837/end/872,11/19/2010 15:14:12,MSNBC,Jansing and Co.,MSNBC_20101119_150000_Jansing_and_Co.,https://archive.org/download/MSNBC_20101119_150000_Jansing_and_Co./MSNBC_20101119_150000_Jansing_and_Co..thumbs/MSNBC_20101119_150000_Jansing_and_Co._000836.jpg,"to climate change. richard lui, you have been working on that story. hi, chris. we're talking about the north and south poles. it's cold. so cold you can't even smile. so, he decided he's worried about it that he'd go there setting a record along the way. ?  _"
https://archive.org/details/MSNBC_20101119_150000_Jansing_and_Co.#start/2992/end/3027,11/19/2010 15:50:07,MSNBC,Jansing and Co.,MSNBC_20101119_150000_Jansing_and_Co.,https://archive.org/download/MSNBC_20101119_150000_Jansing_and_Co./MSNBC_20101119_150000_Jansing_and_Co..thumbs/MSNBC_20101119_150000_Jansing_and_Co._002994.jpg,"connect people to what i call the last great frozen places left on the planet and really do something big to inspire people to act on climate change issues. all right, now, eric, the 'wall street journal' says that there are some 30% to 40% in the"
https://archive.org/details/MSNBC_20101123_050000_The_Rachel_Maddow_Show#start/1460/end/1495,11/23/2010 5:24:35,MSNBC,The Rachel Maddow Show,MSNBC_20101123_050000_The_Rachel_Maddow_Show,https://archive.org/download/MSNBC_20101123_050000_The_Rachel_Maddow_Show/MSNBC_20101123_050000_The_Rachel_Maddow_Show.thumbs/MSNBC_20101123_050000_The_Rachel_Maddow_Show_001440.jpg,"was there. first of all, with this pledge that's been signed by the house leadership, is there any meaningful climate change without a tax on carbon, without a price on carbon? yes. i think the reality is that we are going to into a very"
https://archive.org/details/MSNBC_20101104_060000_Countdown_With_Keith_Olbermann#start/2916/end/2951,11/4/2010 6:48:51,MSNBC,Countdown With Keith Olbermann,MSNBC_20101104_060000_Countdown_With_Keith_Olbermann,https://archive.org/download/MSNBC_20101104_060000_Countdown_With_Keith_Olbermann/MSNBC_20101104_060000_Countdown_With_Keith_Olbermann.thumbs/MSNBC_20101104_060000_Countdown_With_Keith_Olbermann_002904.jpg,"they painted the judges as liberal activists even though two were appointed by republican terry branstad. he won another term last night. in california a defeat for big oil. prop 23 devised by texas oil companies to kill the california climate change law voted down by more than 20 points."
https://archive.org/details/MSNBC_20101102_160000_Jansing_and_Co.#start/2824/end/2859,11/2/2010 16:47:19,MSNBC,Jansing and Co.,MSNBC_20101102_160000_Jansing_and_Co.,https://archive.org/download/MSNBC_20101102_160000_Jansing_and_Co./MSNBC_20101102_160000_Jansing_and_Co..thumbs/MSNBC_20101102_160000_Jansing_and_Co._002813.jpg,"now are against. what it just smart on it their part? one of the people who did what she said she was going to do. she put it on the line for health care and climate change and that fell aside on the senate side. she stayed true to the agenda."
https://archive.org/details/MSNBC_20101117_150000_Jansing_and_Co.#start/3356/end/3391,11/17/2010 15:56:11,MSNBC,Jansing and Co.,MSNBC_20101117_150000_Jansing_and_Co.,https://archive.org/download/MSNBC_20101117_150000_Jansing_and_Co./MSNBC_20101117_150000_Jansing_and_Co..thumbs/MSNBC_20101117_150000_Jansing_and_Co._003330.jpg,"what does harmony mean in prince charles' take on this? well, i think, good morning, richard. nice to meet you. i think one of the things, one of the reasons it's called harmony which maybe seems like an odd title to talk about climate change is that precisely"
https://archive.org/details/MSNBC_20101104_190000_MSNBC_News_Live#start/2139/end/2174,11/4/2010 19:35:54,MSNBC,MSNBC News Live,MSNBC_20101104_190000_MSNBC_News_Live,https://archive.org/download/MSNBC_20101104_190000_MSNBC_News_Live/MSNBC_20101104_190000_MSNBC_News_Live.thumbs/MSNBC_20101104_190000_MSNBC_News_Live_002124.jpg,"think he's the worst traitor. it seems like that's the momentum on the republican side. doesn't it? for republicans to be a national party they have to have answers on the environment. on climate change. on infrastructure. on job creation. democrats, the same, need to have ideas on how to build a"
https://archive.org/details/MSNBC_20101102_160000_Jansing_and_Co.#start/2118/end/2153,11/2/2010 16:35:33,MSNBC,Jansing and Co.,MSNBC_20101102_160000_Jansing_and_Co.,https://archive.org/download/MSNBC_20101102_160000_Jansing_and_Co./MSNBC_20101102_160000_Jansing_and_Co..thumbs/MSNBC_20101102_160000_Jansing_and_Co._002094.jpg,"like health care especially if we are talking about repealing and replacing the health care law and to climate change issues which are sort of hanging by a string right now. if there is a serious move to repeal health care, could that just dominate everything that's going on on capitol hill?"
https://archive.org/details/MSNBC_20101111_070000_Countdown_With_Keith_Olbermann#start/927/end/962,11/11/2010 7:15:42,MSNBC,Countdown With Keith Olbermann,MSNBC_20101111_070000_Countdown_With_Keith_Olbermann,https://archive.org/download/MSNBC_20101111_070000_Countdown_With_Keith_Olbermann/MSNBC_20101111_070000_Countdown_With_Keith_Olbermann.thumbs/MSNBC_20101111_070000_Countdown_With_Keith_Olbermann_000925.jpg,"so, that was fun. who would you rather have now as chairman of the house energy committee, while we're talking about the future. the guy who apologized to bp or the guy who believes climate change can't happen because god promised noaa he would not hit the reset button on the planet again after floody think."
