﻿URL,MatchDateTime,Station,Show,IAShowID,IAPreviewThumb,Snippet
https://archive.org/details/MSNBCW_20180705_190000_MSNBC_Live_With_Ali_Velshi#start/3463/end/3498,7/5/2018 19:57:58,MSNBC,MSNBC Live With Ali Velshi,MSNBCW_20180705_190000_MSNBC_Live_With_Ali_Velshi,https://archive.org/download/MSNBCW_20180705_190000_MSNBC_Live_With_Ali_Velshi/MSNBCW_20180705_190000_MSNBC_Live_With_Ali_Velshi.thumbs/MSNBCW_20180705_190000_MSNBC_Live_With_Ali_Velshi_003447.jpg,"someone who believes in climate change and takes it seriously for the benefit of all of us including our children. so, i would urge you to resign before your scandals push you out. i want to bring into the conversation emily holden, politico's climate change and"
https://archive.org/details/MSNBCW_20180724_060000_The_11th_Hour_With_Brian_Williams#start/3137/end/3172,7/24/2018 6:52:32,MSNBC,The 11th Hour With Brian Williams,MSNBCW_20180724_060000_The_11th_Hour_With_Brian_Williams,https://archive.org/download/MSNBCW_20180724_060000_The_11th_Hour_With_Brian_Williams/MSNBCW_20180724_060000_The_11th_Hour_With_Brian_Williams.thumbs/MSNBCW_20180724_060000_The_11th_Hour_With_Brian_Williams_003117.jpg,"saying that the proposal amounts to a frontal assault on one of former president barack obama's signature regulatory programs to curb greenhouse gas emissions that contribute to climate change. washington post reports that documents that were accidentally"
https://archive.org/details/MSNBCW_20180703_100000_Morning_Joe#start/9598/end/9633,7/3/2018 12:40:13,MSNBC,Morning Joe,MSNBCW_20180703_100000_Morning_Joe,https://archive.org/download/MSNBCW_20180703_100000_Morning_Joe/MSNBCW_20180703_100000_Morning_Joe.thumbs/MSNBCW_20180703_100000_Morning_Joe_009597.jpg,"doing to the environment in our country. this is my son. he loves animals. he loves clean air. he loves clean water. we deserve to have somebody who actually does protect our environment, somebody who believes in climate change and"
https://archive.org/details/MSNBCW_20180706_160000_Andrea_Mitchell_Reports#start/2/end/37,7/6/2018 16:00:17,MSNBC,Andrea Mitchell Reports,MSNBCW_20180706_160000_Andrea_Mitchell_Reports,https://archive.org/download/MSNBCW_20180706_160000_Andrea_Mitchell_Reports/MSNBCW_20180706_160000_Andrea_Mitchell_Reports.thumbs/MSNBCW_20180706_160000_Andrea_Mitchell_Reports_000058.jpg,"epa administrator scott pruitt is forced to resign amid pressure from lawmakers and the sheer embarrassment factor of moments like this one. we deserve to have something about at the epa who does protect our environment, someone who believes in climate change"
https://archive.org/details/MSNBCW_20180705_190000_MSNBC_Live_With_Ali_Velshi#start/2889/end/2924,7/5/2018 19:48:24,MSNBC,MSNBC Live With Ali Velshi,MSNBCW_20180705_190000_MSNBC_Live_With_Ali_Velshi,https://archive.org/download/MSNBCW_20180705_190000_MSNBC_Live_With_Ali_Velshi/MSNBCW_20180705_190000_MSNBC_Live_With_Ali_Velshi.thumbs/MSNBCW_20180705_190000_MSNBC_Live_With_Ali_Velshi_002877.jpg,"it will be a lot of money poured into that. yet again it will raise the temperature. and i don't mean to make a global warming climate change pun here, it will raise the temperature in what's already going to be a very hot an contentious summer. right. and it's worth noting that there"
https://archive.org/details/MSNBCW_20180714_180000_MSNBC_Live_With_David_Gura#start/756/end/791,7/14/2018 18:12:51,MSNBC,MSNBC Live With David Gura,MSNBCW_20180714_180000_MSNBC_Live_With_David_Gura,https://archive.org/download/MSNBCW_20180714_180000_MSNBC_Live_With_David_Gura/MSNBCW_20180714_180000_MSNBC_Live_With_David_Gura.thumbs/MSNBCW_20180714_180000_MSNBC_Live_With_David_Gura_000747.jpg,"life. families with young children protesting everything from donald trump's immigration policies to his stance on climate change and denials of climate change and we met american protesters. one woman said the protesters"
https://archive.org/details/MSNBCW_20180703_220000_The_Beat_With_Ari_Melber#start/972/end/1007,7/3/2018 22:16:27,MSNBC,The Beat With Ari Melber,MSNBCW_20180703_220000_The_Beat_With_Ari_Melber,https://archive.org/download/MSNBCW_20180703_220000_The_Beat_With_Ari_Melber/MSNBCW_20180703_220000_The_Beat_With_Ari_Melber.thumbs/MSNBCW_20180703_220000_The_Beat_With_Ari_Melber_000957.jpg,"doing to the environment of our country. this is my son, who loves animals. he loves -- he deserve to have somebody at the epa who actually protects our environment. someone who believes in climate"
https://archive.org/details/MSNBCW_20180703_160000_Andrea_Mitchell_Reports#start/2471/end/2506,7/3/2018 16:41:26,MSNBC,Andrea Mitchell Reports,MSNBCW_20180703_160000_Andrea_Mitchell_Reports,https://archive.org/download/MSNBCW_20180703_160000_Andrea_Mitchell_Reports/MSNBCW_20180703_160000_Andrea_Mitchell_Reports.thumbs/MSNBCW_20180703_160000_Andrea_Mitchell_Reports_002458.jpg,"i just wanted to encourage you to resign. this is my son. he loves animals. he loves air. he loves the water. we deserve to have somebody at the epa who actually does protect our environment, somebody who believes in climate"
https://archive.org/details/MSNBCW_20180724_030000_The_11th_Hour_With_Brian_Williams#start/3156/end/3191,7/24/2018 3:52:51,MSNBC,The 11th Hour With Brian Williams,MSNBCW_20180724_030000_The_11th_Hour_With_Brian_Williams,https://archive.org/download/MSNBCW_20180724_030000_The_11th_Hour_With_Brian_Williams/MSNBCW_20180724_030000_The_11th_Hour_With_Brian_Williams.thumbs/MSNBCW_20180724_030000_The_11th_Hour_With_Brian_Williams_003147.jpg,"power. they will try to remove the regulation of car emissions. emission controls saying the proposal amounts to a frontal assault on one of former president barack obama's signature regulatory programs to curb green house gas emissions that contribute to climate"
https://archive.org/details/MSNBCW_20180731_000000_All_In_With_Chris_Hayes#start/2981/end/3016,7/31/2018 0:49:56,MSNBC,All In With Chris Hayes,MSNBCW_20180731_000000_All_In_With_Chris_Hayes,https://archive.org/download/MSNBCW_20180731_000000_All_In_With_Chris_Hayes/MSNBCW_20180731_000000_All_In_With_Chris_Hayes.thumbs/MSNBCW_20180731_000000_All_In_With_Chris_Hayes_002968.jpg,"nail to ignore the problem of climate change or to make it worse. and none more so than the koch political network, which has already spent tens of millions of dollars fighting action on climate change over the years. and get this, they're reportedly going to drop another $400"
https://archive.org/details/MSNBCW_20180706_180000_MSNBC_Live_With_Katy_Tur#start/1719/end/1754,7/6/2018 18:28:54,MSNBC,MSNBC Live With Katy Tur,MSNBCW_20180706_180000_MSNBC_Live_With_Katy_Tur,https://archive.org/download/MSNBCW_20180706_180000_MSNBC_Live_With_Katy_Tur/MSNBCW_20180706_180000_MSNBC_Live_With_Katy_Tur.thumbs/MSNBCW_20180706_180000_MSNBC_Live_With_Katy_Tur_001709.jpg,"snowfall to the senate floor to cast doubt on claims about global warming. he is temporarily replacing pruitt who announced his resignation yesterday, after countless accusations of improper behavior ranging from an improper apartment rende"
https://archive.org/details/MSNBCW_20180706_190000_MSNBC_Live_With_Ali_Velshi#start/1868/end/1903,7/6/2018 19:31:23,MSNBC,MSNBC Live With Ali Velshi,MSNBCW_20180706_190000_MSNBC_Live_With_Ali_Velshi,https://archive.org/download/MSNBCW_20180706_190000_MSNBC_Live_With_Ali_Velshi/MSNBCW_20180706_190000_MSNBC_Live_With_Ali_Velshi.thumbs/MSNBCW_20180706_190000_MSNBC_Live_With_Ali_Velshi_001857.jpg,"some of what he did while he ran the agency. pruitt announced the repeal of the obama administration's clean power plan, which limits carbon pollution from major power plants. that is believed to be a major cause of global warming. he also suspended the clean"
https://archive.org/details/MSNBCW_20180713_130000_MSNBC_Live_With_Stephanie_Ruhle#start/2716/end/2751,7/13/2018 13:45:31,MSNBC,MSNBC Live With Stephanie Ruhle,MSNBCW_20180713_130000_MSNBC_Live_With_Stephanie_Ruhle,https://archive.org/download/MSNBCW_20180713_130000_MSNBC_Live_With_Stephanie_Ruhle/MSNBCW_20180713_130000_MSNBC_Live_With_Stephanie_Ruhle.thumbs/MSNBCW_20180713_130000_MSNBC_Live_With_Stephanie_Ruhle_002697.jpg,"causes from racism to global warming. not just anti-trump obviously sentiments. i do want to show you the security. the police right now are standing off. it is a totally jovial mood. if feels a little bit like the morning of those big events like"
https://archive.org/details/MSNBCW_20180703_060000_The_11th_Hour_With_Brian_Williams#start/3410/end/3445,7/3/2018 6:57:05,MSNBC,The 11th Hour With Brian Williams,MSNBCW_20180703_060000_The_11th_Hour_With_Brian_Williams,https://archive.org/download/MSNBCW_20180703_060000_The_11th_Hour_With_Brian_Williams/MSNBCW_20180703_060000_The_11th_Hour_With_Brian_Williams.thumbs/MSNBCW_20180703_060000_The_11th_Hour_With_Brian_Williams_003388.jpg,"protect our environment, somebody who believes in climate change and takes it seriously. for the benefit of all of us and our children."
https://archive.org/details/MSNBCW_20180706_150000_MSNBC_Live_With_Velshi_and_Ruhle#start/1386/end/1421,7/6/2018 15:23:21,MSNBC,MSNBC Live With Velshi and Ruhle,MSNBCW_20180706_150000_MSNBC_Live_With_Velshi_and_Ruhle,https://archive.org/download/MSNBCW_20180706_150000_MSNBC_Live_With_Velshi_and_Ruhle/MSNBCW_20180706_150000_MSNBC_Live_With_Velshi_and_Ruhle.thumbs/MSNBCW_20180706_150000_MSNBC_Live_With_Velshi_and_Ruhle_001378.jpg,"pruitt is skeptical on climate change being due to us. he's not going to be as vocal about it. he said in his confirmation"
https://archive.org/details/MSNBCW_20180706_020000_The_Last_Word_With_Lawrence_ODonnell#start/12/end/47,7/6/2018 2:00:27,MSNBC,The Last Word With Lawrence ODonnell,MSNBCW_20180706_020000_The_Last_Word_With_Lawrence_ODonnell,https://archive.org/download/MSNBCW_20180706_020000_The_Last_Word_With_Lawrence_ODonnell/MSNBCW_20180706_020000_The_Last_Word_With_Lawrence_ODonnell.thumbs/MSNBCW_20180706_020000_The_Last_Word_With_Lawrence_ODonnell_000058.jpg,"about him all day. he traveled all overhosti icove stories from climate change to the battle over labor unions. ed loved to fly planes, catch"
https://archive.org/details/MSNBCW_20180703_150000_MSNBC_Live_With_Velshi_and_Ruhle#start/2045/end/2080,7/3/2018 15:34:20,MSNBC,MSNBC Live With Velshi and Ruhle,MSNBCW_20180703_150000_MSNBC_Live_With_Velshi_and_Ruhle,https://archive.org/download/MSNBCW_20180703_150000_MSNBC_Live_With_Velshi_and_Ruhle/MSNBCW_20180703_150000_MSNBC_Live_With_Velshi_and_Ruhle.thumbs/MSNBCW_20180703_150000_MSNBC_Live_With_Velshi_and_Ruhle_002038.jpg,"we deserve to have somebody who does protect our environment. somebody who believes in climate change. so i would urge you to resign before your scandals push you"
https://archive.org/details/MSNBCW_20180706_190000_MSNBC_Live_With_Ali_Velshi#start/2264/end/2299,7/6/2018 19:37:59,MSNBC,MSNBC Live With Ali Velshi,MSNBCW_20180706_190000_MSNBC_Live_With_Ali_Velshi,https://archive.org/download/MSNBCW_20180706_190000_MSNBC_Live_With_Ali_Velshi/MSNBCW_20180706_190000_MSNBC_Live_With_Ali_Velshi.thumbs/MSNBCW_20180706_190000_MSNBC_Live_With_Ali_Velshi_002247.jpg,"that's something that sounds -- might have close to the same name but it's really going to fundamentally dismantle the obama administration's signature climate change plan. they're moving forward with"
https://archive.org/details/MSNBCW_20180707_140000_AM_Joy#start/3170/end/3205,7/7/2018 14:53:05,MSNBC,AM Joy,MSNBCW_20180707_140000_AM_Joy,https://archive.org/download/MSNBCW_20180707_140000_AM_Joy/MSNBCW_20180707_140000_AM_Joy.thumbs/MSNBCW_20180707_140000_AM_Joy_003147.jpg,"stire, the existence of a snowball doesn't mean there is no climate change. just not true. we've now seen scott pruitt go bot of the scandals. they say scott pruitt replacing"
https://archive.org/details/MSNBCW_20180720_100000_Morning_Joe#start/2782/end/2817,7/20/2018 10:46:37,MSNBC,Morning Joe,MSNBCW_20180720_100000_Morning_Joe,https://archive.org/download/MSNBCW_20180720_100000_Morning_Joe/MSNBCW_20180720_100000_Morning_Joe.thumbs/MSNBCW_20180720_100000_Morning_Joe_002758.jpg,"okay. so the slogan is -- let's achieve access to jobs and health care and affordable rail service for disenfranchised minorities while protecting our environment and combating climate change with the wealthy"
https://archive.org/details/MSNBCW_20180724_080000_The_11th_Hour_With_Brian_Williams#start/3155/end/3190,7/24/2018 8:52:50,MSNBC,The 11th Hour With Brian Williams,MSNBCW_20180724_080000_The_11th_Hour_With_Brian_Williams,https://archive.org/download/MSNBCW_20180724_080000_The_11th_Hour_With_Brian_Williams/MSNBCW_20180724_080000_The_11th_Hour_With_Brian_Williams.thumbs/MSNBCW_20180724_080000_The_11th_Hour_With_Brian_Williams_003147.jpg,"curb green house gas emissions that contribute to climate change. the documents accidentally released by the interior department show secretary ryan zinke and his aides tailored a report to emphasize the"
https://archive.org/details/MSNBCW_20180705_200000_Deadline_White_House#start/1537/end/1572,7/5/2018 20:25:52,MSNBC,Deadline White House,MSNBCW_20180705_200000_Deadline_White_House,https://archive.org/download/MSNBCW_20180705_200000_Deadline_White_House/MSNBCW_20180705_200000_Deadline_White_House.thumbs/MSNBCW_20180705_200000_Deadline_White_House_001528.jpg,"epa who were not civil servants, who were political appointees of the united states and trump supporters who shared the agenda, probably shared the denial of the climate crisis and watched this person conduct himself in such a abjectly horrifying way that this he were"
https://archive.org/details/MSNBCW_20180703_160000_Andrea_Mitchell_Reports#start/63/end/98,7/3/2018 16:01:18,MSNBC,Andrea Mitchell Reports,MSNBCW_20180703_160000_Andrea_Mitchell_Reports,https://archive.org/download/MSNBCW_20180703_160000_Andrea_Mitchell_Reports/MSNBCW_20180703_160000_Andrea_Mitchell_Reports.thumbs/MSNBCW_20180703_160000_Andrea_Mitchell_Reports_000058.jpg,"customer demanding he resign. we deserve to have somebody who believes in climate change and takes it seriously, for all of us including our children. so i urge you to resign because"
https://archive.org/details/MSNBCW_20180713_000000_All_In_With_Chris_Hayes#start/2216/end/2251,7/13/2018 0:37:11,MSNBC,All In With Chris Hayes,MSNBCW_20180713_000000_All_In_With_Chris_Hayes,https://archive.org/download/MSNBCW_20180713_000000_All_In_With_Chris_Hayes/MSNBCW_20180713_000000_All_In_With_Chris_Hayes.thumbs/MSNBCW_20180713_000000_All_In_With_Chris_Hayes_002217.jpg,"and cease americans big d democrats. these liberals who are talking to him about climate change and nuclear diplomacy and refugees and he doesn't like those people. and then sees people like"
https://archive.org/details/MSNBCW_20180731_070000_All_In_With_Chris_Hayes#start/3167/end/3202,7/31/2018 7:53:02,MSNBC,All In With Chris Hayes,MSNBCW_20180731_070000_All_In_With_Chris_Hayes,https://archive.org/download/MSNBCW_20180731_070000_All_In_With_Chris_Hayes/MSNBCW_20180731_070000_All_In_With_Chris_Hayes.thumbs/MSNBCW_20180731_070000_All_In_With_Chris_Hayes_002967.jpg,"climate change over the years. and get this, they're reportedly going to drop another $400 million in the upcoming 2018 mid-terms. what that looks like, next. we are just 99 days until"
https://archive.org/details/MSNBCW_20180705_200000_Deadline_White_House#start/459/end/494,7/5/2018 20:07:54,MSNBC,Deadline White House,MSNBCW_20180705_200000_Deadline_White_House,https://archive.org/download/MSNBCW_20180705_200000_Deadline_White_House/MSNBCW_20180705_200000_Deadline_White_House.thumbs/MSNBCW_20180705_200000_Deadline_White_House_000448.jpg,"previously he was chief of staff, andrew wheeler, for center enhoff in oklahoma. a big climate change i don't want to sigh r say deny error s. it is in the mold ideological of"
https://archive.org/details/MSNBCW_20180706_150000_MSNBC_Live_With_Velshi_and_Ruhle#start/1218/end/1253,7/6/2018 15:20:33,MSNBC,MSNBC Live With Velshi and Ruhle,MSNBCW_20180706_150000_MSNBC_Live_With_Velshi_and_Ruhle,https://archive.org/download/MSNBCW_20180706_150000_MSNBC_Live_With_Velshi_and_Ruhle/MSNBCW_20180706_150000_MSNBC_Live_With_Velshi_and_Ruhle.thumbs/MSNBCW_20180706_150000_MSNBC_Live_With_Velshi_and_Ruhle_001198.jpg,"important decision, lobbying president trump to withdrawal from the paris climate accord, a global agreement to fight climate change. you may notice a recuring theme here. pruitt took steps toward a number of impactful decisions"
https://archive.org/details/MSNBCW_20180712_000000_All_In_With_Chris_Hayes#start/2247/end/2282,7/12/2018 0:37:42,MSNBC,All In With Chris Hayes,MSNBCW_20180712_000000_All_In_With_Chris_Hayes,https://archive.org/download/MSNBCW_20180712_000000_All_In_With_Chris_Hayes/MSNBCW_20180712_000000_All_In_With_Chris_Hayes.thumbs/MSNBCW_20180712_000000_All_In_With_Chris_Hayes_002247.jpg,"and all of the other things, climate change, anthony kennedy said, yeah, it is covered in the clean air act. they are going to do away with that. and what kind of planet are our"
https://archive.org/details/MSNBCW_20180707_190000_MSNBC_Live_With_David_Gura#start/1918/end/1953,7/7/2018 19:32:13,MSNBC,MSNBC Live With David Gura,MSNBCW_20180707_190000_MSNBC_Live_With_David_Gura,https://archive.org/download/MSNBCW_20180707_190000_MSNBC_Live_With_David_Gura/MSNBCW_20180707_190000_MSNBC_Live_With_David_Gura.thumbs/MSNBCW_20180707_190000_MSNBC_Live_With_David_Gura_001917.jpg,"time will tell. i get a sense that wheeler will be taking slightly less what most people in the united states would consider radical positions. the skepticism about climate change or suggesting that the"
https://archive.org/details/MSNBCW_20180706_010000_The_Rachel_Maddow_Show#start/3610/end/3645,7/6/2018 2:00:25,MSNBC,The Rachel Maddow Show,MSNBCW_20180706_010000_The_Rachel_Maddow_Show,https://archive.org/download/MSNBCW_20180706_010000_The_Rachel_Maddow_Show/MSNBCW_20180706_010000_The_Rachel_Maddow_Show.thumbs/MSNBCW_20180706_010000_The_Rachel_Maddow_Show_003598.jpg,"for him on weekends and i still work with some of his producers who have been sharing stories about him all day. he traveled all overhosti icove stories from climate change to the battle over labor unions."
https://archive.org/details/MSNBCW_20180704_030000_The_11th_Hour_With_Brian_Williams#start/2536/end/2571,7/4/2018 3:42:31,MSNBC,The 11th Hour With Brian Williams,MSNBCW_20180704_030000_The_11th_Hour_With_Brian_Williams,https://archive.org/download/MSNBCW_20180704_030000_The_11th_Hour_With_Brian_Williams/MSNBCW_20180704_030000_The_11th_Hour_With_Brian_Williams.thumbs/MSNBCW_20180704_030000_The_11th_Hour_With_Brian_Williams_002518.jpg,"him succeed in his role, end quote. lisa friedman, climate change reporter for 'the new york times,' and still with us, shannon pettypiece of bloomberg news. lisa, it is difficult to keep track of scott pruitt's"
https://archive.org/details/MSNBCW_20180713_070000_All_In_With_Chris_Hayes#start/2197/end/2232,7/13/2018 7:36:52,MSNBC,All In With Chris Hayes,MSNBCW_20180713_070000_All_In_With_Chris_Hayes,https://archive.org/download/MSNBCW_20180713_070000_All_In_With_Chris_Hayes/MSNBCW_20180713_070000_All_In_With_Chris_Hayes.thumbs/MSNBCW_20180713_070000_All_In_With_Chris_Hayes_002188.jpg,"i think what is happening here is donald trump looks at europeans as small d democrats. and cease americans big d democrats. these liberals who are talking to him about climate change and nuclear diplomacy and refugees"
https://archive.org/details/MSNBCW_20180707_140000_AM_Joy#start/3138/end/3173,7/7/2018 14:52:33,MSNBC,AM Joy,MSNBCW_20180707_140000_AM_Joy,https://archive.org/download/MSNBCW_20180707_140000_AM_Joy/MSNBCW_20180707_140000_AM_Joy.thumbs/MSNBCW_20180707_140000_AM_Joy_003117.jpg,"snowball to prove once and for all that climate change isn't real. we keep hearing that 2014 has been the warmest year on record. i ask the chair, you know what this is? its a snowball and that just"
https://archive.org/details/MSNBCW_20180707_140000_AM_Joy#start/3235/end/3270,7/7/2018 14:54:10,MSNBC,AM Joy,MSNBCW_20180707_140000_AM_Joy,https://archive.org/download/MSNBCW_20180707_140000_AM_Joy/MSNBCW_20180707_140000_AM_Joy.thumbs/MSNBCW_20180707_140000_AM_Joy_003237.jpg,"loophole in a diesel freight struck that provides 55 times as much as the emission control. he's changed the way reporting takes place, essentially the e can't report on climate change and its effects on human beings."
https://archive.org/details/MSNBCW_20180708_200000_MSNBC_Live_With_Yasmin_Vossoughian#start/3285/end/3320,7/8/2018 20:55:00,MSNBC,MSNBC Live With Yasmin Vossoughian,MSNBCW_20180708_200000_MSNBC_Live_With_Yasmin_Vossoughian,https://archive.org/download/MSNBCW_20180708_200000_MSNBC_Live_With_Yasmin_Vossoughian/MSNBCW_20180708_200000_MSNBC_Live_With_Yasmin_Vossoughian.thumbs/MSNBCW_20180708_200000_MSNBC_Live_With_Yasmin_Vossoughian_003267.jpg,"wanting to tackle climate change. on your side of the ponld, donad trump is a product of systemic racism. he didn't create mass incarceration, but he enabled to get into power through playing on the racist choice that have"
https://archive.org/details/MSNBCW_20180707_190000_MSNBC_Live_With_David_Gura#start/2103/end/2138,7/7/2018 19:35:18,MSNBC,MSNBC Live With David Gura,MSNBCW_20180707_190000_MSNBC_Live_With_David_Gura,https://archive.org/download/MSNBCW_20180707_190000_MSNBC_Live_With_David_Gura/MSNBCW_20180707_190000_MSNBC_Live_With_David_Gura.thumbs/MSNBCW_20180707_190000_MSNBC_Live_With_David_Gura_002097.jpg,"$50 a night from a lobbyist. he had his strange religious beliefs that somehow climate change is something that's a hoax and that god somehow put him there and donald trump there in order to destroy our planet."
https://archive.org/details/MSNBCW_20180714_190000_MSNBC_Live_With_David_Gura#start/2012/end/2047,7/14/2018 19:33:47,MSNBC,MSNBC Live With David Gura,MSNBCW_20180714_190000_MSNBC_Live_With_David_Gura,https://archive.org/download/MSNBCW_20180714_190000_MSNBC_Live_With_David_Gura/MSNBCW_20180714_190000_MSNBC_Live_With_David_Gura.thumbs/MSNBCW_20180714_190000_MSNBC_Live_With_David_Gura_002007.jpg,"streets of glasgow yesterday and on the streets of edinburgh this morning. 10000 demonstrators turned out to voice displeasure of the president's policies from everything from climate change to policies on immigration. there wasn't a lot of is port"
https://archive.org/details/MSNBCW_20180726_130000_MSNBC_Live_With_Stephanie_Ruhle#start/2039/end/2074,7/26/2018 13:34:14,MSNBC,MSNBC Live With Stephanie Ruhle,MSNBCW_20180726_130000_MSNBC_Live_With_Stephanie_Ruhle,https://archive.org/download/MSNBCW_20180726_130000_MSNBC_Live_With_Stephanie_Ruhle/MSNBCW_20180726_130000_MSNBC_Live_With_Stephanie_Ruhle.thumbs/MSNBCW_20180726_130000_MSNBC_Live_With_Stephanie_Ruhle_002037.jpg,"black rock and van guard that represent us on 401(k)s trying to move companies on gun control and climate change. and. i heard about the main street investor coalition that was fighting back on this stuff."
https://archive.org/details/MSNBCW_20180703_130000_MSNBC_Live_With_Stephanie_Ruhle#start/3291/end/3326,7/3/2018 13:55:06,MSNBC,MSNBC Live With Stephanie Ruhle,MSNBCW_20180703_130000_MSNBC_Live_With_Stephanie_Ruhle,https://archive.org/download/MSNBCW_20180703_130000_MSNBC_Live_With_Stephanie_Ruhle/MSNBCW_20180703_130000_MSNBC_Live_With_Stephanie_Ruhle.thumbs/MSNBCW_20180703_130000_MSNBC_Live_With_Stephanie_Ruhle_003268.jpg,"water. he deserves to have somebody at epa who actually does protect our environment, somebody who believes in climate change and takes it seriously, to guard it for all of us, including our children. i urge you to resign before your"
https://archive.org/details/MSNBCW_20180705_200000_Deadline_White_House#start/1647/end/1682,7/5/2018 20:27:42,MSNBC,Deadline White House,MSNBCW_20180705_200000_Deadline_White_House,https://archive.org/download/MSNBCW_20180705_200000_Deadline_White_House/MSNBCW_20180705_200000_Deadline_White_House.thumbs/MSNBCW_20180705_200000_Deadline_White_House_001648.jpg,"administration, by the president, to serve out the president's agenda on climate change and a whole host of other issues before the epa. so they were dedicate today that go -- dedicated to that goal and that principle, only to watch it"
https://archive.org/details/MSNBCW_20180703_140000_MSNBC_Live_With_Hallie_Jackson#start/1078/end/1113,7/3/2018 14:18:13,MSNBC,MSNBC Live With Hallie Jackson,MSNBCW_20180703_140000_MSNBC_Live_With_Hallie_Jackson,https://archive.org/download/MSNBCW_20180703_140000_MSNBC_Live_With_Hallie_Jackson/MSNBCW_20180703_140000_MSNBC_Live_With_Hallie_Jackson.thumbs/MSNBCW_20180703_140000_MSNBC_Live_With_Hallie_Jackson_001077.jpg,"the environment in our country. this is my son. he loves animals. he loves clean air. he loves clean water. we deserve to have somebody at epa who protects our environment. somebody who believes in climate change and takes it seriously,"
https://archive.org/details/MSNBCW_20180704_060000_The_11th_Hour_With_Brian_Williams#start/2522/end/2557,7/4/2018 6:42:17,MSNBC,The 11th Hour With Brian Williams,MSNBCW_20180704_060000_The_11th_Hour_With_Brian_Williams,https://archive.org/download/MSNBCW_20180704_060000_The_11th_Hour_With_Brian_Williams/MSNBCW_20180704_060000_The_11th_Hour_With_Brian_Williams.thumbs/MSNBCW_20180704_060000_The_11th_Hour_With_Brian_Williams_002517.jpg,"general sessions and i are friends and i have always said i want nothing more than to see him succeed in his role, end quote. lisa friedman, climate change reporter for 'the new york times,' and still with us, shannon pettypiece of bloomberg"
https://archive.org/details/MSNBCW_20180706_180000_MSNBC_Live_With_Katy_Tur#start/1703/end/1738,7/6/2018 18:28:38,MSNBC,MSNBC Live With Katy Tur,MSNBCW_20180706_180000_MSNBC_Live_With_Katy_Tur,https://archive.org/download/MSNBCW_20180706_180000_MSNBC_Live_With_Katy_Tur/MSNBCW_20180706_180000_MSNBC_Live_With_Katy_Tur.thumbs/MSNBCW_20180706_180000_MSNBC_Live_With_Katy_Tur_001679.jpg,"in charge of the environmental protection agency. meet acting chief andrew wheeler. like scott pruitt who he is replacing, he is at least somewhat skeptical climate change is manmade. he worked for republican senator of oklahoma who once brought a"
https://archive.org/details/MSNBCW_20180711_190000_MSNBC_Live_With_Ali_Velshi#start/2546/end/2581,7/11/2018 19:42:41,MSNBC,MSNBC Live With Ali Velshi,MSNBCW_20180711_190000_MSNBC_Live_With_Ali_Velshi,https://archive.org/download/MSNBCW_20180711_190000_MSNBC_Live_With_Ali_Velshi/MSNBCW_20180711_190000_MSNBC_Live_With_Ali_Velshi.thumbs/MSNBCW_20180711_190000_MSNBC_Live_With_Ali_Velshi_002547.jpg,"environmental protection agency in a number of cases on shaissu like climate change and clean air. limiting the power of the epa seems to be a major focus of this administration. new acting administrator of the agency, andrew wheeler, introduced himself and told"
https://archive.org/details/MSNBCW_20180703_030000_The_11th_Hour_With_Brian_Williams#start/3449/end/3484,7/3/2018 3:57:44,MSNBC,The 11th Hour With Brian Williams,MSNBCW_20180703_030000_The_11th_Hour_With_Brian_Williams,https://archive.org/download/MSNBCW_20180703_030000_The_11th_Hour_With_Brian_Williams/MSNBCW_20180703_030000_The_11th_Hour_With_Brian_Williams.thumbs/MSNBCW_20180703_030000_The_11th_Hour_With_Brian_Williams_003448.jpg,"protect our environment, somebody who believes in climate change and takes it seriously. all of us who are putting our children. so i would urge you to resign or hopefully your scandals push you out. the last thing before we go tonight, that was epa"
https://archive.org/details/MSNBCW_20180702_090000_First_Look#start/3538/end/3573,7/2/2018 9:59:13,MSNBC,First Look,MSNBCW_20180702_090000_First_Look,https://archive.org/download/MSNBCW_20180702_090000_First_Look/MSNBCW_20180702_090000_First_Look.thumbs/MSNBCW_20180702_090000_First_Look_003537.jpg,"he's taken the united states out of, nato, g7, climate change. exactly. that's the list right there. from day one of his administration, donald trump went to war with the world order that wasn't helping american companies and american workers. that's why he pulled out of tpp"
https://archive.org/details/MSNBCW_20180703_170000_MSNBC_Live_With_Craig_Melvin#start/2350/end/2385,7/3/2018 17:39:25,MSNBC,MSNBC Live With Craig Melvin,MSNBCW_20180703_170000_MSNBC_Live_With_Craig_Melvin,https://archive.org/download/MSNBCW_20180703_170000_MSNBC_Live_With_Craig_Melvin/MSNBCW_20180703_170000_MSNBC_Live_With_Craig_Melvin.thumbs/MSNBCW_20180703_170000_MSNBC_Live_With_Craig_Melvin_002338.jpg,"we deserve to have somebody at the epa who actually does protect our environment. somebody who believes in climate change. who takes seriously to the benefit of all of us, including our children. i would urge you to resign before your scandals push you"
https://archive.org/details/MSNBCW_20180706_050000_The_Last_Word_With_Lawrence_ODonnell#start/0/end/35,7/6/2018 5:00:15,MSNBC,The Last Word With Lawrence ODonnell,MSNBCW_20180706_050000_The_Last_Word_With_Lawrence_ODonnell,https://archive.org/download/MSNBCW_20180706_050000_The_Last_Word_With_Lawrence_ODonnell/MSNBCW_20180706_050000_The_Last_Word_With_Lawrence_ODonnell.thumbs/MSNBCW_20180706_050000_The_Last_Word_With_Lawrence_ODonnell_000058.jpg,"stories from climate change to the battle over labor unions. ed loved to fly planes, drive boats, catch big fish and spend time with his kids and grandkids. most of all, he loved now it is time for the last word. good evening, ari."
https://archive.org/details/MSNBCW_20180706_040000_The_Rachel_Maddow_Show#start/3587/end/3622,7/6/2018 5:00:02,MSNBC,The Rachel Maddow Show,MSNBCW_20180706_040000_The_Rachel_Maddow_Show,https://archive.org/download/MSNBCW_20180706_040000_The_Rachel_Maddow_Show/MSNBCW_20180706_040000_The_Rachel_Maddow_Show.thumbs/MSNBCW_20180706_040000_The_Rachel_Maddow_Show_003568.jpg,"for ed on weekends and i still work with some of his producers who have been sharing stories about him all day. he traveled all across america, hosting shows from free health care clinics and covering stories from climate change to the battle over labor unions."
https://archive.org/details/MSNBCW_20180711_170000_MSNBC_Live_With_Craig_Melvin#start/2313/end/2348,7/11/2018 17:38:48,MSNBC,MSNBC Live With Craig Melvin,MSNBCW_20180711_170000_MSNBC_Live_With_Craig_Melvin,https://archive.org/download/MSNBCW_20180711_170000_MSNBC_Live_With_Craig_Melvin/MSNBCW_20180711_170000_MSNBC_Live_With_Craig_Melvin.thumbs/MSNBCW_20180711_170000_MSNBC_Live_With_Craig_Melvin_002307.jpg,"though the president hasn't come around to seeing things macron's way on the iran deal, on tariffs, on climate change. so the world leaders have a lot to talk about as they leave this class photo and head on the their dinner, their working"
https://archive.org/details/MSNBCW_20180715_230000_Kasie_DC#start/1774/end/1809,7/15/2018 23:29:49,MSNBC,Kasie DC,MSNBCW_20180715_230000_Kasie_DC,https://archive.org/download/MSNBCW_20180715_230000_Kasie_DC/MSNBCW_20180715_230000_Kasie_DC.thumbs/MSNBCW_20180715_230000_Kasie_DC_001767.jpg,"so we are no longer involved in climate change talks. we are no longer involved in population and women's health issues. we have left all sorts of u.n. panels. now, they need reforms, perhaps, but reforming from inside is always a lot more effective than"
https://archive.org/details/MSNBCW_20180723_170000_MSNBC_Live_With_Craig_Melvin#start/3382/end/3417,7/23/2018 17:56:37,MSNBC,MSNBC Live With Craig Melvin,MSNBCW_20180723_170000_MSNBC_Live_With_Craig_Melvin,https://archive.org/download/MSNBCW_20180723_170000_MSNBC_Live_With_Craig_Melvin/MSNBCW_20180723_170000_MSNBC_Live_With_Craig_Melvin.thumbs/MSNBCW_20180723_170000_MSNBC_Live_With_Craig_Melvin_003358.jpg,"denial of climate change, their denial of science. when you take that all in account, it's shocking. here is something else that's really -- real quick because we are out of time. all right. representative louis gomert of texas wants to pass a law that"
https://archive.org/details/MSNBCW_20180731_100000_Morning_Joe#start/2353/end/2388,7/31/2018 10:39:28,MSNBC,Morning Joe,MSNBCW_20180731_100000_Morning_Joe,https://archive.org/download/MSNBCW_20180731_100000_Morning_Joe/MSNBCW_20180731_100000_Morning_Joe.thumbs/MSNBCW_20180731_100000_Morning_Joe_002338.jpg,"not serious about climate change or infrastructure. this country face as crisis economically, socially in human terms and are simply letting it happen. by the way, not serious about elected serious leaders. best leader i've ever seen and wasn't warm and fuzzy, jeb bush."
https://archive.org/details/MSNBCW_20180705_220000_The_Beat_With_Ari_Melber#start/1408/end/1443,7/5/2018 22:23:43,MSNBC,The Beat With Ari Melber,MSNBCW_20180705_220000_The_Beat_With_Ari_Melber,https://archive.org/download/MSNBCW_20180705_220000_The_Beat_With_Ari_Melber/MSNBCW_20180705_220000_The_Beat_With_Ari_Melber.thumbs/MSNBCW_20180705_220000_The_Beat_With_Ari_Melber_001407.jpg,"we deserve to have somebody at the epa who cares about her environment, who believes in climate change and takes it seriously for the benefit of all of us, including our children. i would urge you to resign before your scandals push you out. as a member of congress, do"
https://archive.org/details/MSNBCW_20180703_080000_The_11th_Hour_With_Brian_Williams#start/3439/end/3474,7/3/2018 8:57:34,MSNBC,The 11th Hour With Brian Williams,MSNBCW_20180703_080000_The_11th_Hour_With_Brian_Williams,https://archive.org/download/MSNBCW_20180703_080000_The_11th_Hour_With_Brian_Williams/MSNBCW_20180703_080000_The_11th_Hour_With_Brian_Williams.thumbs/MSNBCW_20180703_080000_The_11th_Hour_With_Brian_Williams_003418.jpg,"he loves clean air. he loves clean water. we deserve to have somebody at the epa who actually does protect our environment, somebody who believes in climate change and takes it seriously. all of us who are putting our children. so i would urge you to resign or"
https://archive.org/details/MSNBCW_20180704_080000_The_11th_Hour_With_Brian_Williams#start/2518/end/2553,7/4/2018 8:42:13,MSNBC,The 11th Hour With Brian Williams,MSNBCW_20180704_080000_The_11th_Hour_With_Brian_Williams,https://archive.org/download/MSNBCW_20180704_080000_The_11th_Hour_With_Brian_Williams/MSNBCW_20180704_080000_The_11th_Hour_With_Brian_Williams.thumbs/MSNBCW_20180704_080000_The_11th_Hour_With_Brian_Williams_002518.jpg,"the epa administrator responded to the story, telling nbc news, quote, this report is simply false. general sessions and i are friends and i have always said i want nothing more than to see him succeed in his role, end quote. lisa friedman, climate change reporter for 'the new york"
https://archive.org/details/MSNBCW_20180703_090000_First_Look#start/2148/end/2183,7/3/2018 9:36:03,MSNBC,First Look,MSNBCW_20180703_090000_First_Look,https://archive.org/download/MSNBCW_20180703_090000_First_Look/MSNBCW_20180703_090000_First_Look.thumbs/MSNBCW_20180703_090000_First_Look_002127.jpg,"have somebody who actually does protect our environment, somebody who believes in climate change and takes it seriously to the benefit of all of us, including our children. so i would urge you to resign before your scandals push you out. all right. long-time trump organization legal fixer michael cohen"
https://archive.org/details/MSNBCW_20180706_150000_MSNBC_Live_With_Velshi_and_Ruhle#start/3606/end/3641,7/6/2018 16:00:21,MSNBC,MSNBC Live With Velshi and Ruhle,MSNBCW_20180706_150000_MSNBC_Live_With_Velshi_and_Ruhle,https://archive.org/download/MSNBCW_20180706_150000_MSNBC_Live_With_Velshi_and_Ruhle/MSNBCW_20180706_150000_MSNBC_Live_With_Velshi_and_Ruhle.thumbs/MSNBCW_20180706_150000_MSNBC_Live_With_Velshi_and_Ruhle_003598.jpg,"pressure from lawmakers and the sheer embarrassment factor of moments like this one. we deserve to have something about at the epa who does protect our environment, someone who believes in climate change and takes it seriously for all of us, including our children. i would urge you to resign"
https://archive.org/details/MSNBCW_20180711_100000_Morning_Joe#start/2024/end/2059,7/11/2018 10:33:59,MSNBC,Morning Joe,MSNBCW_20180711_100000_Morning_Joe,https://archive.org/download/MSNBCW_20180711_100000_Morning_Joe/MSNBCW_20180711_100000_Morning_Joe.thumbs/MSNBCW_20180711_100000_Morning_Joe_002008.jpg,"he's been extremely critical of the western european democracies. you can't imagine why an american president would act this way. i think it's a radical revolution, if you add in leaving the iran deal, leaving the paris climate change deal. we had a power base as the most"
https://archive.org/details/MSNBCW_20180731_070000_All_In_With_Chris_Hayes#start/2972/end/3007,7/31/2018 7:49:47,MSNBC,All In With Chris Hayes,MSNBCW_20180731_070000_All_In_With_Chris_Hayes,https://archive.org/download/MSNBCW_20180731_070000_All_In_With_Chris_Hayes/MSNBCW_20180731_070000_All_In_With_Chris_Hayes.thumbs/MSNBCW_20180731_070000_All_In_With_Chris_Hayes_002967.jpg,"that's all happening right now. it's happening with an administration and a republican machine that fights tooth and nail to ignore the problem of climate change or to make it worse. and none more so than the koch political network, which has already spent tens of millions of dollars fighting action on"
https://archive.org/details/MSNBCW_20180707_140000_AM_Joy#start/6923/end/6958,7/7/2018 15:55:38,MSNBC,AM Joy,MSNBCW_20180707_140000_AM_Joy,https://archive.org/download/MSNBCW_20180707_140000_AM_Joy/MSNBCW_20180707_140000_AM_Joy.thumbs/MSNBCW_20180707_140000_AM_Joy_006897.jpg,"and climate change. and i hope that i can really push some of those issues forward. should new york reform its voting system in terms of maybe having one primary instead of two? of course, new york is one of the most, is one of the worst offenders in voter suppression. we don't think about it because"
