﻿URL,MatchDateTime,Station,Show,IAShowID,IAPreviewThumb,Snippet
https://archive.org/details/MSNBC_20101001_210000_Hardball_With_Chris_Matthews#start/1932/end/1967,10/1/2010 21:32:27,MSNBC,Hardball With Chris Matthews,MSNBC_20101001_210000_Hardball_With_Chris_Matthews,https://archive.org/download/MSNBC_20101001_210000_Hardball_With_Chris_Matthews/MSNBC_20101001_210000_Hardball_With_Chris_Matthews.thumbs/MSNBC_20101001_210000_Hardball_With_Chris_Matthews_001915.jpg,"certain because it's not proven, the last thing we should do is penalize our economy. the science of global warming is unproven. it just is. there's tremendous evidence that human behavior, c 02 emissions are driving up greenhouse gases"
https://archive.org/details/MSNBC_20101001_010000_The_Rachel_Maddow_Show#start/196/end/231,10/1/2010 1:03:31,MSNBC,The Rachel Maddow Show,MSNBC_20101001_010000_The_Rachel_Maddow_Show,https://archive.org/download/MSNBC_20101001_010000_The_Rachel_Maddow_Show/MSNBC_20101001_010000_The_Rachel_Maddow_Show.thumbs/MSNBC_20101001_010000_The_Rachel_Maddow_Show_000176.jpg,"on things. the guy running against defazio this year is republican art robinson. mr. robinson is a former science professor, most famous for being a global warming defirnydenier."
https://archive.org/details/MSNBC_20101001_230000_Hardball_With_Chris_Matthews#start/1916/end/1951,10/1/2010 23:32:11,MSNBC,Hardball With Chris Matthews,MSNBC_20101001_230000_Hardball_With_Chris_Matthews,https://archive.org/download/MSNBC_20101001_230000_Hardball_With_Chris_Matthews/MSNBC_20101001_230000_Hardball_With_Chris_Matthews.thumbs/MSNBC_20101001_230000_Hardball_With_Chris_Matthews_001914.jpg,"to start maybe eating better food. another round of science versus the gop. senator russ feingold's republican challenger, billionaire businessman ron johnson told the associated press he believes global warming"
https://archive.org/details/MSNBC_20101003_110000_Hardball_Weekend#start/1592/end/1627,10/3/2010 11:26:47,MSNBC,Hardball Weekend,MSNBC_20101003_110000_Hardball_Weekend,https://archive.org/download/MSNBC_20101003_110000_Hardball_Weekend/MSNBC_20101003_110000_Hardball_Weekend.thumbs/MSNBC_20101003_110000_Hardball_Weekend_001590.jpg,"thing we should do is penalize our economy. the science of global warming is unproven, it just is. well, there's tremendous evidence that human behavior co2 emissions are driving up greenhouse gases and creating wild changes in the climate"
https://archive.org/details/MSNBC_20101022_060000_Countdown_With_Keith_Olbermann#start/1328/end/1363,10/22/2010 6:22:23,MSNBC,Countdown With Keith Olbermann,MSNBC_20101022_060000_Countdown_With_Keith_Olbermann,https://archive.org/download/MSNBC_20101022_060000_Countdown_With_Keith_Olbermann/MSNBC_20101022_060000_Countdown_With_Keith_Olbermann.thumbs/MSNBC_20101022_060000_Countdown_With_Keith_Olbermann_001315.jpg,"meanwhile, proving he's comfortable working with the big oil interest, ken buck of colorado campaigning with well-known environmentalist james inhoff. buck praised him for standing up, saying global warming is is"
https://archive.org/details/MSNBC_20101011_170000_Andrea_Mitchell_Reports#start/2618/end/2653,10/11/2010 17:43:53,MSNBC,Andrea Mitchell Reports,MSNBC_20101011_170000_Andrea_Mitchell_Reports,https://archive.org/download/MSNBC_20101011_170000_Andrea_Mitchell_Reports/MSNBC_20101011_170000_Andrea_Mitchell_Reports.thumbs/MSNBC_20101011_170000_Andrea_Mitchell_Reports_002610.jpg,"john racy thinks we are hicks. his people hired actors from philadelphia to attack joe manchin and told them to dress hi hicky. a carbon tax."
https://archive.org/details/MSNBC_20101008_040000_The_Rachel_Maddow_Show#start/2403/end/2438,10/8/2010 4:40:18,MSNBC,The Rachel Maddow Show,MSNBC_20101008_040000_The_Rachel_Maddow_Show,https://archive.org/download/MSNBC_20101008_040000_The_Rachel_Maddow_Show/MSNBC_20101008_040000_The_Rachel_Maddow_Show.thumbs/MSNBC_20101008_040000_The_Rachel_Maddow_Show_002400.jpg,"tech. many others who have degrees from cal tech have agreed with me on this. there are thousands of physical scientists in this country who on the basis of science alone have rejected global warming."
https://archive.org/details/MSNBC_20101002_090000_Hardball_Weekend#start/1586/end/1621,10/2/2010 9:26:41,MSNBC,Hardball Weekend,MSNBC_20101002_090000_Hardball_Weekend,https://archive.org/download/MSNBC_20101002_090000_Hardball_Weekend/MSNBC_20101002_090000_Hardball_Weekend.thumbs/MSNBC_20101002_090000_Hardball_Weekend_001584.jpg,"the last thing we should do is penalize our economy. the science of global warming is unproven. it just is. there's tremendous evidence that human behavior, c02 emissions are driving up greenhouse gases and causing changes in the climate globally."
https://archive.org/details/MSNBC_20101008_010000_The_Rachel_Maddow_Show#start/2418/end/2453,10/8/2010 1:40:33,MSNBC,The Rachel Maddow Show,MSNBC_20101008_010000_The_Rachel_Maddow_Show,https://archive.org/download/MSNBC_20101008_010000_The_Rachel_Maddow_Show/MSNBC_20101008_010000_The_Rachel_Maddow_Show.thumbs/MSNBC_20101008_010000_The_Rachel_Maddow_Show_002400.jpg,"have rejected global warming. you which to portray each of those people as a nut. i'll tell you, madam, there are thousands and thousands, far more than at the u.n., pushing this bogus issue about global"
https://archive.org/details/MSNBC_20101015_000000_Countdown_With_Keith_Olbermann#start/2159/end/2194,10/15/2010 0:36:14,MSNBC,Countdown With Keith Olbermann,MSNBC_20101015_000000_Countdown_With_Keith_Olbermann,https://archive.org/download/MSNBC_20101015_000000_Countdown_With_Keith_Olbermann/MSNBC_20101015_000000_Countdown_With_Keith_Olbermann.thumbs/MSNBC_20101015_000000_Countdown_With_Keith_Olbermann_002154.jpg,"800000 activists from nothing five years ago. this is a remarkable achievement, and we're being effective in so many different ways. so many ways. like leading the charge to repeal health care reform and continue the climate change"
https://archive.org/details/MSNBC_20101020_070000_The_Ed_Show#start/2080/end/2115,10/20/2010 7:34:55,MSNBC,The Ed Show,MSNBC_20101020_070000_The_Ed_Show,https://archive.org/download/MSNBC_20101020_070000_The_Ed_Show/MSNBC_20101020_070000_The_Ed_Show.thumbs/MSNBC_20101020_070000_The_Ed_Show_002065.jpg,"climate change? according to 'the new york times,' one believes in science, in global warming. tonights a very backward big number. up next, talking about a side show."
https://archive.org/details/MSNBC_20101019_230000_Hardball_With_Chris_Matthews#start/2108/end/2143,10/19/2010 23:35:23,MSNBC,Hardball With Chris Matthews,MSNBC_20101019_230000_Hardball_With_Chris_Matthews,https://archive.org/download/MSNBC_20101019_230000_Hardball_With_Chris_Matthews/MSNBC_20101019_230000_Hardball_With_Chris_Matthews.thumbs/MSNBC_20101019_230000_Hardball_With_Chris_Matthews_002094.jpg,"of the 37 republicans running for senate this year, how many say they believe in climate change? according to 'the new york times,' one believes in science, in global warming. tonights a very backward big number. up next, talking about a"
https://archive.org/details/MSNBC_20101001_040000_The_Rachel_Maddow_Show#start/495/end/530,10/1/2010 4:08:30,MSNBC,The Rachel Maddow Show,MSNBC_20101001_040000_The_Rachel_Maddow_Show,https://archive.org/download/MSNBC_20101001_040000_The_Rachel_Maddow_Show/MSNBC_20101001_040000_The_Rachel_Maddow_Show.thumbs/MSNBC_20101001_040000_The_Rachel_Maddow_Show_000476.jpg,"funding fake grassroots groups like americans fo prosper ities. they talk about how far global"
https://archive.org/details/MSNBC_20101009_010000_The_Rachel_Maddow_Show#start/124/end/159,10/9/2010 1:02:19,MSNBC,The Rachel Maddow Show,MSNBC_20101009_010000_The_Rachel_Maddow_Show,https://archive.org/download/MSNBC_20101009_010000_The_Rachel_Maddow_Show/MSNBC_20101009_010000_The_Rachel_Maddow_Show.thumbs/MSNBC_20101009_010000_The_Rachel_Maddow_Show_000120.jpg,"science and medicine has no classrooms and no student body. as part of his scientific work mr. robinson claims he's personally, per personal personally disproven global"
https://archive.org/details/MSNBC_20101001_010000_The_Rachel_Maddow_Show#start/704/end/739,10/1/2010 1:11:59,MSNBC,The Rachel Maddow Show,MSNBC_20101001_010000_The_Rachel_Maddow_Show,https://archive.org/download/MSNBC_20101001_010000_The_Rachel_Maddow_Show/MSNBC_20101001_010000_The_Rachel_Maddow_Show.thumbs/MSNBC_20101001_010000_The_Rachel_Maddow_Show_000685.jpg,"my opponent has a long history of being a corporate shill. exxonmobil has funded through the marshall foundation blogs say -- weep can't prove it -- his campaign against global"
https://archive.org/details/MSNBC_20101001_040000_The_Rachel_Maddow_Show#start/710/end/745,10/1/2010 4:12:05,MSNBC,The Rachel Maddow Show,MSNBC_20101001_040000_The_Rachel_Maddow_Show,https://archive.org/download/MSNBC_20101001_040000_The_Rachel_Maddow_Show/MSNBC_20101001_040000_The_Rachel_Maddow_Show.thumbs/MSNBC_20101001_040000_The_Rachel_Maddow_Show_000686.jpg,"exxonmobil has funded through the marshall foundation blogs say -- weep can't prove it -- his campaign against global warming. he has proven -- himself singularly, he's a chemist, that global warming is a hoax to enslach the american people."
https://archive.org/details/MSNBC_20101001_230000_Hardball_With_Chris_Matthews#start/1947/end/1982,10/1/2010 23:32:42,MSNBC,Hardball With Chris Matthews,MSNBC_20101001_230000_Hardball_With_Chris_Matthews,https://archive.org/download/MSNBC_20101001_230000_Hardball_With_Chris_Matthews/MSNBC_20101001_230000_Hardball_With_Chris_Matthews.thumbs/MSNBC_20101001_230000_Hardball_With_Chris_Matthews_001944.jpg,"are driving up greenhouse gases and causing changes in the climate globally. they don't want to face the consequences. ron johnson is selling the happy days' position because it sells to people who don't deep down care about what they're doing to"
https://archive.org/details/MSNBC_20101009_010000_The_Rachel_Maddow_Show#start/138/end/173,10/9/2010 1:02:33,MSNBC,The Rachel Maddow Show,MSNBC_20101009_010000_The_Rachel_Maddow_Show,https://archive.org/download/MSNBC_20101009_010000_The_Rachel_Maddow_Show/MSNBC_20101009_010000_The_Rachel_Maddow_Show.thumbs/MSNBC_20101009_010000_The_Rachel_Maddow_Show_000120.jpg,"warming and his position against global warming being true is itself proof, the signatures, themselves on that petition are proof that global warming isn't real. when i raise that issue and described it as his belief last night, mr. robinson shouted at me and insisted i describe his"
https://archive.org/details/MSNBC_20101012_100000_Morning_Joe#start/4052/end/4087,10/12/2010 11:07:47,MSNBC,Morning Joe,MSNBC_20101012_100000_Morning_Joe,https://archive.org/download/MSNBC_20101012_100000_Morning_Joe/MSNBC_20101012_100000_Morning_Joe.thumbs/MSNBC_20101012_100000_Morning_Joe_004042.jpg,"things. you discourage driving, you'd bring down pollution and you would revv up the economy. in other words, you have essentially a carbon tax? essentially a carbon tax. you use the proceeds from that tax to give it to the"
https://archive.org/details/MSNBC_20101005_100000_Morning_Joe#start/10279/end/10314,10/5/2010 12:51:34,MSNBC,Morning Joe,MSNBC_20101005_100000_Morning_Joe,https://archive.org/download/MSNBC_20101005_100000_Morning_Joe/MSNBC_20101005_100000_Morning_Joe.thumbs/MSNBC_20101005_100000_Morning_Joe_010260.jpg,"2009, john mccain and joe lieberman were writing a climate change bill together. right up to the edge. right up to the edge. they were a few days away from a press conference announcing some principles on climate change when mccain and lieberman had a"
https://archive.org/details/MSNBC_20101031_190000_The_Last_Word#start/1301/end/1336,10/31/2010 19:21:56,MSNBC,The Last Word,MSNBC_20101031_190000_The_Last_Word,https://archive.org/download/MSNBC_20101031_190000_The_Last_Word/MSNBC_20101031_190000_The_Last_Word.thumbs/MSNBC_20101031_190000_The_Last_Word_001284.jpg,"greenhouse gas emissions and also encourages a new and growing economy and does the work of reducing reliance on foreign oil. well, the measure, the proposition that is being funded by valor oh and texas oil companies to kill that advance"
https://archive.org/details/MSNBC_20101023_090000_Hardball_Weekend#start/1313/end/1348,10/23/2010 9:22:08,MSNBC,Hardball Weekend,MSNBC_20101023_090000_Hardball_Weekend,https://archive.org/download/MSNBC_20101023_090000_Hardball_Weekend/MSNBC_20101023_090000_Hardball_Weekend.thumbs/MSNBC_20101023_090000_Hardball_Weekend_001285.jpg,"thank you, experts we have here. up next, the republican party continues to celebrate its contention that global warming is a hoax. i tell you, these people are unbelievable."
https://archive.org/details/MSNBC_20101028_150000_Jansing_and_Co.#start/238/end/273,10/28/2010 15:04:13,MSNBC,Jansing and Co.,MSNBC_20101028_150000_Jansing_and_Co.,https://archive.org/download/MSNBC_20101028_150000_Jansing_and_Co./MSNBC_20101028_150000_Jansing_and_Co..thumbs/MSNBC_20101028_150000_Jansing_and_Co._000236.jpg,"greenhouse gas emissions. texas oil companies are coming in, funding a measure to basically kill it, because they don't want to see it actually roll out. once it does in california, it's a matter of a very short period of time before it goes cross country."
https://archive.org/details/MSNBC_20101019_210000_Hardball_With_Chris_Matthews#start/2105/end/2140,10/19/2010 21:35:20,MSNBC,Hardball With Chris Matthews,MSNBC_20101019_210000_Hardball_With_Chris_Matthews,https://archive.org/download/MSNBC_20101019_210000_Hardball_With_Chris_Matthews/MSNBC_20101019_210000_Hardball_With_Chris_Matthews.thumbs/MSNBC_20101019_210000_Hardball_With_Chris_Matthews_002094.jpg,"times,' one believes in science, in global warming. up next, talking about a 'sideshow.' the candidate for governor of new york debated last night. all seven of them and for once,"
https://archive.org/details/MSNBC_20101024_110000_Hardball_Weekend#start/1314/end/1349,10/24/2010 11:22:09,MSNBC,Hardball Weekend,MSNBC_20101024_110000_Hardball_Weekend,https://archive.org/download/MSNBC_20101024_110000_Hardball_Weekend/MSNBC_20101024_110000_Hardball_Weekend.thumbs/MSNBC_20101024_110000_Hardball_Weekend_001314.jpg,"up next, the republican party continues to celebrate its contention that global warming is a hoax. i tell you, these people are unbelievable. you are watching 'hardball' on msnbc. so, get this --  _"
https://archive.org/details/MSNBC_20101023_150000_MSNBC_News_Live#start/2796/end/2831,10/23/2010 15:46:51,MSNBC,MSNBC News Live,MSNBC_20101023_150000_MSNBC_News_Live,https://archive.org/download/MSNBC_20101023_150000_MSNBC_News_Live/MSNBC_20101023_150000_MSNBC_News_Live.thumbs/MSNBC_20101023_150000_MSNBC_News_Live_002784.jpg,"and the storms will be unpredictable. joining me now from san diego is dr. reese halter, biologist from california university. the author of 'wild weather, the truth behind global warming.' good morning to you."
https://archive.org/details/MSNBC_20101022_030000_Countdown_With_Keith_Olbermann#start/1356/end/1391,10/22/2010 3:22:51,MSNBC,Countdown With Keith Olbermann,MSNBC_20101022_030000_Countdown_With_Keith_Olbermann,https://archive.org/download/MSNBC_20101022_030000_Countdown_With_Keith_Olbermann/MSNBC_20101022_030000_Countdown_With_Keith_Olbermann.thumbs/MSNBC_20101022_030000_Countdown_With_Keith_Olbermann_001345.jpg,"up, saying global warming is is the greatest hoax. here's gop candidate and former nfl offensive tackle jon runyon, adding his name to the growing list of tea party-backed candidates."
https://archive.org/details/MSNBC_20101008_010000_The_Rachel_Maddow_Show#start/2388/end/2423,10/8/2010 1:40:03,MSNBC,The Rachel Maddow Show,MSNBC_20101008_010000_The_Rachel_Maddow_Show,https://archive.org/download/MSNBC_20101008_010000_The_Rachel_Maddow_Show/MSNBC_20101008_010000_The_Rachel_Maddow_Show.thumbs/MSNBC_20101008_010000_The_Rachel_Maddow_Show_002370.jpg,"do you not want to talk about your beliefs? go ahead. you're well known for your belief that global warming is made up. that's the extent of your national reputation. that's not a belief."
https://archive.org/details/MSNBC_20101001_100000_Morning_Joe#start/3294/end/3329,10/1/2010 10:55:09,MSNBC,Morning Joe,MSNBC_20101001_100000_Morning_Joe,https://archive.org/download/MSNBC_20101001_100000_Morning_Joe/MSNBC_20101001_100000_Morning_Joe.thumbs/MSNBC_20101001_100000_Morning_Joe_003293.jpg,"show, lawrence o'donnell grilled another distinguished american political leader. what's your position on global warming? would you support a moratorium on foreclosures? do you think the pakistani government is protecting al qaeda within its borders."
https://archive.org/details/MSNBC_20101022_000000_Countdown_With_Keith_Olbermann#start/1355/end/1390,10/22/2010 0:22:50,MSNBC,Countdown With Keith Olbermann,MSNBC_20101022_000000_Countdown_With_Keith_Olbermann,https://archive.org/download/MSNBC_20101022_000000_Countdown_With_Keith_Olbermann/MSNBC_20101022_000000_Countdown_With_Keith_Olbermann.thumbs/MSNBC_20101022_000000_Countdown_With_Keith_Olbermann_001345.jpg,"up, saying global warming is is the greatest hoax. here's gop candidate and former nfl offensive tackle jon runyon, adding his name to the growing list of tea party-backed"
https://archive.org/details/MSNBC_20101003_110000_Hardball_Weekend#start/1577/end/1612,10/3/2010 11:26:32,MSNBC,Hardball Weekend,MSNBC_20101003_110000_Hardball_Weekend,https://archive.org/download/MSNBC_20101003_110000_Hardball_Weekend/MSNBC_20101003_110000_Hardball_Weekend.thumbs/MSNBC_20101003_110000_Hardball_Weekend_001560.jpg,"next, senator russ feingold's republican challenger millionaire businessman ron johnson just told the associated press he believes global warming is unproven. his quote is, the point is, because we're not certain because it's not proven the last"
https://archive.org/details/MSNBC_20101009_010000_The_Rachel_Maddow_Show#start/154/end/189,10/9/2010 1:02:49,MSNBC,The Rachel Maddow Show,MSNBC_20101009_010000_The_Rachel_Maddow_Show,https://archive.org/download/MSNBC_20101009_010000_The_Rachel_Maddow_Show/MSNBC_20101009_010000_The_Rachel_Maddow_Show.thumbs/MSNBC_20101009_010000_The_Rachel_Maddow_Show_000150.jpg,"belief as a scientifically proven fact. you're well known for your belief that global warming is made up, that that is not true. that's sort of a source of your national reputation to the extent you have one. your opponent --  _"
https://archive.org/details/MSNBC_20101008_040000_The_Rachel_Maddow_Show#start/2390/end/2425,10/8/2010 4:40:05,MSNBC,The Rachel Maddow Show,MSNBC_20101008_040000_The_Rachel_Maddow_Show,https://archive.org/download/MSNBC_20101008_040000_The_Rachel_Maddow_Show/MSNBC_20101008_040000_The_Rachel_Maddow_Show.thumbs/MSNBC_20101008_040000_The_Rachel_Maddow_Show_002370.jpg,"you're well known for your belief that global warming is made up. that's the extent of your national reputation. that's not a belief. it's a conclusion i reached as a scientist. i have a degree from cal it"
https://archive.org/details/MSNBC_20101008_010000_The_Rachel_Maddow_Show#start/3515/end/3550,10/8/2010 1:58:50,MSNBC,The Rachel Maddow Show,MSNBC_20101008_010000_The_Rachel_Maddow_Show,https://archive.org/download/MSNBC_20101008_010000_The_Rachel_Maddow_Show/MSNBC_20101008_010000_The_Rachel_Maddow_Show.thumbs/MSNBC_20101008_010000_The_Rachel_Maddow_Show_003510.jpg,"professal global warming denial guy. we were so excited when he agreed to break the dry spell. hey, dry spell, nice to have you back, i'm thinking. damn it! but i'm sure you know, the show"
https://archive.org/details/MSNBC_20101001_040000_The_Rachel_Maddow_Show#start/198/end/233,10/1/2010 4:03:33,MSNBC,The Rachel Maddow Show,MSNBC_20101001_040000_The_Rachel_Maddow_Show,https://archive.org/download/MSNBC_20101001_040000_The_Rachel_Maddow_Show/MSNBC_20101001_040000_The_Rachel_Maddow_Show.thumbs/MSNBC_20101001_040000_The_Rachel_Maddow_Show_000176.jpg,"on things. the guy running against defazio this year is republican art robinson. mr. robinson is a former science professor, most famous for being a global warming denydenier. he said the government wants to enslach the american people"
https://archive.org/details/MSNBC_20101001_040000_The_Rachel_Maddow_Show#start/529/end/564,10/1/2010 4:09:04,MSNBC,The Rachel Maddow Show,MSNBC_20101001_040000_The_Rachel_Maddow_Show,https://archive.org/download/MSNBC_20101001_040000_The_Rachel_Maddow_Show/MSNBC_20101001_040000_The_Rachel_Maddow_Show.thumbs/MSNBC_20101001_040000_The_Rachel_Maddow_Show_000506.jpg,"hey, there's a guy who says that global warming is a hoax designed to enslave america. he's running against pete defazio. let's put $100000 into that race, $1 million into that race. $100 million into that race."
https://archive.org/details/MSNBC_20101001_010000_The_Rachel_Maddow_Show#start/527/end/562,10/1/2010 1:09:02,MSNBC,The Rachel Maddow Show,MSNBC_20101001_010000_The_Rachel_Maddow_Show,https://archive.org/download/MSNBC_20101001_010000_The_Rachel_Maddow_Show/MSNBC_20101001_010000_The_Rachel_Maddow_Show.thumbs/MSNBC_20101001_010000_The_Rachel_Maddow_Show_000505.jpg,"doing anything but laundering money. hey, there's a guy who says that global warming is a hoax designed to enslave america. he's running against pete defazio. let's put $100000 into that race, $1 million into that race."
https://archive.org/details/MSNBC_20101001_010000_The_Rachel_Maddow_Show#start/719/end/754,10/1/2010 1:12:14,MSNBC,The Rachel Maddow Show,MSNBC_20101001_010000_The_Rachel_Maddow_Show,https://archive.org/download/MSNBC_20101001_010000_The_Rachel_Maddow_Show/MSNBC_20101001_010000_The_Rachel_Maddow_Show.thumbs/MSNBC_20101001_010000_The_Rachel_Maddow_Show_000715.jpg,"warming. he has proven -- himself singularly, he's a chemist, that global warming is a hoax to enslach the american people. the strange thing is, this is a guy that lives on social security, in the quarter of my"
https://archive.org/details/MSNBC_20101002_090000_Hardball_Weekend#start/1570/end/1605,10/2/2010 9:26:25,MSNBC,Hardball Weekend,MSNBC_20101002_090000_Hardball_Weekend,https://archive.org/download/MSNBC_20101002_090000_Hardball_Weekend/MSNBC_20101002_090000_Hardball_Weekend.thumbs/MSNBC_20101002_090000_Hardball_Weekend_001554.jpg,"senator russ feingold's republican challenger, billionaire businessman ron johnson, told the associated press he believes global warming is unproven. the quote is, or his quote is, the point is because we're not certain because it's not proven,"
https://archive.org/details/MSNBC_20101019_010000_The_Rachel_Maddow_Show#start/828/end/863,10/19/2010 1:14:03,MSNBC,The Rachel Maddow Show,MSNBC_20101019_010000_The_Rachel_Maddow_Show,https://archive.org/download/MSNBC_20101019_010000_The_Rachel_Maddow_Show/MSNBC_20101019_010000_The_Rachel_Maddow_Show.thumbs/MSNBC_20101019_010000_The_Rachel_Maddow_Show_000805.jpg,"there is global warming in the world but he believes it is caused by sun spots. rich iot in ohio exposed for dressing up in a nazi uniform as a honoree. his companion has defended the"
https://archive.org/details/MSNBC_20101008_040000_The_Rachel_Maddow_Show#start/2419/end/2454,10/8/2010 4:40:34,MSNBC,The Rachel Maddow Show,MSNBC_20101008_040000_The_Rachel_Maddow_Show,https://archive.org/download/MSNBC_20101008_040000_The_Rachel_Maddow_Show/MSNBC_20101008_040000_The_Rachel_Maddow_Show.thumbs/MSNBC_20101008_040000_The_Rachel_Maddow_Show_002400.jpg,"you which to portray each of those people as a nut. i'll tell you, madam, there are thousands and thousands, far more than at the u.n., pushing this bogus issue about global warming. do you mind if i ask you about this?"
https://archive.org/details/MSNBC_20101001_010000_The_Rachel_Maddow_Show#start/513/end/548,10/1/2010 1:08:48,MSNBC,The Rachel Maddow Show,MSNBC_20101001_010000_The_Rachel_Maddow_Show,https://archive.org/download/MSNBC_20101001_010000_The_Rachel_Maddow_Show/MSNBC_20101001_010000_The_Rachel_Maddow_Show.thumbs/MSNBC_20101001_010000_The_Rachel_Maddow_Show_000505.jpg,"prospeprosper it prosper ities. they talk about how far global warming is a bunch of hot air. whatever you think about that, at least they are doing something. in 2010 for the first time, nobody is pretending that these organizations, these groups, are"
https://archive.org/details/MSNBC_20101001_210000_Hardball_With_Chris_Matthews#start/1917/end/1952,10/1/2010 21:32:12,MSNBC,Hardball With Chris Matthews,MSNBC_20101001_210000_Hardball_With_Chris_Matthews,https://archive.org/download/MSNBC_20101001_210000_Hardball_With_Chris_Matthews/MSNBC_20101001_210000_Hardball_With_Chris_Matthews.thumbs/MSNBC_20101001_210000_Hardball_With_Chris_Matthews_001915.jpg,"food. another round of science versus the gop. senator russ feingold's republican challenger, billionaire businessman ron johnson told the associated press he believes global warming is unproven. the quote is, or his quote is, the point is because we're not"
https://archive.org/details/MSNBC_20101019_040000_The_Rachel_Maddow_Show#start/823/end/858,10/19/2010 4:13:58,MSNBC,The Rachel Maddow Show,MSNBC_20101019_040000_The_Rachel_Maddow_Show,https://archive.org/download/MSNBC_20101019_040000_The_Rachel_Maddow_Show/MSNBC_20101019_040000_The_Rachel_Maddow_Show.thumbs/MSNBC_20101019_040000_The_Rachel_Maddow_Show_000806.jpg,"feingold has a theory that there are global warming but he believes it's caused by sun spots. and running for the house in ohio, his campaign has defended the choice on the grounds that the ss really weren't as bad as"
https://archive.org/details/MSNBC_20101014_080000_The_Ed_Show#start/2590/end/2625,10/14/2010 8:43:25,MSNBC,The Ed Show,MSNBC_20101014_080000_The_Ed_Show,https://archive.org/download/MSNBC_20101014_080000_The_Ed_Show/MSNBC_20101014_080000_The_Ed_Show.thumbs/MSNBC_20101014_080000_The_Ed_Show_002580.jpg,"this is an election that shouldn't be about dead wrestlers. it could be about the dead mr. net. he's against a woman that doesn't in global warming and we're talking about w. e. there's something to be pointed out here about the mcmahon as a"
https://archive.org/details/MSNBC_20101022_210000_Hardball_With_Chris_Matthews#start/1747/end/1782,10/22/2010 21:29:22,MSNBC,Hardball With Chris Matthews,MSNBC_20101022_210000_Hardball_With_Chris_Matthews,https://archive.org/download/MSNBC_20101022_210000_Hardball_With_Chris_Matthews/MSNBC_20101022_210000_Hardball_With_Chris_Matthews.thumbs/MSNBC_20101022_210000_Hardball_With_Chris_Matthews_001734.jpg,"party continues to sell braceles contention that global warming is a hoax. what happened to the party that used to believe in science? check out what ken buck has to say. i tell you, these people are unbelievable. they're wrong on this one. that's my dad,."
https://archive.org/details/MSNBC_20101021_060000_Hardball_With_Chris_Matthews#start/1207/end/1242,10/21/2010 6:20:22,MSNBC,Hardball With Chris Matthews,MSNBC_20101021_060000_Hardball_With_Chris_Matthews,https://archive.org/download/MSNBC_20101021_060000_Hardball_With_Chris_Matthews/MSNBC_20101021_060000_Hardball_With_Chris_Matthews.thumbs/MSNBC_20101021_060000_Hardball_With_Chris_Matthews_001195.jpg,"strategies to counter the most severe threats facing our free society and to review strategies combatting the multitude of public policies that threaten to destroy america as we know it. policies like california's landmark global warming legislation. america's for prosperity and koch industries leading the"
https://archive.org/details/MSNBC_20101021_030000_Countdown_With_Keith_Olbermann#start/1216/end/1251,10/21/2010 3:20:31,MSNBC,Countdown With Keith Olbermann,MSNBC_20101021_030000_Countdown_With_Keith_Olbermann,https://archive.org/download/MSNBC_20101021_030000_Countdown_With_Keith_Olbermann/MSNBC_20101021_030000_Countdown_With_Keith_Olbermann.thumbs/MSNBC_20101021_030000_Countdown_With_Keith_Olbermann_001195.jpg,"strategies to counter the most severe threats facing our free society and to review strategies combatting the multitude of public policies that threaten to destroy america as we know it. policies like california's landmark global warming legislation. america's for prosperity and koch industries leading the"
https://archive.org/details/MSNBC_20101022_230000_Hardball_With_Chris_Matthews#start/1763/end/1798,10/22/2010 23:29:38,MSNBC,Hardball With Chris Matthews,MSNBC_20101022_230000_Hardball_With_Chris_Matthews,https://archive.org/download/MSNBC_20101022_230000_Hardball_With_Chris_Matthews/MSNBC_20101022_230000_Hardball_With_Chris_Matthews.thumbs/MSNBC_20101022_230000_Hardball_With_Chris_Matthews_001764.jpg,"contention that global warming is a hoax. what happened to the party that used to be in science? check out the colorado senate candidate ken buck, what he has to say. i tell you, these people are unbelievab unbelievable. you're watch 'hardball' on msnbc."
https://archive.org/details/MSNBC_20101021_000000_Countdown_With_Keith_Olbermann#start/1215/end/1250,10/21/2010 0:20:30,MSNBC,Countdown With Keith Olbermann,MSNBC_20101021_000000_Countdown_With_Keith_Olbermann,https://archive.org/download/MSNBC_20101021_000000_Countdown_With_Keith_Olbermann/MSNBC_20101021_000000_Countdown_With_Keith_Olbermann.thumbs/MSNBC_20101021_000000_Countdown_With_Keith_Olbermann_001195.jpg,"strategies to counter the most severe threats facing our free society and to review strategies combatting the multitude of public policies that threaten to destroy america as we know it. policies like california's landmark global warming legislation. america's for prosperity and koch industries leading the"
https://archive.org/details/MSNBC_20101008_040000_The_Rachel_Maddow_Show#start/3504/end/3539,10/8/2010 4:58:39,MSNBC,The Rachel Maddow Show,MSNBC_20101008_040000_The_Rachel_Maddow_Show,https://archive.org/download/MSNBC_20101008_040000_The_Rachel_Maddow_Show/MSNBC_20101008_040000_The_Rachel_Maddow_Show.thumbs/MSNBC_20101008_040000_The_Rachel_Maddow_Show_003420.jpg,"they were never eager to, but frankly after the rand paul interview, it totally dried up. can't get them at all. we were so excited when art robinson, republican congressional candidate, professal global warming denial guy. we were so excited when he agreed to break the dry spell."
https://archive.org/details/MSNBC_20101001_230000_Hardball_With_Chris_Matthews#start/1932/end/1967,10/1/2010 23:32:27,MSNBC,Hardball With Chris Matthews,MSNBC_20101001_230000_Hardball_With_Chris_Matthews,https://archive.org/download/MSNBC_20101001_230000_Hardball_With_Chris_Matthews/MSNBC_20101001_230000_Hardball_With_Chris_Matthews.thumbs/MSNBC_20101001_230000_Hardball_With_Chris_Matthews_001914.jpg,"is unproven. the quote is, or his quote is, the point is because we're not certain because it's not proven, the last thing we should do is penalize our economy. the science of global warming is unproven. it just is. there's tremendous evidence that human behavior, c02 emissions"
https://archive.org/details/MSNBC_20101018_100000_Morning_Joe#start/4010/end/4045,10/18/2010 11:07:05,MSNBC,Morning Joe,MSNBC_20101018_100000_Morning_Joe,https://archive.org/download/MSNBC_20101018_100000_Morning_Joe/MSNBC_20101018_100000_Morning_Joe.thumbs/MSNBC_20101018_100000_Morning_Joe_003983.jpg,"new york times' that there is only one republican running for senate who says climate change is caused by man. forget reality. it's gone. it's scary because we have monumental problems. i interviewed someone very"
https://archive.org/details/MSNBC_20101008_170000_Andrea_Mitchell_Reports#start/550/end/585,10/8/2010 17:09:25,MSNBC,Andrea Mitchell Reports,MSNBC_20101008_170000_Andrea_Mitchell_Reports,https://archive.org/download/MSNBC_20101008_170000_Andrea_Mitchell_Reports/MSNBC_20101008_170000_Andrea_Mitchell_Reports.thumbs/MSNBC_20101008_170000_Andrea_Mitchell_Reports_000540.jpg,"our time, he put new emphasis on cyber security, development, and climate change and made sure that homeland security is fully integrated into our efforts. serving as national security adviser is one of the most"
https://archive.org/details/MSNBC_20101019_210000_Hardball_With_Chris_Matthews#start/2091/end/2126,10/19/2010 21:35:06,MSNBC,Hardball With Chris Matthews,MSNBC_20101019_210000_Hardball_With_Chris_Matthews,https://archive.org/download/MSNBC_20101019_210000_Hardball_With_Chris_Matthews/MSNBC_20101019_210000_Hardball_With_Chris_Matthews.thumbs/MSNBC_20101019_210000_Hardball_With_Chris_Matthews_002064.jpg,"boy, you think you'd get your facts straight. of course, i have to read. the 37 republicans running for senate this year, how many say they believe in climate change? according to 'the new york"
https://archive.org/details/MSNBC_20101005_100000_Morning_Joe#start/10358/end/10393,10/5/2010 12:52:53,MSNBC,Morning Joe,MSNBC_20101005_100000_Morning_Joe,https://archive.org/download/MSNBC_20101005_100000_Morning_Joe/MSNBC_20101005_100000_Morning_Joe.thumbs/MSNBC_20101005_100000_Morning_Joe_010350.jpg,"remember, lindsey graham was this guy negotiating on climate change. he was negotiating on guantanamo bay. the guy is from south carolina, he has jim demint to the right making all sorts of noises."
https://archive.org/details/MSNBC_20101015_030000_Countdown_With_Keith_Olbermann#start/2177/end/2212,10/15/2010 3:36:32,MSNBC,Countdown With Keith Olbermann,MSNBC_20101015_030000_Countdown_With_Keith_Olbermann,https://archive.org/download/MSNBC_20101015_030000_Countdown_With_Keith_Olbermann/MSNBC_20101015_030000_Countdown_With_Keith_Olbermann.thumbs/MSNBC_20101015_030000_Countdown_With_Keith_Olbermann_002154.jpg,"so many ways. like leading the charge to repeal health care reform and continue the climate change denial crusade. that video comes from a new documentary, astroturf wars. and for its part koch industries has also repeatedly denied any"
https://archive.org/details/MSNBC_20101018_100000_Morning_Joe#start/2719/end/2754,10/18/2010 10:45:34,MSNBC,Morning Joe,MSNBC_20101018_100000_Morning_Joe,https://archive.org/download/MSNBC_20101018_100000_Morning_Joe/MSNBC_20101018_100000_Morning_Joe.thumbs/MSNBC_20101018_100000_Morning_Joe_002694.jpg,"collapse of the big three automakers saving more than one million jobs and brought big tobacco at last under the yolk of federal regulation. even in the face of the congressional intransigents on climate change he has fought to"
https://archive.org/details/MSNBC_20101018_140000_Jansing_and_Co.#start/2445/end/2480,10/18/2010 14:41:00,MSNBC,Jansing and Co.,MSNBC_20101018_140000_Jansing_and_Co.,https://archive.org/download/MSNBC_20101018_140000_Jansing_and_Co./MSNBC_20101018_140000_Jansing_and_Co..thumbs/MSNBC_20101018_140000_Jansing_and_Co._002424.jpg,"numerous fictional villains but now blocking out the sun may soon officially be banned. scientists have speculated blocking the sun's rays could slow climate change. the united nations convention on biological diversity is considering banning research"
https://archive.org/details/MSNBC_20101008_050000_The_Last_Word#start/3461/end/3496,10/8/2010 5:57:56,MSNBC,The Last Word,MSNBC_20101008_050000_The_Last_Word,https://archive.org/download/MSNBC_20101008_050000_The_Last_Word/MSNBC_20101008_050000_The_Last_Word.thumbs/MSNBC_20101008_050000_The_Last_Word_003450.jpg,"dropped his support for climate change legislation. he greatly altered his view of immigration and more or less did a 180 on gays in the military. so he really -- he changed almost everything that he stood for."
https://archive.org/details/MSNBC_20101001_130000_The_Daily_Rundown#start/2246/end/2281,10/1/2010 13:37:41,MSNBC,The Daily Rundown,MSNBC_20101001_130000_The_Daily_Rundown,https://archive.org/download/MSNBC_20101001_130000_The_Daily_Rundown/MSNBC_20101001_130000_The_Daily_Rundown.thumbs/MSNBC_20101001_130000_The_Daily_Rundown_002244.jpg,"i would like to hear more about that. climate change? i'm not sure. hezbollah in lebanon is winning supporters with an open-air theme park, the popular attraction for families, shows the war-torn remains with wars"
https://archive.org/details/MSNBC_20101005_100000_Morning_Joe#start/10342/end/10377,10/5/2010 12:52:37,MSNBC,Morning Joe,MSNBC_20101005_100000_Morning_Joe,https://archive.org/download/MSNBC_20101005_100000_Morning_Joe/MSNBC_20101005_100000_Morning_Joe.thumbs/MSNBC_20101005_100000_Morning_Joe_010320.jpg,"out of these talks. he was literally the only republican in the united states senate at the end of the day that would negotiate publicly on climate change. i don't know if the split still exists."
https://archive.org/details/MSNBC_20101029_220000_The_Ed_Show#start/1145/end/1180,10/29/2010 22:19:20,MSNBC,The Ed Show,MSNBC_20101029_220000_The_Ed_Show,https://archive.org/download/MSNBC_20101029_220000_The_Ed_Show/MSNBC_20101029_220000_The_Ed_Show.thumbs/MSNBC_20101029_220000_The_Ed_Show_001136.jpg,"say he is? well, you listed some the views which i believe are out of whack, out of touch with a lot of folks in colorado. certainly this is, is a pro-choice state. a state extremely concerned about global warming and the need to increase renewable energy, and it seems to me that's one of the reasons that"
https://archive.org/details/MSNBC_20101005_100000_Morning_Joe#start/10263/end/10298,10/5/2010 12:51:18,MSNBC,Morning Joe,MSNBC_20101005_100000_Morning_Joe,https://archive.org/download/MSNBC_20101005_100000_Morning_Joe/MSNBC_20101005_100000_Morning_Joe.thumbs/MSNBC_20101005_100000_Morning_Joe_010260.jpg,"own. ryan lizza joins us now. you actually say the republican primaries may be to blame for the death of the climate change. when you got to 2010, when the white house was washing its hand of the issue, in early"
https://archive.org/details/MSNBC_20101008_020000_The_Last_Word#start/3458/end/3493,10/8/2010 2:57:53,MSNBC,The Last Word,MSNBC_20101008_020000_The_Last_Word,https://archive.org/download/MSNBC_20101008_020000_The_Last_Word/MSNBC_20101008_020000_The_Last_Word.thumbs/MSNBC_20101008_020000_The_Last_Word_003450.jpg,"all the republican issues. he became a prn opponent of the health care proposal. dropped his support for climate change legislation. he greatly altered his view of immigration and more or less did a 180 on gays in the military."
https://archive.org/details/MSNBC_20101030_140000_MSNBC_News_Live#start/2977/end/3012,10/30/2010 14:49:52,MSNBC,MSNBC News Live,MSNBC_20101030_140000_MSNBC_News_Live,https://archive.org/download/MSNBC_20101030_140000_MSNBC_News_Live/MSNBC_20101030_140000_MSNBC_News_Live.thumbs/MSNBC_20101030_140000_MSNBC_News_Live_002964.jpg,"to not compromise. in some cases they have different positions on things like climate change or free trade from a lot of establishment republicans. so we're going to see some strains in the republican caucus as they try to adopt or adapt to"
https://archive.org/details/MSNBC_20101005_100000_Morning_Joe#start/10247/end/10282,10/5/2010 12:51:02,MSNBC,Morning Joe,MSNBC_20101005_100000_Morning_Joe,https://archive.org/download/MSNBC_20101005_100000_Morning_Joe/MSNBC_20101005_100000_Morning_Joe.thumbs/MSNBC_20101005_100000_Morning_Joe_010230.jpg,"administration had led the effort to find workable compromises in the case of the bank bailouts, health care legislation and wall street reform but on climate change, obama grew timid and gave up, leaving the dysfunctional senate to figure out the issue on its"
https://archive.org/details/MSNBC_20101015_060000_Countdown_With_Keith_Olbermann#start/2124/end/2159,10/15/2010 6:35:39,MSNBC,Countdown With Keith Olbermann,MSNBC_20101015_060000_Countdown_With_Keith_Olbermann,https://archive.org/download/MSNBC_20101015_060000_Countdown_With_Keith_Olbermann/MSNBC_20101015_060000_Countdown_With_Keith_Olbermann.thumbs/MSNBC_20101015_060000_Countdown_With_Keith_Olbermann_002124.jpg,"repeal health care reform and continue the climate change denial crusade. that video comes from a new documentary, astroturf wars. and for its part koch industries has also repeatedly denied any ties to the tea part movement. no funds has been provided by them. egregious falsehood juxtaposed"
https://archive.org/details/MSNBC_20101014_030000_Countdown_With_Keith_Olbermann#start/1536/end/1571,10/14/2010 3:25:51,MSNBC,Countdown With Keith Olbermann,MSNBC_20101014_030000_Countdown_With_Keith_Olbermann,https://archive.org/download/MSNBC_20101014_030000_Countdown_With_Keith_Olbermann/MSNBC_20101014_030000_Countdown_With_Keith_Olbermann.thumbs/MSNBC_20101014_030000_Countdown_With_Keith_Olbermann_001530.jpg,"the package on energy and climate change. if you negotiate by giving up everything first and then saying come to the table, you may look honorable. but that's not a strong negotiating position. in the rest of the article, richard, white house aides are"
https://archive.org/details/MSNBC_20101001_190000_MSNBC_News_Live#start/1943/end/1978,10/1/2010 19:32:38,MSNBC,MSNBC News Live,MSNBC_20101001_190000_MSNBC_News_Live,https://archive.org/download/MSNBC_20101001_190000_MSNBC_News_Live/MSNBC_20101001_190000_MSNBC_News_Live.thumbs/MSNBC_20101001_190000_MSNBC_News_Live_001944.jpg,"climate change. bin laden didn't call for new attacks on the west, though, as he has in the past. a formal ceremony for elena kagan was held during a special ceremony at the high court. after the ceremony she walked outside the front steps with"
https://archive.org/details/MSNBC_20101020_200000_The_Dylan_Ratigan_Show#start/2804/end/2839,10/20/2010 20:46:59,MSNBC,The Dylan Ratigan Show,MSNBC_20101020_200000_The_Dylan_Ratigan_Show,https://archive.org/download/MSNBC_20101020_200000_The_Dylan_Ratigan_Show/MSNBC_20101020_200000_The_Dylan_Ratigan_Show.thumbs/MSNBC_20101020_200000_The_Dylan_Ratigan_Show_002783.jpg,"played by the very special interests they claim to fight. case in point, future profits for the koch brothers hinge on things like making sure cap and trade and climate change legislation don't happen, so it is something to get the tea partiers to lobby for but"
https://archive.org/details/MSNBC_20101025_190000_MSNBC_News_Live#start/737/end/772,10/25/2010 19:12:32,MSNBC,MSNBC News Live,MSNBC_20101025_190000_MSNBC_News_Live,https://archive.org/download/MSNBC_20101025_190000_MSNBC_News_Live/MSNBC_20101025_190000_MSNBC_News_Live.thumbs/MSNBC_20101025_190000_MSNBC_News_Live_000716.jpg,"to do. he knows what's really going on in afghanistan, president obama. he knows the truth about the climate change. he has all of these pressures on him that are even worse than we're getting fed in the news industry. so you're saying the demands of this job are much more"
https://archive.org/details/MSNBC_20101014_000000_Countdown_With_Keith_Olbermann#start/1525/end/1560,10/14/2010 0:25:40,MSNBC,Countdown With Keith Olbermann,MSNBC_20101014_000000_Countdown_With_Keith_Olbermann,https://archive.org/download/MSNBC_20101014_000000_Countdown_With_Keith_Olbermann/MSNBC_20101014_000000_Countdown_With_Keith_Olbermann.thumbs/MSNBC_20101014_000000_Countdown_With_Keith_Olbermann_001500.jpg,"mistake they made when it came to oil drilling ahead of getting the package on energy and climate change. if you negotiate by giving up everything first and then saying come to the table, you may look honorable. but that's not a strong negotiating position. in the rest of the article, richard, white house aides are"
https://archive.org/details/MSNBC_20101022_100000_Morning_Joe#start/4674/end/4709,10/22/2010 11:18:09,MSNBC,Morning Joe,MSNBC_20101022_100000_Morning_Joe,https://archive.org/download/MSNBC_20101022_100000_Morning_Joe/MSNBC_20101022_100000_Morning_Joe.thumbs/MSNBC_20101022_100000_Morning_Joe_004671.jpg,"focused on jobs when it comes to climate change and the health care bill the president said over and over and over again we've got to take care of these -- one, somewhere to take care of the problems for the future of our fiscal health, but also we have to do these things to create jobs in the long term."
https://archive.org/details/MSNBC_20101014_060000_Countdown_With_Keith_Olbermann#start/1515/end/1550,10/14/2010 6:25:30,MSNBC,Countdown With Keith Olbermann,MSNBC_20101014_060000_Countdown_With_Keith_Olbermann,https://archive.org/download/MSNBC_20101014_060000_Countdown_With_Keith_Olbermann/MSNBC_20101014_060000_Countdown_With_Keith_Olbermann.thumbs/MSNBC_20101014_060000_Countdown_With_Keith_Olbermann_001500.jpg,"so, those kind of tactical adjust manies, seems to me the same kind of mistake the president was talking about with tax cuts in the stimulus, the same kind of mistake they made when it came to oil drilling ahead of getting the package on energy and climate change. if you negotiate by giving up everything first and then saying"
