﻿URL,MatchDateTime,Station,Show,IAShowID,IAPreviewThumb,Snippet
https://archive.org/details/MSNBCW_20120612_040000_The_Rachel_Maddow_Show#start/2861/end/2896,6/12/2012 4:47:56,MSNBC,The Rachel Maddow Show,MSNBCW_20120612_040000_The_Rachel_Maddow_Show,https://archive.org/download/MSNBCW_20120612_040000_The_Rachel_Maddow_Show/MSNBCW_20120612_040000_The_Rachel_Maddow_Show.thumbs/MSNBCW_20120612_040000_The_Rachel_Maddow_Show_002850.jpg,"is climate change, the term climate change, is one that republicans had wanted everyone to use. back in '03, republican messaging guru frank luntz advised the party scary terms like global warming should be replaced with climate change."
https://archive.org/details/MSNBCW_20120630_000000_The_Ed_Show#start/2110/end/2145,6/30/2012 0:35:25,MSNBC,The Ed Show,MSNBCW_20120630_000000_The_Ed_Show,https://archive.org/download/MSNBCW_20120630_000000_The_Ed_Show/MSNBCW_20120630_000000_The_Ed_Show.thumbs/MSNBCW_20120630_000000_The_Ed_Show_002100.jpg,"the big panel is next. when natural disasters like this hit, america comes together. the president visits the record wildfires in colorado. in a leading climate scientist says this is what global warming"
https://archive.org/details/MSNBCW_20120614_010000_The_Rachel_Maddow_Show#start/906/end/941,6/14/2012 1:15:21,MSNBC,The Rachel Maddow Show,MSNBCW_20120614_010000_The_Rachel_Maddow_Show,https://archive.org/download/MSNBCW_20120614_010000_The_Rachel_Maddow_Show/MSNBCW_20120614_010000_The_Rachel_Maddow_Show.thumbs/MSNBCW_20120614_010000_The_Rachel_Maddow_Show_000780.jpg,"all in real time. good idea. it's the at&t network -- providing new ways to work together, so business works better. as we've told you on the show previously there's still unbelievably some real debate in this country about whether we should say global warming or"
https://archive.org/details/MSNBCW_20120612_010000_The_Rachel_Maddow_Show#start/3066/end/3101,6/12/2012 1:51:21,MSNBC,The Rachel Maddow Show,MSNBCW_20120612_010000_The_Rachel_Maddow_Show,https://archive.org/download/MSNBCW_20120612_010000_The_Rachel_Maddow_Show/MSNBCW_20120612_010000_The_Rachel_Maddow_Show.thumbs/MSNBCW_20120612_010000_The_Rachel_Maddow_Show_003060.jpg,"really disinformation and challenges the whole basis for t debate. and clearly that's what they're trying to do. these are powerful interests, energy interests that don't want the facts about climate change"
https://archive.org/details/MSNBCW_20120630_000000_The_Ed_Show#start/3347/end/3382,6/30/2012 0:56:02,MSNBC,The Ed Show,MSNBCW_20120630_000000_The_Ed_Show,https://archive.org/download/MSNBCW_20120630_000000_The_Ed_Show/MSNBCW_20120630_000000_The_Ed_Show.thumbs/MSNBCW_20120630_000000_The_Ed_Show_003330.jpg,"cities across the country are breaking all-time heat records right now. we had a dire -- drier than average winter and now it's hotter than average summer. pretty extreme. it looks like climate change"
https://archive.org/details/MSNBCW_20120603_120000_Up_W_Chris_Hayes#start/5243/end/5278,6/3/2012 13:27:38,MSNBC,Up W Chris Hayes,MSNBCW_20120603_120000_Up_W_Chris_Hayes,https://archive.org/download/MSNBCW_20120603_120000_Up_W_Chris_Hayes/MSNBCW_20120603_120000_Up_W_Chris_Hayes.thumbs/MSNBCW_20120603_120000_Up_W_Chris_Hayes_005220.jpg,"no longer endorse said position. which makes any kind of compromise impossible. we've seen it on the individual mandate. which of course emanated from the hallowed halls of the conservative think tanks, we've seen it on climate change."
https://archive.org/details/MSNBCW_20120614_080000_The_Rachel_Maddow_Show#start/907/end/942,6/14/2012 8:15:22,MSNBC,The Rachel Maddow Show,MSNBCW_20120614_080000_The_Rachel_Maddow_Show,https://archive.org/download/MSNBCW_20120614_080000_The_Rachel_Maddow_Show/MSNBCW_20120614_080000_The_Rachel_Maddow_Show.thumbs/MSNBCW_20120614_080000_The_Rachel_Maddow_Show_000780.jpg,"democracy. anyway, there is tape and we have all the tape. you're going to see it here first. plus, a magnificently nerdy best new thing in the world. stick around. as we've told you on the show previously there's still unbelievably some real debate in this country about whether we should say global warming or"
https://archive.org/details/MSNBCW_20120604_160000_NOW_With_Alex_Wagner#start/2718/end/2753,6/4/2012 16:45:33,MSNBC,NOW With Alex Wagner,MSNBCW_20120604_160000_NOW_With_Alex_Wagner,https://archive.org/download/MSNBCW_20120604_160000_NOW_With_Alex_Wagner/MSNBCW_20120604_160000_NOW_With_Alex_Wagner.thumbs/MSNBCW_20120604_160000_NOW_With_Alex_Wagner_002700.jpg,"narrative and the words that we are using to explain thing, and we went from global warming to climate change and now from climate change to energy security and kind of put it in a consumption issue rather than pollution or issue where we have to, you know, sort of act upon"
https://archive.org/details/MSNBCW_20120630_000000_The_Ed_Show#start/3487/end/3522,6/30/2012 0:58:22,MSNBC,The Ed Show,MSNBCW_20120630_000000_The_Ed_Show,https://archive.org/download/MSNBCW_20120630_000000_The_Ed_Show/MSNBCW_20120630_000000_The_Ed_Show.thumbs/MSNBCW_20120630_000000_The_Ed_Show_003480.jpg,"temperature of earth. we have already increased the number of heat waves and the intensity of heat waves. we have already caused certain areas to get drier. when they combine, this is what you get. what is your recommendation to stop climate change?"
https://archive.org/details/MSNBCW_20120612_080000_The_Rachel_Maddow_Show#start/3160/end/3195,6/12/2012 8:52:55,MSNBC,The Rachel Maddow Show,MSNBCW_20120612_080000_The_Rachel_Maddow_Show,https://archive.org/download/MSNBCW_20120612_080000_The_Rachel_Maddow_Show/MSNBCW_20120612_080000_The_Rachel_Maddow_Show.thumbs/MSNBCW_20120612_080000_The_Rachel_Maddow_Show_003150.jpg,"me, it was an amendment from representative jeff flake and it didn't take away the funding, it just said the national science foundation could no longer use its funding to fund political science, in part, representative flake said, because the funding was used to support studies on climate change."
https://archive.org/details/MSNBCW_20120612_080000_The_Rachel_Maddow_Show#start/2867/end/2902,6/12/2012 8:48:02,MSNBC,The Rachel Maddow Show,MSNBCW_20120612_080000_The_Rachel_Maddow_Show,https://archive.org/download/MSNBCW_20120612_080000_The_Rachel_Maddow_Show/MSNBCW_20120612_080000_The_Rachel_Maddow_Show.thumbs/MSNBCW_20120612_080000_The_Rachel_Maddow_Show_002850.jpg,"advised the party scary terms like global warming should be replaced with climate change. he said so many voters believe that, quote, republicans are in the pockets of corporate fat cats who rub their hands"
https://archive.org/details/MSNBCW_20120612_010000_The_Rachel_Maddow_Show#start/2876/end/2911,6/12/2012 1:48:11,MSNBC,The Rachel Maddow Show,MSNBCW_20120612_010000_The_Rachel_Maddow_Show,https://archive.org/download/MSNBCW_20120612_010000_The_Rachel_Maddow_Show/MSNBCW_20120612_010000_The_Rachel_Maddow_Show.thumbs/MSNBCW_20120612_010000_The_Rachel_Maddow_Show_002850.jpg,"messaging guru frank luntz advised the party scary terms like global warming should be replaced with climate change. he said so many voters believe that, quote, republicans are in the pockets of corporate fat cats who rub their hands"
https://archive.org/details/MSNBCW_20120628_100000_Morning_Joe#start/3427/end/3462,6/28/2012 10:57:22,MSNBC,Morning Joe,MSNBCW_20120628_100000_Morning_Joe,https://archive.org/download/MSNBCW_20120628_100000_Morning_Joe/MSNBCW_20120628_100000_Morning_Joe.thumbs/MSNBCW_20120628_100000_Morning_Joe_003330.jpg,"oh, yes. is it time? it is. prerecorded mika. thank you. it is. time for news you can't use. new national geographic -- oh, what is this on global warming? the esteemed. climate change. a new poll shows 80 million"
https://archive.org/details/MSNBCW_20120612_080000_The_Rachel_Maddow_Show#start/2945/end/2980,6/12/2012 8:49:20,MSNBC,The Rachel Maddow Show,MSNBCW_20120612_080000_The_Rachel_Maddow_Show,https://archive.org/download/MSNBCW_20120612_080000_The_Rachel_Maddow_Show/MSNBCW_20120612_080000_The_Rachel_Maddow_Show.thumbs/MSNBCW_20120612_080000_The_Rachel_Maddow_Show_002940.jpg,"from fat cats to the wealthy to job creators, we actually have a lot at stake here. the move from global warming to climate change and sea level rise to recurrent flooding matters. commonwealth of virginia spending $6 million a year warding off the atlantic ocean?"
https://archive.org/details/MSNBCW_20120612_010000_The_Rachel_Maddow_Show#start/2954/end/2989,6/12/2012 1:49:29,MSNBC,The Rachel Maddow Show,MSNBCW_20120612_010000_The_Rachel_Maddow_Show,https://archive.org/download/MSNBCW_20120612_010000_The_Rachel_Maddow_Show/MSNBCW_20120612_010000_The_Rachel_Maddow_Show.thumbs/MSNBCW_20120612_010000_The_Rachel_Maddow_Show_002940.jpg,"while it's amusing to think about our national progression from fat cats to the wealthy to job creators, we actually have a lot at stake here. the move from global warming to climate change and sea level rise to recurrent flooding matters. commonwealth of virginia spending $6 million a year"
https://archive.org/details/MSNBCW_20120612_040000_The_Rachel_Maddow_Show#start/2948/end/2983,6/12/2012 4:49:23,MSNBC,The Rachel Maddow Show,MSNBCW_20120612_040000_The_Rachel_Maddow_Show,https://archive.org/download/MSNBCW_20120612_040000_The_Rachel_Maddow_Show/MSNBCW_20120612_040000_The_Rachel_Maddow_Show.thumbs/MSNBCW_20120612_040000_The_Rachel_Maddow_Show_002940.jpg,"challenge the established order. while it's amusing to think about our national progression from fat cats to the wealthy to job creators, we actually have a lot at stake here. the move from global warming to climate change and sea level rise to recurrent flooding matters. commonwealth of virginia"
https://archive.org/details/MSNBCW_20120614_040000_The_Rachel_Maddow_Show#start/911/end/946,6/14/2012 4:15:26,MSNBC,The Rachel Maddow Show,MSNBCW_20120614_040000_The_Rachel_Maddow_Show,https://archive.org/download/MSNBCW_20120614_040000_The_Rachel_Maddow_Show/MSNBCW_20120614_040000_The_Rachel_Maddow_Show.thumbs/MSNBCW_20120614_040000_The_Rachel_Maddow_Show_000840.jpg,"it's the at&t network -- doing more with data to help business do more for customers. as we've told you on the show previously there's still unbelievably some real debate in this country about whether we should say global warming or climate change or rising sea levels or recurring flooding. when we want to talk about the"
https://archive.org/details/MSNBCW_20120612_080000_The_Rachel_Maddow_Show#start/3022/end/3057,6/12/2012 8:50:37,MSNBC,The Rachel Maddow Show,MSNBCW_20120612_080000_The_Rachel_Maddow_Show,https://archive.org/download/MSNBCW_20120612_080000_The_Rachel_Maddow_Show/MSNBCW_20120612_080000_The_Rachel_Maddow_Show.thumbs/MSNBCW_20120612_080000_The_Rachel_Maddow_Show_003000.jpg,"much for stopping by. ezra, good to be with you. republicans used to support the expansion of greenhouse gases. it was a republican idea in the first place. it was in john mccain's 2008"
https://archive.org/details/MSNBCW_20120612_040000_The_Rachel_Maddow_Show#start/3024/end/3059,6/12/2012 4:50:39,MSNBC,The Rachel Maddow Show,MSNBCW_20120612_040000_The_Rachel_Maddow_Show,https://archive.org/download/MSNBCW_20120612_040000_The_Rachel_Maddow_Show/MSNBCW_20120612_040000_The_Rachel_Maddow_Show.thumbs/MSNBCW_20120612_040000_The_Rachel_Maddow_Show_003000.jpg,"absorption lines and also one on why we should value science education. congressman holt, thank you very much for stopping by. ezra, good to be with you. republicans used to support the expansion of greenhouse gases. the idea of cap and trade was a"
https://archive.org/details/MSNBCW_20120630_000000_The_Ed_Show#start/3394/end/3429,6/30/2012 0:56:49,MSNBC,The Ed Show,MSNBCW_20120630_000000_The_Ed_Show,https://archive.org/download/MSNBCW_20120630_000000_The_Ed_Show/MSNBCW_20120630_000000_The_Ed_Show.thumbs/MSNBCW_20120630_000000_The_Ed_Show_003390.jpg,"country, it's dire, not just drier, it's a dire picture of what the future holds if we don't bring global warming under control. is this what global warming looks like? it's part of it. there are other pictures that"
https://archive.org/details/MSNBCW_20120612_010000_The_Rachel_Maddow_Show#start/3034/end/3069,6/12/2012 1:50:49,MSNBC,The Rachel Maddow Show,MSNBCW_20120612_010000_The_Rachel_Maddow_Show,https://archive.org/download/MSNBCW_20120612_010000_The_Rachel_Maddow_Show/MSNBCW_20120612_010000_The_Rachel_Maddow_Show.thumbs/MSNBCW_20120612_010000_The_Rachel_Maddow_Show_003030.jpg,"education. congressman holt, thank you very much for stopping by. ezra, good to be with you. republicans used to support the expansion of greenhouse gases. it was a republican idea in the first place. it was in john mccain's 2008 platform and he was also the first to introduce it in the senate."
https://archive.org/details/MSNBCW_20120612_010000_The_Rachel_Maddow_Show#start/2858/end/2893,6/12/2012 1:47:53,MSNBC,The Rachel Maddow Show,MSNBCW_20120612_010000_The_Rachel_Maddow_Show,https://archive.org/download/MSNBCW_20120612_010000_The_Rachel_Maddow_Show/MSNBCW_20120612_010000_The_Rachel_Maddow_Show.thumbs/MSNBCW_20120612_010000_The_Rachel_Maddow_Show_002850.jpg,"little bit less aptly when you are permanently under water. the first crazy thing about this is climate change, the term climate change, is one that republicans had wanted everyone to use. back in '03, republican"
https://archive.org/details/MSNBCW_20120612_010000_The_Rachel_Maddow_Show#start/2813/end/2848,6/12/2012 1:47:08,MSNBC,The Rachel Maddow Show,MSNBCW_20120612_010000_The_Rachel_Maddow_Show,https://archive.org/download/MSNBCW_20120612_010000_The_Rachel_Maddow_Show/MSNBCW_20120612_010000_The_Rachel_Maddow_Show.thumbs/MSNBCW_20120612_010000_The_Rachel_Maddow_Show_002790.jpg,"company anymore. sea level rise. you're not supposed to say sea level rise, at least not among virginia republicans. also climate change. you don't want to say climate change anymore. when virginia lawmakers wanted to examine the possibility that warming temperatures will cause"
https://archive.org/details/MSNBCW_20120612_080000_The_Rachel_Maddow_Show#start/2804/end/2839,6/12/2012 8:46:59,MSNBC,The Rachel Maddow Show,MSNBCW_20120612_080000_The_Rachel_Maddow_Show,https://archive.org/download/MSNBCW_20120612_080000_The_Rachel_Maddow_Show/MSNBCW_20120612_080000_The_Rachel_Maddow_Show.thumbs/MSNBCW_20120612_080000_The_Rachel_Maddow_Show_002790.jpg,"sea level rise. you're not supposed to say sea level rise, at least not among virginia republicans. also climate change. you don't want to say climate change anymore. when virginia lawmakers wanted to examine the possibility that warming temperatures will cause"
https://archive.org/details/MSNBCW_20120612_080000_The_Rachel_Maddow_Show#start/2851/end/2886,6/12/2012 8:47:46,MSNBC,The Rachel Maddow Show,MSNBCW_20120612_080000_The_Rachel_Maddow_Show,https://archive.org/download/MSNBCW_20120612_080000_The_Rachel_Maddow_Show/MSNBCW_20120612_080000_The_Rachel_Maddow_Show.thumbs/MSNBCW_20120612_080000_The_Rachel_Maddow_Show_002850.jpg,"little bit less aptly when you are permanently under water. the first crazy thing about this is climate change, the term climate change, is one that republicans had wanted everyone to use. back in '03, republican messaging guru frank luntz"
https://archive.org/details/MSNBCW_20120612_040000_The_Rachel_Maddow_Show#start/2810/end/2845,6/12/2012 4:47:05,MSNBC,The Rachel Maddow Show,MSNBCW_20120612_040000_The_Rachel_Maddow_Show,https://archive.org/download/MSNBCW_20120612_040000_The_Rachel_Maddow_Show/MSNBCW_20120612_040000_The_Rachel_Maddow_Show.thumbs/MSNBCW_20120612_040000_The_Rachel_Maddow_Show_002790.jpg,"company anymore. sea level rise. you're not supposed to say sea level rise, at least not among virginia republicans. also climate change. you don't want to say climate change anymore. when virginia lawmakers wanted to examine the possibility that warming temperatures will cause"
https://archive.org/details/MSNBCW_20120605_010000_The_Rachel_Maddow_Show#start/194/end/229,6/5/2012 1:03:29,MSNBC,The Rachel Maddow Show,MSNBCW_20120605_010000_The_Rachel_Maddow_Show,https://archive.org/download/MSNBCW_20120605_010000_The_Rachel_Maddow_Show/MSNBCW_20120605_010000_The_Rachel_Maddow_Show.thumbs/MSNBCW_20120605_010000_The_Rachel_Maddow_Show_000180.jpg,"governor, global warming doubter, turkey fight enthusiast. i think you marry the table,"
https://archive.org/details/MSNBCW_20120630_000000_The_Ed_Show#start/3533/end/3568,6/30/2012 0:59:08,MSNBC,The Ed Show,MSNBCW_20120630_000000_The_Ed_Show,https://archive.org/download/MSNBCW_20120630_000000_The_Ed_Show/MSNBCW_20120630_000000_The_Ed_Show.thumbs/MSNBCW_20120630_000000_The_Ed_Show_003510.jpg,"what does it do to the air quality? the fires themselves wreck air quality, and the same fuels which are causing the build-up of the green house gases are the major causes of air pollution. we could clear up the air, slow down and eventually stop global"
https://archive.org/details/MSNBCW_20120612_040000_The_Rachel_Maddow_Show#start/3071/end/3106,6/12/2012 4:51:26,MSNBC,The Rachel Maddow Show,MSNBCW_20120612_040000_The_Rachel_Maddow_Show,https://archive.org/download/MSNBCW_20120612_040000_The_Rachel_Maddow_Show/MSNBCW_20120612_040000_The_Rachel_Maddow_Show.thumbs/MSNBCW_20120612_040000_The_Rachel_Maddow_Show_003060.jpg,"trying to do. these are powerful interests, energy interests that don't want the facts about climate change to be out there. they don't even want the term climate change to be out there. there's no question the sea level is rising. even if there's no melting of"
https://archive.org/details/MSNBCW_20120612_080000_The_Rachel_Maddow_Show#start/3069/end/3104,6/12/2012 8:51:24,MSNBC,The Rachel Maddow Show,MSNBCW_20120612_080000_The_Rachel_Maddow_Show,https://archive.org/download/MSNBCW_20120612_080000_The_Rachel_Maddow_Show/MSNBCW_20120612_080000_The_Rachel_Maddow_Show.thumbs/MSNBCW_20120612_080000_The_Rachel_Maddow_Show_003060.jpg,"the facts about climate change to be out there. they don't even want the term climate change to be out there. there's no question the sea level is rising. even if there's no melting of glaciers because of the heating, just the heating of the ocean,"
https://archive.org/details/MSNBCW_20120620_070000_The_Ed_Show#start/172/end/207,6/20/2012 7:03:07,MSNBC,The Ed Show,MSNBCW_20120620_070000_The_Ed_Show,https://archive.org/download/MSNBCW_20120620_070000_The_Ed_Show/MSNBCW_20120620_070000_The_Ed_Show.thumbs/MSNBCW_20120620_070000_The_Ed_Show_000150.jpg,"to restore integrity to improve the functioning of the financial markets. this will contribute to the feedback between the banks. in closing, i would note that with mexico's leadership, we make progress. from food security to bring economic growth and climate"
https://archive.org/details/MSNBCW_20120627_090000_First_Look#start/697/end/732,6/27/2012 9:11:52,MSNBC,First Look,MSNBCW_20120627_090000_First_Look,https://archive.org/download/MSNBCW_20120627_090000_First_Look/MSNBCW_20120627_090000_First_Look.thumbs/MSNBCW_20120627_090000_First_Look_000690.jpg,"to impose limits on greenhouse gas emissions that are causing harm. in london, despite public opposition, the house of commons has voted to rename the clock tower known the world round as big ben, the elizabeth tower in"
https://archive.org/details/MSNBCW_20120604_160000_NOW_With_Alex_Wagner#start/2654/end/2689,6/4/2012 16:44:29,MSNBC,NOW With Alex Wagner,MSNBCW_20120604_160000_NOW_With_Alex_Wagner,https://archive.org/download/MSNBCW_20120604_160000_NOW_With_Alex_Wagner/MSNBCW_20120604_160000_NOW_With_Alex_Wagner.thumbs/MSNBCW_20120604_160000_NOW_With_Alex_Wagner_002640.jpg,"global warming cooled? joining me is michael mann, author of 'the hockey stick and the climate wars,' and david de rothschildt, environmental and"
https://archive.org/details/MSNBCW_20120612_040000_The_Rachel_Maddow_Show#start/3196/end/3231,6/12/2012 4:53:31,MSNBC,The Rachel Maddow Show,MSNBCW_20120612_040000_The_Rachel_Maddow_Show,https://archive.org/download/MSNBCW_20120612_040000_The_Rachel_Maddow_Show/MSNBCW_20120612_040000_The_Rachel_Maddow_Show.thumbs/MSNBCW_20120612_040000_The_Rachel_Maddow_Show_003180.jpg,"about climate change. that subtle and specific interference with scientific judgments worried me as a precedent. am i right to be concerned, or is this not a big deal? you're absolutely right to be concerned. what we were talking about with climate change and with tobacco, and with big developers against the endangered species act and big agra business against nutrition science, that's the"
https://archive.org/details/MSNBCW_20120605_040000_The_Rachel_Maddow_Show#start/185/end/220,6/5/2012 4:03:20,MSNBC,The Rachel Maddow Show,MSNBCW_20120605_040000_The_Rachel_Maddow_Show,https://archive.org/download/MSNBCW_20120605_040000_The_Rachel_Maddow_Show/MSNBCW_20120605_040000_The_Rachel_Maddow_Show.thumbs/MSNBCW_20120605_040000_The_Rachel_Maddow_Show_000180.jpg,"governor, global warming doubter, turkey fight enthusiast and republican tv anchor, who once compared same-sex marriage to marrying a table, a clock, and a dog. i think you marry the table,"
https://archive.org/details/MSNBCW_20120605_080000_The_Rachel_Maddow_Show#start/183/end/218,6/5/2012 8:03:18,MSNBC,The Rachel Maddow Show,MSNBCW_20120605_080000_The_Rachel_Maddow_Show,https://archive.org/download/MSNBCW_20120605_080000_The_Rachel_Maddow_Show/MSNBCW_20120605_080000_The_Rachel_Maddow_Show.thumbs/MSNBCW_20120605_080000_The_Rachel_Maddow_Show_000180.jpg,"it is the youtube account for wisconsin's real lieutenant governor, global warming doubter, turkey fight enthusiast and republican tv anchor, who once compared same-sex marriage to marrying a table, a clock, and a dog."
https://archive.org/details/MSNBCW_20120622_150000_MSNBC_Live#start/3293/end/3328,6/22/2012 15:55:08,MSNBC,MSNBC Live,MSNBCW_20120622_150000_MSNBC_Live,https://archive.org/download/MSNBCW_20120622_150000_MSNBC_Live/MSNBCW_20120622_150000_MSNBC_Live.thumbs/MSNBCW_20120622_150000_MSNBC_Live_003270.jpg,"done on board is very large from traditional oceanography to biological marine sciences, plankton monitoring, sea interface exchange gases to better understand the effect of global warming. there's a lot of science to be"
https://archive.org/details/MSNBCW_20120620_030000_The_Ed_Show#start/229/end/264,6/20/2012 3:04:04,MSNBC,The Ed Show,MSNBCW_20120620_030000_The_Ed_Show,https://archive.org/download/MSNBCW_20120620_030000_The_Ed_Show/MSNBCW_20120620_030000_The_Ed_Show.thumbs/MSNBCW_20120620_030000_The_Ed_Show_000210.jpg,"make progress. from food security to bring economic growth and climate change, from financial education and potential for consumers to"
https://archive.org/details/MSNBCW_20120605_080000_The_Rachel_Maddow_Show#start/758/end/793,6/5/2012 8:12:53,MSNBC,The Rachel Maddow Show,MSNBCW_20120605_080000_The_Rachel_Maddow_Show,https://archive.org/download/MSNBCW_20120605_080000_The_Rachel_Maddow_Show/MSNBCW_20120605_080000_The_Rachel_Maddow_Show.thumbs/MSNBCW_20120605_080000_The_Rachel_Maddow_Show_000750.jpg,"poison global warming breath and these turkeys necking violently in the snow. on wisconsin, just one day to go, the most amazing story in american politics in a long, long time. joining us now is political"
https://archive.org/details/MSNBCW_20120604_160000_NOW_With_Alex_Wagner#start/2685/end/2720,6/4/2012 16:45:00,MSNBC,NOW With Alex Wagner,MSNBCW_20120604_160000_NOW_With_Alex_Wagner,https://archive.org/download/MSNBCW_20120604_160000_NOW_With_Alex_Wagner/MSNBCW_20120604_160000_NOW_With_Alex_Wagner.thumbs/MSNBCW_20120604_160000_NOW_With_Alex_Wagner_002670.jpg,"to go down. a gallup poll from two months ago says, asks americans, how much do you personally worry about global warming a great deal or fair amount, and 55%, or little or not at all, 45%."
https://archive.org/details/MSNBCW_20120630_000000_The_Ed_Show#start/2742/end/2777,6/30/2012 0:45:57,MSNBC,The Ed Show,MSNBCW_20120630_000000_The_Ed_Show,https://archive.org/download/MSNBCW_20120630_000000_The_Ed_Show/MSNBCW_20120630_000000_The_Ed_Show.thumbs/MSNBCW_20120630_000000_The_Ed_Show_002700.jpg,"up next, late night comedians take on yesterday's historic health care ruling. we'll show you the highlights. knl and the big finish, what role does global warming play in this summer's wild weather? i'll ask michael oppenheimer of"
https://archive.org/details/MSNBCW_20120605_040000_The_Rachel_Maddow_Show#start/123/end/158,6/5/2012 4:02:18,MSNBC,The Rachel Maddow Show,MSNBCW_20120605_040000_The_Rachel_Maddow_Show,https://archive.org/download/MSNBCW_20120605_040000_The_Rachel_Maddow_Show/MSNBCW_20120605_040000_The_Rachel_Maddow_Show.thumbs/MSNBCW_20120605_040000_The_Rachel_Maddow_Show_000120.jpg,"rebecca for real, it's called. it says real in that it's rebecca for real, but it's also kind of unbelievable. hi, everybody, rebecca here. i'm in the global warming today poisoning the world with my breath."
https://archive.org/details/MSNBCW_20120605_040000_The_Rachel_Maddow_Show#start/753/end/788,6/5/2012 4:12:48,MSNBC,The Rachel Maddow Show,MSNBCW_20120605_040000_The_Rachel_Maddow_Show,https://archive.org/download/MSNBCW_20120605_040000_The_Rachel_Maddow_Show/MSNBCW_20120605_040000_The_Rachel_Maddow_Show.thumbs/MSNBCW_20120605_040000_The_Rachel_Maddow_Show_000750.jpg,"poison global warming breath and these turkeys necking violently in the snow. on wisconsin, just one day to go, the most amazing story in american politics in a long, long time. joining us now is political science professor at the university of wisconsin."
https://archive.org/details/MSNBCW_20120619_230000_Hardball_With_Chris_Matthews#start/3261/end/3296,6/19/2012 23:54:36,MSNBC,Hardball With Chris Matthews,MSNBCW_20120619_230000_Hardball_With_Chris_Matthews,https://archive.org/download/MSNBCW_20120619_230000_Hardball_With_Chris_Matthews/MSNBCW_20120619_230000_Hardball_With_Chris_Matthews.thumbs/MSNBCW_20120619_230000_Hardball_With_Chris_Matthews_003240.jpg,"from food security to green economic growth that combats climate change, from financial education and protection for consumers to combatting corruption that stifles economic growth, and in strengthening"
https://archive.org/details/MSNBCW_20120601_070000_The_Ed_Show#start/1733/end/1768,6/1/2012 7:29:08,MSNBC,The Ed Show,MSNBCW_20120601_070000_The_Ed_Show,https://archive.org/download/MSNBCW_20120601_070000_The_Ed_Show/MSNBCW_20120601_070000_The_Ed_Show.thumbs/MSNBCW_20120601_070000_The_Ed_Show_001710.jpg,"i don't think can you sit at a table and negotiate with them. and we will never be able to have universal health care, be able to change the way we use energy and tackle global warming. the big issues that face this country."
https://archive.org/details/MSNBCW_20120604_160000_NOW_With_Alex_Wagner#start/1191/end/1226,6/4/2012 16:20:06,MSNBC,NOW With Alex Wagner,MSNBCW_20120604_160000_NOW_With_Alex_Wagner,https://archive.org/download/MSNBCW_20120604_160000_NOW_With_Alex_Wagner/MSNBCW_20120604_160000_NOW_With_Alex_Wagner.thumbs/MSNBCW_20120604_160000_NOW_With_Alex_Wagner_001170.jpg,"is not to do that. and the op-ed takes the logic, rise the oceans and everybody's votes -- i am paraphrasing so badly right now. but it is more poetic, and i love yours better. what happened to the global warming? well, that is happening right"
https://archive.org/details/MSNBCW_20120605_080000_The_Rachel_Maddow_Show#start/133/end/168,6/5/2012 8:02:28,MSNBC,The Rachel Maddow Show,MSNBCW_20120605_080000_The_Rachel_Maddow_Show,https://archive.org/download/MSNBCW_20120605_080000_The_Rachel_Maddow_Show/MSNBCW_20120605_080000_The_Rachel_Maddow_Show.thumbs/MSNBCW_20120605_080000_The_Rachel_Maddow_Show_000120.jpg,"hi, everybody, rebecca here. i'm in the global warming today poisoning the world with my breath. no, it doesn't stink, i brushed. i'm not talking about that. i'm talking about the fact that the epa says what i breathe out is poison to the world."
https://archive.org/details/MSNBCW_20120630_000000_The_Ed_Show#start/3408/end/3443,6/30/2012 0:57:03,MSNBC,The Ed Show,MSNBCW_20120630_000000_The_Ed_Show,https://archive.org/download/MSNBCW_20120630_000000_The_Ed_Show/MSNBCW_20120630_000000_The_Ed_Show.thumbs/MSNBCW_20120630_000000_The_Ed_Show_003390.jpg,"are just as disturbing. let's focus on this. what doesç global warming do? it's making earth warmer. earth is just about a degree warmer than it was. it makes many areas drier. if you dry earth out f you make it hotter, you get dead trees"
https://archive.org/details/MSNBCW_20120612_010000_The_Rachel_Maddow_Show#start/3177/end/3212,6/12/2012 1:53:12,MSNBC,The Rachel Maddow Show,MSNBCW_20120612_010000_The_Rachel_Maddow_Show,https://archive.org/download/MSNBCW_20120612_010000_The_Rachel_Maddow_Show/MSNBCW_20120612_010000_The_Rachel_Maddow_Show.thumbs/MSNBCW_20120612_010000_The_Rachel_Maddow_Show_003150.jpg,"foundation could no longer use its funding to fund political science, in part, representative flake said, because the funding was used to support studies on climate change. that subtle and specific"
https://archive.org/details/MSNBCW_20120613_100000_Morning_Joe#start/2948/end/2983,6/13/2012 10:49:23,MSNBC,Morning Joe,MSNBCW_20120613_100000_Morning_Joe,https://archive.org/download/MSNBCW_20120613_100000_Morning_Joe/MSNBCW_20120613_100000_Morning_Joe.thumbs/MSNBCW_20120613_100000_Morning_Joe_002940.jpg,"climate change, education, immigration reform. guns. gun policy, really wonky stuff like road safety. he's down in the weeds on these technocratic nonpartisan issues. sustainability. i mean big on sustainability on"
https://archive.org/details/MSNBCW_20120601_000000_The_Ed_Show#start/1738/end/1773,6/1/2012 0:29:13,MSNBC,The Ed Show,MSNBCW_20120601_000000_The_Ed_Show,https://archive.org/download/MSNBCW_20120601_000000_The_Ed_Show/MSNBCW_20120601_000000_The_Ed_Show.thumbs/MSNBCW_20120601_000000_The_Ed_Show_001710.jpg,"energy and tackle global warming. the big issues that face this country. they are standing between us and the change that we need. what a loss for the democrats. that was john edwards back in 2007 as senator an vice-presidential nominee and two-time presidential candidate"
https://archive.org/details/MSNBCW_20120629_200000_Martin_Bashir#start/487/end/522,6/29/2012 20:08:22,MSNBC,Martin Bashir,MSNBCW_20120629_200000_Martin_Bashir,https://archive.org/download/MSNBCW_20120629_200000_Martin_Bashir/MSNBCW_20120629_200000_Martin_Bashir.thumbs/MSNBCW_20120629_200000_Martin_Bashir_000480.jpg,"mandates going back to what's happening in colorado, mitt romney was a believer in manmade global warming before saying he didn't know what caused it and offering no plan to control it. as we suffer under record heat here in the east, as we've watched colorado burn under"
https://archive.org/details/MSNBCW_20120630_000000_The_Ed_Show#start/916/end/951,6/30/2012 0:15:31,MSNBC,The Ed Show,MSNBCW_20120630_000000_The_Ed_Show,https://archive.org/download/MSNBCW_20120630_000000_The_Ed_Show/MSNBCW_20120630_000000_The_Ed_Show.thumbs/MSNBCW_20120630_000000_The_Ed_Show_000900.jpg,"van jones will be here tonight to make them feel a lot better. and a very serious situation, colorado battles the biggest wildfire in the state's history, leading scientists to say it's a sign of global warming. we'll have that discussion. i'll be talking with one of the"
https://archive.org/details/MSNBCW_20120605_010000_The_Rachel_Maddow_Show#start/751/end/786,6/5/2012 1:12:46,MSNBC,The Rachel Maddow Show,MSNBCW_20120605_010000_The_Rachel_Maddow_Show,https://archive.org/download/MSNBCW_20120605_010000_The_Rachel_Maddow_Show/MSNBCW_20120605_010000_The_Rachel_Maddow_Show.thumbs/MSNBCW_20120605_010000_The_Rachel_Maddow_Show_000750.jpg,"standing. it's every bit as much about the fitzgerald brothers and whether they get to stay in charge, and it's every bit as much about the lieutenant governor with the poison global warming breath and these turkeys necking violently in the snow. on wisconsin, a day to go, the"
https://archive.org/details/MSNBCW_20120605_010000_The_Rachel_Maddow_Show#start/145/end/180,6/5/2012 1:02:40,MSNBC,The Rachel Maddow Show,MSNBCW_20120605_010000_The_Rachel_Maddow_Show,https://archive.org/download/MSNBCW_20120605_010000_The_Rachel_Maddow_Show/MSNBCW_20120605_010000_The_Rachel_Maddow_Show.thumbs/MSNBCW_20120605_010000_The_Rachel_Maddow_Show_000120.jpg,"i'm in the global warming today poisoning the world with my breath. no, it doesn't stink, i brushed. i'm not talking about that. i'm talking about the fact that the epa says what i breathe out is poison to the world. i was on my way home when i saw"
https://archive.org/details/MSNBCW_20120612_080000_The_Rachel_Maddow_Show#start/3190/end/3225,6/12/2012 8:53:25,MSNBC,The Rachel Maddow Show,MSNBCW_20120612_080000_The_Rachel_Maddow_Show,https://archive.org/download/MSNBCW_20120612_080000_The_Rachel_Maddow_Show/MSNBCW_20120612_080000_The_Rachel_Maddow_Show.thumbs/MSNBCW_20120612_080000_The_Rachel_Maddow_Show_003180.jpg,"climate change and with tobacco, and with big developers against the endangered species act and big agra business against nutrition science, that's the old-style, long-lasting"
https://archive.org/details/MSNBCW_20120615_200000_The_Dylan_Ratigan_Show#start/2937/end/2972,6/15/2012 20:49:12,MSNBC,The Dylan Ratigan Show,MSNBCW_20120615_200000_The_Dylan_Ratigan_Show,https://archive.org/download/MSNBCW_20120615_200000_The_Dylan_Ratigan_Show/MSNBCW_20120615_200000_The_Dylan_Ratigan_Show.thumbs/MSNBCW_20120615_200000_The_Dylan_Ratigan_Show_002910.jpg,"government and in the middle. you've got climate change saying we're about to destroy the place we live in order to have this idea that the government can't interfere with this quote free market and so, you know, people"
https://archive.org/details/MSNBCW_20120629_190000_The_Cycle#start/2072/end/2107,6/29/2012 19:34:47,MSNBC,The Cycle,MSNBCW_20120629_190000_The_Cycle,https://archive.org/download/MSNBCW_20120629_190000_The_Cycle/MSNBCW_20120629_190000_The_Cycle.thumbs/MSNBCW_20120629_190000_The_Cycle_002070.jpg,"you've been following it. i read ample research suggesting, i'll quote one person, colorado state climatologist nolan who said, look, spring of 2012 looks much like spring of 1910. you can't say it's climate change just because it's an extreme --  _"
https://archive.org/details/MSNBCW_20120630_000000_The_Ed_Show#start/3501/end/3536,6/30/2012 0:58:36,MSNBC,The Ed Show,MSNBCW_20120630_000000_The_Ed_Show,https://archive.org/download/MSNBCW_20120630_000000_The_Ed_Show/MSNBCW_20120630_000000_The_Ed_Show.thumbs/MSNBCW_20120630_000000_The_Ed_Show_003480.jpg,"climate change needs to be slowed by first using energy much more efficiently. you should be driving the car with theç highest fuel economy you can get. you should take the ads seriously about putting in the"
https://archive.org/details/MSNBCW_20120612_010000_The_Rachel_Maddow_Show#start/2845/end/2880,6/12/2012 1:47:40,MSNBC,The Rachel Maddow Show,MSNBCW_20120612_010000_The_Rachel_Maddow_Show,https://archive.org/download/MSNBCW_20120612_010000_The_Rachel_Maddow_Show/MSNBCW_20120612_010000_The_Rachel_Maddow_Show.thumbs/MSNBCW_20120612_010000_The_Rachel_Maddow_Show_002820.jpg,"such terms are liberal code words.' oh, liberal code words. instead of left wing terms like sea level rise and climate change you're supposed to say recurrent flooding which is fine for when it rains a lot but which describes a situation a"
https://archive.org/details/MSNBCW_20120614_220000_PoliticsNation#start/1364/end/1399,6/14/2012 22:22:59,MSNBC,PoliticsNation,MSNBCW_20120614_220000_PoliticsNation,https://archive.org/download/MSNBCW_20120614_220000_PoliticsNation/MSNBCW_20120614_220000_PoliticsNation.thumbs/MSNBCW_20120614_220000_PoliticsNation_001350.jpg,"whatever. i'd love to see him do that. but he doubles down. he himself in the past has recognized the dangers of climate change. he has five sons. he has grandchildren. and just to have so little regard for the future"
https://archive.org/details/MSNBCW_20120614_130000_The_Daily_Rundown#start/221/end/256,6/14/2012 13:03:56,MSNBC,The Daily Rundown,MSNBCW_20120614_130000_The_Daily_Rundown,https://archive.org/download/MSNBCW_20120614_130000_The_Daily_Rundown/MSNBCW_20120614_130000_The_Daily_Rundown.thumbs/MSNBCW_20120614_130000_The_Daily_Rundown_000210.jpg,"going to be even more consequential than 2008. because the choices are going to be starker this time. you know, keep in mind, when i ran in 2008, i was running against a republican who believed in climate change, believed in immigration reform,"
https://archive.org/details/MSNBCW_20120630_000000_The_Ed_Show#start/3029/end/3064,6/30/2012 0:50:44,MSNBC,The Ed Show,MSNBCW_20120630_000000_The_Ed_Show,https://archive.org/download/MSNBCW_20120630_000000_The_Ed_Show/MSNBCW_20120630_000000_The_Ed_Show.thumbs/MSNBCW_20120630_000000_The_Ed_Show_003000.jpg,"experts say this is what global climate change actually looks like. we'll sort through the facts with a type scientist when we come back. stay with us. do you see it ?. there it is ! there it is ! where ? where ? it's getting away !  _"
https://archive.org/details/MSNBCW_20120629_190000_The_Cycle#start/2011/end/2046,6/29/2012 19:33:46,MSNBC,The Cycle,MSNBCW_20120629_190000_The_Cycle,https://archive.org/download/MSNBCW_20120629_190000_The_Cycle/MSNBCW_20120629_190000_The_Cycle.thumbs/MSNBCW_20120629_190000_The_Cycle_002010.jpg,"probably has re venlevance to t re-election. climate change. if you want to look at the conditions. i know it was said earlier, looks like arson is likely responsible for the start of this. the condition, incredibly hot. incredibly dry."
https://archive.org/details/MSNBCW_20120604_160000_NOW_With_Alex_Wagner#start/2420/end/2455,6/4/2012 16:40:35,MSNBC,NOW With Alex Wagner,MSNBCW_20120604_160000_NOW_With_Alex_Wagner,https://archive.org/download/MSNBCW_20120604_160000_NOW_With_Alex_Wagner/MSNBCW_20120604_160000_NOW_With_Alex_Wagner.thumbs/MSNBCW_20120604_160000_NOW_With_Alex_Wagner_002400.jpg,"some other line of work says governor gray davis. thank you for your time. my pleasure. as warning signs of climate change heat hs up, signs are cooling down, and we will find out why when we are joined by"
https://archive.org/details/MSNBCW_20120604_160000_NOW_With_Alex_Wagner#start/2908/end/2943,6/4/2012 16:48:43,MSNBC,NOW With Alex Wagner,MSNBCW_20120604_160000_NOW_With_Alex_Wagner,https://archive.org/download/MSNBCW_20120604_160000_NOW_With_Alex_Wagner/MSNBCW_20120604_160000_NOW_With_Alex_Wagner.thumbs/MSNBCW_20120604_160000_NOW_With_Alex_Wagner_002910.jpg,"i have had a senator denounce my work on the senate floor, james inhofe who has declared that climate change is an elaborate hoax, and a hoax that we have the ice sheets and the global temperatures playing along with"
https://archive.org/details/MSNBCW_20120601_030000_The_Ed_Show#start/1750/end/1785,6/1/2012 3:29:25,MSNBC,The Ed Show,MSNBCW_20120601_030000_The_Ed_Show,https://archive.org/download/MSNBCW_20120601_030000_The_Ed_Show/MSNBCW_20120601_030000_The_Ed_Show.thumbs/MSNBCW_20120601_030000_The_Ed_Show_001740.jpg,"have universal health care, be able to change the way we use energy and tackle global warming. the big issues that face this country. they are standing between us and the change that we need. what a loss for the democrats. that was john edwards back in 2007 as senator an vice-presidential nominee and"
https://archive.org/details/MSNBCW_20120612_010000_The_Rachel_Maddow_Show#start/3080/end/3115,6/12/2012 1:51:35,MSNBC,The Rachel Maddow Show,MSNBCW_20120612_010000_The_Rachel_Maddow_Show,https://archive.org/download/MSNBCW_20120612_010000_The_Rachel_Maddow_Show/MSNBCW_20120612_010000_The_Rachel_Maddow_Show.thumbs/MSNBCW_20120612_010000_The_Rachel_Maddow_Show_003060.jpg,"to be out there. they don't even want the term climate change to be out there. there's no question the sea level is rising. even if there's no melting of glaciers because of the heating, just the heating of the ocean, which is happening, has"
https://archive.org/details/MSNBCW_20120612_080000_The_Rachel_Maddow_Show#start/2819/end/2854,6/12/2012 8:47:14,MSNBC,The Rachel Maddow Show,MSNBCW_20120612_080000_The_Rachel_Maddow_Show,https://archive.org/download/MSNBCW_20120612_080000_The_Rachel_Maddow_Show/MSNBCW_20120612_080000_The_Rachel_Maddow_Show.thumbs/MSNBCW_20120612_080000_The_Rachel_Maddow_Show_002820.jpg,"the atlantic ocean to swamp the coastal region of their state, 'they discovered they cannot use the phrases sea level rise or climate change in requesting the study in part because of objections from republican colleagues and also for fear of stirring up conservative"
https://archive.org/details/MSNBCW_20120623_140000_Melissa_Harris-Perry#start/6842/end/6877,6/23/2012 15:54:17,MSNBC,Melissa Harris-Perry,MSNBCW_20120623_140000_Melissa_Harris-Perry,https://archive.org/download/MSNBCW_20120623_140000_Melissa_Harris-Perry/MSNBCW_20120623_140000_Melissa_Harris-Perry.thumbs/MSNBCW_20120623_140000_Melissa_Harris-Perry_006840.jpg,"over those three days. whether or not politicians believe it exists, climate change is a growing problem. and action can be taken now to stem the damage already done. but the question remains, is there any political will to enact those solutions? making that point forcefully and"
https://archive.org/details/MSNBCW_20120601_200000_The_Dylan_Ratigan_Show#start/1785/end/1820,6/1/2012 20:30:00,MSNBC,The Dylan Ratigan Show,MSNBCW_20120601_200000_The_Dylan_Ratigan_Show,https://archive.org/download/MSNBCW_20120601_200000_The_Dylan_Ratigan_Show/MSNBCW_20120601_200000_The_Dylan_Ratigan_Show.thumbs/MSNBCW_20120601_200000_The_Dylan_Ratigan_Show_001770.jpg,"climate change. and so elaborate a little bit more as what you see is what's different? in other words, the pharaohs and egyptians you can go back in the history of government and rich people in the government have been corruptly sort of screwing"
https://archive.org/details/MSNBCW_20120613_210000_Hardball_With_Chris_Matthews#start/2638/end/2673,6/13/2012 21:44:13,MSNBC,Hardball With Chris Matthews,MSNBCW_20120613_210000_Hardball_With_Chris_Matthews,https://archive.org/download/MSNBCW_20120613_210000_Hardball_With_Chris_Matthews/MSNBCW_20120613_210000_Hardball_With_Chris_Matthews.thumbs/MSNBCW_20120613_210000_Hardball_With_Chris_Matthews_002640.jpg,"what obama might want to do in a second term. obama was talking about -- or his aides were talking about climate change and nuclear proliferation. forget it. the big argument at the end of this year and the new congress is going to be about taxes and"
https://archive.org/details/MSNBCW_20120612_010000_The_Rachel_Maddow_Show#start/2830/end/2865,6/12/2012 1:47:25,MSNBC,The Rachel Maddow Show,MSNBCW_20120612_010000_The_Rachel_Maddow_Show,https://archive.org/download/MSNBCW_20120612_010000_The_Rachel_Maddow_Show/MSNBCW_20120612_010000_The_Rachel_Maddow_Show.thumbs/MSNBCW_20120612_010000_The_Rachel_Maddow_Show_002820.jpg,"the atlantic ocean to swamp the coastal region of their state, 'they discovered they cannot use the phrases sea level rise or climate change in requesting the study in part because of objections from republican colleagues and also for fear of stirring up conservative activists, some of whom believe"
https://archive.org/details/MSNBCW_20120612_010000_The_Rachel_Maddow_Show#start/3193/end/3228,6/12/2012 1:53:28,MSNBC,The Rachel Maddow Show,MSNBCW_20120612_010000_The_Rachel_Maddow_Show,https://archive.org/download/MSNBCW_20120612_010000_The_Rachel_Maddow_Show/MSNBCW_20120612_010000_The_Rachel_Maddow_Show.thumbs/MSNBCW_20120612_010000_The_Rachel_Maddow_Show_003180.jpg,"interference with scientific judgments worried me as a precedent. am i right to be concerned, or is this not a big deal? you're absolutely right to be concerned. what we were talking about with climate change and with tobacco, and with big developers against the endangered species act and"
https://archive.org/details/MSNBCW_20120612_080000_The_Rachel_Maddow_Show#start/2835/end/2870,6/12/2012 8:47:30,MSNBC,The Rachel Maddow Show,MSNBCW_20120612_080000_The_Rachel_Maddow_Show,https://archive.org/download/MSNBCW_20120612_080000_The_Rachel_Maddow_Show/MSNBCW_20120612_080000_The_Rachel_Maddow_Show.thumbs/MSNBCW_20120612_080000_The_Rachel_Maddow_Show_002820.jpg,"activists, some of whom believe such terms are liberal code words.' oh, liberal code words. instead of left wing terms like sea level rise and climate change you're supposed to say recurrent flooding which is fine for when it rains a lot but which describes a situation a"
https://archive.org/details/MSNBCW_20120616_160000_Weekends_With_Alex_Witt#start/6192/end/6227,6/16/2012 17:43:27,MSNBC,Weekends With Alex Witt,MSNBCW_20120616_160000_Weekends_With_Alex_Witt,https://archive.org/download/MSNBCW_20120616_160000_Weekends_With_Alex_Witt/MSNBCW_20120616_160000_Weekends_With_Alex_Witt.thumbs/MSNBCW_20120616_160000_Weekends_With_Alex_Witt_006180.jpg,"climate change is the biggest governing challenge we face. the biggest governing challenge we have ever faced. we have the promo of you riding your bike. why do you do that? i love to ride my bike. that's one of my favorite things to do in terms of thinking"
https://archive.org/details/MSNBCW_20120611_200000_The_Dylan_Ratigan_Show#start/2906/end/2941,6/11/2012 20:48:41,MSNBC,The Dylan Ratigan Show,MSNBCW_20120611_200000_The_Dylan_Ratigan_Show,https://archive.org/download/MSNBCW_20120611_200000_The_Dylan_Ratigan_Show/MSNBCW_20120611_200000_The_Dylan_Ratigan_Show.thumbs/MSNBCW_20120611_200000_The_Dylan_Ratigan_Show_002880.jpg,"a big question being posed by the obama re-election team. senior advisers are arguing that they can address immigration, climate change, nuclear proliferation and tax reform on the president's to do list if he comes back for round two. what do you say, tim? maybe just one more time, next"
https://archive.org/details/MSNBCW_20120604_150000_MSNBC_Live#start/3354/end/3389,6/4/2012 15:56:09,MSNBC,MSNBC Live,MSNBCW_20120604_150000_MSNBC_Live,https://archive.org/download/MSNBCW_20120604_150000_MSNBC_Live/MSNBCW_20120604_150000_MSNBC_Live.thumbs/MSNBCW_20120604_150000_MSNBC_Live_003330.jpg,"feedback. we will talk about the controversial ballot bait to get people to the polls when former governor gray davis from california joins the program. and what is the best way to undermine the science of climate change? undermine the scientists studying it. and we will talk about that with"
https://archive.org/details/MSNBCW_20120630_000000_The_Ed_Show#start/3332/end/3367,6/30/2012 0:55:47,MSNBC,The Ed Show,MSNBCW_20120630_000000_The_Ed_Show,https://archive.org/download/MSNBCW_20120630_000000_The_Ed_Show/MSNBCW_20120630_000000_The_Ed_Show.thumbs/MSNBCW_20120630_000000_The_Ed_Show_003330.jpg,"evidence of global climate change. let me show you how hot it's going to be in the next three days. here's the forecast for today. again, near 108 in st. louis. many areas above 100. the heat wave is just part of the problem. look at these temperatures."
https://archive.org/details/MSNBCW_20120612_040000_The_Rachel_Maddow_Show#start/2846/end/2881,6/12/2012 4:47:41,MSNBC,The Rachel Maddow Show,MSNBCW_20120612_040000_The_Rachel_Maddow_Show,https://archive.org/download/MSNBCW_20120612_040000_The_Rachel_Maddow_Show/MSNBCW_20120612_040000_The_Rachel_Maddow_Show.thumbs/MSNBCW_20120612_040000_The_Rachel_Maddow_Show_002820.jpg,"oh, liberal code words. instead of left wing terms like sea level rise and climate change you're supposed to say recurrent flooding which is fine for when it rains a lot but which describes a situation a little bit less aptly when you are permanently under water. the first crazy thing about this"
https://archive.org/details/MSNBCW_20120612_040000_The_Rachel_Maddow_Show#start/2827/end/2862,6/12/2012 4:47:22,MSNBC,The Rachel Maddow Show,MSNBCW_20120612_040000_The_Rachel_Maddow_Show,https://archive.org/download/MSNBCW_20120612_040000_The_Rachel_Maddow_Show/MSNBCW_20120612_040000_The_Rachel_Maddow_Show.thumbs/MSNBCW_20120612_040000_The_Rachel_Maddow_Show_002820.jpg,"the atlantic ocean to swamp the coastal region of their state, 'they discovered they cannot use the phrases sea level rise or climate change in requesting the study in part because of objections from republican colleagues and also for fear of stirring up conservative activists, some of whom believe such terms are liberal code words.'"
https://archive.org/details/MSNBCW_20120614_080000_The_Rachel_Maddow_Show#start/922/end/957,6/14/2012 8:15:37,MSNBC,The Rachel Maddow Show,MSNBCW_20120614_080000_The_Rachel_Maddow_Show,https://archive.org/download/MSNBCW_20120614_080000_The_Rachel_Maddow_Show/MSNBCW_20120614_080000_The_Rachel_Maddow_Show.thumbs/MSNBCW_20120614_080000_The_Rachel_Maddow_Show_000900.jpg,"climate change or rising sea levels or recurring flooding. when we want to talk about the fact it's getting warmer on our planet as time goes by. this is what we're discussing. we here are going to blissfully ignore that dumb debate for a minute and examine the data. in the last 100 years the"
https://archive.org/details/MSNBCW_20120612_160000_NOW_With_Alex_Wagner#start/590/end/625,6/12/2012 16:10:05,MSNBC,NOW With Alex Wagner,MSNBCW_20120612_160000_NOW_With_Alex_Wagner,https://archive.org/download/MSNBCW_20120612_160000_NOW_With_Alex_Wagner/MSNBCW_20120612_160000_NOW_With_Alex_Wagner.thumbs/MSNBCW_20120612_160000_NOW_With_Alex_Wagner_000570.jpg,"has to be tax reform. immigration, no. climate change, what? that seems the most likely candidate. yeah. we will talk a lot more about the president's potential second term in the coming days and weeks. but not after the break, because we are going to be talking about new evidence that the american"
https://archive.org/details/MSNBCW_20120613_230000_Hardball_With_Chris_Matthews#start/2621/end/2656,6/13/2012 23:43:56,MSNBC,Hardball With Chris Matthews,MSNBCW_20120613_230000_Hardball_With_Chris_Matthews,https://archive.org/download/MSNBCW_20120613_230000_Hardball_With_Chris_Matthews/MSNBCW_20120613_230000_Hardball_With_Chris_Matthews.thumbs/MSNBCW_20120613_230000_Hardball_With_Chris_Matthews_002610.jpg,"obama was talking about -- or his aides were talking about climate change and nuclear proliferation. forget it. the big argument at the end of this year and the new congress is going to be about taxes and to pay for government programs. that's where we are at. okay. thank you, howard. what a good show it is."
https://archive.org/details/MSNBCW_20120613_100000_Morning_Joe#start/2796/end/2831,6/13/2012 10:46:51,MSNBC,Morning Joe,MSNBCW_20120613_100000_Morning_Joe,https://archive.org/download/MSNBCW_20120613_100000_Morning_Joe/MSNBCW_20120613_100000_Morning_Joe.thumbs/MSNBCW_20120613_100000_Morning_Joe_002790.jpg,"to spend it, to go around the world meeting with world leaders and say you want to do this program on climate change, my foundation will fund it. that's really the key, the secret to his post-city hall plans. how badly does he want to be president of the united states? i mean you see it."
https://archive.org/details/MSNBCW_20120614_010000_The_Rachel_Maddow_Show#start/923/end/958,6/14/2012 1:15:38,MSNBC,The Rachel Maddow Show,MSNBCW_20120614_010000_The_Rachel_Maddow_Show,https://archive.org/download/MSNBCW_20120614_010000_The_Rachel_Maddow_Show/MSNBCW_20120614_010000_The_Rachel_Maddow_Show.thumbs/MSNBCW_20120614_010000_The_Rachel_Maddow_Show_000900.jpg,"climate change or rising sea levels or recurring flooding. when we want to talk about the fact it's getting warmer on our planet as time goes by. this is what we're discussing. we here are going to blissfully ignore that dumb debate for a minute and examine the data. in the last 100 years the average temperature in the"
https://archive.org/details/MSNBCW_20120614_060000_Hardball_With_Chris_Matthews#start/2645/end/2680,6/14/2012 6:44:20,MSNBC,Hardball With Chris Matthews,MSNBCW_20120614_060000_Hardball_With_Chris_Matthews,https://archive.org/download/MSNBCW_20120614_060000_Hardball_With_Chris_Matthews/MSNBCW_20120614_060000_Hardball_With_Chris_Matthews.thumbs/MSNBCW_20120614_060000_Hardball_With_Chris_Matthews_002640.jpg,"is he going to propose? we have to be very careful to tread on your credibility there if you are going to propose some new thing. and the new yorker did a whole piece about what obama might want to do in a second term. obama was talking about -- or his aides were talking about climate change and nuclear proliferation. forget it. the big argument at the end of"
