﻿URL,MatchDateTime,Station,Show,IAShowID,IAPreviewThumb,Snippet
https://archive.org/details/MSNBCW_20140721_210000_The_Ed_Show#start/3454/end/3489,7/21/2014 21:57:49,MSNBC,The Ed Show,MSNBCW_20140721_210000_The_Ed_Show,https://archive.org/download/MSNBCW_20140721_210000_The_Ed_Show/MSNBCW_20140721_210000_The_Ed_Show.thumbs/MSNBCW_20140721_210000_The_Ed_Show_003436.jpg,"the tuna, the swordfish and the largest living animals, the blue whales are full of mercury. ed. so this hole, you think, was caused by climate change, global"
https://archive.org/details/MSNBCW_20140731_090000_First_Look#start/1084/end/1119,7/31/2014 9:18:19,MSNBC,First Look,MSNBCW_20140731_090000_First_Look,https://archive.org/download/MSNBCW_20140731_090000_First_Look/MSNBCW_20140731_090000_First_Look.thumbs/MSNBCW_20140731_090000_First_Look_001065.jpg,"five weeks? who gets five weeks off? come on! five-week recess, yeah. well, good thing there's no important, urgent business for them to take care of. the clock ticking on immigration reform -- immigration border deal. global warming. climate change. raging wildfires."
https://archive.org/details/MSNBCW_20140728_210000_The_Ed_Show#start/2169/end/2204,7/28/2014 21:36:24,MSNBC,The Ed Show,MSNBCW_20140728_210000_The_Ed_Show,https://archive.org/download/MSNBCW_20140728_210000_The_Ed_Show/MSNBCW_20140728_210000_The_Ed_Show.thumbs/MSNBCW_20140728_210000_The_Ed_Show_002145.jpg,"liberty mutual insurance. welcome back, thank forewatching tonight. the united states is number one in denial. no one beats this country at pretending global warming isn't"
https://archive.org/details/MSNBCW_20140728_210000_The_Ed_Show#start/2200/end/2235,7/28/2014 21:36:55,MSNBC,The Ed Show,MSNBCW_20140728_210000_The_Ed_Show,https://archive.org/download/MSNBCW_20140728_210000_The_Ed_Show/MSNBCW_20140728_210000_The_Ed_Show.thumbs/MSNBCW_20140728_210000_The_Ed_Show_002175.jpg,"spectrum, 91% of the china agrees that change in habits is necessary. fueled by conservative climate change deniers. not a scientist. is climate change a fact?"
https://archive.org/details/MSNBCW_20140716_130000_The_Daily_Rundown#start/427/end/462,7/16/2014 13:07:22,MSNBC,The Daily Rundown,MSNBCW_20140716_130000_The_Daily_Rundown,https://archive.org/download/MSNBCW_20140716_130000_The_Daily_Rundown/MSNBCW_20140716_130000_The_Daily_Rundown.thumbs/MSNBCW_20140716_130000_The_Daily_Rundown_000405.jpg,"as for the president's health care law, it is struggling for support in both iowa and new hampshire, just like we saw yesterday in colorado and michigan. half of voters in both states call the law a bad idea. more popular is a proposal to cut greenhouse gas emissions"
https://archive.org/details/MSNBCW_20140701_200000_NOW_With_Alex_Wagner#start/2036/end/2071,7/1/2014 20:34:11,MSNBC,NOW With Alex Wagner,MSNBCW_20140701_200000_NOW_With_Alex_Wagner,https://archive.org/download/MSNBCW_20140701_200000_NOW_With_Alex_Wagner/MSNBCW_20140701_200000_NOW_With_Alex_Wagner.thumbs/MSNBCW_20140701_200000_NOW_With_Alex_Wagner_002025.jpg,"the seeds of what has happened in syria have been climate change. the seeds of what happened in darfur, which we've spent a lot of time thinking about and talking about, i think to some degree are -- were set because of climate change."
https://archive.org/details/MSNBCW_20140731_020000_The_Last_Word_With_Lawrence_ODonnell#start/761/end/796,7/31/2014 2:12:56,MSNBC,The Last Word With Lawrence ODonnell,MSNBCW_20140731_020000_The_Last_Word_With_Lawrence_ODonnell,https://archive.org/download/MSNBCW_20140731_020000_The_Last_Word_With_Lawrence_ODonnell/MSNBCW_20140731_020000_The_Last_Word_With_Lawrence_ODonnell.thumbs/MSNBCW_20140731_020000_The_Last_Word_With_Lawrence_ODonnell_000735.jpg,"report that gdp growth was 4% in the last quarter, which is extraordinary. i think the president takes the high ground. he says he's doing his job. he's attempting to get the economy going. he's attempting to do all the other things he's been talking about on global warming and"
https://archive.org/details/MSNBCW_20140707_170000_Ronan_Farrow_Daily#start/3125/end/3160,7/7/2014 17:52:20,MSNBC,Ronan Farrow Daily,MSNBCW_20140707_170000_Ronan_Farrow_Daily,https://archive.org/download/MSNBCW_20140707_170000_Ronan_Farrow_Daily/MSNBCW_20140707_170000_Ronan_Farrow_Daily.thumbs/MSNBCW_20140707_170000_Ronan_Farrow_Daily_003105.jpg,"who just got bitten. on the jelly fish front, one thing i've seened argued over and over again as we look at these rising numbers around the world, there are all sorts of things coming up. they're clogging nuclear plants. some people are attributing that to global warming."
https://archive.org/details/MSNBCW_20140716_020000_The_Last_Word_With_Lawrence_ODonnell#start/3117/end/3152,7/16/2014 2:52:12,MSNBC,The Last Word With Lawrence ODonnell,MSNBCW_20140716_020000_The_Last_Word_With_Lawrence_ODonnell,https://archive.org/download/MSNBCW_20140716_020000_The_Last_Word_With_Lawrence_ODonnell/MSNBCW_20140716_020000_The_Last_Word_With_Lawrence_ODonnell.thumbs/MSNBCW_20140716_020000_The_Last_Word_With_Lawrence_ODonnell_003106.jpg,"women do not agree with republicans on gun control. women do not agree with republicans on taxes. women do not agree with republicans on immigration reform. women do not agree with republicans on climate change."
https://archive.org/details/MSNBCW_20140701_210000_The_Ed_Show#start/3551/end/3586,7/1/2014 21:59:26,MSNBC,The Ed Show,MSNBCW_20140701_210000_The_Ed_Show,https://archive.org/download/MSNBCW_20140701_210000_The_Ed_Show/MSNBCW_20140701_210000_The_Ed_Show.thumbs/MSNBCW_20140701_210000_The_Ed_Show_003525.jpg,"grants to work on local issues around climate change and global warming. it makes no sense that secretary kerry wouldn't take a request land ownerers have have given"
https://archive.org/details/MSNBCW_20140708_070000_All_In_With_Chris_Hayes#start/1590/end/1625,7/8/2014 7:26:45,MSNBC,All In With Chris Hayes,MSNBCW_20140708_070000_All_In_With_Chris_Hayes,https://archive.org/download/MSNBCW_20140708_070000_All_In_With_Chris_Hayes/MSNBCW_20140708_070000_All_In_With_Chris_Hayes.thumbs/MSNBCW_20140708_070000_All_In_With_Chris_Hayes_001575.jpg,"time that doesn't seem very stable. i hope that stability doesn't fall into more violence. linda sarsour from the american arab association for new york. ori nir. thank you both. thank you. all right. this is what a climate change"
https://archive.org/details/MSNBCW_20140715_100000_Morning_Joe#start/1969/end/2004,7/15/2014 10:33:04,MSNBC,Morning Joe,MSNBCW_20140715_100000_Morning_Joe,https://archive.org/download/MSNBCW_20140715_100000_Morning_Joe/MSNBCW_20140715_100000_Morning_Joe.thumbs/MSNBCW_20140715_100000_Morning_Joe_001965.jpg,"forefront of actually putting together legislation that makes sense on guns and magazine size and all of that? because that really was where michael bloomberg was trying to make a difference politically. one issue he cares about but he cares about climate change"
https://archive.org/details/MSNBCW_20140715_210000_The_Ed_Show#start/2336/end/2371,7/15/2014 21:39:11,MSNBC,The Ed Show,MSNBCW_20140715_210000_The_Ed_Show,https://archive.org/download/MSNBCW_20140715_210000_The_Ed_Show/MSNBCW_20140715_210000_The_Ed_Show.thumbs/MSNBCW_20140715_210000_The_Ed_Show_002325.jpg,"just as i did when we made the decision to go into iraq in '03. i believed in it then. look back on it now, it was absolutely the right thing to do. what should the republican party do about climate change? liz? nothing."
https://archive.org/details/MSNBCW_20140716_050000_The_Last_Word_With_Lawrence_ODonnell#start/3096/end/3131,7/16/2014 5:51:51,MSNBC,The Last Word With Lawrence ODonnell,MSNBCW_20140716_050000_The_Last_Word_With_Lawrence_ODonnell,https://archive.org/download/MSNBCW_20140716_050000_The_Last_Word_With_Lawrence_ODonnell/MSNBCW_20140716_050000_The_Last_Word_With_Lawrence_ODonnell.thumbs/MSNBCW_20140716_050000_The_Last_Word_With_Lawrence_ODonnell_003075.jpg,"twice? well, let's see. women do not agree with republicans on abortion. women do not agree with republicans on gun control. women do not agree with republicans on taxes. women do not agree with republicans on immigration reform. women do not agree with republicans on climate change."
https://archive.org/details/MSNBCW_20140708_070000_All_In_With_Chris_Hayes#start/3562/end/3597,7/8/2014 7:59:37,MSNBC,All In With Chris Hayes,MSNBCW_20140708_070000_All_In_With_Chris_Hayes,https://archive.org/download/MSNBCW_20140708_070000_All_In_With_Chris_Hayes/MSNBCW_20140708_070000_All_In_With_Chris_Hayes.thumbs/MSNBCW_20140708_070000_All_In_With_Chris_Hayes_003555.jpg,"you have two kids. anybody who's a father, a parent, you know that this has got to be dealt with. and john podesta has taken this seriously for 25 years. he organized the earth day i found out in 1990 on the national mall. he's been pushing climate change"
https://archive.org/details/MSNBCW_20140708_000000_All_In_With_Chris_Hayes#start/3356/end/3391,7/8/2014 0:56:11,MSNBC,All In With Chris Hayes,MSNBCW_20140708_000000_All_In_With_Chris_Hayes,https://archive.org/download/MSNBCW_20140708_000000_All_In_With_Chris_Hayes/MSNBCW_20140708_000000_All_In_With_Chris_Hayes.thumbs/MSNBCW_20140708_000000_All_In_With_Chris_Hayes_003345.jpg,"dire. so we can't burn it all? we're not going to be able to burn it all. we're not going to be able to burn it all. can't burn it all. no one ever says that, at least no u.s. president until now. to forestall really cataclysmic levels of climate change, the"
https://archive.org/details/MSNBCW_20140708_210000_The_Ed_Show#start/3053/end/3088,7/8/2014 21:51:08,MSNBC,The Ed Show,MSNBCW_20140708_210000_The_Ed_Show,https://archive.org/download/MSNBCW_20140708_210000_The_Ed_Show/MSNBCW_20140708_210000_The_Ed_Show.thumbs/MSNBCW_20140708_210000_The_Ed_Show_003046.jpg,"what we are looking at is something much greater than what we are going to do. [ hums theme from 'the twilight zone' ] you cannot dispute climate"
https://archive.org/details/MSNBCW_20140709_200000_NOW_With_Alex_Wagner#start/3447/end/3482,7/9/2014 20:57:42,MSNBC,NOW With Alex Wagner,MSNBCW_20140709_200000_NOW_With_Alex_Wagner,https://archive.org/download/MSNBCW_20140709_200000_NOW_With_Alex_Wagner/MSNBCW_20140709_200000_NOW_With_Alex_Wagner.thumbs/MSNBCW_20140709_200000_NOW_With_Alex_Wagner_003406.jpg,"age? who cares. the latest installment in climate change denialism comes from kentucky, where brandon smith said manmade climate change is impossible because mars and earth share the same"
https://archive.org/details/MSNBCW_20140708_030000_All_In_With_Chris_Hayes#start/2829/end/2864,7/8/2014 3:47:24,MSNBC,All In With Chris Hayes,MSNBCW_20140708_030000_All_In_With_Chris_Hayes,https://archive.org/download/MSNBCW_20140708_030000_All_In_With_Chris_Hayes/MSNBCW_20140708_030000_All_In_With_Chris_Hayes.thumbs/MSNBCW_20140708_030000_All_In_With_Chris_Hayes_002806.jpg,"equivalent between the established science of climate change and climate change deniers, but not the bbc. staff told to stop inviting cranks on the science programs in the phrasing of the"
https://archive.org/details/MSNBCW_20140728_210000_The_Ed_Show#start/2407/end/2442,7/28/2014 21:40:22,MSNBC,The Ed Show,MSNBCW_20140728_210000_The_Ed_Show,https://archive.org/download/MSNBCW_20140728_210000_The_Ed_Show/MSNBCW_20140728_210000_The_Ed_Show.thumbs/MSNBCW_20140728_210000_The_Ed_Show_002385.jpg,"to deal with pollution regulations. and now they are funding all of these campaigns, you played a clip from north carolina, tom tillis, denies climate change exists much less that climate change is caused by humans."
https://archive.org/details/MSNBCW_20140724_210000_The_Ed_Show#start/1679/end/1714,7/24/2014 21:28:14,MSNBC,The Ed Show,MSNBCW_20140724_210000_The_Ed_Show,https://archive.org/download/MSNBCW_20140724_210000_The_Ed_Show/MSNBCW_20140724_210000_The_Ed_Show.thumbs/MSNBCW_20140724_210000_The_Ed_Show_001665.jpg,"still ahead, a 2016 republican presidential contender might have made the biggest mistake of his life politically. rapid response panel all over this one. plus, people all over america have started the war on climate"
https://archive.org/details/MSNBCW_20140723_200000_NOW_With_Alex_Wagner#start/2673/end/2708,7/23/2014 20:44:48,MSNBC,NOW With Alex Wagner,MSNBCW_20140723_200000_NOW_With_Alex_Wagner,https://archive.org/download/MSNBCW_20140723_200000_NOW_With_Alex_Wagner/MSNBCW_20140723_200000_NOW_With_Alex_Wagner.thumbs/MSNBCW_20140723_200000_NOW_With_Alex_Wagner_002656.jpg,"historic wildfires burn hundreds of thousands of acres in the state of washington, president obama makes a historic connection. i'll talk with the sierra club executive director and climate progress founding editor about moving a goalpost on the climate"
https://archive.org/details/MSNBCW_20140701_090000_First_Look#start/1182/end/1217,7/1/2014 9:19:57,MSNBC,First Look,MSNBCW_20140701_090000_First_Look,https://archive.org/download/MSNBCW_20140701_090000_First_Look/MSNBCW_20140701_090000_First_Look.thumbs/MSNBCW_20140701_090000_First_Look_001156.jpg,"global warming the greatest deception in the history of mankind. calling al gore's an inconvenient truth propaganda. quite inconveniently for al"
https://archive.org/details/MSNBCW_20140708_210000_The_Ed_Show#start/3024/end/3059,7/8/2014 21:50:39,MSNBC,The Ed Show,MSNBCW_20140708_210000_The_Ed_Show,https://archive.org/download/MSNBCW_20140708_210000_The_Ed_Show/MSNBCW_20140708_210000_The_Ed_Show.thumbs/MSNBCW_20140708_210000_The_Ed_Show_003016.jpg,"in 'pretenders' tonight, brandon smith, the kentucky state senator believes climate change is a big old hoax. last thursday smith gave an out of this world opinion on climate change during a natural resources committee hearing. i don't want to get into"
https://archive.org/details/MSNBCW_20140708_070000_All_In_With_Chris_Hayes#start/2817/end/2852,7/8/2014 7:47:12,MSNBC,All In With Chris Hayes,MSNBCW_20140708_070000_All_In_With_Chris_Hayes,https://archive.org/download/MSNBCW_20140708_070000_All_In_With_Chris_Hayes/MSNBCW_20140708_070000_All_In_With_Chris_Hayes.thumbs/MSNBCW_20140708_070000_All_In_With_Chris_Hayes_002805.jpg,"problem is almost no broadcast news organization, this one included has the time or resources to do it in that way. instead, they often do it the wrong way. setting up a false equivalent between the establish of science, climate change, and climate change deniers. not the bbc."
https://archive.org/details/MSNBCW_20140723_210000_The_Ed_Show#start/415/end/450,7/23/2014 21:07:10,MSNBC,The Ed Show,MSNBCW_20140723_210000_The_Ed_Show,https://archive.org/download/MSNBCW_20140723_210000_The_Ed_Show/MSNBCW_20140723_210000_The_Ed_Show.thumbs/MSNBCW_20140723_210000_The_Ed_Show_000405.jpg,"in there. is it all happening because of climate change? well, it's whatever you want to believe, right? president obama has declared a state of emergency for the state of washington. tuesday the president said a lot of this fire has to do with climate change. the consequences of oil"
https://archive.org/details/MSNBCW_20140710_210000_The_Ed_Show#start/3501/end/3536,7/10/2014 21:58:36,MSNBC,The Ed Show,MSNBCW_20140710_210000_The_Ed_Show,https://archive.org/download/MSNBCW_20140710_210000_The_Ed_Show/MSNBCW_20140710_210000_The_Ed_Show.thumbs/MSNBCW_20140710_210000_The_Ed_Show_003496.jpg,"the white house is going to use this to their advantage. they are going to use this and focus on things like climate change which the president has been talking about. we have a crisis when it comes to climate change of our country not moving forward on clean"
https://archive.org/details/MSNBCW_20140728_210000_The_Ed_Show#start/2532/end/2567,7/28/2014 21:42:27,MSNBC,The Ed Show,MSNBCW_20140728_210000_The_Ed_Show,https://archive.org/download/MSNBCW_20140728_210000_The_Ed_Show/MSNBCW_20140728_210000_The_Ed_Show.thumbs/MSNBCW_20140728_210000_The_Ed_Show_002505.jpg,"disappear if we don't start taking climate change seriously and listening to scientists. i do think that charlie crist should be using this to his advantage. i think politicians have not been talking about climate change because they think they need to dumb it down or americans don't understand it"
https://archive.org/details/MSNBCW_20140707_170000_Ronan_Farrow_Daily#start/3139/end/3174,7/7/2014 17:52:34,MSNBC,Ronan Farrow Daily,MSNBCW_20140707_170000_Ronan_Farrow_Daily,https://archive.org/download/MSNBCW_20140707_170000_Ronan_Farrow_Daily/MSNBCW_20140707_170000_Ronan_Farrow_Daily.thumbs/MSNBCW_20140707_170000_Ronan_Farrow_Daily_003135.jpg,"is there a global warming component there? there very well could be a connection. you're right, they can cost hundreds of millions of dollars in damage worldwide."
https://archive.org/details/MSNBCW_20140730_150000_NewsNation#start/3255/end/3290,7/30/2014 15:54:30,MSNBC,NewsNation,MSNBCW_20140730_150000_NewsNation,https://archive.org/download/MSNBCW_20140730_150000_NewsNation/MSNBCW_20140730_150000_NewsNation.thumbs/MSNBCW_20140730_150000_NewsNation_003256.jpg,"we felt it was time they were alerted to the perils of global warming and getting the facts out. because this can happen? absolutely it could happen. so when you saw the first"
https://archive.org/details/MSNBCW_20140725_020000_The_Last_Word_With_Lawrence_ODonnell#start/3574/end/3609,7/25/2014 2:59:49,MSNBC,The Last Word With Lawrence ODonnell,MSNBCW_20140725_020000_The_Last_Word_With_Lawrence_ODonnell,https://archive.org/download/MSNBCW_20140725_020000_The_Last_Word_With_Lawrence_ODonnell/MSNBCW_20140725_020000_The_Last_Word_With_Lawrence_ODonnell.thumbs/MSNBCW_20140725_020000_The_Last_Word_With_Lawrence_ODonnell_003556.jpg,"that's impossible to get. boehner is becaming president obama for global warming and the latest transformers movie. do you believe we should impeach president obama? i have a step by step plan to"
https://archive.org/details/MSNBCW_20140721_210000_The_Ed_Show#start/518/end/553,7/21/2014 21:08:53,MSNBC,The Ed Show,MSNBCW_20140721_210000_The_Ed_Show,https://archive.org/download/MSNBCW_20140721_210000_The_Ed_Show/MSNBCW_20140721_210000_The_Ed_Show.thumbs/MSNBCW_20140721_210000_The_Ed_Show_000496.jpg,"it would increase global greenhouse gas emissions, which i think most countries are concerned with, and it would jeopardize stability of the united states oil market. basically what the republicans are saying to the president and the democrats, the oil companies haven't made enough money and we"
https://archive.org/details/MSNBCW_20140708_030000_All_In_With_Chris_Hayes#start/1604/end/1639,7/8/2014 3:26:59,MSNBC,All In With Chris Hayes,MSNBCW_20140708_030000_All_In_With_Chris_Hayes,https://archive.org/download/MSNBCW_20140708_030000_All_In_With_Chris_Hayes/MSNBCW_20140708_030000_All_In_With_Chris_Hayes.thumbs/MSNBCW_20140708_030000_All_In_With_Chris_Hayes_001576.jpg,"this what climate change dedenier looks like. hottest new youtube trend."
https://archive.org/details/MSNBCW_20140729_200000_NOW_With_Alex_Wagner#start/3521/end/3556,7/29/2014 20:58:56,MSNBC,NOW With Alex Wagner,MSNBCW_20140729_200000_NOW_With_Alex_Wagner,https://archive.org/download/MSNBCW_20140729_200000_NOW_With_Alex_Wagner/MSNBCW_20140729_200000_NOW_With_Alex_Wagner.thumbs/MSNBCW_20140729_200000_NOW_With_Alex_Wagner_003495.jpg,"to reign in global warming could cost $150 billion a year. and while you think that figure would make any fiscal conservative wince, some republicans appear to be too busy crafting their own kring"
https://archive.org/details/MSNBCW_20140728_210000_The_Ed_Show#start/2234/end/2269,7/28/2014 21:37:29,MSNBC,The Ed Show,MSNBCW_20140728_210000_The_Ed_Show,https://archive.org/download/MSNBCW_20140728_210000_The_Ed_Show/MSNBCW_20140728_210000_The_Ed_Show.thumbs/MSNBCW_20140728_210000_The_Ed_Show_002235.jpg,"in fact over the weekend two virginia senate candidates debated the issue. democratic senator mark warner asked republican candidate gillespie about his views on global warming and whether he sided with a majority of"
https://archive.org/details/MSNBCW_20140725_050000_The_Last_Word_With_Lawrence_ODonnell#start/3573/end/3608,7/25/2014 5:59:48,MSNBC,The Last Word With Lawrence ODonnell,MSNBCW_20140725_050000_The_Last_Word_With_Lawrence_ODonnell,https://archive.org/download/MSNBCW_20140725_050000_The_Last_Word_With_Lawrence_ODonnell/MSNBCW_20140725_050000_The_Last_Word_With_Lawrence_ODonnell.thumbs/MSNBCW_20140725_050000_The_Last_Word_With_Lawrence_ODonnell_003556.jpg,"boehner is blaming president obama for global warming and the latest transformers movie. do you believe we should impeach president obama? i have a step by step plan to impeach president obama. it's all in my new book, 'look"
https://archive.org/details/MSNBCW_20140711_170000_Ronan_Farrow_Daily#start/464/end/499,7/11/2014 17:07:59,MSNBC,Ronan Farrow Daily,MSNBCW_20140711_170000_Ronan_Farrow_Daily,https://archive.org/download/MSNBCW_20140711_170000_Ronan_Farrow_Daily/MSNBCW_20140711_170000_Ronan_Farrow_Daily.thumbs/MSNBCW_20140711_170000_Ronan_Farrow_Daily_000466.jpg,"pat riley will be fine. miami is fine. miami has south beach. miami has great weather 365. the biggest thing that happened in miami was when global warming occurs and it floods out. it just got so dark."
https://archive.org/details/MSNBCW_20140726_160000_Weekends_With_Alex_Witt#start/2878/end/2913,7/26/2014 16:48:13,MSNBC,Weekends With Alex Witt,MSNBCW_20140726_160000_Weekends_With_Alex_Witt,https://archive.org/download/MSNBCW_20140726_160000_Weekends_With_Alex_Witt/MSNBCW_20140726_160000_Weekends_With_Alex_Witt.thumbs/MSNBCW_20140726_160000_Weekends_With_Alex_Witt_002866.jpg,"well, first of all, i don't understand why people are laughing at our documentary about global warming. this is very serious business. okay. right. we're very pleased with the way people have taken to it. it's -- i mean, it's just"
https://archive.org/details/MSNBCW_20140721_210000_The_Ed_Show#start/3295/end/3330,7/21/2014 21:55:10,MSNBC,The Ed Show,MSNBCW_20140721_210000_The_Ed_Show,https://archive.org/download/MSNBCW_20140721_210000_The_Ed_Show/MSNBCW_20140721_210000_The_Ed_Show.thumbs/MSNBCW_20140721_210000_The_Ed_Show_003286.jpg,"welcome back to 'the ed show.' this is a story for the folks who take a shower after work. global warming could be partially to blame for a massive hole in the earth in northern sbeer i can't. television aired helicopter footage of a giant hole."
https://archive.org/details/MSNBCW_20140731_050000_The_Last_Word_With_Lawrence_ODonnell#start/765/end/800,7/31/2014 5:13:00,MSNBC,The Last Word With Lawrence ODonnell,MSNBCW_20140731_050000_The_Last_Word_With_Lawrence_ODonnell,https://archive.org/download/MSNBCW_20140731_050000_The_Last_Word_With_Lawrence_ODonnell/MSNBCW_20140731_050000_The_Last_Word_With_Lawrence_ODonnell.thumbs/MSNBCW_20140731_050000_The_Last_Word_With_Lawrence_ODonnell_000766.jpg,"he says he's doing his job. he's attempting to get the economy going. he's attempting to do all the other things he's been talking about on global warming and other issues and the republicans continue down this road of a totally futile lawsuit, and this is the substitute for their"
https://archive.org/details/MSNBCW_20140708_190000_The_Cycle#start/2839/end/2874,7/8/2014 19:47:34,MSNBC,The Cycle,MSNBCW_20140708_190000_The_Cycle,https://archive.org/download/MSNBCW_20140708_190000_The_Cycle/MSNBCW_20140708_190000_The_Cycle.thumbs/MSNBCW_20140708_190000_The_Cycle_002835.jpg,"global warming out of the picture through individual consumer choices alone. no one's saying that. but a rethinking of america's love affair with cars is a hopeful sign for some bottom-up environmentalism. meanwhile, many car companies do hope to reverse these trends. to help figure it all out for"
https://archive.org/details/MSNBCW_20140701_200000_NOW_With_Alex_Wagner#start/2098/end/2133,7/1/2014 20:35:13,MSNBC,NOW With Alex Wagner,MSNBCW_20140701_200000_NOW_With_Alex_Wagner,https://archive.org/download/MSNBCW_20140701_200000_NOW_With_Alex_Wagner/MSNBCW_20140701_200000_NOW_With_Alex_Wagner.thumbs/MSNBCW_20140701_200000_NOW_With_Alex_Wagner_002085.jpg,"and clearly it's behind the curve. and it's going to increase. it's not while politicians debate you know, whether climate change is real, scientists do not."
https://archive.org/details/MSNBCW_20140729_200000_NOW_With_Alex_Wagner#start/2379/end/2414,7/29/2014 20:39:54,MSNBC,NOW With Alex Wagner,MSNBCW_20140729_200000_NOW_With_Alex_Wagner,https://archive.org/download/MSNBCW_20140729_200000_NOW_With_Alex_Wagner/MSNBCW_20140729_200000_NOW_With_Alex_Wagner.thumbs/MSNBCW_20140729_200000_NOW_With_Alex_Wagner_002355.jpg,"thank you, alex. coming up, another day, another ridiculous claim about climate change. the congressman who thinks epa regulations are a form of terrorism, just ahead."
https://archive.org/details/MSNBCW_20140705_120000_Up_WSteve_Kornacki#start/131/end/166,7/5/2014 12:02:26,MSNBC,Up WSteve Kornacki,MSNBCW_20140705_120000_Up_WSteve_Kornacki,https://archive.org/download/MSNBCW_20140705_120000_Up_WSteve_Kornacki/MSNBCW_20140705_120000_Up_WSteve_Kornacki.thumbs/MSNBCW_20140705_120000_Up_WSteve_Kornacki_000105.jpg,"but i do caution everyone. i think that the in-clip nation is to blame every bit of extreme weather on global warming and there definitely is a correlation, but if you to it every time, maybe you you lose some standing. even the best weather experts will tell you you you can't"
https://archive.org/details/MSNBCW_20140708_210000_The_Ed_Show#start/3071/end/3106,7/8/2014 21:51:26,MSNBC,The Ed Show,MSNBCW_20140708_210000_The_Ed_Show,https://archive.org/download/MSNBCW_20140708_210000_The_Ed_Show/MSNBCW_20140708_210000_The_Ed_Show.thumbs/MSNBCW_20140708_210000_The_Ed_Show_003046.jpg,"change by comparing planets. earth is 57 degrees fahrenheit. martin scorcese mars is negative 81 degrees fahrenheit. if if he thinks he can fight climate change he's a space"
https://archive.org/details/MSNBCW_20140708_030000_All_In_With_Chris_Hayes#start/3315/end/3350,7/8/2014 3:55:30,MSNBC,All In With Chris Hayes,MSNBCW_20140708_030000_All_In_With_Chris_Hayes,https://archive.org/download/MSNBCW_20140708_030000_All_In_With_Chris_Hayes/MSNBCW_20140708_030000_All_In_With_Chris_Hayes.thumbs/MSNBCW_20140708_030000_All_In_With_Chris_Hayes_003316.jpg,"about climate change, but in that exchange, president obama acknowledged a fundamental truth about our dependence on fossil fuels that hardly anyone in any position of power ever seems to acknowledge."
https://archive.org/details/MSNBCW_20140708_000000_All_In_With_Chris_Hayes#start/2821/end/2856,7/8/2014 0:47:16,MSNBC,All In With Chris Hayes,MSNBCW_20140708_000000_All_In_With_Chris_Hayes,https://archive.org/download/MSNBCW_20140708_000000_All_In_With_Chris_Hayes/MSNBCW_20140708_000000_All_In_With_Chris_Hayes.thumbs/MSNBCW_20140708_000000_All_In_With_Chris_Hayes_002805.jpg,"resources to do it in that way. instead, they often do it the wrong way. setting up a false equivalent between the establish of science, climate change, and climate chiange deniers."
https://archive.org/details/MSNBCW_20140705_120000_Up_WSteve_Kornacki#start/147/end/182,7/5/2014 12:02:42,MSNBC,Up WSteve Kornacki,MSNBCW_20140705_120000_Up_WSteve_Kornacki,https://archive.org/download/MSNBCW_20140705_120000_Up_WSteve_Kornacki/MSNBCW_20140705_120000_Up_WSteve_Kornacki.thumbs/MSNBCW_20140705_120000_Up_WSteve_Kornacki_000135.jpg,"necessarily do that. and it's the same thing as we've got warm weather -- cold weather in the middle of winter. so much for the global warming thing. we shouldn't go one incident to one incident. overall trends. so that's the story with the weather. want to get that out of the way. fortunately no deaths from"
https://archive.org/details/MSNBCW_20140722_210000_The_Ed_Show#start/520/end/555,7/22/2014 21:08:55,MSNBC,The Ed Show,MSNBCW_20140722_210000_The_Ed_Show,https://archive.org/download/MSNBCW_20140722_210000_The_Ed_Show/MSNBCW_20140722_210000_The_Ed_Show.thumbs/MSNBCW_20140722_210000_The_Ed_Show_000495.jpg,"environment, where would teddie roosevelt stand on climate change? teddy roosevelt was against corporations squashing out the little guy, the little guy could get squashed out, meaning the landowners, not everybody wants"
https://archive.org/details/MSNBCW_20140721_060000_Meet_the_Press#start/2181/end/2216,7/21/2014 6:36:36,MSNBC,Meet the Press,MSNBCW_20140721_060000_Meet_the_Press,https://archive.org/download/MSNBCW_20140721_060000_Meet_the_Press/MSNBCW_20140721_060000_Meet_the_Press.thumbs/MSNBCW_20140721_060000_Meet_the_Press_002175.jpg,"deal breakers supposedly, immigration with jeb bush and moderation on climate change and gun control with chris christie. voters seem to be telling pollster otherwise. president obama channeling the american public and looking"
https://archive.org/details/MSNBCW_20140724_210000_The_Ed_Show#start/3335/end/3370,7/24/2014 21:55:50,MSNBC,The Ed Show,MSNBCW_20140724_210000_The_Ed_Show,https://archive.org/download/MSNBCW_20140724_210000_The_Ed_Show/MSNBCW_20140724_210000_The_Ed_Show.thumbs/MSNBCW_20140724_210000_The_Ed_Show_003315.jpg,"national story about energy in this country and climate change. i want to point out that there are other fights taking place around the country. this is how it gets started and works."
https://archive.org/details/MSNBCW_20140724_210000_The_Ed_Show#start/3478/end/3513,7/24/2014 21:58:13,MSNBC,The Ed Show,MSNBCW_20140724_210000_The_Ed_Show,https://archive.org/download/MSNBCW_20140724_210000_The_Ed_Show/MSNBCW_20140724_210000_The_Ed_Show.thumbs/MSNBCW_20140724_210000_The_Ed_Show_003465.jpg,"seeing. it does knit together into a cohesive movement. there is reason for optimism. i believe climate change could be d death knell for the republican party. there are so many deniers in"
https://archive.org/details/MSNBCW_20140709_200000_NOW_With_Alex_Wagner#start/3544/end/3579,7/9/2014 20:59:19,MSNBC,NOW With Alex Wagner,MSNBCW_20140709_200000_NOW_With_Alex_Wagner,https://archive.org/download/MSNBCW_20140709_200000_NOW_With_Alex_Wagner/MSNBCW_20140709_200000_NOW_With_Alex_Wagner.thumbs/MSNBCW_20140709_200000_NOW_With_Alex_Wagner_003526.jpg,"but species extinction is apparently no big deal because the world adjusted. therefore, even if the human race doesn't go extinct because of climate change, if our species is wiped off the face of"
https://archive.org/details/MSNBCW_20140728_210000_The_Ed_Show#start/2267/end/2302,7/28/2014 21:38:02,MSNBC,The Ed Show,MSNBCW_20140728_210000_The_Ed_Show,https://archive.org/download/MSNBCW_20140728_210000_The_Ed_Show/MSNBCW_20140728_210000_The_Ed_Show.thumbs/MSNBCW_20140728_210000_The_Ed_Show_002265.jpg,"of view. republicans need to realize there are scientific facts out there, climate change is real. our environment is changing. joining me now on a rapid response panel, jane cleb, executive director of bold"
https://archive.org/details/MSNBCW_20140721_210000_The_Ed_Show#start/3343/end/3378,7/21/2014 21:55:58,MSNBC,The Ed Show,MSNBCW_20140721_210000_The_Ed_Show,https://archive.org/download/MSNBCW_20140721_210000_The_Ed_Show/MSNBCW_20140721_210000_The_Ed_Show.thumbs/MSNBCW_20140721_210000_The_Ed_Show_003316.jpg,"were punctured by climate change-induced thaw. a team is scheduled to arrive on wednesday. they plan to take samples of soil, air and water from the scene. the fundamental questions remain -- why? and how?                 _"
https://archive.org/details/MSNBCW_20140717_030000_All_In_With_Chris_Hayes#start/2468/end/2503,7/17/2014 3:41:23,MSNBC,All In With Chris Hayes,MSNBCW_20140717_030000_All_In_With_Chris_Hayes,https://archive.org/download/MSNBCW_20140717_030000_All_In_With_Chris_Hayes/MSNBCW_20140717_030000_All_In_With_Chris_Hayes.thumbs/MSNBCW_20140717_030000_All_In_With_Chris_Hayes_002445.jpg,"is california as a project sustainable? without a doubt. we have droughts naturally, of course. wet years, dry years, and we now have climate change. the climate's changing we know it's changing because of human"
https://archive.org/details/MSNBCW_20140728_210000_The_Ed_Show#start/2499/end/2534,7/28/2014 21:41:54,MSNBC,The Ed Show,MSNBCW_20140728_210000_The_Ed_Show,https://archive.org/download/MSNBCW_20140728_210000_The_Ed_Show/MSNBCW_20140728_210000_The_Ed_Show.thumbs/MSNBCW_20140728_210000_The_Ed_Show_002475.jpg,"in a hotly contested race with charlie crist claims he's no scientist when it comes to climate change impact. what's the opportunity here? i mean, what kind of number do the democrats need that would"
https://archive.org/details/MSNBCW_20140701_200000_NOW_With_Alex_Wagner#start/2020/end/2055,7/1/2014 20:33:55,MSNBC,NOW With Alex Wagner,MSNBCW_20140701_200000_NOW_With_Alex_Wagner,https://archive.org/download/MSNBCW_20140701_200000_NOW_With_Alex_Wagner/MSNBCW_20140701_200000_NOW_With_Alex_Wagner.thumbs/MSNBCW_20140701_200000_NOW_With_Alex_Wagner_001995.jpg,"about refugee crisis in looking at them through the political lens. but there's also environmental damage and the refugees that climate change is likely to produce. actually it already has. we can say that the -- some of            _"
https://archive.org/details/MSNBCW_20140729_200000_NOW_With_Alex_Wagner#start/3313/end/3348,7/29/2014 20:55:28,MSNBC,NOW With Alex Wagner,MSNBCW_20140729_200000_NOW_With_Alex_Wagner,https://archive.org/download/MSNBCW_20140729_200000_NOW_With_Alex_Wagner/MSNBCW_20140729_200000_NOW_With_Alex_Wagner.thumbs/MSNBCW_20140729_200000_NOW_With_Alex_Wagner_003315.jpg,"gives the gop 150 billion reasons to take action on climate change. details coming up next. ugh. heartburn. did someone say burn? try alka seltzer reliefchews. they work just as fast and taste better than tums smoothies assorted fruit."
https://archive.org/details/MSNBCW_20140710_100000_Morning_Joe#start/724/end/759,7/10/2014 10:12:19,MSNBC,Morning Joe,MSNBCW_20140710_100000_Morning_Joe,https://archive.org/download/MSNBCW_20140710_100000_Morning_Joe/MSNBCW_20140710_100000_Morning_Joe.thumbs/MSNBCW_20140710_100000_Morning_Joe_000705.jpg,"historic drought to talk about federal relief aid and climate change. back -- that's a good photo op. he met with henry louis gates at the white house after a beer summit after the senator's arrest in his own home."
https://archive.org/details/MSNBCW_20140712_000000_All_In_With_Chris_Hayes#start/1779/end/1814,7/12/2014 0:29:54,MSNBC,All In With Chris Hayes,MSNBCW_20140712_000000_All_In_With_Chris_Hayes,https://archive.org/download/MSNBCW_20140712_000000_All_In_With_Chris_Hayes/MSNBCW_20140712_000000_All_In_With_Chris_Hayes.thumbs/MSNBCW_20140712_000000_All_In_With_Chris_Hayes_001755.jpg,"and one facing arnold schwarzenegger telling the story of climate change on the other. i hope this is just the beginning for this kind of television. (daughter) i'm really tired. (dad) i feel bad for you. (vo) the transfers."
https://archive.org/details/MSNBCW_20140723_210000_The_Ed_Show#start/510/end/545,7/23/2014 21:08:45,MSNBC,The Ed Show,MSNBCW_20140723_210000_The_Ed_Show,https://archive.org/download/MSNBCW_20140723_210000_The_Ed_Show/MSNBCW_20140723_210000_The_Ed_Show.thumbs/MSNBCW_20140723_210000_The_Ed_Show_000495.jpg,"tonight's question. is it time to declare war on climate change? i'm asking this question tonight because lets see, we've seen conservatives have a 'war on christmas.' we've seen them have a war on christianity they claim is"
https://archive.org/details/MSNBCW_20140708_000000_All_In_With_Chris_Hayes#start/1590/end/1625,7/8/2014 0:26:45,MSNBC,All In With Chris Hayes,MSNBCW_20140708_000000_All_In_With_Chris_Hayes,https://archive.org/download/MSNBCW_20140708_000000_All_In_With_Chris_Hayes/MSNBCW_20140708_000000_All_In_With_Chris_Hayes.thumbs/MSNBCW_20140708_000000_All_In_With_Chris_Hayes_001575.jpg,"stable. i hope that stability doesn't fall into more violence. linda sarsour from the american arab association for new york. ori nir. thank you both. thank you. all right. this is what a climate change denier looks like."
https://archive.org/details/MSNBCW_20140723_200000_NOW_With_Alex_Wagner#start/3115/end/3150,7/23/2014 20:52:10,MSNBC,NOW With Alex Wagner,MSNBCW_20140723_200000_NOW_With_Alex_Wagner,https://archive.org/download/MSNBCW_20140723_200000_NOW_With_Alex_Wagner/MSNBCW_20140723_200000_NOW_With_Alex_Wagner.thumbs/MSNBCW_20140723_200000_NOW_With_Alex_Wagner_003106.jpg,"politicians who opposed this are. if you look at this recent stanford poll 73% of americans believe climate change is happening. you presume 73%, a lunch of them are conservative and republican. why is the republican party so"
https://archive.org/details/MSNBCW_20140724_210000_The_Ed_Show#start/3447/end/3482,7/24/2014 21:57:42,MSNBC,The Ed Show,MSNBCW_20140724_210000_The_Ed_Show,https://archive.org/download/MSNBCW_20140724_210000_The_Ed_Show/MSNBCW_20140724_210000_The_Ed_Show.thumbs/MSNBCW_20140724_210000_The_Ed_Show_003435.jpg,"america. are these small grassroots movements the best way to make an impact on climate change? absolutely. we are seeing victories like this across the country on fracking, on the tar sands. there is also 170 american towns"
https://archive.org/details/MSNBCW_20140701_200000_NOW_With_Alex_Wagner#start/2067/end/2102,7/1/2014 20:34:42,MSNBC,NOW With Alex Wagner,MSNBCW_20140701_200000_NOW_With_Alex_Wagner,https://archive.org/download/MSNBCW_20140701_200000_NOW_With_Alex_Wagner/MSNBCW_20140701_200000_NOW_With_Alex_Wagner.thumbs/MSNBCW_20140701_200000_NOW_With_Alex_Wagner_002055.jpg,"in the same way the top humanitarian at the u.n. is saying, political leaders you need to look toward or craft a path to peace. is there the same sense of alarm around climate change as being you know, a major factor?"
https://archive.org/details/MSNBCW_20140702_100000_Morning_Joe#start/10048/end/10083,7/2/2014 12:47:43,MSNBC,Morning Joe,MSNBCW_20140702_100000_Morning_Joe,https://archive.org/download/MSNBCW_20140702_100000_Morning_Joe/MSNBCW_20140702_100000_Morning_Joe.thumbs/MSNBCW_20140702_100000_Morning_Joe_010035.jpg,"thing where the world has been frozen by a misguided attempt to deal with climate change and all of humanity is stuffed onto this train that's moving very, very fast and never stops moving and keeps going around. is there a quiet car?"
https://archive.org/details/MSNBCW_20140708_130000_The_Daily_Rundown#start/2258/end/2293,7/8/2014 13:37:53,MSNBC,The Daily Rundown,MSNBCW_20140708_130000_The_Daily_Rundown,https://archive.org/download/MSNBCW_20140708_130000_The_Daily_Rundown/MSNBCW_20140708_130000_The_Daily_Rundown.thumbs/MSNBCW_20140708_130000_The_Daily_Rundown_002235.jpg,"adm admittance by the democrats that they can't win the house in 2014. secretary of state john kerry arrives in china. cyber spying, climate change, currency, nukes and even syria. can he stop the downward spiral in our relationship of late with"
https://archive.org/details/MSNBCW_20140708_030000_All_In_With_Chris_Hayes#start/3576/end/3611,7/8/2014 3:59:51,MSNBC,All In With Chris Hayes,MSNBCW_20140708_030000_All_In_With_Chris_Hayes,https://archive.org/download/MSNBCW_20140708_030000_All_In_With_Chris_Hayes/MSNBCW_20140708_030000_All_In_With_Chris_Hayes.thumbs/MSNBCW_20140708_030000_All_In_With_Chris_Hayes_003556.jpg,"national mall. he's been pushing climate change for a long time. kind of too bad he wasn't there at the start of the obama administration. things would have been very different. journalist mike hertsgaard. thank you for your time tonight. all right."
https://archive.org/details/MSNBCW_20140712_000000_All_In_With_Chris_Hayes#start/1731/end/1766,7/12/2014 0:29:06,MSNBC,All In With Chris Hayes,MSNBCW_20140712_000000_All_In_With_Chris_Hayes,https://archive.org/download/MSNBCW_20140712_000000_All_In_With_Chris_Hayes/MSNBCW_20140712_000000_All_In_With_Chris_Hayes.thumbs/MSNBCW_20140712_000000_All_In_With_Chris_Hayes_001725.jpg,"sea levels rise. the basic story to that, you pretty much agree with, right? sure. there's no question that the oceans have risen. right? and the climate change part is a real part of it. after that episode aired, but"
https://archive.org/details/MSNBCW_20140723_210000_The_Ed_Show#start/526/end/561,7/23/2014 21:09:01,MSNBC,The Ed Show,MSNBCW_20140723_210000_The_Ed_Show,https://archive.org/download/MSNBCW_20140723_210000_The_Ed_Show/MSNBCW_20140723_210000_The_Ed_Show.thumbs/MSNBCW_20140723_210000_The_Ed_Show_000525.jpg,"happening in america. war on women. yes, we do think a war on women. lots of wars out there. we haven't had a war on climate change. go to our blog and we'll bring results later on in the show."
https://archive.org/details/MSNBCW_20140701_210000_The_Ed_Show#start/3536/end/3571,7/1/2014 21:59:11,MSNBC,The Ed Show,MSNBCW_20140701_210000_The_Ed_Show,https://archive.org/download/MSNBCW_20140701_210000_The_Ed_Show/MSNBCW_20140701_210000_The_Ed_Show.thumbs/MSNBCW_20140701_210000_The_Ed_Show_003525.jpg,"john kerry is busy, but why hasn't he stepped forward to give a recommendation on this? you know, i don't know, ed, to be honest. secretary kerry has a long history of fighting for climate change. him and his wife give lots of"
https://archive.org/details/MSNBCW_20140724_200000_NOW_With_Alex_Wagner#start/1207/end/1242,7/24/2014 20:20:22,MSNBC,NOW With Alex Wagner,MSNBCW_20140724_200000_NOW_With_Alex_Wagner,https://archive.org/download/MSNBCW_20140724_200000_NOW_With_Alex_Wagner/MSNBCW_20140724_200000_NOW_With_Alex_Wagner.thumbs/MSNBCW_20140724_200000_NOW_With_Alex_Wagner_001185.jpg,"years more than any country on earth. you saw an 'l.a. times kwoe 'headline, that said 2014 on to the hottest start on record for california. that's why we have to worry about climate change. we've tripled the elect rhys the"
https://archive.org/details/MSNBCW_20140717_030000_All_In_With_Chris_Hayes#start/2453/end/2488,7/17/2014 3:41:08,MSNBC,All In With Chris Hayes,MSNBCW_20140717_030000_All_In_With_Chris_Hayes,https://archive.org/download/MSNBCW_20140717_030000_All_In_With_Chris_Hayes/MSNBCW_20140717_030000_All_In_With_Chris_Hayes.thumbs/MSNBCW_20140717_030000_All_In_With_Chris_Hayes_002445.jpg,"las vegas comes to mininged. places in which the sophisticated use of water into places that don't get a lot of rain has allowed this entire universe to bloom. in an era of climate change, in which droughts are more common"
https://archive.org/details/MSNBCW_20140728_210000_The_Ed_Show#start/2250/end/2285,7/28/2014 21:37:45,MSNBC,The Ed Show,MSNBCW_20140728_210000_The_Ed_Show,https://archive.org/download/MSNBCW_20140728_210000_The_Ed_Show/MSNBCW_20140728_210000_The_Ed_Show.thumbs/MSNBCW_20140728_210000_The_Ed_Show_002235.jpg,"congress who remain skeptical of the science. gillespie said i believe there is ample evidence that contributes to climate change but i'm not entirely dismissive of those who have a different point of view. what? this is not a matter of points"
https://archive.org/details/MSNBCW_20140728_210000_The_Ed_Show#start/2391/end/2426,7/28/2014 21:40:06,MSNBC,The Ed Show,MSNBCW_20140728_210000_The_Ed_Show,https://archive.org/download/MSNBCW_20140728_210000_The_Ed_Show/MSNBCW_20140728_210000_The_Ed_Show.thumbs/MSNBCW_20140728_210000_The_Ed_Show_002385.jpg,"of climate change, but you have republicans who really are bowing down i think to the koch brothers and chamber of commerce. i'll give you an example, the koch brothers started their political advocacy in the 70s because they didn't like having"
https://archive.org/details/MSNBCW_20140721_210000_The_Ed_Show#start/532/end/567,7/21/2014 21:09:07,MSNBC,The Ed Show,MSNBCW_20140721_210000_The_Ed_Show,https://archive.org/download/MSNBCW_20140721_210000_The_Ed_Show/MSNBCW_20140721_210000_The_Ed_Show.thumbs/MSNBCW_20140721_210000_The_Ed_Show_000526.jpg,"got to use this as a real business opportunity and oh, by the way, we might even create jobs in america because of this. hogwash. we would be going in the wrong direction when it comes to climate change. these sanctions just, what?"
https://archive.org/details/MSNBCW_20140724_210000_The_Ed_Show#start/3417/end/3452,7/24/2014 21:57:12,MSNBC,The Ed Show,MSNBCW_20140724_210000_The_Ed_Show,https://archive.org/download/MSNBCW_20140724_210000_The_Ed_Show/MSNBCW_20140724_210000_The_Ed_Show.thumbs/MSNBCW_20140724_210000_The_Ed_Show_003405.jpg,"it's these small victories which will make a big impact on the environmental movement in this country if we are going to address climate change on the political level. all politics is local. when they start doing stuff with your environment in the"
https://archive.org/details/MSNBCW_20140724_210000_The_Ed_Show#start/3553/end/3588,7/24/2014 21:59:28,MSNBC,The Ed Show,MSNBCW_20140724_210000_The_Ed_Show,https://archive.org/download/MSNBCW_20140724_210000_The_Ed_Show/MSNBCW_20140724_210000_The_Ed_Show.thumbs/MSNBCW_20140724_210000_The_Ed_Show_003555.jpg,"on climate change in u.s. history . more than 100000 people will be there to advocate for a clean energy economy that works for all americans. i hope to see you there, ed. i will be in the neighborhood, no question about"
https://archive.org/details/MSNBCW_20140709_200000_NOW_With_Alex_Wagner#start/3465/end/3500,7/9/2014 20:58:00,MSNBC,NOW With Alex Wagner,MSNBCW_20140709_200000_NOW_With_Alex_Wagner,https://archive.org/download/MSNBCW_20140709_200000_NOW_With_Alex_Wagner/MSNBCW_20140709_200000_NOW_With_Alex_Wagner.thumbs/MSNBCW_20140709_200000_NOW_With_Alex_Wagner_003466.jpg,"temperature. i don't want to get into debate about climate change but i will point out we all agree that the temperature on mars is exactly as it is here, nobody will dispute that. yet there are no coal mines on mars and no factories on mars"
https://archive.org/details/MSNBCW_20140708_070000_All_In_With_Chris_Hayes#start/2801/end/2836,7/8/2014 7:46:56,MSNBC,All In With Chris Hayes,MSNBCW_20140708_070000_All_In_With_Chris_Hayes,https://archive.org/download/MSNBCW_20140708_070000_All_In_With_Chris_Hayes/MSNBCW_20140708_070000_All_In_With_Chris_Hayes.thumbs/MSNBCW_20140708_070000_All_In_With_Chris_Hayes_002775.jpg,"in. again, again, this is going to make the debate difficult. we shouldn't really be having it in the first place. john oliver, once and for all definitively demonstrating that if you're actually going to debate climate change, that is how you do it."
https://archive.org/details/MSNBCW_20140708_070000_All_In_With_Chris_Hayes#start/3304/end/3339,7/8/2014 7:55:19,MSNBC,All In With Chris Hayes,MSNBCW_20140708_070000_All_In_With_Chris_Hayes,https://archive.org/download/MSNBCW_20140708_070000_All_In_With_Chris_Hayes/MSNBCW_20140708_070000_All_In_With_Chris_Hayes.thumbs/MSNBCW_20140708_070000_All_In_With_Chris_Hayes_003285.jpg,"you notice what happened there? hardly anyone in america media did. seems like a simple, okay, maybe even a little boring exchange about climate change, but in that exchange, president obama acknowledged a fundamental truth about our dependence on fossil fuels that hardly anyone in any"
https://archive.org/details/MSNBCW_20140708_070000_All_In_With_Chris_Hayes#start/3364/end/3399,7/8/2014 7:56:19,MSNBC,All In With Chris Hayes,MSNBCW_20140708_070000_All_In_With_Chris_Hayes,https://archive.org/download/MSNBCW_20140708_070000_All_In_With_Chris_Hayes/MSNBCW_20140708_070000_All_In_With_Chris_Hayes.thumbs/MSNBCW_20140708_070000_All_In_With_Chris_Hayes_003345.jpg,"no one ever says that, at least no u.s. president until now. to forestall really cataclysmic levels of climate change, the necessary follow-through of leaving 2/3 of the earth's fossil fuel reserves in the ground would revolutionize global energy practices as journalist mark hertsgaard"
https://archive.org/details/MSNBCW_20140709_200000_NOW_With_Alex_Wagner#start/3529/end/3564,7/9/2014 20:59:04,MSNBC,NOW With Alex Wagner,MSNBCW_20140709_200000_NOW_With_Alex_Wagner,https://archive.org/download/MSNBCW_20140709_200000_NOW_With_Alex_Wagner/MSNBCW_20140709_200000_NOW_With_Alex_Wagner.thumbs/MSNBCW_20140709_200000_NOW_With_Alex_Wagner_003526.jpg,"the dinosaurs died and we don't know why and the world adjusted. to say this is what's going to call detriment to people, i don't think it's out there. so to recap, the dinosaurs didn't die of manmade climate change, although they did die."
https://archive.org/details/MSNBCW_20140729_200000_NOW_With_Alex_Wagner#start/3508/end/3543,7/29/2014 20:58:43,MSNBC,NOW With Alex Wagner,MSNBCW_20140729_200000_NOW_With_Alex_Wagner,https://archive.org/download/MSNBCW_20140729_200000_NOW_With_Alex_Wagner/MSNBCW_20140729_200000_NOW_With_Alex_Wagner.thumbs/MSNBCW_20140729_200000_NOW_With_Alex_Wagner_003495.jpg,"delaying action on climate policy could cost the u.s. billions of dollars each year. the very debate around climate change already appears to be costing some republicans precious brain power. a new report released today by the white house sounds a very dramatic note delaying efforts"
https://archive.org/details/MSNBCW_20140710_100000_Morning_Joe#start/7979/end/8014,7/10/2014 12:13:14,MSNBC,Morning Joe,MSNBCW_20140710_100000_Morning_Joe,https://archive.org/download/MSNBCW_20140710_100000_Morning_Joe/MSNBCW_20140710_100000_Morning_Joe.thumbs/MSNBCW_20140710_100000_Morning_Joe_007965.jpg,"kids. the president has not shied away from photo-ops in the past. earlier this year he visited california in the middle of a historic draught to talk about federal relief aid and climate change. back in -- that's a good photo-op."
https://archive.org/details/MSNBCW_20140723_210000_The_Ed_Show#start/575/end/610,7/23/2014 21:09:50,MSNBC,The Ed Show,MSNBCW_20140723_210000_The_Ed_Show,https://archive.org/download/MSNBCW_20140723_210000_The_Ed_Show/MSNBCW_20140723_210000_The_Ed_Show.thumbs/MSNBCW_20140723_210000_The_Ed_Show_000555.jpg,"you call attention to the devastating effect extreme weather and climate change is having. to see big oil cynically pushing for things like lifting the ban on crude oil exports at a time like this is absolutely horrifying. the good news we're excited about, obama administration is"
https://archive.org/details/MSNBCW_20140723_210000_The_Ed_Show#start/590/end/625,7/23/2014 21:10:05,MSNBC,The Ed Show,MSNBCW_20140723_210000_The_Ed_Show,https://archive.org/download/MSNBCW_20140723_210000_The_Ed_Show/MSNBCW_20140723_210000_The_Ed_Show.thumbs/MSNBCW_20140723_210000_The_Ed_Show_000585.jpg,"really starting to make a tremendous amount of progress when it comes to fighting climate change, promoting clean energy throughout the obama administration's time in office. they have doubled our use of clean, renewable energy. they have done a tremendous amount to increase efficiency."
https://archive.org/details/MSNBCW_20140728_190000_The_Cycle#start/3393/end/3428,7/28/2014 19:56:48,MSNBC,The Cycle,MSNBCW_20140728_190000_The_Cycle,https://archive.org/download/MSNBCW_20140728_190000_The_Cycle/MSNBCW_20140728_190000_The_Cycle.thumbs/MSNBCW_20140728_190000_The_Cycle_003375.jpg,"climate change and failed attempt to reverse it. the only survivors on a super train that never stops. in the tale section, the poor live in disgusting squall or, pleased by goods and fed protein bars made of -- let's just say you won't want to try this"
https://archive.org/details/MSNBCW_20140728_210000_The_Ed_Show#start/2344/end/2379,7/28/2014 21:39:19,MSNBC,The Ed Show,MSNBCW_20140728_210000_The_Ed_Show,https://archive.org/download/MSNBCW_20140728_210000_The_Ed_Show/MSNBCW_20140728_210000_The_Ed_Show.thumbs/MSNBCW_20140728_210000_The_Ed_Show_002325.jpg,"oil, no doubt? democrats should stop telling stories of americans creating clean energy and start telling real stories about what climate change is going to mean. in nebraska that could mean 10 to 20% of crops will go away because of the extreme weather"
https://archive.org/details/MSNBCW_20140703_100000_Morning_Joe#start/4927/end/4962,7/3/2014 11:22:22,MSNBC,Morning Joe,MSNBCW_20140703_100000_Morning_Joe,https://archive.org/download/MSNBCW_20140703_100000_Morning_Joe/MSNBCW_20140703_100000_Morning_Joe.thumbs/MSNBCW_20140703_100000_Morning_Joe_004906.jpg,"her about climate change and gay marriage and other issues. from catalyst from someone on the gore side of things saying he is interested or the catalyst being you were just looking for somebody to be a nemesis to hillary clinton? people beside me who know"
https://archive.org/details/MSNBCW_20140723_200000_NOW_With_Alex_Wagner#start/2957/end/2992,7/23/2014 20:49:32,MSNBC,NOW With Alex Wagner,MSNBCW_20140723_200000_NOW_With_Alex_Wagner,https://archive.org/download/MSNBCW_20140723_200000_NOW_With_Alex_Wagner/MSNBCW_20140723_200000_NOW_With_Alex_Wagner.thumbs/MSNBCW_20140723_200000_NOW_With_Alex_Wagner_002956.jpg,"drought, a lot has to do with changing precipitation patterns and a lot of that has to do with climate change. not holding back from president obama. joining me founding editor of climate progress and science adviser for emmy nominated tv series 'years of living"
https://archive.org/details/MSNBCW_20140720_180000_Meet_the_Press#start/2216/end/2251,7/20/2014 18:37:11,MSNBC,Meet the Press,MSNBCW_20140720_180000_Meet_the_Press,https://archive.org/download/MSNBCW_20140720_180000_Meet_the_Press/MSNBCW_20140720_180000_Meet_the_Press.thumbs/MSNBCW_20140720_180000_Meet_the_Press_002206.jpg,"going in republican circles. there are deal breaker issues on immigration with jeb bush and on moderation on climate change and gun control with chris christie. voters seem to be telling pollsters otherwise which is interesting. president obama right now as we were talking about earlier is"
https://archive.org/details/MSNBCW_20140708_000000_All_In_With_Chris_Hayes#start/2806/end/2841,7/8/2014 0:47:01,MSNBC,All In With Chris Hayes,MSNBCW_20140708_000000_All_In_With_Chris_Hayes,https://archive.org/download/MSNBCW_20140708_000000_All_In_With_Chris_Hayes/MSNBCW_20140708_000000_All_In_With_Chris_Hayes.thumbs/MSNBCW_20140708_000000_All_In_With_Chris_Hayes_002805.jpg,"we shouldn't really be having it in the first place. john oliver, once and for all definitively demonstrating that if you're actually going to debate climate change, that is how you do it. problem is almost no broadcast news organization, this one included has the time or"
https://archive.org/details/MSNBCW_20140710_020000_The_Last_Word_With_Lawrence_ODonnell#start/3446/end/3481,7/10/2014 2:57:41,MSNBC,The Last Word With Lawrence ODonnell,MSNBCW_20140710_020000_The_Last_Word_With_Lawrence_ODonnell,https://archive.org/download/MSNBCW_20140710_020000_The_Last_Word_With_Lawrence_ODonnell/MSNBCW_20140710_020000_The_Last_Word_With_Lawrence_ODonnell.thumbs/MSNBCW_20140710_020000_The_Last_Word_With_Lawrence_ODonnell_003436.jpg,"between climate change related issues as well as pollution and all those things. but it's a story of outreach and hope. and in order to be able to get people to understand the dire consequences that we're facing in the ocean world that's an"
https://archive.org/details/MSNBCW_20140708_000000_All_In_With_Chris_Hayes#start/3558/end/3593,7/8/2014 0:59:33,MSNBC,All In With Chris Hayes,MSNBCW_20140708_000000_All_In_With_Chris_Hayes,https://archive.org/download/MSNBCW_20140708_000000_All_In_With_Chris_Hayes/MSNBCW_20140708_000000_All_In_With_Chris_Hayes.thumbs/MSNBCW_20140708_000000_All_In_With_Chris_Hayes_003555.jpg,"wants to do the right thing on climate change. he has two daughters. i have a daughter. you have two kids. anybody who's a father, a parent, you know that this has got to be dealt with. and john podesta has taken this seriously for 25 years."
https://archive.org/details/MSNBCW_20140708_000000_All_In_With_Chris_Hayes#start/3572/end/3607,7/8/2014 0:59:47,MSNBC,All In With Chris Hayes,MSNBCW_20140708_000000_All_In_With_Chris_Hayes,https://archive.org/download/MSNBCW_20140708_000000_All_In_With_Chris_Hayes/MSNBCW_20140708_000000_All_In_With_Chris_Hayes.thumbs/MSNBCW_20140708_000000_All_In_With_Chris_Hayes_003555.jpg,"he organized the earth day i found out in 1990 on the national mall. he's been pushing climate change for a long time. kind of too bad he wasn't there at the start of the obama administration. things would have been very different. journalist mike hertsgaard."
https://archive.org/details/MSNBCW_20140708_210000_The_Ed_Show#start/3040/end/3075,7/8/2014 21:50:55,MSNBC,The Ed Show,MSNBCW_20140708_210000_The_Ed_Show,https://archive.org/download/MSNBCW_20140708_210000_The_Ed_Show/MSNBCW_20140708_210000_The_Ed_Show.thumbs/MSNBCW_20140708_210000_The_Ed_Show_003016.jpg,"debate about the climate change. but i will simply point out that i think in academia we all are agree that the temperature on mars is exactly as it is here. nobody will dispute that. there are no factories on mars, that i'm aware of."
https://archive.org/details/MSNBCW_20140723_200000_NOW_With_Alex_Wagner#start/3192/end/3227,7/23/2014 20:53:27,MSNBC,NOW With Alex Wagner,MSNBCW_20140723_200000_NOW_With_Alex_Wagner,https://archive.org/download/MSNBCW_20140723_200000_NOW_With_Alex_Wagner/MSNBCW_20140723_200000_NOW_With_Alex_Wagner.thumbs/MSNBCW_20140723_200000_NOW_With_Alex_Wagner_003166.jpg,"decades before they follow the science and get engaged. joe, i think now more than ever, you do feel there are implications as climate change, whether something as mundane people in california getting fined how much they water their line or whether or not you"
https://archive.org/details/MSNBCW_20140724_210000_The_Ed_Show#start/2751/end/2786,7/24/2014 21:46:06,MSNBC,The Ed Show,MSNBCW_20140724_210000_The_Ed_Show,https://archive.org/download/MSNBCW_20140724_210000_The_Ed_Show/MSNBCW_20140724_210000_The_Ed_Show.thumbs/MSNBCW_20140724_210000_The_Ed_Show_002745.jpg,"2:00 eastern time. more americans fighting against climate change. if you think your voice doesn't matter. think again. stay with us. [ cat meows ]  da-da-da-da-da, bum-da, bum-da   bum-da, bum-da  the animals went in two by two"
https://archive.org/details/MSNBCW_20140724_210000_The_Ed_Show#start/3509/end/3544,7/24/2014 21:58:44,MSNBC,The Ed Show,MSNBCW_20140724_210000_The_Ed_Show,https://archive.org/download/MSNBCW_20140724_210000_The_Ed_Show/MSNBCW_20140724_210000_The_Ed_Show.thumbs/MSNBCW_20140724_210000_The_Ed_Show_003495.jpg,"states and republican districts are feeling the effects of climate change in the form of fires, floods, droughts and severe weather. they don't explain that clean energy is installed in red districts more than democratic districts in the wind belt in the middle part of the country"
https://archive.org/details/MSNBCW_20140708_030000_All_In_With_Chris_Hayes#start/2812/end/2847,7/8/2014 3:47:07,MSNBC,All In With Chris Hayes,MSNBCW_20140708_030000_All_In_With_Chris_Hayes,https://archive.org/download/MSNBCW_20140708_030000_All_In_With_Chris_Hayes/MSNBCW_20140708_030000_All_In_With_Chris_Hayes.thumbs/MSNBCW_20140708_030000_All_In_With_Chris_Hayes_002806.jpg,"once and for all definitively demonstrating if you're going to debate climate change that's how you do that. the problem is almost no broadcast organization has the time or resources to do it in that way. instead they often do it the wrong way, setting up a false"
https://archive.org/details/MSNBCW_20140710_050000_The_Last_Word_With_Lawrence_ODonnell#start/3457/end/3492,7/10/2014 5:57:52,MSNBC,The Last Word With Lawrence ODonnell,MSNBCW_20140710_050000_The_Last_Word_With_Lawrence_ODonnell,https://archive.org/download/MSNBCW_20140710_050000_The_Last_Word_With_Lawrence_ODonnell/MSNBCW_20140710_050000_The_Last_Word_With_Lawrence_ODonnell.thumbs/MSNBCW_20140710_050000_The_Last_Word_With_Lawrence_ODonnell_003435.jpg,"these things. unfortunately, human impact is a major factor in what we see today in our oceans. the oceans have changed dramatically over the last 50, 60 years. between climate change related issues as well as pollution and all those things. but it's a story of outreach and hope."
https://archive.org/details/MSNBCW_20140708_070000_All_In_With_Chris_Hayes#start/3547/end/3582,7/8/2014 7:59:22,MSNBC,All In With Chris Hayes,MSNBCW_20140708_070000_All_In_With_Chris_Hayes,https://archive.org/download/MSNBCW_20140708_070000_All_In_With_Chris_Hayes/MSNBCW_20140708_070000_All_In_With_Chris_Hayes.thumbs/MSNBCW_20140708_070000_All_In_With_Chris_Hayes_003525.jpg,"seen renewed focus and vigor on this issue. absolutely. do you think he is bartley responsible for that? absolutely. and, look, the president asked him to come back. right. i think that barack obama wants to do the right thing on climate change. he has two daughters. i have a daughter."
https://archive.org/details/MSNBCW_20140702_190000_The_Cycle#start/1619/end/1654,7/2/2014 19:27:14,MSNBC,The Cycle,MSNBCW_20140702_190000_The_Cycle,https://archive.org/download/MSNBCW_20140702_190000_The_Cycle/MSNBCW_20140702_190000_The_Cycle.thumbs/MSNBCW_20140702_190000_The_Cycle_001605.jpg,"he doesn't really have many options. it's a much, much higher bar when you're talking about those very specific issues that while they affect americans may not be seen as being as immediate. i think climate change is another area where the president has tried to act, tried to set"
https://archive.org/details/MSNBCW_20140712_100000_The_Rachel_Maddow_Show#start/157/end/192,7/12/2014 10:02:52,MSNBC,The Rachel Maddow Show,MSNBCW_20140712_100000_The_Rachel_Maddow_Show,https://archive.org/download/MSNBCW_20140712_100000_The_Rachel_Maddow_Show/MSNBCW_20140712_100000_The_Rachel_Maddow_Show.thumbs/MSNBCW_20140712_100000_The_Rachel_Maddow_Show_000135.jpg,"of claims about the president overstepping his executive authorities in some way. when the president signed a climate change order, they called it a sweeping takeover. when the president laid out that executive order on guns, the republicans called it a power grab. when he signed that minimum wage"
https://archive.org/details/MSNBCW_20140710_210000_The_Ed_Show#start/3395/end/3430,7/10/2014 21:56:50,MSNBC,The Ed Show,MSNBCW_20140710_210000_The_Ed_Show,https://archive.org/download/MSNBCW_20140710_210000_The_Ed_Show/MSNBCW_20140710_210000_The_Ed_Show.thumbs/MSNBCW_20140710_210000_The_Ed_Show_003376.jpg,"losing thing that's going nowhere. can the democrats use this? of course. the democrats can use it because representative boehner is a good target for boehner to use saying you are not going to work on climate change or immigration. you will look at this legally losing case."
https://archive.org/details/MSNBCW_20140717_000000_All_In_With_Chris_Hayes#start/2452/end/2487,7/17/2014 0:41:07,MSNBC,All In With Chris Hayes,MSNBCW_20140717_000000_All_In_With_Chris_Hayes,https://archive.org/download/MSNBCW_20140717_000000_All_In_With_Chris_Hayes/MSNBCW_20140717_000000_All_In_With_Chris_Hayes.thumbs/MSNBCW_20140717_000000_All_In_With_Chris_Hayes_002446.jpg,"sustainable? without a doubt. we have droughts naturally, of course. wet years, dry years, and we now have climate change. the climate's changing we know it's changing because of human activities we know some of the worst impacts are going to be on our water resources, we're going"
https://archive.org/details/MSNBCW_20140728_210000_The_Ed_Show#start/2547/end/2582,7/28/2014 21:42:42,MSNBC,The Ed Show,MSNBCW_20140728_210000_The_Ed_Show,https://archive.org/download/MSNBCW_20140728_210000_The_Ed_Show/MSNBCW_20140728_210000_The_Ed_Show.thumbs/MSNBCW_20140728_210000_The_Ed_Show_002535.jpg,"when reality is, it's one of those issues that we need to be talking about and want to be talking about. as a mom i want to see politicians talking about climate change and taking it seriously and more importantly hear the solutions to how we're going to diversify our energy"
https://archive.org/details/MSNBCW_20140712_000000_All_In_With_Chris_Hayes#start/1684/end/1719,7/12/2014 0:28:19,MSNBC,All In With Chris Hayes,MSNBCW_20140712_000000_All_In_With_Chris_Hayes,https://archive.org/download/MSNBCW_20140712_000000_All_In_With_Chris_Hayes/MSNBCW_20140712_000000_All_In_With_Chris_Hayes.thumbs/MSNBCW_20140712_000000_All_In_With_Chris_Hayes_001665.jpg,"producers behind show time's 'years of living dangerously' series approached me with an idea to do a long form documentary series with big hollywood stars with james cameron, matt damon about climate change, i thought he was out of his mind. i told him i would do it if he"
https://archive.org/details/MSNBCW_20140717_000000_All_In_With_Chris_Hayes#start/2435/end/2470,7/17/2014 0:40:50,MSNBC,All In With Chris Hayes,MSNBCW_20140717_000000_All_In_With_Chris_Hayes,https://archive.org/download/MSNBCW_20140717_000000_All_In_With_Chris_Hayes/MSNBCW_20140717_000000_All_In_With_Chris_Hayes.thumbs/MSNBCW_20140717_000000_All_In_With_Chris_Hayes_002416.jpg,"exist where they exist. las vegas comes to mininged. places in which the sophisticated use of water into places that don't get a lot of rain has allowed this entire universe to bloom. in an era of climate change, in which droughts are more common is california as a project"
https://archive.org/details/MSNBCW_20140708_000000_All_In_With_Chris_Hayes#start/3309/end/3344,7/8/2014 0:55:24,MSNBC,All In With Chris Hayes,MSNBCW_20140708_000000_All_In_With_Chris_Hayes,https://archive.org/download/MSNBCW_20140708_000000_All_In_With_Chris_Hayes/MSNBCW_20140708_000000_All_In_With_Chris_Hayes.thumbs/MSNBCW_20140708_000000_All_In_With_Chris_Hayes_003285.jpg,"did. seems like a simple, okay, maybe even a little boring exchange about climate change, but in that exchange, president obama acknowledged a fundamental truth about our dependence on fossil fuels that hardly anyone in any position of power ever seems to acknowledge. president obama was asked about"
https://archive.org/details/MSNBCW_20140723_200000_NOW_With_Alex_Wagner#start/3132/end/3167,7/23/2014 20:52:27,MSNBC,NOW With Alex Wagner,MSNBCW_20140723_200000_NOW_With_Alex_Wagner,https://archive.org/download/MSNBCW_20140723_200000_NOW_With_Alex_Wagner/MSNBCW_20140723_200000_NOW_With_Alex_Wagner.thumbs/MSNBCW_20140723_200000_NOW_With_Alex_Wagner_003106.jpg,"slow to move in this direction? david cameron and conservative wing in the uk have already embraced climate change and realized it's a possibility. first, sierra club has chapters in every state. i talk to our members in oklahoma, kansas, as well as on both coasts and northern part of"
https://archive.org/details/MSNBCW_20140723_200000_NOW_With_Alex_Wagner#start/3085/end/3120,7/23/2014 20:51:40,MSNBC,NOW With Alex Wagner,MSNBCW_20140723_200000_NOW_With_Alex_Wagner,https://archive.org/download/MSNBCW_20140723_200000_NOW_With_Alex_Wagner/MSNBCW_20140723_200000_NOW_With_Alex_Wagner.thumbs/MSNBCW_20140723_200000_NOW_With_Alex_Wagner_003076.jpg,"connected to climate change. it's connected to the loss of arctic ice, which changed the direction of the jet stream. normally the jet stream is driven by the hot in the south and cold in the north. if the north gets less cold because it's got all this exposed water, that weakens the"
https://archive.org/details/MSNBCW_20140717_000000_All_In_With_Chris_Hayes#start/2468/end/2503,7/17/2014 0:41:23,MSNBC,All In With Chris Hayes,MSNBCW_20140717_000000_All_In_With_Chris_Hayes,https://archive.org/download/MSNBCW_20140717_000000_All_In_With_Chris_Hayes/MSNBCW_20140717_000000_All_In_With_Chris_Hayes.thumbs/MSNBCW_20140717_000000_All_In_With_Chris_Hayes_002446.jpg,"to lose snow pack, it's going to get hotter, it's already getting hotter, that means more demand for water. i think we'll have to deal with the reality of climate change. we'll still have a california, we'll still have a west. it will be hotter, dryer, we're going to have to get smarter"
https://archive.org/details/MSNBCW_20140702_190000_The_Cycle#start/1636/end/1671,7/2/2014 19:27:31,MSNBC,The Cycle,MSNBCW_20140702_190000_The_Cycle,https://archive.org/download/MSNBCW_20140702_190000_The_Cycle/MSNBCW_20140702_190000_The_Cycle.thumbs/MSNBCW_20140702_190000_The_Cycle_001635.jpg,"himself up against congress. the majority of americans think climate change is a problem, and maybe a problem in the next ten years, but it's not their pocketbook problem. it's not the inability to pay a bill on the kitchen table. it's not the government shutting down function. think about where those competency numbers might be had"
https://archive.org/details/MSNBCW_20140712_010000_The_Rachel_Maddow_Show#start/156/end/191,7/12/2014 1:02:51,MSNBC,The Rachel Maddow Show,MSNBCW_20140712_010000_The_Rachel_Maddow_Show,https://archive.org/download/MSNBCW_20140712_010000_The_Rachel_Maddow_Show/MSNBCW_20140712_010000_The_Rachel_Maddow_Show.thumbs/MSNBCW_20140712_010000_The_Rachel_Maddow_Show_000135.jpg,"speaker boehner that he's actually suing the president over the delay. recall, of course, conservatives spent months on a very long list of claims about the president overstepping his executive authorities in some way. when the president signed a climate change order, they called it a sweeping takeover. when the president laid out that executive order on guns, the"
https://archive.org/details/MSNBCW_20140708_030000_All_In_With_Chris_Hayes#start/3383/end/3418,7/8/2014 3:56:38,MSNBC,All In With Chris Hayes,MSNBCW_20140708_030000_All_In_With_Chris_Hayes,https://archive.org/download/MSNBCW_20140708_030000_All_In_With_Chris_Hayes/MSNBCW_20140708_030000_All_In_With_Chris_Hayes.thumbs/MSNBCW_20140708_030000_All_In_With_Chris_Hayes_003376.jpg,"levels of climate change, the necessary follow-through of leaving 2/3 of the earth's fossil fuel reserves in the ground would revolutionize global energy practices as journalist mark hertsgaard points out in 'bloomberg business week.' which leads us to the fundamental paradox of this president. the steps he's taken thus far on climate are easily the most forward leaning, aggressive of any u.s. president and yet they're still very far from what"
https://archive.org/details/MSNBCW_20140708_030000_All_In_With_Chris_Hayes#start/3560/end/3595,7/8/2014 3:59:35,MSNBC,All In With Chris Hayes,MSNBCW_20140708_030000_All_In_With_Chris_Hayes,https://archive.org/download/MSNBCW_20140708_030000_All_In_With_Chris_Hayes/MSNBCW_20140708_030000_All_In_With_Chris_Hayes.thumbs/MSNBCW_20140708_030000_All_In_With_Chris_Hayes_003556.jpg,"him to come back. right. i think that barack obama wants to do the right thing on climate change. he has two daughters. i have a daughter. you have two kids. anybody who's a father, a parent, you know that this has got to be dealt with. and john podesta has taken this seriously for 25 years. he organized the earth day i found out in 1990 on the"
https://archive.org/details/MSNBCW_20140717_030000_All_In_With_Chris_Hayes#start/2499/end/2534,7/17/2014 3:41:54,MSNBC,All In With Chris Hayes,MSNBCW_20140717_030000_All_In_With_Chris_Hayes,https://archive.org/download/MSNBCW_20140717_030000_All_In_With_Chris_Hayes/MSNBCW_20140717_030000_All_In_With_Chris_Hayes.thumbs/MSNBCW_20140717_030000_All_In_With_Chris_Hayes_002475.jpg,"the reality of climate change. we'll still have a california, we'll still have a west. it will be hotter, dryer, we're going to have to get smarter about how we manage the limited water resources that we have. we can't act as though the future's going to look like the past. the future's going to be hotter and dryer, and our water management system has got to learn to adapt to these coming changes. peter glick, thank you so"
