﻿URL,MatchDateTime,Station,Show,IAShowID,IAPreviewThumb,Snippet
https://archive.org/details/MSNBC_20100331_130000_The_Daily_Rundown#start/2850/end/2885,3/31/2010 13:47:45,MSNBC,The Daily Rundown,MSNBC_20100331_130000_The_Daily_Rundown,https://archive.org/download/MSNBC_20100331_130000_The_Daily_Rundown/MSNBC_20100331_130000_The_Daily_Rundown.thumbs/MSNBC_20100331_130000_The_Daily_Rundown_002847.jpg,"exxonmobil is spending more than 100 million dollars. to build a plant that will demonstrate this process. i'm very optimistic about it. because this technology could be used. to reduce greenhouse gas emissions significantly. to reduce greenhouse gas  emissions significantly."
https://archive.org/details/MSNBC_20100316_220000_The_Ed_Show#start/1504/end/1539,3/16/2010 22:25:19,MSNBC,The Ed Show,MSNBC_20100316_220000_The_Ed_Show,https://archive.org/download/MSNBC_20100316_220000_The_Ed_Show/MSNBC_20100316_220000_The_Ed_Show.thumbs/MSNBC_20100316_220000_The_Ed_Show_001436.jpg,"proven to lubricate during shaving and hydrate after. gillette's fusion regimen. clinically tested to hydrate your skin. in 'psycho talk' tonight, oklahoma's foremost global warming denier. that would be senator jim inhofe. he's the guy who said global"
https://archive.org/details/MSNBC_20100312_040000_The_Rachel_Maddow_Show#start/1923/end/1958,3/12/2010 4:32:18,MSNBC,The Rachel Maddow Show,MSNBC_20100312_040000_The_Rachel_Maddow_Show,https://archive.org/download/MSNBC_20100312_040000_The_Rachel_Maddow_Show/MSNBC_20100312_040000_The_Rachel_Maddow_Show.thumbs/MSNBC_20100312_040000_The_Rachel_Maddow_Show_001916.jpg,"that are really the pillars of the obama agenda. recovery package, the president's p budget, his initiatives on education, energy, climate change and on"
https://archive.org/details/MSNBC_20100312_210000_The_Dylan_Ratigan_Show#start/3310/end/3345,3/12/2010 21:55:25,MSNBC,The Dylan Ratigan Show,MSNBC_20100312_210000_The_Dylan_Ratigan_Show,https://archive.org/download/MSNBC_20100312_210000_The_Dylan_Ratigan_Show/MSNBC_20100312_210000_The_Dylan_Ratigan_Show.thumbs/MSNBC_20100312_210000_The_Dylan_Ratigan_Show_003296.jpg,"the slightest breeze harbors immense power. the tallest buildings leave the lightest footprints. a fifty-ton train makes barely a mark on the environment. and a country facing climate change"
https://archive.org/details/MSNBC_20100312_232525_The_Ed_Show#start/87/end/122,3/12/2010 23:27:07,MSNBC,The Ed Show,MSNBC_20100312_232525_The_Ed_Show,https://archive.org/download/MSNBC_20100312_232525_The_Ed_Show/MSNBC_20100312_232525_The_Ed_Show.thumbs/MSNBC_20100312_232525_The_Ed_Show_000086.jpg,"the slightest breeze harbors immense power. the tallest buildings leave the lightest footprints. a fifty-ton train makes barely a mark on the environment. and a country facing climate change"
https://archive.org/details/MSNBC_20100328_180000_Meet_the_Press#start/158/end/193,3/28/2010 18:02:53,MSNBC,Meet the Press,MSNBC_20100328_180000_Meet_the_Press,https://archive.org/download/MSNBC_20100328_180000_Meet_the_Press/MSNBC_20100328_180000_Meet_the_Press.thumbs/MSNBC_20100328_180000_Meet_the_Press_000146.jpg,"and my attitude is, go forth. will reform work and what are the economic consequences? what does it mean for the rest of the president's agenda? jobs, climate change and immigration."
https://archive.org/details/MSNBC_20100309_040000_The_Rachel_Maddow_Show#start/1675/end/1710,3/9/2010 4:28:10,MSNBC,The Rachel Maddow Show,MSNBC_20100309_040000_The_Rachel_Maddow_Show,https://archive.org/download/MSNBC_20100309_040000_The_Rachel_Maddow_Show/MSNBC_20100309_040000_The_Rachel_Maddow_Show.thumbs/MSNBC_20100309_040000_The_Rachel_Maddow_Show_001676.jpg,"sir, we are not talking -- no, no, no, please tell me. please tell me. i've asked you a question. please answer it. okay. if you would stop talking i'd be happy to answer it. the overwhelming weight of the evidence, the scientific evidence, is that global warming is real."
https://archive.org/details/MSNBC_20100308_200000_MSNBC_News_Live#start/3412/end/3447,3/8/2010 20:57:07,MSNBC,MSNBC News Live,MSNBC_20100308_200000_MSNBC_News_Live,https://archive.org/download/MSNBC_20100308_200000_MSNBC_News_Live/MSNBC_20100308_200000_MSNBC_News_Live.thumbs/MSNBC_20100308_200000_MSNBC_News_Live_003386.jpg,"anything. dylan talks to democratic senator maria cantwell. the tallest buildings leave the lightest footprints. a fifty-ton train makes barely a mark on the environment. and a country facing climate change"
https://archive.org/details/MSNBC_20100303_001607_Hardball_With_Chris_Matthews#start/2314/end/2349,3/3/2010 0:54:56,MSNBC,Hardball With Chris Matthews,MSNBC_20100303_001607_Hardball_With_Chris_Matthews,https://archive.org/download/MSNBC_20100303_001607_Hardball_With_Chris_Matthews/MSNBC_20100303_001607_Hardball_With_Chris_Matthews.thumbs/MSNBC_20100303_001607_Hardball_With_Chris_Matthews_002276.jpg,"somewhere in america. the slightest breeze harbors immense power. the tallest buildings leave the lightest footprints. a fifty-ton train makes barely a mark on the environment. and a country facing climate change"
https://archive.org/details/MSNBC_20100312_180000_Andrea_Mitchell_Reports#start/2465/end/2500,3/12/2010 18:41:20,MSNBC,Andrea Mitchell Reports,MSNBC_20100312_180000_Andrea_Mitchell_Reports,https://archive.org/download/MSNBC_20100312_180000_Andrea_Mitchell_Reports/MSNBC_20100312_180000_Andrea_Mitchell_Reports.thumbs/MSNBC_20100312_180000_Andrea_Mitchell_Reports_002455.jpg,"somewhere in america. the slightest breeze harbors immense power. the tallest buildings leave the lightest footprints. a fifty-ton train makes barely a mark on the environment. and a country facing climate change"
https://archive.org/details/MSNBC_20100313_120000_MSNBC_News_Live#start/1613/end/1648,3/13/2010 12:27:08,MSNBC,MSNBC News Live,MSNBC_20100313_120000_MSNBC_News_Live,https://archive.org/download/MSNBC_20100313_120000_MSNBC_News_Live/MSNBC_20100313_120000_MSNBC_News_Live.thumbs/MSNBC_20100313_120000_MSNBC_News_Live_001586.jpg,"somewhere in america. the slightest breeze harbors immense power. the tallest buildings leave the lightest footprints. a fifty-ton train makes barely a mark on the environment. and a country facing climate change"
https://archive.org/details/MSNBC_20100312_000000_Hardball_With_Chris_Matthews#start/937/end/972,3/12/2010 0:15:52,MSNBC,Hardball With Chris Matthews,MSNBC_20100312_000000_Hardball_With_Chris_Matthews,https://archive.org/download/MSNBC_20100312_000000_Hardball_With_Chris_Matthews/MSNBC_20100312_000000_Hardball_With_Chris_Matthews.thumbs/MSNBC_20100312_000000_Hardball_With_Chris_Matthews_000926.jpg,"somewhere in america. the slightest breeze harbors immense power. the tallest buildings leave the lightest footprints. a fifty-ton train makes barely a mark on the environment. and a country facing climate change"
https://archive.org/details/MSNBC_20100310_150000_MSNBC_News_Live#start/1069/end/1104,3/10/2010 15:18:04,MSNBC,MSNBC News Live,MSNBC_20100310_150000_MSNBC_News_Live,https://archive.org/download/MSNBC_20100310_150000_MSNBC_News_Live/MSNBC_20100310_150000_MSNBC_News_Live.thumbs/MSNBC_20100310_150000_MSNBC_News_Live_001046.jpg,"somewhere in america. the slightest breeze harbors immense power. the tallest buildings leave the lightest footprints. a fifty-ton train makes barely a mark on the environment. and a country facing climate change"
https://archive.org/details/MSNBC_20100311_110000_Morning_Joe#start/6628/end/6663,3/11/2010 12:50:43,MSNBC,Morning Joe,MSNBC_20100311_110000_Morning_Joe,https://archive.org/download/MSNBC_20100311_110000_Morning_Joe/MSNBC_20100311_110000_Morning_Joe.thumbs/MSNBC_20100311_110000_Morning_Joe_006600.jpg,"somewhere in america. the slightest breeze harbors immense power. the tallest buildings leave the lightest footprints. a fifty-ton train makes barely a mark on the environment. and a country facing climate change"
https://archive.org/details/MSNBC_20100315_220000_The_Ed_Show#start/3147/end/3182,3/15/2010 22:52:42,MSNBC,The Ed Show,MSNBC_20100315_220000_The_Ed_Show,https://archive.org/download/MSNBC_20100315_220000_The_Ed_Show/MSNBC_20100315_220000_The_Ed_Show.thumbs/MSNBC_20100315_220000_The_Ed_Show_003146.jpg,"somewhere in america. the slightest breeze harbors immense power. the tallest buildings leave the lightest footprints. a fifty-ton train makes barely a mark on the environment. and a country facing climate change"
https://archive.org/details/MSNBC_20100309_000000_Hardball_With_Chris_Matthews#start/2661/end/2696,3/9/2010 0:44:36,MSNBC,Hardball With Chris Matthews,MSNBC_20100309_000000_Hardball_With_Chris_Matthews,https://archive.org/download/MSNBC_20100309_000000_Hardball_With_Chris_Matthews/MSNBC_20100309_000000_Hardball_With_Chris_Matthews.thumbs/MSNBC_20100309_000000_Hardball_With_Chris_Matthews_002636.jpg,"somewhere in america. the slightest breeze harbors immense power. the tallest buildings leave the lightest footprints. a fifty-ton train makes barely a mark on the environment. and a country facing climate change"
https://archive.org/details/MSNBC_20100309_200000_MSNBC_News_Live#start/725/end/760,3/9/2010 20:12:20,MSNBC,MSNBC News Live,MSNBC_20100309_200000_MSNBC_News_Live,https://archive.org/download/MSNBC_20100309_200000_MSNBC_News_Live/MSNBC_20100309_200000_MSNBC_News_Live.thumbs/MSNBC_20100309_200000_MSNBC_News_Live_000720.jpg,"somewhere in america. the slightest breeze harbors immense power. the tallest buildings leave the lightest footprints. a fifty-ton train makes barely a mark on the environment. and a country facing climate change"
https://archive.org/details/MSNBC_20100310_190000_MSNBC_News_Live#start/2550/end/2585,3/10/2010 19:42:45,MSNBC,MSNBC News Live,MSNBC_20100310_190000_MSNBC_News_Live,https://archive.org/download/MSNBC_20100310_190000_MSNBC_News_Live/MSNBC_20100310_190000_MSNBC_News_Live.thumbs/MSNBC_20100310_190000_MSNBC_News_Live_002545.jpg,"somewhere in america. the slightest breeze harbors immense power. the tallest buildings leave the lightest footprints. a fifty-ton train makes barely a mark on the environment. and a country facing climate change"
https://archive.org/details/MSNBC_20100304_030000_Countdown_With_Keith_Olbermann#start/936/end/971,3/4/2010 3:15:51,MSNBC,Countdown With Keith Olbermann,MSNBC_20100304_030000_Countdown_With_Keith_Olbermann,https://archive.org/download/MSNBC_20100304_030000_Countdown_With_Keith_Olbermann/MSNBC_20100304_030000_Countdown_With_Keith_Olbermann.thumbs/MSNBC_20100304_030000_Countdown_With_Keith_Olbermann_000925.jpg,"somewhere in america. the slightest breeze harbors immense power. the tallest buildings leave the lightest footprints. a fifty-ton train makes barely a mark on the environment. and a country facing climate change"
https://archive.org/details/MSNBC_20100304_230000_The_Ed_Show#start/1752/end/1787,3/4/2010 23:29:27,MSNBC,The Ed Show,MSNBC_20100304_230000_The_Ed_Show,https://archive.org/download/MSNBC_20100304_230000_The_Ed_Show/MSNBC_20100304_230000_The_Ed_Show.thumbs/MSNBC_20100304_230000_The_Ed_Show_001736.jpg,"somewhere in america. the slightest breeze harbors immense power. the tallest buildings leave the lightest footprints. a fifty-ton train makes barely a mark on the environment. and a country facing climate change"
https://archive.org/details/MSNBC_20100313_130000_MSNBC_News_Live#start/1387/end/1422,3/13/2010 13:23:22,MSNBC,MSNBC News Live,MSNBC_20100313_130000_MSNBC_News_Live,https://archive.org/download/MSNBC_20100313_130000_MSNBC_News_Live/MSNBC_20100313_130000_MSNBC_News_Live.thumbs/MSNBC_20100313_130000_MSNBC_News_Live_001376.jpg,"somewhere in america. the slightest breeze harbors immense power. the tallest buildings leave the lightest footprints. a fifty-ton train makes barely a mark on the environment. and a country facing climate change"
https://archive.org/details/MSNBC_20100305_050000_Hardball_With_Chris_Matthews#start/2628/end/2663,3/5/2010 5:44:03,MSNBC,Hardball With Chris Matthews,MSNBC_20100305_050000_Hardball_With_Chris_Matthews,https://archive.org/download/MSNBC_20100305_050000_Hardball_With_Chris_Matthews/MSNBC_20100305_050000_Hardball_With_Chris_Matthews.thumbs/MSNBC_20100305_050000_Hardball_With_Chris_Matthews_002605.jpg,"somewhere in america. the slightest breeze harbors immense power. the tallest buildings leave the lightest footprints. a fifty-ton train makes barely a mark on the environment. and a country facing climate change"
https://archive.org/details/MSNBC_20100309_050000_Hardball_With_Chris_Matthews#start/2298/end/2333,3/9/2010 5:38:33,MSNBC,Hardball With Chris Matthews,MSNBC_20100309_050000_Hardball_With_Chris_Matthews,https://archive.org/download/MSNBC_20100309_050000_Hardball_With_Chris_Matthews/MSNBC_20100309_050000_Hardball_With_Chris_Matthews.thumbs/MSNBC_20100309_050000_Hardball_With_Chris_Matthews_002276.jpg,"well, i think that is among the critiques that i've heard for months, that this idea that, you know, they've been so busy trying to push some agenda items through congress, whether it is the stimulus, whether it is health care, whether it is climate change, financial"
https://archive.org/details/MSNBC_20100308_110000_Morning_Joe#start/10105/end/10140,3/8/2010 13:48:40,MSNBC,Morning Joe,MSNBC_20100308_110000_Morning_Joe,https://archive.org/download/MSNBC_20100308_110000_Morning_Joe/MSNBC_20100308_110000_Morning_Joe.thumbs/MSNBC_20100308_110000_Morning_Joe_010106.jpg,"problem solver. a lot of things in this book will be surprising to some conservatives. he comes out with the idea of raising a carbon tax to help fight climate change and offsetting with a another tax."
https://archive.org/details/MSNBC_20100331_230000_Hardball_With_Chris_Matthews#start/659/end/694,3/31/2010 23:11:14,MSNBC,Hardball With Chris Matthews,MSNBC_20100331_230000_Hardball_With_Chris_Matthews,https://archive.org/download/MSNBC_20100331_230000_Hardball_With_Chris_Matthews/MSNBC_20100331_230000_Hardball_With_Chris_Matthews.thumbs/MSNBC_20100331_230000_Hardball_With_Chris_Matthews_000656.jpg,"listen, weather is not climate. chimt chan climate change doesn't have to be part of the -- let's forget about climate change for the moment. we don't have to discuss climate change. we can discuss national security here."
https://archive.org/details/MSNBC_20100331_210000_Hardball_With_Chris_Matthews#start/699/end/734,3/31/2010 21:11:54,MSNBC,Hardball With Chris Matthews,MSNBC_20100331_210000_Hardball_With_Chris_Matthews,https://archive.org/download/MSNBC_20100331_210000_Hardball_With_Chris_Matthews/MSNBC_20100331_210000_Hardball_With_Chris_Matthews.thumbs/MSNBC_20100331_210000_Hardball_With_Chris_Matthews_000686.jpg,"it isn't. it isn't, ron, and you know it as well as i do. oh, okay. we're talking about a trend line. forget about climate change for the moment because we don't have to even discuss climate change. we could discuss national security here. everybody knows, forget about climate change. everyone knows the future is in"
https://archive.org/details/MSNBC_20100301_230000_The_Ed_Show#start/1730/end/1765,3/1/2010 23:29:05,MSNBC,The Ed Show,MSNBC_20100301_230000_The_Ed_Show,https://archive.org/download/MSNBC_20100301_230000_The_Ed_Show/MSNBC_20100301_230000_The_Ed_Show.thumbs/MSNBC_20100301_230000_The_Ed_Show_001706.jpg,"connection between toyota's defects in global warming. they are both real. they are both potentially deadly."
https://archive.org/details/MSNBC_20100318_170000_Andrea_Mitchell_Reports#start/3543/end/3578,3/18/2010 17:59:18,MSNBC,Andrea Mitchell Reports,MSNBC_20100318_170000_Andrea_Mitchell_Reports,https://archive.org/download/MSNBC_20100318_170000_Andrea_Mitchell_Reports/MSNBC_20100318_170000_Andrea_Mitchell_Reports.thumbs/MSNBC_20100318_170000_Andrea_Mitchell_Reports_003536.jpg,"bill? those still undecided are explaining why. plus, rising flood waters threaten to deluge cities in north dakota and minnesota. we'll get a live report from moorehead, minnesota, those folks out there really bracing for the possible worst. and an ad campaign about climate"
https://archive.org/details/MSNBC_20100310_170000_MSNBC_News_Live#start/895/end/930,3/10/2010 17:15:10,MSNBC,MSNBC News Live,MSNBC_20100310_170000_MSNBC_News_Live,https://archive.org/download/MSNBC_20100310_170000_MSNBC_News_Live/MSNBC_20100310_170000_MSNBC_News_Live.thumbs/MSNBC_20100310_170000_MSNBC_News_Live_000896.jpg,"regions as well as the united states. in addition to skwauks and sue fallys, global warming is a major concern for the entire"
https://archive.org/details/MSNBC_20100328_120000_MSNBC_News_Live#start/673/end/708,3/28/2010 12:11:28,MSNBC,MSNBC News Live,MSNBC_20100328_120000_MSNBC_News_Live,https://archive.org/download/MSNBC_20100328_120000_MSNBC_News_Live/MSNBC_20100328_120000_MSNBC_News_Live.thumbs/MSNBC_20100328_120000_MSNBC_News_Live_000656.jpg,"and new york. and cities around the world also participated including cairo, athens, and london. organizers hope the event will re-energize efforts to reach a binding agreement of reducing greenhouse gas emissions. well, the national cherry"
https://archive.org/details/MSNBC_20100309_020000_The_Rachel_Maddow_Show#start/1683/end/1718,3/9/2010 2:28:18,MSNBC,The Rachel Maddow Show,MSNBC_20100309_020000_The_Rachel_Maddow_Show,https://archive.org/download/MSNBC_20100309_020000_The_Rachel_Maddow_Show/MSNBC_20100309_020000_The_Rachel_Maddow_Show.thumbs/MSNBC_20100309_020000_The_Rachel_Maddow_Show_001676.jpg,"happy to answer it. the overwhelming weight of the evidence, the scientific evidence, is that global warming is real. no one is talking about the government taking over health care."
https://archive.org/details/MSNBC_20100306_120000_MSNBC_News_Live#start/2820/end/2855,3/6/2010 12:47:15,MSNBC,MSNBC News Live,MSNBC_20100306_120000_MSNBC_News_Live,https://archive.org/download/MSNBC_20100306_120000_MSNBC_News_Live/MSNBC_20100306_120000_MSNBC_News_Live.thumbs/MSNBC_20100306_120000_MSNBC_News_Live_002816.jpg,"the fact that any poll that you look at shows that cap and trade and global warming ranks near the bottom of i think a pew poll had it listed 20th of 20 items"
https://archive.org/details/MSNBC_20100301_230000_The_Ed_Show#start/1698/end/1733,3/1/2010 23:28:33,MSNBC,The Ed Show,MSNBC_20100301_230000_The_Ed_Show,https://archive.org/download/MSNBC_20100301_230000_The_Ed_Show/MSNBC_20100301_230000_The_Ed_Show.thumbs/MSNBC_20100301_230000_The_Ed_Show_001677.jpg,"instead. is there even a real problem or is this a phony problem like global warming? how many actual incidents were there? how many were there that could be clearly praised to the driver making a mistake or the floor mat not being properly"
https://archive.org/details/MSNBC_20100316_220000_The_Ed_Show#start/1537/end/1572,3/16/2010 22:25:52,MSNBC,The Ed Show,MSNBC_20100316_220000_The_Ed_Show,https://archive.org/download/MSNBC_20100316_220000_The_Ed_Show/MSNBC_20100316_220000_The_Ed_Show.thumbs/MSNBC_20100316_220000_The_Ed_Show_001526.jpg,"attacks on al gore. gore seems to be drowning in a sea of his own global warming illusions. when it comes to practicing good science gore stands alone. he wants the world to put its head in the sand and pretend nothing's happening. kind of remind me of the story"
https://archive.org/details/MSNBC_20100307_160000_MSNBC_News_Live#start/3489/end/3524,3/7/2010 16:58:24,MSNBC,MSNBC News Live,MSNBC_20100307_160000_MSNBC_News_Live,https://archive.org/download/MSNBC_20100307_160000_MSNBC_News_Live/MSNBC_20100307_160000_MSNBC_News_Live.thumbs/MSNBC_20100307_160000_MSNBC_News_Live_003476.jpg,"the tallest buildings leave the lightest footprints. a fifty-ton train makes barely a mark on the environment. and a country facing climate change finds climate solutions. somewhere in america,"
https://archive.org/details/MSNBC_20100328_120000_MSNBC_News_Live#start/3093/end/3128,3/28/2010 12:51:48,MSNBC,MSNBC News Live,MSNBC_20100328_120000_MSNBC_News_Live,https://archive.org/download/MSNBC_20100328_120000_MSNBC_News_Live/MSNBC_20100328_120000_MSNBC_News_Live.thumbs/MSNBC_20100328_120000_MSNBC_News_Live_003086.jpg,"show the people that government actually can perform. and will this momentum translate now to other initiatives, climate change, immigration? how will he be able to tackle more potentially divisive issues"
https://archive.org/details/MSNBC_20100311_230000_The_Ed_Show#start/1531/end/1566,3/11/2010 23:25:46,MSNBC,The Ed Show,MSNBC_20100311_230000_The_Ed_Show,https://archive.org/download/MSNBC_20100311_230000_The_Ed_Show/MSNBC_20100311_230000_The_Ed_Show.thumbs/MSNBC_20100311_230000_The_Ed_Show_001526.jpg,"the tallest buildings leave the lightest footprints. a fifty-ton train makes barely a mark on the environment. and a country facing climate change finds climate solutions. somewhere in america,"
https://archive.org/details/MSNBC_20100301_140000_The_Daily_Rundown#start/2542/end/2577,3/1/2010 14:42:37,MSNBC,The Daily Rundown,MSNBC_20100301_140000_The_Daily_Rundown,https://archive.org/download/MSNBC_20100301_140000_The_Daily_Rundown/MSNBC_20100301_140000_The_Daily_Rundown.thumbs/MSNBC_20100301_140000_The_Daily_Rundown_002517.jpg,"the tallest buildings leave the lightest footprints. a fifty-ton train makes barely a mark on the environment. and a country facing climate change finds climate solutions. somewhere in america,"
https://archive.org/details/MSNBC_20100304_220000_Hardball_With_Chris_Matthews#start/1664/end/1699,3/4/2010 22:27:59,MSNBC,Hardball With Chris Matthews,MSNBC_20100304_220000_Hardball_With_Chris_Matthews,https://archive.org/download/MSNBC_20100304_220000_Hardball_With_Chris_Matthews/MSNBC_20100304_220000_Hardball_With_Chris_Matthews.thumbs/MSNBC_20100304_220000_Hardball_With_Chris_Matthews_001646.jpg,"the tallest buildings leave the lightest footprints. a fifty-ton train makes barely a mark on the environment. and a country facing climate change finds climate solutions. somewhere in america,"
https://archive.org/details/MSNBC_20100315_230000_Hardball_With_Chris_Matthews#start/1616/end/1651,3/15/2010 23:27:11,MSNBC,Hardball With Chris Matthews,MSNBC_20100315_230000_Hardball_With_Chris_Matthews,https://archive.org/download/MSNBC_20100315_230000_Hardball_With_Chris_Matthews/MSNBC_20100315_230000_Hardball_With_Chris_Matthews.thumbs/MSNBC_20100315_230000_Hardball_With_Chris_Matthews_001616.jpg,"the tallest buildings leave the lightest footprints. a fifty-ton train makes barely a mark on the environment. and a country facing climate change finds climate solutions. somewhere in america,"
https://archive.org/details/MSNBC_20100309_220000_Hardball_With_Chris_Matthews#start/2440/end/2475,3/9/2010 22:40:55,MSNBC,Hardball With Chris Matthews,MSNBC_20100309_220000_Hardball_With_Chris_Matthews,https://archive.org/download/MSNBC_20100309_220000_Hardball_With_Chris_Matthews/MSNBC_20100309_220000_Hardball_With_Chris_Matthews.thumbs/MSNBC_20100309_220000_Hardball_With_Chris_Matthews_002426.jpg,"ors immense power. the tallest buildings leave the lightest footprints. a fifty-ton train makes barely a mark on the environment. and a country facing climate change finds climate solutions."
https://archive.org/details/MSNBC_20100316_000000_Countdown_With_Keith_Olbermann#start/3068/end/3103,3/16/2010 0:51:23,MSNBC,Countdown With Keith Olbermann,MSNBC_20100316_000000_Countdown_With_Keith_Olbermann,https://archive.org/download/MSNBC_20100316_000000_Countdown_With_Keith_Olbermann/MSNBC_20100316_000000_Countdown_With_Keith_Olbermann.thumbs/MSNBC_20100316_000000_Countdown_With_Keith_Olbermann_003056.jpg,"the tallest buildings leave the lightest footprints. a fifty-ton train makes barely a mark on the environment. and a country facing climate change finds climate solutions. somewhere in america,"
https://archive.org/details/MSNBC_20100316_050000_Countdown_With_Keith_Olbermann#start/1852/end/1887,3/16/2010 5:31:07,MSNBC,Countdown With Keith Olbermann,MSNBC_20100316_050000_Countdown_With_Keith_Olbermann,https://archive.org/download/MSNBC_20100316_050000_Countdown_With_Keith_Olbermann/MSNBC_20100316_050000_Countdown_With_Keith_Olbermann.thumbs/MSNBC_20100316_050000_Countdown_With_Keith_Olbermann_001826.jpg,"the tallest buildings leave the lightest footprints. a fifty-ton train makes barely a mark on the environment. and a country facing climate change finds climate solutions. somewhere in america,"
https://archive.org/details/MSNBC_20100305_040000_The_Rachel_Maddow_Show#start/2367/end/2402,3/5/2010 4:39:42,MSNBC,The Rachel Maddow Show,MSNBC_20100305_040000_The_Rachel_Maddow_Show,https://archive.org/download/MSNBC_20100305_040000_The_Rachel_Maddow_Show/MSNBC_20100305_040000_The_Rachel_Maddow_Show.thumbs/MSNBC_20100305_040000_The_Rachel_Maddow_Show_002367.jpg,"the slightest breeze harbors immense power. the tallest buildings leave the lightest footprints. a fifty-ton train makes barely a mark on the environment. and a country facing climate change finds climate solutions."
https://archive.org/details/MSNBC_20100303_110000_Morning_Joe#start/8368/end/8403,3/3/2010 13:19:43,MSNBC,Morning Joe,MSNBC_20100303_110000_Morning_Joe,https://archive.org/download/MSNBC_20100303_110000_Morning_Joe/MSNBC_20100303_110000_Morning_Joe.thumbs/MSNBC_20100303_110000_Morning_Joe_008340.jpg,"the tallest buildings leave the lightest footprints. a fifty-ton train makes barely a mark on the environment. and a country facing climate change finds climate solutions. somewhere in america, we've already answered"
https://archive.org/details/MSNBC_20100315_100000_Morning_Joe#start/5362/end/5397,3/15/2010 11:29:37,MSNBC,Morning Joe,MSNBC_20100315_100000_Morning_Joe,https://archive.org/download/MSNBC_20100315_100000_Morning_Joe/MSNBC_20100315_100000_Morning_Joe.thumbs/MSNBC_20100315_100000_Morning_Joe_005336.jpg,"the slightest breeze harbors immense power. the tallest buildings leave the lightest footprints. a fifty-ton train makes barely a mark on the environment. and a country facing climate change finds climate solutions."
https://archive.org/details/MSNBC_20100311_030000_Countdown_With_Keith_Olbermann#start/1889/end/1924,3/11/2010 3:31:44,MSNBC,Countdown With Keith Olbermann,MSNBC_20100311_030000_Countdown_With_Keith_Olbermann,https://archive.org/download/MSNBC_20100311_030000_Countdown_With_Keith_Olbermann/MSNBC_20100311_030000_Countdown_With_Keith_Olbermann.thumbs/MSNBC_20100311_030000_Countdown_With_Keith_Olbermann_001886.jpg,"the slightest breeze harbors immense power. the tallest buildings leave the lightest footprints. a fifty-ton train makes barely a mark on the environment. and a country facing climate change finds climate solutions."
https://archive.org/details/MSNBC_20100303_010000_Countdown_With_Keith_Olbermann#start/3035/end/3070,3/3/2010 1:50:50,MSNBC,Countdown With Keith Olbermann,MSNBC_20100303_010000_Countdown_With_Keith_Olbermann,https://archive.org/download/MSNBC_20100303_010000_Countdown_With_Keith_Olbermann/MSNBC_20100303_010000_Countdown_With_Keith_Olbermann.thumbs/MSNBC_20100303_010000_Countdown_With_Keith_Olbermann_003026.jpg,"the tallest buildings leave the lightest footprints. a fifty-ton train makes barely a mark on the environment. and a country facing climate change finds climate solutions. somewhere in america, we've already answered"
https://archive.org/details/MSNBC_20100305_220000_Hardball_With_Chris_Matthews#start/3194/end/3229,3/5/2010 22:53:29,MSNBC,Hardball With Chris Matthews,MSNBC_20100305_220000_Hardball_With_Chris_Matthews,https://archive.org/download/MSNBC_20100305_220000_Hardball_With_Chris_Matthews/MSNBC_20100305_220000_Hardball_With_Chris_Matthews.thumbs/MSNBC_20100305_220000_Hardball_With_Chris_Matthews_003176.jpg,"tallest buildings leave the lightest footprints. a fifty-ton train makes barely a mark on the environment. and a country facing climate change finds climate solutions. somewhere in america we've already answered"
https://archive.org/details/MSNBC_20100309_050000_Hardball_With_Chris_Matthews#start/2675/end/2710,3/9/2010 5:44:50,MSNBC,Hardball With Chris Matthews,MSNBC_20100309_050000_Hardball_With_Chris_Matthews,https://archive.org/download/MSNBC_20100309_050000_Hardball_With_Chris_Matthews/MSNBC_20100309_050000_Hardball_With_Chris_Matthews.thumbs/MSNBC_20100309_050000_Hardball_With_Chris_Matthews_002666.jpg,"the slightest breeze harbors immense power. the tallest buildings leave the lightest footprints. a fifty-ton train makes barely a mark on the environment. and a country facing climate change finds climate solutions."
https://archive.org/details/MSNBC_20100331_160000_MSNBC_News_Live#start/727/end/762,3/31/2010 16:12:22,MSNBC,MSNBC News Live,MSNBC_20100331_160000_MSNBC_News_Live,https://archive.org/download/MSNBC_20100331_160000_MSNBC_News_Live/MSNBC_20100331_160000_MSNBC_News_Live.thumbs/MSNBC_20100331_160000_MSNBC_News_Live_000716.jpg,"he's -- is this a similar tactic for him? will republicans be able to stall his agenda on such items as climate change and financial reform? right now, editorial writer ruth m marcus joins me from the 'washington post.'"
https://archive.org/details/MSNBC_20100323_160000_MSNBC_News_Live#start/386/end/421,3/23/2010 16:06:41,MSNBC,MSNBC News Live,MSNBC_20100323_160000_MSNBC_News_Live,https://archive.org/download/MSNBC_20100323_160000_MSNBC_News_Live/MSNBC_20100323_160000_MSNBC_News_Live.thumbs/MSNBC_20100323_160000_MSNBC_News_Live_000386.jpg,"on climate change and immigration, they're going to have to be people within the republican party of good will, who actually want to get something done. that's the question for you, jonathan, again. how do you disaggregate the"
https://archive.org/details/MSNBC_20100308_180000_Andrea_Mitchell_Reports#start/3340/end/3375,3/8/2010 18:55:55,MSNBC,Andrea Mitchell Reports,MSNBC_20100308_180000_Andrea_Mitchell_Reports,https://archive.org/download/MSNBC_20100308_180000_Andrea_Mitchell_Reports/MSNBC_20100308_180000_Andrea_Mitchell_Reports.thumbs/MSNBC_20100308_180000_Andrea_Mitchell_Reports_003326.jpg,"so the democrats can't get that done. then as the president said, what else -- what can they get done in terms of immigration and climate change, that's an overwell for democratic leadership. jonathan capehart from the"
https://archive.org/details/MSNBC_20100302_000000_Hardball_With_Chris_Matthews#start/3313/end/3348,3/2/2010 0:55:28,MSNBC,Hardball With Chris Matthews,MSNBC_20100302_000000_Hardball_With_Chris_Matthews,https://archive.org/download/MSNBC_20100302_000000_Hardball_With_Chris_Matthews/MSNBC_20100302_000000_Hardball_With_Chris_Matthews.thumbs/MSNBC_20100302_000000_Hardball_With_Chris_Matthews_003295.jpg,"barely a mark on the environment. and a country facing climate change finds climate solutions. somewhere in america, we've already answered some of the nation's toughest questions. and the over sixty thousand people of siemens are ready to do it again."
https://archive.org/details/MSNBC_20100312_150000_MSNBC_News_Live#start/571/end/606,3/12/2010 15:09:46,MSNBC,MSNBC News Live,MSNBC_20100312_150000_MSNBC_News_Live,https://archive.org/download/MSNBC_20100312_150000_MSNBC_News_Live/MSNBC_20100312_150000_MSNBC_News_Live.thumbs/MSNBC_20100312_150000_MSNBC_News_Live_000567.jpg,"david, after almost a year, okay, is can the mayor of baltimore's daughter, nancy pelosi, who has been one of the most amazing vote getters in her tenure here, climate change, stimulus, health care one, can"
https://archive.org/details/MSNBC_20100312_020000_The_Rachel_Maddow_Show#start/1897/end/1932,3/12/2010 2:31:52,MSNBC,The Rachel Maddow Show,MSNBC_20100312_020000_The_Rachel_Maddow_Show,https://archive.org/download/MSNBC_20100312_020000_The_Rachel_Maddow_Show/MSNBC_20100312_020000_The_Rachel_Maddow_Show.thumbs/MSNBC_20100312_020000_The_Rachel_Maddow_Show_001886.jpg,"everything major? we did have republican votes on the energy and climate change bill. we had a few there. a large number of tet the votes sitting on the senate side to be passed passed 70% with a large"
https://archive.org/details/MSNBC_20100312_020000_The_Rachel_Maddow_Show#start/1931/end/1966,3/12/2010 2:32:26,MSNBC,The Rachel Maddow Show,MSNBC_20100312_020000_The_Rachel_Maddow_Show,https://archive.org/download/MSNBC_20100312_020000_The_Rachel_Maddow_Show/MSNBC_20100312_020000_The_Rachel_Maddow_Show.thumbs/MSNBC_20100312_020000_The_Rachel_Maddow_Show_001916.jpg,"education, energy, climate change and health care. whether are the thee areas, energy, education and innovation together and health care, how he wants to stabilize the economy, create jobs, bring down the deficit, lower taxes for the"
https://archive.org/details/MSNBC_20100313_130000_MSNBC_News_Live#start/3400/end/3435,3/13/2010 13:56:55,MSNBC,MSNBC News Live,MSNBC_20100313_130000_MSNBC_News_Live,https://archive.org/download/MSNBC_20100313_130000_MSNBC_News_Live/MSNBC_20100313_130000_MSNBC_News_Live.thumbs/MSNBC_20100313_130000_MSNBC_News_Live_003386.jpg,"to help the world deal with issues like climate change and so forth. do you think we'll always being looked at as a superpower? is there something we have to do to maintain that? has it been shaken"
https://archive.org/details/MSNBC_20100312_000000_Hardball_With_Chris_Matthews#start/2588/end/2623,3/12/2010 0:43:23,MSNBC,Hardball With Chris Matthews,MSNBC_20100312_000000_Hardball_With_Chris_Matthews,https://archive.org/download/MSNBC_20100312_000000_Hardball_With_Chris_Matthews/MSNBC_20100312_000000_Hardball_With_Chris_Matthews.thumbs/MSNBC_20100312_000000_Hardball_With_Chris_Matthews_002576.jpg,"special interests that bank roll their campaigns. i think you can see it on health reform, financial reform and climate change. we're not getting the reforms we need. i want to show you where you appeared with senator bennett."
https://archive.org/details/MSNBC_20100315_130000_The_Daily_Rundown#start/2527/end/2562,3/15/2010 13:42:22,MSNBC,The Daily Rundown,MSNBC_20100315_130000_The_Daily_Rundown,https://archive.org/download/MSNBC_20100315_130000_The_Daily_Rundown/MSNBC_20100315_130000_The_Daily_Rundown.thumbs/MSNBC_20100315_130000_The_Daily_Rundown_002516.jpg,"and a country facing climate change finds climate solutions. somewhere in america, we've already answered some of the nation's toughest questions. and the over sixty thousand people of siemens are ready to do it again. siemens. answers."
https://archive.org/details/MSNBC_20100306_020000_The_Rachel_Maddow_Show#start/1669/end/1704,3/6/2010 2:28:04,MSNBC,The Rachel Maddow Show,MSNBC_20100306_020000_The_Rachel_Maddow_Show,https://archive.org/download/MSNBC_20100306_020000_The_Rachel_Maddow_Show/MSNBC_20100306_020000_The_Rachel_Maddow_Show.thumbs/MSNBC_20100306_020000_The_Rachel_Maddow_Show_001646.jpg,"and a country facing climate change finds climate solutions. somewhere in america, we've already answered some of the nation's toughest questions. and the over sixty thousand people of siemens are ready to do it again. siemens. answers."
https://archive.org/details/MSNBC_20100308_210000_The_Dylan_Ratigan_Show#start/2740/end/2775,3/8/2010 21:45:55,MSNBC,The Dylan Ratigan Show,MSNBC_20100308_210000_The_Dylan_Ratigan_Show,https://archive.org/download/MSNBC_20100308_210000_The_Dylan_Ratigan_Show/MSNBC_20100308_210000_The_Dylan_Ratigan_Show.thumbs/MSNBC_20100308_210000_The_Dylan_Ratigan_Show_002726.jpg,"and a country facing climate change finds climate solutions. somewhere in america, we've already answered some of the nation's toughest questions. and the over sixty thousand people of siemens are ready to do it again. siemens."
https://archive.org/details/MSNBC_20100309_020000_The_Rachel_Maddow_Show#start/2045/end/2080,3/9/2010 2:34:20,MSNBC,The Rachel Maddow Show,MSNBC_20100309_020000_The_Rachel_Maddow_Show,https://archive.org/download/MSNBC_20100309_020000_The_Rachel_Maddow_Show/MSNBC_20100309_020000_The_Rachel_Maddow_Show.thumbs/MSNBC_20100309_020000_The_Rachel_Maddow_Show_002036.jpg,"district or the naacp. a republican lobbying firm in washington has admitted to impersonating those local nonprofits and sending congressman parello fake letters to get him to oppose the climate change legislation. congress is now the incident."
https://archive.org/details/MSNBC_20100302_010000_Countdown_With_Keith_Olbermann#start/2280/end/2315,3/2/2010 1:38:15,MSNBC,Countdown With Keith Olbermann,MSNBC_20100302_010000_Countdown_With_Keith_Olbermann,https://archive.org/download/MSNBC_20100302_010000_Countdown_With_Keith_Olbermann/MSNBC_20100302_010000_Countdown_With_Keith_Olbermann.thumbs/MSNBC_20100302_010000_Countdown_With_Keith_Olbermann_002276.jpg,"barely a mark on the environment. and a country facing climate change finds climate solutions. somewhere in america, we've already answered some of the nation's toughest questions. and the over sixty thousand people of siemens are ready to do it again."
https://archive.org/details/MSNBC_20100306_030000_Countdown_With_Keith_Olbermann#start/2985/end/3020,3/6/2010 3:50:00,MSNBC,Countdown With Keith Olbermann,MSNBC_20100306_030000_Countdown_With_Keith_Olbermann,https://archive.org/download/MSNBC_20100306_030000_Countdown_With_Keith_Olbermann/MSNBC_20100306_030000_Countdown_With_Keith_Olbermann.thumbs/MSNBC_20100306_030000_Countdown_With_Keith_Olbermann_002966.jpg,"a fifty-ton train makes barely a mark on the environment. and a country facing climate change finds climate solutions. somewhere in america, we've already answered some of the nation's toughest questions. and the over sixty thousand people of siemens"
https://archive.org/details/MSNBC_20100323_210000_Hardball_With_Chris_Matthews#start/753/end/788,3/23/2010 21:12:48,MSNBC,Hardball With Chris Matthews,MSNBC_20100323_210000_Hardball_With_Chris_Matthews,https://archive.org/download/MSNBC_20100323_210000_Hardball_With_Chris_Matthews/MSNBC_20100323_210000_Hardball_With_Chris_Matthews.thumbs/MSNBC_20100323_210000_Hardball_With_Chris_Matthews_000750.jpg,"climate change, educational challenges. the war in iraq is winding down. the war in afghanistan continues. so many challenges for this president to get from here to the end of perhaps two terms. so many challenges. but the president has shown us"
https://archive.org/details/MSNBC_20100328_120000_MSNBC_News_Live#start/3122/end/3157,3/28/2010 12:52:17,MSNBC,MSNBC News Live,MSNBC_20100328_120000_MSNBC_News_Live,https://archive.org/download/MSNBC_20100328_120000_MSNBC_News_Live/MSNBC_20100328_120000_MSNBC_News_Live.thumbs/MSNBC_20100328_120000_MSNBC_News_Live_003116.jpg,"they will get legislation and that is important to try to prevent the kind of meltdown that we saw over the last two years. climate change is going to be tougher but you do have at least one republican onboard, south"
https://archive.org/details/MSNBC_20100331_210000_Hardball_With_Chris_Matthews#start/606/end/641,3/31/2010 21:10:21,MSNBC,Hardball With Chris Matthews,MSNBC_20100331_210000_Hardball_With_Chris_Matthews,https://archive.org/download/MSNBC_20100331_210000_Hardball_With_Chris_Matthews/MSNBC_20100331_210000_Hardball_With_Chris_Matthews.thumbs/MSNBC_20100331_210000_Hardball_With_Chris_Matthews_000596.jpg,"in the interest of this country everybody knows the same thing, basically. there is a climate change problem, anyone who reads the paper thinks, or knows. the man has something do with it, number two. and number three, stop depending"
https://archive.org/details/MSNBC_20100302_180000_Andrea_Mitchell_Reports#start/802/end/837,3/2/2010 18:13:37,MSNBC,Andrea Mitchell Reports,MSNBC_20100302_180000_Andrea_Mitchell_Reports,https://archive.org/download/MSNBC_20100302_180000_Andrea_Mitchell_Reports/MSNBC_20100302_180000_Andrea_Mitchell_Reports.thumbs/MSNBC_20100302_180000_Andrea_Mitchell_Reports_000776.jpg,"barely a mark on the environment. and a country facing climate change finds climate solutions. somewhere in america, we've already answered some of the nation's toughest questions. and the over sixty thousand people of siemens are ready to do it again."
https://archive.org/details/MSNBC_20100302_220000_Hardball_With_Chris_Matthews#start/830/end/865,3/2/2010 22:14:05,MSNBC,Hardball With Chris Matthews,MSNBC_20100302_220000_Hardball_With_Chris_Matthews,https://archive.org/download/MSNBC_20100302_220000_Hardball_With_Chris_Matthews/MSNBC_20100302_220000_Hardball_With_Chris_Matthews.thumbs/MSNBC_20100302_220000_Hardball_With_Chris_Matthews_000806.jpg,"a fifty-ton train makes barely a mark on the environment. and a country facing climate change finds climate solutions. somewhere in america, we've already answered some of the nation's toughest questions. and the over sixty thousand people of siemens"
https://archive.org/details/MSNBC_20100301_140000_The_Daily_Rundown#start/1241/end/1276,3/1/2010 14:20:56,MSNBC,The Daily Rundown,MSNBC_20100301_140000_The_Daily_Rundown,https://archive.org/download/MSNBC_20100301_140000_The_Daily_Rundown/MSNBC_20100301_140000_The_Daily_Rundown.thumbs/MSNBC_20100301_140000_The_Daily_Rundown_001226.jpg,"barely a mark on the environment. and a country facing climate change finds climate solutions. somewhere in america, we've already answered some of the nation's toughest questions. and the over sixty thousand people of siemens are ready to do it again."
https://archive.org/details/MSNBC_20100302_060000_Countdown_With_Keith_Olbermann#start/1643/end/1678,3/2/2010 6:27:38,MSNBC,Countdown With Keith Olbermann,MSNBC_20100302_060000_Countdown_With_Keith_Olbermann,https://archive.org/download/MSNBC_20100302_060000_Countdown_With_Keith_Olbermann/MSNBC_20100302_060000_Countdown_With_Keith_Olbermann.thumbs/MSNBC_20100302_060000_Countdown_With_Keith_Olbermann_001645.jpg,"barely a mark on the environment. and a country facing climate change finds climate solutions. somewhere in america, we've already answered some of the nation's toughest questions. and the over sixty thousand people of siemens are ready to do it again."
https://archive.org/details/MSNBC_20100303_001607_Hardball_With_Chris_Matthews#start/846/end/881,3/3/2010 0:30:28,MSNBC,Hardball With Chris Matthews,MSNBC_20100303_001607_Hardball_With_Chris_Matthews,https://archive.org/download/MSNBC_20100303_001607_Hardball_With_Chris_Matthews/MSNBC_20100303_001607_Hardball_With_Chris_Matthews.thumbs/MSNBC_20100303_001607_Hardball_With_Chris_Matthews_000836.jpg,"barely a mark on the environment. and a country facing climate change finds climate solutions. somewhere in america, we've already answered some of the nation's toughest questions. and the over sixty thousand people of siemens are ready to do it again."
https://archive.org/details/MSNBC_20100309_040000_The_Rachel_Maddow_Show#start/2564/end/2599,3/9/2010 4:42:59,MSNBC,The Rachel Maddow Show,MSNBC_20100309_040000_The_Rachel_Maddow_Show,https://archive.org/download/MSNBC_20100309_040000_The_Rachel_Maddow_Show/MSNBC_20100309_040000_The_Rachel_Maddow_Show.thumbs/MSNBC_20100309_040000_The_Rachel_Maddow_Show_002546.jpg,"a fifty-ton train makes barely a mark on the environment. and a country facing climate change finds climate solutions. somewhere in america, we've already answered some of the nation's toughest questions. and the over sixty thousand people of siemens"
https://archive.org/details/MSNBC_20100312_060000_Countdown_With_Keith_Olbermann#start/2835/end/2870,3/12/2010 6:47:30,MSNBC,Countdown With Keith Olbermann,MSNBC_20100312_060000_Countdown_With_Keith_Olbermann,https://archive.org/download/MSNBC_20100312_060000_Countdown_With_Keith_Olbermann/MSNBC_20100312_060000_Countdown_With_Keith_Olbermann.thumbs/MSNBC_20100312_060000_Countdown_With_Keith_Olbermann_002816.jpg,"barely a mark on the environment. and a country facing climate change finds climate solutions. somewhere in america, we've already answered some of the nation's toughest questions. and the over sixty thousand people of siemens are ready to do it again."
https://archive.org/details/MSNBC_20100310_180000_Andrea_Mitchell_Reports#start/3537/end/3572,3/10/2010 18:59:12,MSNBC,Andrea Mitchell Reports,MSNBC_20100310_180000_Andrea_Mitchell_Reports,https://archive.org/download/MSNBC_20100310_180000_Andrea_Mitchell_Reports/MSNBC_20100310_180000_Andrea_Mitchell_Reports.thumbs/MSNBC_20100310_180000_Andrea_Mitchell_Reports_003535.jpg,"barely a mark on the environment. and a country facing climate change finds climate solutions. somewhere in america, we've already answered some of the nation's toughest questions. and the over sixty thousand people of siemens are ready to do it again. siemens."
https://archive.org/details/MSNBC_20100310_220000_Hardball_With_Chris_Matthews#start/1766/end/1801,3/10/2010 22:29:41,MSNBC,Hardball With Chris Matthews,MSNBC_20100310_220000_Hardball_With_Chris_Matthews,https://archive.org/download/MSNBC_20100310_220000_Hardball_With_Chris_Matthews/MSNBC_20100310_220000_Hardball_With_Chris_Matthews.thumbs/MSNBC_20100310_220000_Hardball_With_Chris_Matthews_001766.jpg,"barely a mark on the environment. and a country facing climate change finds climate solutions. somewhere in america, we've already answered some of the nation's toughest questions. and the over sixty thousand people of siemens are ready to do it again."
https://archive.org/details/MSNBC_20100309_060000_Countdown_With_Keith_Olbermann#start/2838/end/2873,3/9/2010 6:47:33,MSNBC,Countdown With Keith Olbermann,MSNBC_20100309_060000_Countdown_With_Keith_Olbermann,https://archive.org/download/MSNBC_20100309_060000_Countdown_With_Keith_Olbermann/MSNBC_20100309_060000_Countdown_With_Keith_Olbermann.thumbs/MSNBC_20100309_060000_Countdown_With_Keith_Olbermann_002816.jpg,"a fifty-ton train makes barely a mark on the environment. and a country facing climate change finds climate solutions. somewhere in america, we've already answered some of the nation's toughest questions. and the over sixty thousand people of siemens"
https://archive.org/details/MSNBC_20100311_220000_Hardball_With_Chris_Matthews#start/2583/end/2618,3/11/2010 22:43:18,MSNBC,Hardball With Chris Matthews,MSNBC_20100311_220000_Hardball_With_Chris_Matthews,https://archive.org/download/MSNBC_20100311_220000_Hardball_With_Chris_Matthews/MSNBC_20100311_220000_Hardball_With_Chris_Matthews.thumbs/MSNBC_20100311_220000_Hardball_With_Chris_Matthews_002576.jpg,"senate is because too many folks in that chamber have become wholy-owned subsidiary of the special interests that bank roll their campaigns. i think you can see it on health reform, financial reform and climate change. we're not getting the reforms we"
https://archive.org/details/MSNBC_20100311_060000_Countdown_With_Keith_Olbermann#start/1642/end/1677,3/11/2010 6:27:37,MSNBC,Countdown With Keith Olbermann,MSNBC_20100311_060000_Countdown_With_Keith_Olbermann,https://archive.org/download/MSNBC_20100311_060000_Countdown_With_Keith_Olbermann/MSNBC_20100311_060000_Countdown_With_Keith_Olbermann.thumbs/MSNBC_20100311_060000_Countdown_With_Keith_Olbermann_001616.jpg,"barely a mark on the environment. and a country facing climate change finds climate solutions. somewhere in america, we've already answered some of the nation's toughest questions. and the over sixty thousand people of siemens are ready to do it again."
https://archive.org/details/MSNBC_20100311_150000_MSNBC_News_Live#start/1407/end/1442,3/11/2010 15:23:42,MSNBC,MSNBC News Live,MSNBC_20100311_150000_MSNBC_News_Live,https://archive.org/download/MSNBC_20100311_150000_MSNBC_News_Live/MSNBC_20100311_150000_MSNBC_News_Live.thumbs/MSNBC_20100311_150000_MSNBC_News_Live_001405.jpg,"a fifty-ton train makes barely a mark on the environment. and a country facing climate change finds climate solutions. somewhere in america, we've already answered some of the nation's toughest questions. and the over sixty thousand people of siemens"
https://archive.org/details/MSNBC_20100304_110000_Morning_Joe#start/3456/end/3491,3/4/2010 11:57:51,MSNBC,Morning Joe,MSNBC_20100304_110000_Morning_Joe,https://archive.org/download/MSNBC_20100304_110000_Morning_Joe/MSNBC_20100304_110000_Morning_Joe.thumbs/MSNBC_20100304_110000_Morning_Joe_003450.jpg,"a fifty-ton train makes barely a mark on the environment. and a country facing climate change finds climate solutions. somewhere in america, we've already answered some of the nation's toughest questions. and the over sixty thousand people of siemens"
https://archive.org/details/MSNBC_20100304_020000_The_Rachel_Maddow_Show#start/2552/end/2587,3/4/2010 2:42:47,MSNBC,The Rachel Maddow Show,MSNBC_20100304_020000_The_Rachel_Maddow_Show,https://archive.org/download/MSNBC_20100304_020000_The_Rachel_Maddow_Show/MSNBC_20100304_020000_The_Rachel_Maddow_Show.thumbs/MSNBC_20100304_020000_The_Rachel_Maddow_Show_002546.jpg,"a fifty-ton train makes barely a mark on the environment. and a country facing climate change finds climate solutions. somewhere in america, we've already answered some of the nation's toughest questions. and the over sixty thousand people of siemens"
https://archive.org/details/MSNBC_20100303_160000_MSNBC_News_Live#start/863/end/898,3/3/2010 16:14:38,MSNBC,MSNBC News Live,MSNBC_20100303_160000_MSNBC_News_Live,https://archive.org/download/MSNBC_20100303_160000_MSNBC_News_Live/MSNBC_20100303_160000_MSNBC_News_Live.thumbs/MSNBC_20100303_160000_MSNBC_News_Live_000836.jpg,"barely a mark on the environment. and a country facing climate change finds climate solutions. somewhere in america, we've already answered some of the nation's toughest questions. and the over sixty thousand people of siemens are ready to do it again."
https://archive.org/details/MSNBC_20100303_230000_The_Ed_Show#start/1898/end/1933,3/3/2010 23:31:53,MSNBC,The Ed Show,MSNBC_20100303_230000_The_Ed_Show,https://archive.org/download/MSNBC_20100303_230000_The_Ed_Show/MSNBC_20100303_230000_The_Ed_Show.thumbs/MSNBC_20100303_230000_The_Ed_Show_001886.jpg,"barely a mark on the environment. and a country facing climate change finds climate solutions. somewhere in america, we've already answered some of the nation's toughest questions. and the over sixty thousand people of siemens are ready to do it again."
https://archive.org/details/MSNBC_20100306_030000_Countdown_With_Keith_Olbermann#start/1884/end/1919,3/6/2010 3:31:39,MSNBC,Countdown With Keith Olbermann,MSNBC_20100306_030000_Countdown_With_Keith_Olbermann,https://archive.org/download/MSNBC_20100306_030000_Countdown_With_Keith_Olbermann/MSNBC_20100306_030000_Countdown_With_Keith_Olbermann.thumbs/MSNBC_20100306_030000_Countdown_With_Keith_Olbermann_001886.jpg,"barely a mark on the environment. and a country facing climate change finds climate solutions. somewhere in america, we've already answered some of the nation's toughest questions. and the over sixty thousand people of siemens are ready to do it again."
https://archive.org/details/MSNBC_20100307_160000_MSNBC_News_Live#start/0/end/35,3/7/2010 16:00:15,MSNBC,MSNBC News Live,MSNBC_20100307_160000_MSNBC_News_Live,https://archive.org/download/MSNBC_20100307_160000_MSNBC_News_Live/MSNBC_20100307_160000_MSNBC_News_Live.thumbs/MSNBC_20100307_160000_MSNBC_News_Live_000026.jpg,"barely a mark on the environment. and a country facing climate change finds climate solutions. somewhere in america, we've already answered some of the nation's toughest questions. and the over sixty thousand people of siemens are ready to do it again."
https://archive.org/details/MSNBC_20100331_230000_Hardball_With_Chris_Matthews#start/350/end/385,3/31/2010 23:06:05,MSNBC,Hardball With Chris Matthews,MSNBC_20100331_230000_Hardball_With_Chris_Matthews,https://archive.org/download/MSNBC_20100331_230000_Hardball_With_Chris_Matthews/MSNBC_20100331_230000_Hardball_With_Chris_Matthews.thumbs/MSNBC_20100331_230000_Hardball_With_Chris_Matthews_000326.jpg,"meeting of this long-term challenge of climate change and energy dependence on countries that don't like us. it's smart politics. i agree with ron reagan for once. this is a smart political move by the president. people like lindsey graham and"
https://archive.org/details/MSNBC_20100323_230000_Hardball_With_Chris_Matthews#start/744/end/779,3/23/2010 23:12:39,MSNBC,Hardball With Chris Matthews,MSNBC_20100323_230000_Hardball_With_Chris_Matthews,https://archive.org/download/MSNBC_20100323_230000_Hardball_With_Chris_Matthews/MSNBC_20100323_230000_Hardball_With_Chris_Matthews.thumbs/MSNBC_20100323_230000_Hardball_With_Chris_Matthews_000716.jpg,"climate change, educational challenges. the war in iraq is winding down. the war in afghanistan continues. so many challenges for this president to get from here to the end of perhaps two terms. so many challenges. but the president has shown us"
https://archive.org/details/MSNBC_20100322_210000_Hardball_With_Chris_Matthews#start/3102/end/3137,3/22/2010 21:51:57,MSNBC,Hardball With Chris Matthews,MSNBC_20100322_210000_Hardball_With_Chris_Matthews,https://archive.org/download/MSNBC_20100322_210000_Hardball_With_Chris_Matthews/MSNBC_20100322_210000_Hardball_With_Chris_Matthews.thumbs/MSNBC_20100322_210000_Hardball_With_Chris_Matthews_003086.jpg,"climate change that there is still bipartisan support for. so i don't think you can say as some journalist did today that the era of bipartisan votes is over. people were voting together before this. i think they'll do it again. i think the calculation is a"
https://archive.org/details/MSNBC_20100323_160000_MSNBC_News_Live#start/355/end/390,3/23/2010 16:06:10,MSNBC,MSNBC News Live,MSNBC_20100323_160000_MSNBC_News_Live,https://archive.org/download/MSNBC_20100323_160000_MSNBC_News_Live/MSNBC_20100323_160000_MSNBC_News_Live.thumbs/MSNBC_20100323_160000_MSNBC_News_Live_000357.jpg,"they're trying to achieve. they made them work on health care by saying no, but there are other big issues. the democrats are behind president obama right now, but immigration, climate change, those are two big issues that the president said he wanted to"
https://archive.org/details/MSNBC_20100322_180000_MSNBC_News_Live#start/2059/end/2094,3/22/2010 18:34:34,MSNBC,MSNBC News Live,MSNBC_20100322_180000_MSNBC_News_Live,https://archive.org/download/MSNBC_20100322_180000_MSNBC_News_Live/MSNBC_20100322_180000_MSNBC_News_Live.thumbs/MSNBC_20100322_180000_MSNBC_News_Live_002036.jpg,"vote talking about energy and climate change. there are going to be discreet things for instance jobs bills i would expect them to work together but some of the big stuff, immigration, a big protest on saturday. i don't think you'll see significant movement there."
https://archive.org/details/MSNBC_20100327_150000_MSNBC_News_Live#start/705/end/740,3/27/2010 15:12:00,MSNBC,MSNBC News Live,MSNBC_20100327_150000_MSNBC_News_Live,https://archive.org/download/MSNBC_20100327_150000_MSNBC_News_Live/MSNBC_20100327_150000_MSNBC_News_Live.thumbs/MSNBC_20100327_150000_MSNBC_News_Live_000687.jpg,"sydney, australia. 1 of more than 4000 cities turning out the lights at 8:30 p.m. for an hour. they're drawing attention to saving energy and the fight against climate change. this is sponsored by the world wildlife fund. a florida woman got a lot"
https://archive.org/details/MSNBC_20100331_100000_Morning_Joe#start/9853/end/9888,3/31/2010 12:44:28,MSNBC,Morning Joe,MSNBC_20100331_100000_Morning_Joe,https://archive.org/download/MSNBC_20100331_100000_Morning_Joe/MSNBC_20100331_100000_Morning_Joe.thumbs/MSNBC_20100331_100000_Morning_Joe_009836.jpg,"that need to demonstrate that this administration is listening to their concerns. now, do i think that this measure here will help grease the path for a climate change bill and bring republicans on board? no. republicans i think in the congress have made a calculation"
https://archive.org/details/MSNBC_20100308_220000_Hardball_With_Chris_Matthews#start/2285/end/2320,3/8/2010 22:38:20,MSNBC,Hardball With Chris Matthews,MSNBC_20100308_220000_Hardball_With_Chris_Matthews,https://archive.org/download/MSNBC_20100308_220000_Hardball_With_Chris_Matthews/MSNBC_20100308_220000_Hardball_With_Chris_Matthews.thumbs/MSNBC_20100308_220000_Hardball_With_Chris_Matthews_002276.jpg,"the critiques that i've heard for months, that this idea that, you know, they've been so busy trying to push some agenda items through congress, whether it is the stimulus, whether it is health care, whether it's climate change, financial regulatory reform, that they've"
https://archive.org/details/MSNBC_20100324_040000_Hardball_With_Chris_Matthews#start/739/end/774,3/24/2010 4:12:34,MSNBC,Hardball With Chris Matthews,MSNBC_20100324_040000_Hardball_With_Chris_Matthews,https://archive.org/download/MSNBC_20100324_040000_Hardball_With_Chris_Matthews/MSNBC_20100324_040000_Hardball_With_Chris_Matthews.thumbs/MSNBC_20100324_040000_Hardball_With_Chris_Matthews_000716.jpg,"them all overnight. well what do you make? it seems like there's so much before you now. the energy question in this country. our reliance on foreign oil. climate change, educational challenges. the war in iraq is winding down. the war in afghanistan continues."
https://archive.org/details/MSNBC_20100331_200000_The_Dylan_Ratigan_Show#start/436/end/471,3/31/2010 20:07:31,MSNBC,The Dylan Ratigan Show,MSNBC_20100331_200000_The_Dylan_Ratigan_Show,https://archive.org/download/MSNBC_20100331_200000_The_Dylan_Ratigan_Show/MSNBC_20100331_200000_The_Dylan_Ratigan_Show.thumbs/MSNBC_20100331_200000_The_Dylan_Ratigan_Show_000420.jpg,"climate change, and carol, welcome to the program. how are you this afternoon? i'm well, thank you so much for having us. thank you for giving us the opportunity to talk. the primary question that comes up is whether this will be effective in actually relieving our dependents on foreign oil,"
https://archive.org/details/MSNBC_20100331_200000_The_Dylan_Ratigan_Show#start/2833/end/2868,3/31/2010 20:47:28,MSNBC,The Dylan Ratigan Show,MSNBC_20100331_200000_The_Dylan_Ratigan_Show,https://archive.org/download/MSNBC_20100331_200000_The_Dylan_Ratigan_Show/MSNBC_20100331_200000_The_Dylan_Ratigan_Show.thumbs/MSNBC_20100331_200000_The_Dylan_Ratigan_Show_002820.jpg,"we've got to find ways to use this. the real issue in the qdr what does increased climate change means around the world? we've got a real national security issue. the issues the pentagon look s at. focus on these issues that lower our security risk. like you said we cannot"
https://archive.org/details/MSNBC_20100322_210000_Hardball_With_Chris_Matthews#start/3086/end/3121,3/22/2010 21:51:41,MSNBC,Hardball With Chris Matthews,MSNBC_20100322_210000_Hardball_With_Chris_Matthews,https://archive.org/download/MSNBC_20100322_210000_Hardball_With_Chris_Matthews/MSNBC_20100322_210000_Hardball_With_Chris_Matthews.thumbs/MSNBC_20100322_210000_Hardball_With_Chris_Matthews_003086.jpg,"side with insurers on the health care side of things? there are still people talking across the aisle. energy and climate change. there were 14 senators in the white house just before the health care vote, and half of them were republicans. there are pieces of energy and"
https://archive.org/details/MSNBC_20100307_150000_MSNBC_News_Live#start/1644/end/1679,3/7/2010 15:27:39,MSNBC,MSNBC News Live,MSNBC_20100307_150000_MSNBC_News_Live,https://archive.org/download/MSNBC_20100307_150000_MSNBC_News_Live/MSNBC_20100307_150000_MSNBC_News_Live.thumbs/MSNBC_20100307_150000_MSNBC_News_Live_001615.jpg,"campaign mode. once you get past the memorial day recess, house members are out campaigning on the sturm, facing voters, especially those moderate democrats so worried about this health care reform piece. to actually ask them to go back and think about climate change or doing anything about"
https://archive.org/details/MSNBC_20100331_200000_The_Dylan_Ratigan_Show#start/2416/end/2451,3/31/2010 20:40:31,MSNBC,The Dylan Ratigan Show,MSNBC_20100331_200000_The_Dylan_Ratigan_Show,https://archive.org/download/MSNBC_20100331_200000_The_Dylan_Ratigan_Show/MSNBC_20100331_200000_The_Dylan_Ratigan_Show.thumbs/MSNBC_20100331_200000_The_Dylan_Ratigan_Show_002400.jpg,"issue that climate change also affects national security and there are things in there, arguments that they make towards tactical equipment in iraq it doesn't deal with the large issue this we can't drill our way out of this problem. yeah. jane, how do you explain a president mowho openly argued"
https://archive.org/details/MSNBC_20100327_140000_MSNBC_News_Live#start/806/end/841,3/27/2010 14:13:41,MSNBC,MSNBC News Live,MSNBC_20100327_140000_MSNBC_News_Live,https://archive.org/download/MSNBC_20100327_140000_MSNBC_News_Live/MSNBC_20100327_140000_MSNBC_News_Live.thumbs/MSNBC_20100327_140000_MSNBC_News_Live_000806.jpg,"hour. the goal is to draw attention to saving energy and the fight against climate change. the campaign is sponsored by the world wildlife fund. if you've been to the movie theater lately you may have noticed, boy, prices are going way up. nbc's ron allen has more on why"
https://archive.org/details/MSNBC_20100331_230000_Hardball_With_Chris_Matthews#start/566/end/601,3/31/2010 23:09:41,MSNBC,Hardball With Chris Matthews,MSNBC_20100331_230000_Hardball_With_Chris_Matthews,https://archive.org/download/MSNBC_20100331_230000_Hardball_With_Chris_Matthews/MSNBC_20100331_230000_Hardball_With_Chris_Matthews.thumbs/MSNBC_20100331_230000_Hardball_With_Chris_Matthews_000566.jpg,"careful. seriously -- boehner's my friend. he's just playing partisan politics here. in the interest of this country everybody knows the same thing basically. there is a climate change problem. anybody reads the paper and thinks knows somewhere down the line. number two, the man has something to do with, number"
https://archive.org/details/MSNBC_20100331_230000_Hardball_With_Chris_Matthews#start/675/end/710,3/31/2010 23:11:30,MSNBC,Hardball With Chris Matthews,MSNBC_20100331_230000_Hardball_With_Chris_Matthews,https://archive.org/download/MSNBC_20100331_230000_Hardball_With_Chris_Matthews/MSNBC_20100331_230000_Hardball_With_Chris_Matthews.thumbs/MSNBC_20100331_230000_Hardball_With_Chris_Matthews_000656.jpg,"everybody knows, forget about climate change. the future is in solar and wind and renewable sustainable energy sources. that's where we have to be doing now. not to the past. we have to be going to the 21st century. not the 19th. now, ron reagan, here's where i agree with you."
https://archive.org/details/MSNBC_20100331_100000_Morning_Joe#start/9869/end/9904,3/31/2010 12:44:44,MSNBC,Morning Joe,MSNBC_20100331_100000_Morning_Joe,https://archive.org/download/MSNBC_20100331_100000_Morning_Joe/MSNBC_20100331_100000_Morning_Joe.thumbs/MSNBC_20100331_100000_Morning_Joe_009865.jpg,"that cooperating with this administration at this time is not necessary in order for them to pick up seats during the midterm election. so if this is more of a legislative maneuver in order to get a broader bill on climate change, unfortunately, i think it's going to come up short."
https://archive.org/details/MSNBC_20100328_150000_MSNBC_News_Live#start/1309/end/1344,3/28/2010 15:22:04,MSNBC,MSNBC News Live,MSNBC_20100328_150000_MSNBC_News_Live,https://archive.org/download/MSNBC_20100328_150000_MSNBC_News_Live/MSNBC_20100328_150000_MSNBC_News_Live.thumbs/MSNBC_20100328_150000_MSNBC_News_Live_001286.jpg,"in a way they hadn't the last year. a.b., finally, will this legislative momentum, i guess, as the obama administration would like to call it, translate to other initiatives? or did the president spend so much capital on climate change, immigration, the other topics that are in some cases very"
https://archive.org/details/MSNBC_20100312_040000_The_Rachel_Maddow_Show#start/1891/end/1926,3/12/2010 4:31:46,MSNBC,The Rachel Maddow Show,MSNBC_20100312_040000_The_Rachel_Maddow_Show,https://archive.org/download/MSNBC_20100312_040000_The_Rachel_Maddow_Show/MSNBC_20100312_040000_The_Rachel_Maddow_Show.thumbs/MSNBC_20100312_040000_The_Rachel_Maddow_Show_001886.jpg,"pursuing this unified no on everything strategy. so what are the challenges to you? what is the strategy you approach in order to try to get things passed with zero republicans on everything major? we did have republican votes on the energy and climate change bill. we had a few there."
https://archive.org/details/MSNBC_20100315_170000_Andrea_Mitchell_Reports#start/2419/end/2454,3/15/2010 17:40:34,MSNBC,Andrea Mitchell Reports,MSNBC_20100315_170000_Andrea_Mitchell_Reports,https://archive.org/download/MSNBC_20100315_170000_Andrea_Mitchell_Reports/MSNBC_20100315_170000_Andrea_Mitchell_Reports.thumbs/MSNBC_20100315_170000_Andrea_Mitchell_Reports_002397.jpg,"technology so that they can produce more from their small plots. finally, on climate change, we know women will be in the forefront of having to bear the brunt. they're the ones who have to go far field to find firewood and water. some of them walk for miles and"
https://archive.org/details/MSNBC_20100331_150000_MSNBC_News_Live#start/1832/end/1867,3/31/2010 15:30:47,MSNBC,MSNBC News Live,MSNBC_20100331_150000_MSNBC_News_Live,https://archive.org/download/MSNBC_20100331_150000_MSNBC_News_Live/MSNBC_20100331_150000_MSNBC_News_Live.thumbs/MSNBC_20100331_150000_MSNBC_News_Live_001826.jpg,"mounting evidence of climate change from the arctic circle to the gulf coast. and this is particularly relevant to all of you who are serving in uniform. for decades we've talked about the risks to our security created by dependence on foreign oil. but that dependence has actually"
https://archive.org/details/MSNBC_20100309_020000_The_Rachel_Maddow_Show#start/2013/end/2048,3/9/2010 2:33:48,MSNBC,The Rachel Maddow Show,MSNBC_20100309_020000_The_Rachel_Maddow_Show,https://archive.org/download/MSNBC_20100309_020000_The_Rachel_Maddow_Show/MSNBC_20100309_020000_The_Rachel_Maddow_Show.thumbs/MSNBC_20100309_020000_The_Rachel_Maddow_Show_002006.jpg,"not something that is happening in a vacuum. let me give you another example of what's passed off as politics right now by lobbying interests on the political right. when the climate change bill came before the house last month the democratic congressman named tom parello of virginia received"
https://archive.org/details/MSNBC_20100331_230000_Hardball_With_Chris_Matthews#start/581/end/616,3/31/2010 23:09:56,MSNBC,Hardball With Chris Matthews,MSNBC_20100331_230000_Hardball_With_Chris_Matthews,https://archive.org/download/MSNBC_20100331_230000_Hardball_With_Chris_Matthews/MSNBC_20100331_230000_Hardball_With_Chris_Matthews.thumbs/MSNBC_20100331_230000_Hardball_With_Chris_Matthews_000566.jpg,"two. and number three, we have to start depending on arab oil or we're crazy. you have to do something about it. right? and is the president doing something? he's doing something. you say everyone who knows anything says there's global climate change? i think there's serious disputes"
https://archive.org/details/MSNBC_20100331_230000_Hardball_With_Chris_Matthews#start/626/end/661,3/31/2010 23:10:41,MSNBC,Hardball With Chris Matthews,MSNBC_20100331_230000_Hardball_With_Chris_Matthews,https://archive.org/download/MSNBC_20100331_230000_Hardball_With_Chris_Matthews/MSNBC_20100331_230000_Hardball_With_Chris_Matthews.thumbs/MSNBC_20100331_230000_Hardball_With_Chris_Matthews_000626.jpg,"have said about global climate change? why don't we have an honest debate? because the weather in boston right now over the last x many years is the same as it used to be in philadelphia. it's getting warmer and warmer a. it was sure warm on the east"
https://archive.org/details/MSNBC_20100316_220000_The_Ed_Show#start/1582/end/1617,3/16/2010 22:26:37,MSNBC,The Ed Show,MSNBC_20100316_220000_The_Ed_Show,https://archive.org/download/MSNBC_20100316_220000_The_Ed_Show/MSNBC_20100316_220000_The_Ed_Show.thumbs/MSNBC_20100316_220000_The_Ed_Show_001556.jpg,"the sand, it's you, buddy. first of all, you're ignoring basic science that supports climate change and your head is really in the sand if you think the cute ostrich analogy does anything but waste time. save it for the grandkids. will you, jimmy? it's no place for the senate"
https://archive.org/details/MSNBC_20100322_220000_The_Ed_Show#start/790/end/825,3/22/2010 22:13:25,MSNBC,The Ed Show,MSNBC_20100322_220000_The_Ed_Show,https://archive.org/download/MSNBC_20100322_220000_The_Ed_Show/MSNBC_20100322_220000_The_Ed_Show.thumbs/MSNBC_20100322_220000_The_Ed_Show_000776.jpg,"climate change is a huge problem. the house passed a bill. senate hasn't done anything on it yet. there's a lot to be done. this bill needs some time. there's -- over the next six months a lot of very good things are going to happen for the american people. elimination of pre existing"
https://archive.org/details/MSNBC_20100331_180000_MSNBC_News_Live#start/274/end/309,3/31/2010 18:04:49,MSNBC,MSNBC News Live,MSNBC_20100331_180000_MSNBC_News_Live,https://archive.org/download/MSNBC_20100331_180000_MSNBC_News_Live/MSNBC_20100331_180000_MSNBC_News_Live.thumbs/MSNBC_20100331_180000_MSNBC_News_Live_000266.jpg,"assistant to the president for energy and climate change is with us, also the former epa administrator. carol, thanks for joining us. thank you. i want to play what the president had to say about offshore drilling when he was a candidate in 2008. let's play that. believe me, if i thought"
https://archive.org/details/MSNBC_20100331_210000_Hardball_With_Chris_Matthews#start/375/end/410,3/31/2010 21:06:30,MSNBC,Hardball With Chris Matthews,MSNBC_20100331_210000_Hardball_With_Chris_Matthews,https://archive.org/download/MSNBC_20100331_210000_Hardball_With_Chris_Matthews/MSNBC_20100331_210000_Hardball_With_Chris_Matthews.thumbs/MSNBC_20100331_210000_Hardball_With_Chris_Matthews_000356.jpg,"the thing. now i wondered if he's reshuffled the deck enough to give more to the developers, the people who want to drill now, so he could get what he wants, long-term meeting -- meeting of this long-term challenge of climate change and energy dependents on countries that don't like us."
https://archive.org/details/MSNBC_20100331_210000_Hardball_With_Chris_Matthews#start/623/end/658,3/31/2010 21:10:38,MSNBC,Hardball With Chris Matthews,MSNBC_20100331_210000_Hardball_With_Chris_Matthews,https://archive.org/download/MSNBC_20100331_210000_Hardball_With_Chris_Matthews/MSNBC_20100331_210000_Hardball_With_Chris_Matthews.thumbs/MSNBC_20100331_210000_Hardball_With_Chris_Matthews_000596.jpg,"on our oil. crazy. and is the president doing something? he he is doing something. you say everyone who knows anything says there is global climate change i think there is serious scientific disputes of whether or not that is actually viable but let me address your question -- you really challenge it."
https://archive.org/details/MSNBC_20100331_210000_Hardball_With_Chris_Matthews#start/653/end/688,3/31/2010 21:11:08,MSNBC,Hardball With Chris Matthews,MSNBC_20100331_210000_Hardball_With_Chris_Matthews,https://archive.org/download/MSNBC_20100331_210000_Hardball_With_Chris_Matthews/MSNBC_20100331_210000_Hardball_With_Chris_Matthews.thumbs/MSNBC_20100331_210000_Hardball_With_Chris_Matthews_000626.jpg,"so we're supposed to take scientists who have a fiduciary interest to benefit for some of their grants. this is party line. no this is not party line. no, i have researched this. why should we take hook line and sinker what some environmentalists have said about climate change. why not an honest debate."
https://archive.org/details/MSNBC_20100331_170000_Andrea_Mitchell_Reports#start/999/end/1034,3/31/2010 17:16:54,MSNBC,Andrea Mitchell Reports,MSNBC_20100331_170000_Andrea_Mitchell_Reports,https://archive.org/download/MSNBC_20100331_170000_Andrea_Mitchell_Reports/MSNBC_20100331_170000_Andrea_Mitchell_Reports.thumbs/MSNBC_20100331_170000_Andrea_Mitchell_Reports_000986.jpg,"the democratic base. what the environmental community values the most is a cap on carbon emissions. that's the key to climate change. and so if at the end of the day you end up with some sort of a mechanism that prices carbon and sets the stage for a different energy future, i think they'll"
https://archive.org/details/MSNBC_20100311_110000_Morning_Joe#start/9675/end/9710,3/11/2010 13:41:30,MSNBC,Morning Joe,MSNBC_20100311_110000_Morning_Joe,https://archive.org/download/MSNBC_20100311_110000_Morning_Joe/MSNBC_20100311_110000_Morning_Joe.thumbs/MSNBC_20100311_110000_Morning_Joe_009660.jpg,"an lot of things done in terms of the stimulus program, a lot of bills on tobacco regulation and pay equity for women and so forth. the biggest things though, of course, the biggest things on this agenda were health care, climate change, financial regulation and so forth. those are still outstanding."
https://archive.org/details/MSNBC_20100309_040000_The_Rachel_Maddow_Show#start/2050/end/2085,3/9/2010 4:34:25,MSNBC,The Rachel Maddow Show,MSNBC_20100309_040000_The_Rachel_Maddow_Show,https://archive.org/download/MSNBC_20100309_040000_The_Rachel_Maddow_Show/MSNBC_20100309_040000_The_Rachel_Maddow_Show.thumbs/MSNBC_20100309_040000_The_Rachel_Maddow_Show_002036.jpg,"a republican lobbying firm in washington has admitted to impersonating those local nonprofits and sending congressman parello fake letters to get him to oppose the climate change legislation. congress is now investigating this incident. this is a lobbying firm. this is the establishment. this isn't a lone nut job passing himself off as a group"
https://archive.org/details/MSNBC_20100331_150000_MSNBC_News_Live#start/402/end/437,3/31/2010 15:06:57,MSNBC,MSNBC News Live,MSNBC_20100331_150000_MSNBC_News_Live,https://archive.org/download/MSNBC_20100331_150000_MSNBC_News_Live/MSNBC_20100331_150000_MSNBC_News_Live.thumbs/MSNBC_20100331_150000_MSNBC_News_Live_000386.jpg,"as energy and climate change. you try and put the two things together to build that collision. not just democrats and republicans. white house officials tell me they are also trying to give some cover to democrats, for instance, in louisiana where they are trying to say this is going to be an easier vote."
https://archive.org/details/MSNBC_20100309_000000_Hardball_With_Chris_Matthews#start/2300/end/2335,3/9/2010 0:38:35,MSNBC,Hardball With Chris Matthews,MSNBC_20100309_000000_Hardball_With_Chris_Matthews,https://archive.org/download/MSNBC_20100309_000000_Hardball_With_Chris_Matthews/MSNBC_20100309_000000_Hardball_With_Chris_Matthews.thumbs/MSNBC_20100309_000000_Hardball_With_Chris_Matthews_002276.jpg,"health care, whether it is climate change, financial regulatory reform, that they've missed the feel-your-pain moments of this economy a little bit. and that's ultimately what this is about. the fact that at the gut of the country right now is this pain over the economy. and while you can sit here and"
https://archive.org/details/MSNBC_20100327_110000_MSNBC_News_Live#start/1304/end/1339,3/27/2010 11:21:59,MSNBC,MSNBC News Live,MSNBC_20100327_110000_MSNBC_News_Live,https://archive.org/download/MSNBC_20100327_110000_MSNBC_News_Live/MSNBC_20100327_110000_MSNBC_News_Live.thumbs/MSNBC_20100327_110000_MSNBC_News_Live_001285.jpg,"with you, but john mccain knows what he's talking about on all these issues like immigration and climate change and health care. he's an expert on so many issues and he's a legislator who tries to get things done. sarah palin is not even in the government, not even interested in being in the government,"
https://archive.org/details/MSNBC_20100307_150000_MSNBC_News_Live#start/1546/end/1581,3/7/2010 15:26:01,MSNBC,MSNBC News Live,MSNBC_20100307_150000_MSNBC_News_Live,https://archive.org/download/MSNBC_20100307_150000_MSNBC_News_Live/MSNBC_20100307_150000_MSNBC_News_Live.thumbs/MSNBC_20100307_150000_MSNBC_News_Live_001525.jpg,"legislation, climate change, they worry that if the democrats don't do well in the 2010 elections, they're never going to get another bite at this apple, they won't have the political -- either they won't have the political power and they won't have the political interest in moving these more controversial pieces forward. immigration reform has really"
https://archive.org/details/MSNBC_20100309_040000_The_Rachel_Maddow_Show#start/2018/end/2053,3/9/2010 4:33:53,MSNBC,The Rachel Maddow Show,MSNBC_20100309_040000_The_Rachel_Maddow_Show,https://archive.org/download/MSNBC_20100309_040000_The_Rachel_Maddow_Show/MSNBC_20100309_040000_The_Rachel_Maddow_Show.thumbs/MSNBC_20100309_040000_The_Rachel_Maddow_Show_002006.jpg,"of what's being passed off as politics right now by lobbying interests on the political right. when the climate change bill came before the house last month the democratic congressman named tom parello of virginia received a letter purportedly from a nonprofit hispanic group in his district and the letter urged him to oppose the cap and trade"
https://archive.org/details/MSNBC_20100312_050000_Hardball_With_Chris_Matthews#start/2579/end/2614,3/12/2010 5:43:14,MSNBC,Hardball With Chris Matthews,MSNBC_20100312_050000_Hardball_With_Chris_Matthews,https://archive.org/download/MSNBC_20100312_050000_Hardball_With_Chris_Matthews/MSNBC_20100312_050000_Hardball_With_Chris_Matthews.thumbs/MSNBC_20100312_050000_Hardball_With_Chris_Matthews_002576.jpg,"of the special interest that bankrolled their campaigns. i think you can see it on health reform, on financial reform, on climate change. we're not getting the reforms we need, and that's a big part of the reason why. i want to show you a forum already where you appeared with senator bennet and there was an"
https://archive.org/details/MSNBC_20100308_230000_The_Ed_Show#start/199/end/234,3/8/2010 23:03:34,MSNBC,The Ed Show,MSNBC_20100308_230000_The_Ed_Show,https://archive.org/download/MSNBC_20100308_230000_The_Ed_Show/MSNBC_20100308_230000_The_Ed_Show.thumbs/MSNBC_20100308_230000_The_Ed_Show_000176.jpg,"people. harry reid, you need to do 'meet the press,' okay? you need to get in the news cycle like we talk about what happened over the talking heads on sunday we do it on monday, tuesday, wednesday, you know, depending on how big it is. senator cannery, i knee climate change is a big thing right now,"
https://archive.org/details/MSNBC_20100308_110000_Morning_Joe#start/7986/end/8021,3/8/2010 13:13:21,MSNBC,Morning Joe,MSNBC_20100308_110000_Morning_Joe,https://archive.org/download/MSNBC_20100308_110000_Morning_Joe/MSNBC_20100308_110000_Morning_Joe.thumbs/MSNBC_20100308_110000_Morning_Joe_007976.jpg,"substantively, it should be easier. how do they knock down the president of the united states -- how do they do? you can see the thing going on with the khalid shaikh mohammed trial, the cap and trade effort, where there's now legislation. not only is there forward legislation on climate change stalling, but there are efforts by democrats to kind of roll"
https://archive.org/details/MSNBC_20100307_150000_MSNBC_News_Live#start/1659/end/1694,3/7/2010 15:27:54,MSNBC,MSNBC News Live,MSNBC_20100307_150000_MSNBC_News_Live,https://archive.org/download/MSNBC_20100307_150000_MSNBC_News_Live/MSNBC_20100307_150000_MSNBC_News_Live.thumbs/MSNBC_20100307_150000_MSNBC_News_Live_001646.jpg,"immigration reform, there is no way to do that after you bring it up after the memorial day recess. they have to get this all kind of pushed off their list of to-dos. they're just checking these boxes one by one. he'll talk about climate change later this week as well. they just need to check these boxes off so they can get their"
https://archive.org/details/MSNBC_20100312_150000_MSNBC_News_Live#start/680/end/715,3/12/2010 15:11:35,MSNBC,MSNBC News Live,MSNBC_20100312_150000_MSNBC_News_Live,https://archive.org/download/MSNBC_20100312_150000_MSNBC_News_Live/MSNBC_20100312_150000_MSNBC_News_Live.thumbs/MSNBC_20100312_150000_MSNBC_News_Live_000657.jpg,"tough votes through the house, like the ones i mentioned such as climate change and health care one and the stimulus. one member i spoke to that's close to the anti-abortion democrats said there's a fair amount of them that felt they had a conscious vote the last time, that they're standing with stupak right now because they don't want to seem like they're"
