﻿URL,MatchDateTime,Station,Show,IAShowID,IAPreviewThumb,Snippet
https://archive.org/details/MSNBCW_20111102_060000_Hardball_With_Chris_Matthews#start/1382/end/1417,11/2/2011 6:23:17,MSNBC,Hardball With Chris Matthews,MSNBCW_20111102_060000_Hardball_With_Chris_Matthews,https://archive.org/download/MSNBCW_20111102_060000_Hardball_With_Chris_Matthews/MSNBCW_20111102_060000_Hardball_With_Chris_Matthews.thumbs/MSNBCW_20111102_060000_Hardball_With_Chris_Matthews_001376.jpg,"so i think it's important for us to reduce our emissions of pollutants and greenhouse gases that may well be significant contributors to the climate change and the global warming that you're seeing. my view is that we don't know what's causing climate change on"
https://archive.org/details/MSNBCW_20111101_230000_Hardball_With_Chris_Matthews#start/1395/end/1430,11/1/2011 23:23:30,MSNBC,Hardball With Chris Matthews,MSNBCW_20111101_230000_Hardball_With_Chris_Matthews,https://archive.org/download/MSNBCW_20111101_230000_Hardball_With_Chris_Matthews/MSNBCW_20111101_230000_Hardball_With_Chris_Matthews.thumbs/MSNBCW_20111101_230000_Hardball_With_Chris_Matthews_001376.jpg,"so i think it's important for us to reduce our emissions of pollutants and greenhouse gases that may well be significant contributors to the climate change and the global warming that you're seeing. my view is that we don't know"
https://archive.org/details/MSNBCW_20111114_110000_Morning_Joe#start/6220/end/6255,11/14/2011 12:43:55,MSNBC,Morning Joe,MSNBCW_20111114_110000_Morning_Joe,https://archive.org/download/MSNBCW_20111114_110000_Morning_Joe/MSNBCW_20111114_110000_Morning_Joe.thumbs/MSNBCW_20111114_110000_Morning_Joe_006207.jpg,"of these effects actually had altered the data. it wasn't clear to me that this would be the answer. and so, i think i'm proper was called a skeptic. there is climate change? there is global warming and"
https://archive.org/details/MSNBCW_20111129_110000_Morning_Joe#start/542/end/577,11/29/2011 11:09:17,MSNBC,Morning Joe,MSNBCW_20111129_110000_Morning_Joe,https://archive.org/download/MSNBCW_20111129_110000_Morning_Joe/MSNBCW_20111129_110000_Morning_Joe.thumbs/MSNBCW_20111129_110000_Morning_Joe_000536.jpg,"okay. this is a good one. who starred in a 2007 global warming commercial with nancy pelosi that was sponsored by al gore's alliance for climate protection? who was it? saying the climate change was"
https://archive.org/details/MSNBCW_20111130_090000_The_Rachel_Maddow_Show#start/2552/end/2587,11/30/2011 9:42:47,MSNBC,The Rachel Maddow Show,MSNBCW_20111130_090000_The_Rachel_Maddow_Show,https://archive.org/download/MSNBCW_20111130_090000_The_Rachel_Maddow_Show/MSNBCW_20111130_090000_The_Rachel_Maddow_Show.thumbs/MSNBCW_20111130_090000_The_Rachel_Maddow_Show_002547.jpg,"i think newt gingrich is going to have problems maintaining a tax against governor romney's authenticity, when, for example, just a few years ago he was appearing in global warming videos with nancy pelosi paid for by vice president gore's climate change group."
https://archive.org/details/MSNBCW_20111114_110000_Morning_Joe#start/6482/end/6517,11/14/2011 12:48:17,MSNBC,Morning Joe,MSNBCW_20111114_110000_Morning_Joe,https://archive.org/download/MSNBCW_20111114_110000_Morning_Joe/MSNBCW_20111114_110000_Morning_Joe.thumbs/MSNBCW_20111114_110000_Morning_Joe_006476.jpg,"hearing more is statements such as, well, i always believed global warming was there, the issue is how much of it is caused by humans. now, historically i think many of them actually denied global warming period."
https://archive.org/details/MSNBCW_20111109_110000_Morning_Joe#start/1912/end/1947,11/9/2011 11:32:07,MSNBC,Morning Joe,MSNBCW_20111109_110000_Morning_Joe,https://archive.org/download/MSNBCW_20111109_110000_Morning_Joe/MSNBCW_20111109_110000_Morning_Joe.thumbs/MSNBCW_20111109_110000_Morning_Joe_001886.jpg,"i couldn't punch holes in the data. there's climate change, let us have a debate on exactly what's causing the climate change, that's fine. but dr. sachs, before we go to politico, the fact is, several years ago, a lot of people champions of climate change"
https://archive.org/details/MSNBCW_20111113_130000_Up_W_Chris_Hayes#start/3803/end/3838,11/13/2011 14:03:38,MSNBC,Up W Chris Hayes,MSNBCW_20111113_130000_Up_W_Chris_Hayes,https://archive.org/download/MSNBCW_20111113_130000_Up_W_Chris_Hayes/MSNBCW_20111113_130000_Up_W_Chris_Hayes.thumbs/MSNBCW_20111113_130000_Up_W_Chris_Hayes_003806.jpg,"i put all of these issues together. i really do take climate change seriously. the iea came out a few days ago saying we have five years to stem the tide of climate change."
https://archive.org/details/MSNBCW_20111101_230000_Hardball_With_Chris_Matthews#start/1128/end/1163,11/1/2011 23:19:03,MSNBC,Hardball With Chris Matthews,MSNBCW_20111101_230000_Hardball_With_Chris_Matthews,https://archive.org/download/MSNBCW_20111101_230000_Hardball_With_Chris_Matthews/MSNBCW_20111101_230000_Hardball_With_Chris_Matthews.thumbs/MSNBCW_20111101_230000_Hardball_With_Chris_Matthews_001106.jpg,"look at mitt romney's flip-flopping around climate change. that won't go away. that flip-flopping label's not going away. and last week, romney got caught making contradictory statements about two different statements, about the upcoming ohio union vote and climate change."
https://archive.org/details/MSNBCW_20111102_170000_Andrea_Mitchell_Reports#start/763/end/798,11/2/2011 17:12:58,MSNBC,Andrea Mitchell Reports,MSNBCW_20111102_170000_Andrea_Mitchell_Reports,https://archive.org/download/MSNBCW_20111102_170000_Andrea_Mitchell_Reports/MSNBCW_20111102_170000_Andrea_Mitchell_Reports.thumbs/MSNBCW_20111102_170000_Andrea_Mitchell_Reports_000747.jpg,"compete with the brazilians now, and the russians and the indians in the most sophisticated competition in the world. we don't really believe in climate change or evolution."
https://archive.org/details/MSNBCW_20111129_110000_Morning_Joe#start/7728/end/7763,11/29/2011 13:09:03,MSNBC,Morning Joe,MSNBCW_20111129_110000_Morning_Joe,https://archive.org/download/MSNBCW_20111129_110000_Morning_Joe/MSNBCW_20111129_110000_Morning_Joe.thumbs/MSNBCW_20111129_110000_Morning_Joe_007706.jpg,"that's so nice. they are doing it for al gore, too. and that's the great thing. hey, al, this one's for you. why don't we play barry manilow. 'this one's for you.' couch. a love seat. global warming is very"
https://archive.org/details/MSNBCW_20111109_110000_Morning_Joe#start/1880/end/1915,11/9/2011 11:31:35,MSNBC,Morning Joe,MSNBCW_20111109_110000_Morning_Joe,https://archive.org/download/MSNBCW_20111109_110000_Morning_Joe/MSNBCW_20111109_110000_Morning_Joe.thumbs/MSNBCW_20111109_110000_Morning_Joe_001856.jpg,"every time there's a snowstorm in october, there'll be a story posted somewhere. oh, what happened to global warming? it's snowing in october. i think we should call it climate change. that's exactly right. it is climate change -- it is warming, and what's"
https://archive.org/details/MSNBCW_20111104_100000_Morning_Joe#start/8886/end/8921,11/4/2011 12:28:21,MSNBC,Morning Joe,MSNBCW_20111104_100000_Morning_Joe,https://archive.org/download/MSNBCW_20111104_100000_Morning_Joe/MSNBCW_20111104_100000_Morning_Joe.thumbs/MSNBCW_20111104_100000_Morning_Joe_008877.jpg,"certain religious zealots who believe that the earth is 4000 years old. or politicians who say -- or that the earth is not 4000 years old, you don't believe in jesus. yeah, but it doesn't have to be that extreme. the global warming deniers, just"
https://archive.org/details/MSNBCW_20111114_110000_Morning_Joe#start/6468/end/6503,11/14/2011 12:48:03,MSNBC,Morning Joe,MSNBCW_20111114_110000_Morning_Joe,https://archive.org/download/MSNBCW_20111114_110000_Morning_Joe/MSNBCW_20111114_110000_Morning_Joe.thumbs/MSNBCW_20111114_110000_Morning_Joe_006446.jpg,"that you have said that climate change is real? global warming's real that now you have some proponents of -- or some people that believe in global warming that are saying, see, he's proven our point, it's an open and shut case. well, i think that what i'm"
https://archive.org/details/MSNBCW_20111101_210000_Hardball_With_Chris_Matthews#start/1382/end/1417,11/1/2011 21:23:17,MSNBC,Hardball With Chris Matthews,MSNBCW_20111101_210000_Hardball_With_Chris_Matthews,https://archive.org/download/MSNBCW_20111101_210000_Hardball_With_Chris_Matthews/MSNBCW_20111101_210000_Hardball_With_Chris_Matthews.thumbs/MSNBCW_20111101_210000_Hardball_With_Chris_Matthews_001376.jpg,"thursday on global warming. let's watch the moves. i believe based on what i read that the world is getting warmer. and number two, i believe that humans contribute to that. so i think it's important for us to reduce our emissions of pollutants and greenhouse gases that may well be significant"
https://archive.org/details/MSNBCW_20111101_210000_Hardball_With_Chris_Matthews#start/1398/end/1433,11/1/2011 21:23:33,MSNBC,Hardball With Chris Matthews,MSNBCW_20111101_210000_Hardball_With_Chris_Matthews,https://archive.org/download/MSNBCW_20111101_210000_Hardball_With_Chris_Matthews/MSNBCW_20111101_210000_Hardball_With_Chris_Matthews.thumbs/MSNBCW_20111101_210000_Hardball_With_Chris_Matthews_001376.jpg,"contributors to the climate change and the global warming that you're seeing. my view is that we don't know what's causing climate change on this planet, and the idea ofç spending trillions and trillions of dollars to try to reduce co2 emissions is not the right"
https://archive.org/details/MSNBCW_20111129_200000_Martin_Bashir#start/2967/end/3002,11/29/2011 20:49:42,MSNBC,Martin Bashir,MSNBCW_20111129_200000_Martin_Bashir,https://archive.org/download/MSNBCW_20111129_200000_Martin_Bashir/MSNBCW_20111129_200000_Martin_Bashir.thumbs/MSNBCW_20111129_200000_Martin_Bashir_002940.jpg,"if you listen to candidates like rick perry and newt gingrich and herman cain, they regard it as a democracy as nothing but kills jobs. as newt gingrich explained, they have yet to be convinced by the science of climate change."
https://archive.org/details/MSNBCW_20111130_060000_The_Last_Word#start/1542/end/1577,11/30/2011 6:25:57,MSNBC,The Last Word,MSNBCW_20111130_060000_The_Last_Word,https://archive.org/download/MSNBCW_20111130_060000_The_Last_Word/MSNBCW_20111130_060000_The_Last_Word.thumbs/MSNBCW_20111130_060000_The_Last_Word_001530.jpg,"it's his republican rival force that republican nomination who were afraid of taking him on. richard wolf joins me to discuss that. newt gingrich went on bill o'reilly last night to beg forgiveness for his liberal record on climate change."
https://archive.org/details/MSNBCW_20111128_160000_MSNBC_Live#start/521/end/556,11/28/2011 16:08:56,MSNBC,MSNBC Live,MSNBCW_20111128_160000_MSNBC_Live,https://archive.org/download/MSNBCW_20111128_160000_MSNBC_Live/MSNBCW_20111128_160000_MSNBC_Live.thumbs/MSNBCW_20111128_160000_MSNBC_Live_000506.jpg,"got good words from his nemesis from 1990s. take a listen to this. he's articulate and he tries to think of a conservative version of an idea that will solve a legitimate problem, at various time his supported doing something about climate change"
https://archive.org/details/MSNBCW_20111106_130000_Up_W_Chris_Hayes#start/6606/end/6641,11/6/2011 14:50:21,MSNBC,Up W Chris Hayes,MSNBCW_20111106_130000_Up_W_Chris_Hayes,https://archive.org/download/MSNBCW_20111106_130000_Up_W_Chris_Hayes/MSNBCW_20111106_130000_Up_W_Chris_Hayes.thumbs/MSNBCW_20111106_130000_Up_W_Chris_Hayes_006536.jpg,"know this week. what this week -- what's hot in ethics this week? obviously, the mississippi -- has made that a hot topic. i mean, there's a lot of issue still around that don't get talked about. i mentioned climate change and"
https://archive.org/details/MSNBCW_20111116_170000_MSNBC_News_Live#start/1543/end/1578,11/16/2011 17:25:58,MSNBC,MSNBC News Live,MSNBCW_20111116_170000_MSNBC_News_Live,https://archive.org/download/MSNBCW_20111116_170000_MSNBC_News_Live/MSNBCW_20111116_170000_MSNBC_News_Live.thumbs/MSNBCW_20111116_170000_MSNBC_News_Live_001526.jpg,"i think there is a different between parental consent and fear mongering. that's the line she skirts. whether it's global warming and climate change, there are a lot of facts out there that michele"
https://archive.org/details/MSNBCW_20111129_110000_Morning_Joe#start/7697/end/7732,11/29/2011 13:08:32,MSNBC,Morning Joe,MSNBCW_20111129_110000_Morning_Joe,https://archive.org/download/MSNBCW_20111129_110000_Morning_Joe/MSNBCW_20111129_110000_Morning_Joe.thumbs/MSNBCW_20111129_110000_Morning_Joe_007676.jpg,"listening. joe, this is a good caller. who starred in a 2007 global warming commercial with nancy pelosi that was sponsored by al gore's alliance for climate protection. saying that climate change was a big, big problem."
https://archive.org/details/MSNBCW_20111130_020000_The_Rachel_Maddow_Show#start/2557/end/2592,11/30/2011 2:42:52,MSNBC,The Rachel Maddow Show,MSNBCW_20111130_020000_The_Rachel_Maddow_Show,https://archive.org/download/MSNBCW_20111130_020000_The_Rachel_Maddow_Show/MSNBCW_20111130_020000_The_Rachel_Maddow_Show.thumbs/MSNBCW_20111130_020000_The_Rachel_Maddow_Show_002547.jpg,"i think newt gingrich is going to have problems maintaining a tax against governor romney's authentici authenticity, when, for example, just a few years ago he was appearing in global warming videos with nancy pelosi paid for by vice president gore's climate change group. so i think there's a lot of"
https://archive.org/details/MSNBCW_20111119_140000_Weekends_With_Alex_Witt#start/6012/end/6047,11/19/2011 15:40:27,MSNBC,Weekends With Alex Witt,MSNBCW_20111119_140000_Weekends_With_Alex_Witt,https://archive.org/download/MSNBCW_20111119_140000_Weekends_With_Alex_Witt/MSNBCW_20111119_140000_Weekends_With_Alex_Witt.thumbs/MSNBCW_20111119_140000_Weekends_With_Alex_Witt_005997.jpg,"extreme as greenhouse gases continue to be pumped into the air by burning fossil fuels, such as oil and coal. the frequency of the hottest days will increase by a factor of four within the next 30 to 40 years. reporter: and by the end of"
https://archive.org/details/MSNBCW_20111129_110000_Morning_Joe#start/3971/end/4006,11/29/2011 12:06:26,MSNBC,Morning Joe,MSNBCW_20111129_110000_Morning_Joe,https://archive.org/download/MSNBCW_20111129_110000_Morning_Joe/MSNBCW_20111129_110000_Morning_Joe.thumbs/MSNBCW_20111129_110000_Morning_Joe_003956.jpg,"own party over a 2008 global warming ad that he did with then house speaker nancy pelosi. there it is. he defended himself last night on fox news. do you believe in man made global warming that because the planet is polluted and we spew a"
https://archive.org/details/MSNBCW_20111122_070000_Hardball_With_Chris_Matthews#start/1051/end/1086,11/22/2011 7:17:46,MSNBC,Hardball With Chris Matthews,MSNBCW_20111122_070000_Hardball_With_Chris_Matthews,https://archive.org/download/MSNBCW_20111122_070000_Hardball_With_Chris_Matthews/MSNBCW_20111122_070000_Hardball_With_Chris_Matthews.thumbs/MSNBCW_20111122_070000_Hardball_With_Chris_Matthews_001047.jpg,"he says his words were too harsh and he thinks mandates are 'wrong on principle.' the 2007 political ad with nancy pelosi to argue for climate"
https://archive.org/details/MSNBCW_20111122_000000_Hardball_With_Chris_Matthews#start/1069/end/1104,11/22/2011 0:18:04,MSNBC,Hardball With Chris Matthews,MSNBCW_20111122_000000_Hardball_With_Chris_Matthews,https://archive.org/download/MSNBCW_20111122_000000_Hardball_With_Chris_Matthews/MSNBCW_20111122_000000_Hardball_With_Chris_Matthews.thumbs/MSNBCW_20111122_000000_Hardball_With_Chris_Matthews_001046.jpg,"issues. he says his words were too harsh and he thinks mandates are 'wrong on principle.' the 2007 political ad with nancy pelosi to argue for climate"
https://archive.org/details/MSNBCW_20111129_200000_Martin_Bashir#start/3142/end/3177,11/29/2011 20:52:37,MSNBC,Martin Bashir,MSNBCW_20111129_200000_Martin_Bashir,https://archive.org/download/MSNBCW_20111129_200000_Martin_Bashir/MSNBCW_20111129_200000_Martin_Bashir.thumbs/MSNBCW_20111129_200000_Martin_Bashir_003120.jpg,"emitter of greenhouse gases. but, again, i guess miss bachmann would say, that's the price you pay for a successful economy. well, you know, i think that this is a mistaken idea that we can't have a successful economy and have a green energy. you know, it's interesting that"
https://archive.org/details/MSNBCW_20111114_110000_Morning_Joe#start/6512/end/6547,11/14/2011 12:48:47,MSNBC,Morning Joe,MSNBCW_20111114_110000_Morning_Joe,https://archive.org/download/MSNBCW_20111114_110000_Morning_Joe/MSNBCW_20111114_110000_Morning_Joe.thumbs/MSNBCW_20111114_110000_Morning_Joe_006507.jpg,"it? i am personally worried that global warming will be an issue that we have to address, but it's not clear how to address it since most of the global warming will not come from the united states. doctor, thank you so much. when we come back, the mojo"
https://archive.org/details/MSNBCW_20111104_100000_Morning_Joe#start/8901/end/8936,11/4/2011 12:28:36,MSNBC,Morning Joe,MSNBCW_20111104_100000_Morning_Joe,https://archive.org/download/MSNBCW_20111104_100000_Morning_Joe/MSNBCW_20111104_100000_Morning_Joe.thumbs/MSNBCW_20111104_100000_Morning_Joe_008877.jpg,"like in the '60s, the people who denied the evidence against smoking and health. would you put the global -- and i believe in global warming. but i think that's quite a leap, to put in the same category, people who are skeptics, global warming skeptics in the same"
https://archive.org/details/MSNBCW_20111114_110000_Morning_Joe#start/6263/end/6298,11/14/2011 12:44:38,MSNBC,Morning Joe,MSNBCW_20111114_110000_Morning_Joe,https://archive.org/download/MSNBCW_20111114_110000_Morning_Joe/MSNBCW_20111114_110000_Morning_Joe.thumbs/MSNBCW_20111114_110000_Morning_Joe_006237.jpg,"the last 100 years. you can see things come and go, how they pulse. you can see why it's hard to actually detect global warming. on the bottom of the plot, you can see there's a line that goes up a little bit. that's the global warming. but as you look at this plot,"
https://archive.org/details/MSNBCW_20111121_220000_Hardball_With_Chris_Matthews#start/65/end/100,11/21/2011 22:01:20,MSNBC,Hardball With Chris Matthews,MSNBCW_20111121_220000_Hardball_With_Chris_Matthews,https://archive.org/download/MSNBCW_20111121_220000_Hardball_With_Chris_Matthews/MSNBCW_20111121_220000_Hardball_With_Chris_Matthews.thumbs/MSNBCW_20111121_220000_Hardball_With_Chris_Matthews_000056.jpg,"2012 race? plus, when you hear republican flip-flopper, you think perhaps mitt romney, ri t right? well, check out newt gingrich. his website has shiny new explanations for why he's changed his positions on the health care mandate, global"
https://archive.org/details/MSNBCW_20111130_060000_The_Last_Word#start/2939/end/2974,11/30/2011 6:49:14,MSNBC,The Last Word,MSNBCW_20111130_060000_The_Last_Word,https://archive.org/download/MSNBCW_20111130_060000_The_Last_Word/MSNBCW_20111130_060000_The_Last_Word.thumbs/MSNBCW_20111130_060000_The_Last_Word_002940.jpg,"to al gore about climate change on a website that soliciting money to continue delivering the al gore message on climate change. in his defense newt slipped into a romney-like explanation."
https://archive.org/details/MSNBCW_20111130_030000_The_Last_Word#start/2926/end/2961,11/30/2011 3:49:01,MSNBC,The Last Word,MSNBCW_20111130_030000_The_Last_Word,https://archive.org/download/MSNBCW_20111130_030000_The_Last_Word/MSNBCW_20111130_030000_The_Last_Word.thumbs/MSNBCW_20111130_030000_The_Last_Word_002907.jpg,"commercial to get you to listen to al gore about climate change on a website that soliciting money to continue delivering the al gore message on climate change. in his defense newt slipped into"
https://archive.org/details/MSNBCW_20111123_030000_The_Last_Word#start/405/end/440,11/23/2011 3:07:00,MSNBC,The Last Word,MSNBCW_20111123_030000_The_Last_Word,https://archive.org/download/MSNBCW_20111123_030000_The_Last_Word/MSNBCW_20111123_030000_The_Last_Word.thumbs/MSNBCW_20111123_030000_The_Last_Word_000386.jpg,"it will be interesting to see if those people who maybe have that belief and going toward gingrich are going to start looking for other choices. gingrich does -- it's interesting to see his rise, because he has taken some very controversial positions on mandated health care, on global"
https://archive.org/details/MSNBCW_20111122_000000_Hardball_With_Chris_Matthews#start/74/end/109,11/22/2011 0:01:29,MSNBC,Hardball With Chris Matthews,MSNBCW_20111122_000000_Hardball_With_Chris_Matthews,https://archive.org/download/MSNBCW_20111122_000000_Hardball_With_Chris_Matthews/MSNBCW_20111122_000000_Hardball_With_Chris_Matthews.thumbs/MSNBCW_20111122_000000_Hardball_With_Chris_Matthews_000056.jpg,"cuts. so is this how the debate will be framed in the 2012 presidential race? plus, when you hear republican flip-flopper, you think mitt romney, right? check out newt gingrich. his website has shiny, new explanations for why he's changed his positions on the health care mandate, on global"
https://archive.org/details/MSNBCW_20111114_110000_Morning_Joe#start/6154/end/6189,11/14/2011 12:42:49,MSNBC,Morning Joe,MSNBCW_20111114_110000_Morning_Joe,https://archive.org/download/MSNBCW_20111114_110000_Morning_Joe/MSNBCW_20111114_110000_Morning_Joe.thumbs/MSNBCW_20111114_110000_Morning_Joe_006147.jpg,"were a skeptic, climate skeptic. you did the research to prove there wasn't climate change, got paid for it, but you didn't -- a funny thing happened on the way. well, i never believed there was no climate change, i simply felt that some of the other"
https://archive.org/details/MSNBCW_20111121_140000_The_Daily_Rundown#start/2212/end/2247,11/21/2011 14:37:07,MSNBC,The Daily Rundown,MSNBCW_20111121_140000_The_Daily_Rundown,https://archive.org/download/MSNBCW_20111121_140000_The_Daily_Rundown/MSNBCW_20111121_140000_The_Daily_Rundown.thumbs/MSNBCW_20111121_140000_The_Daily_Rundown_002186.jpg,"some time in the same week. on climate change, he cut this ad with former house speaker nancy pelosi. we don't always see eye to eye, do we, newt? no. but we do agree. our country must take action to address climate change. but while running for"
https://archive.org/details/MSNBCW_20111127_130000_Up_W_Chris_Hayes#start/2348/end/2383,11/27/2011 13:39:23,MSNBC,Up W Chris Hayes,MSNBCW_20111127_130000_Up_W_Chris_Hayes,https://archive.org/download/MSNBCW_20111127_130000_Up_W_Chris_Hayes/MSNBCW_20111127_130000_Up_W_Chris_Hayes.thumbs/MSNBCW_20111127_130000_Up_W_Chris_Hayes_002336.jpg,"intense price mechanism -- they don't want to wait until it's too late. look at europe. the other thing i want to say is this. everything you have said about the long term budget projections, i believe firmly with my heart about climate"
https://archive.org/details/MSNBCW_20111114_110000_Morning_Joe#start/5902/end/5937,11/14/2011 12:38:37,MSNBC,Morning Joe,MSNBCW_20111114_110000_Morning_Joe,https://archive.org/download/MSNBCW_20111114_110000_Morning_Joe/MSNBCW_20111114_110000_Morning_Joe.thumbs/MSNBCW_20111114_110000_Morning_Joe_005877.jpg,"56, you were at 70 yesterday. what a beautiful sunday it was for you. there's nothing too dramatic out there. this is a nice, quiet weather week and that's the way we like it. well, still ahead, a leading scientist whose highly anticipated study is shaking the conversation over climate"
https://archive.org/details/MSNBCW_20111130_030000_The_Last_Word#start/2562/end/2597,11/30/2011 3:42:57,MSNBC,The Last Word,MSNBCW_20111130_030000_The_Last_Word,https://archive.org/download/MSNBCW_20111130_030000_The_Last_Word/MSNBCW_20111130_030000_The_Last_Word.thumbs/MSNBCW_20111130_030000_The_Last_Word_002546.jpg,"payroll to the republican presidential nomination. first of all, nancy pelosi, you, sitting there talking about global warming on tv. what was that all about?"
https://archive.org/details/MSNBCW_20111106_130000_Up_W_Chris_Hayes#start/6296/end/6331,11/6/2011 14:45:11,MSNBC,Up W Chris Hayes,MSNBCW_20111106_130000_Up_W_Chris_Hayes,https://archive.org/download/MSNBCW_20111106_130000_Up_W_Chris_Hayes/MSNBCW_20111106_130000_Up_W_Chris_Hayes.thumbs/MSNBCW_20111106_130000_Up_W_Chris_Hayes_006296.jpg,"right wing noise machines that evolution and global warming are fictions, then convincing them that cain is a liberal media conspiracy should be a piece of cake."
https://archive.org/details/MSNBCW_20111113_130000_Up_W_Chris_Hayes#start/4572/end/4607,11/13/2011 14:16:27,MSNBC,Up W Chris Hayes,MSNBCW_20111113_130000_Up_W_Chris_Hayes,https://archive.org/download/MSNBCW_20111113_130000_Up_W_Chris_Hayes/MSNBCW_20111113_130000_Up_W_Chris_Hayes.thumbs/MSNBCW_20111113_130000_Up_W_Chris_Hayes_004556.jpg,"question the robust scientific consensus on man made global warming from carbon emissions from human beings. mitt romney being the last hold out, but the rest of the"
https://archive.org/details/MSNBCW_20111123_040000_The_Ed_Show#start/2981/end/3016,11/23/2011 4:49:56,MSNBC,The Ed Show,MSNBCW_20111123_040000_The_Ed_Show,https://archive.org/download/MSNBCW_20111123_040000_The_Ed_Show/MSNBCW_20111123_040000_The_Ed_Show.thumbs/MSNBCW_20111123_040000_The_Ed_Show_002966.jpg,"series of studies showing that fox viewers are significantly less informed than others on just about every topic, including global warming, health care, the islamic cultural center near ground zero."
https://archive.org/details/MSNBCW_20111129_110000_Morning_Joe#start/4420/end/4455,11/29/2011 12:13:55,MSNBC,Morning Joe,MSNBCW_20111129_110000_Morning_Joe,https://archive.org/download/MSNBCW_20111129_110000_Morning_Joe/MSNBCW_20111129_110000_Morning_Joe.thumbs/MSNBCW_20111129_110000_Morning_Joe_004406.jpg,"right. he is doing global warming commercial with pelosi. he loves working with democrats. okay. so you look at these candidates for a living and you talk about -- and analyze their conservative credentials."
https://archive.org/details/MSNBCW_20111119_140000_Weekends_With_Alex_Witt#start/5978/end/6013,11/19/2011 15:39:53,MSNBC,Weekends With Alex Witt,MSNBCW_20111119_140000_Weekends_With_Alex_Witt,https://archive.org/download/MSNBCW_20111119_140000_Weekends_With_Alex_Witt/MSNBCW_20111119_140000_Weekends_With_Alex_Witt.thumbs/MSNBCW_20111119_140000_Weekends_With_Alex_Witt_005967.jpg,"than 12 hours. violent weather came hours before a climate change which says we should expect to see more extreme weather."
https://archive.org/details/MSNBCW_20111130_010000_The_Ed_Show#start/1177/end/1212,11/30/2011 1:19:52,MSNBC,The Ed Show,MSNBCW_20111130_010000_The_Ed_Show,https://archive.org/download/MSNBCW_20111130_010000_The_Ed_Show/MSNBCW_20111130_010000_The_Ed_Show.thumbs/MSNBCW_20111130_010000_The_Ed_Show_001166.jpg,"so your back peddling is now in high gear. this was gingrich in a 2008 ad with then-speaker nancy pelosi on global warming. we don't always see eye to eye, do we, newt?"
https://archive.org/details/MSNBCW_20111116_110000_Morning_Joe#start/7742/end/7777,11/16/2011 13:09:17,MSNBC,Morning Joe,MSNBCW_20111116_110000_Morning_Joe,https://archive.org/download/MSNBCW_20111116_110000_Morning_Joe/MSNBCW_20111116_110000_Morning_Joe.thumbs/MSNBCW_20111116_110000_Morning_Joe_007737.jpg,"yeah. even romney has to say now that he doesn't know where global warming comes from. even the smart ones have to act stupid. for those following herman cain, let's take a look at his"
https://archive.org/details/MSNBCW_20111130_030000_The_Last_Word#start/2672/end/2707,11/30/2011 3:44:47,MSNBC,The Last Word,MSNBCW_20111130_030000_The_Last_Word,https://archive.org/download/MSNBCW_20111130_030000_The_Last_Word/MSNBCW_20111130_030000_The_Last_Word.thumbs/MSNBCW_20111130_030000_The_Last_Word_002667.jpg,"nancy pelosi is obviously the poster woman for the far left, and what was the benefit -- put the issue aside of global warming, the environment. i think that's an important issue and i know you're"
https://archive.org/details/MSNBCW_20111103_190000_Martin_Bashir#start/2588/end/2623,11/3/2011 19:43:23,MSNBC,Martin Bashir,MSNBCW_20111103_190000_Martin_Bashir,https://archive.org/download/MSNBCW_20111103_190000_Martin_Bashir/MSNBCW_20111103_190000_Martin_Bashir.thumbs/MSNBCW_20111103_190000_Martin_Bashir_002580.jpg,"he was for global warming is man made. now this next week he comes out and said no, maybe that's not the case. for more on this, i'm joined by crystal ball who is a"
https://archive.org/details/MSNBCW_20111116_230000_PoliticsNation#start/2379/end/2414,11/16/2011 23:39:54,MSNBC,PoliticsNation,MSNBCW_20111116_230000_PoliticsNation,https://archive.org/download/MSNBCW_20111116_230000_PoliticsNation/MSNBCW_20111116_230000_PoliticsNation.thumbs/MSNBCW_20111116_230000_PoliticsNation_002366.jpg,"you on education. he's been on global warming saying it's manmade, and working with john kerry on that. all these things make him sound like a sort of reasonable guy, but not to the republican"
https://archive.org/details/MSNBCW_20111130_060000_The_Last_Word#start/2684/end/2719,11/30/2011 6:44:59,MSNBC,The Last Word,MSNBCW_20111130_060000_The_Last_Word,https://archive.org/download/MSNBCW_20111130_060000_The_Last_Word/MSNBCW_20111130_060000_The_Last_Word.thumbs/MSNBCW_20111130_060000_The_Last_Word_002670.jpg,"nancy pelosi is obviously the poster woman for the far left, and what was the benefit -- put the issue aside of global warming, the environment. i think that's an important issue and i know you're"
https://archive.org/details/MSNBCW_20111116_070000_Hardball_With_Chris_Matthews#start/1938/end/1973,11/16/2011 7:32:33,MSNBC,Hardball With Chris Matthews,MSNBCW_20111116_070000_Hardball_With_Chris_Matthews,https://archive.org/download/MSNBCW_20111116_070000_Hardball_With_Chris_Matthews/MSNBCW_20111116_070000_Hardball_With_Chris_Matthews.thumbs/MSNBCW_20111116_070000_Hardball_With_Chris_Matthews_001917.jpg,"considering sending uranium to india. what encouragement did your administration give to the administration. you're aware that our parliament has passed a new bill a carbon tax if you like, but we're"
https://archive.org/details/MSNBCW_20111128_110000_Morning_Joe#start/739/end/774,11/28/2011 11:12:34,MSNBC,Morning Joe,MSNBCW_20111128_110000_Morning_Joe,https://archive.org/download/MSNBCW_20111128_110000_Morning_Joe/MSNBCW_20111128_110000_Morning_Joe.thumbs/MSNBCW_20111128_110000_Morning_Joe_000717.jpg,"global warming and he's got one or two others, but i'll guarantee you, 9 out of 10 times, he's rock solid conservative as the utah governor, and yet you have romney and gingrich running around acting like they're"
https://archive.org/details/MSNBCW_20111130_080000_The_Ed_Show#start/1181/end/1216,11/30/2011 8:19:56,MSNBC,The Ed Show,MSNBCW_20111130_080000_The_Ed_Show,https://archive.org/download/MSNBCW_20111130_080000_The_Ed_Show/MSNBCW_20111130_080000_The_Ed_Show.thumbs/MSNBCW_20111130_080000_The_Ed_Show_001167.jpg,"this was gingrich in a 2008 ad with then-speaker nancy pelosi on global warming. we don't always see eye to eye, do we, newt? no, but we do agree, our country must take action to"
https://archive.org/details/MSNBCW_20111130_040000_The_Ed_Show#start/1179/end/1214,11/30/2011 4:19:54,MSNBC,The Ed Show,MSNBCW_20111130_040000_The_Ed_Show,https://archive.org/download/MSNBCW_20111130_040000_The_Ed_Show/MSNBCW_20111130_040000_The_Ed_Show.thumbs/MSNBCW_20111130_040000_The_Ed_Show_001167.jpg,"high gear. this was gingrich in a 2008 ad with then-speaker nancy pelosi on global warming. we don't always see eye to eye, do we, newt? no, but we do agree, our country must take action to"
https://archive.org/details/MSNBCW_20111114_110000_Morning_Joe#start/6171/end/6206,11/14/2011 12:43:06,MSNBC,Morning Joe,MSNBCW_20111114_110000_Morning_Joe,https://archive.org/download/MSNBCW_20111114_110000_Morning_Joe/MSNBCW_20111114_110000_Morning_Joe.thumbs/MSNBCW_20111114_110000_Morning_Joe_006147.jpg,"skeptics had raised valid issues that required addressing. what did you find? well, we studied four different effects that people thought might have affected the previous claims of global warming. one of them is whether heating"
https://archive.org/details/MSNBCW_20111109_110000_Morning_Joe#start/1710/end/1745,11/9/2011 11:28:45,MSNBC,Morning Joe,MSNBCW_20111109_110000_Morning_Joe,https://archive.org/download/MSNBCW_20111109_110000_Morning_Joe/MSNBCW_20111109_110000_Morning_Joe.thumbs/MSNBCW_20111109_110000_Morning_Joe_001706.jpg,"we'll have more extreme occurrences in the future. and somebody laughed at him and said, what? are you a global warming guy? this goes back to arithmetic, said just look at the numbers. he said -- he said there are --  _"
https://archive.org/details/MSNBCW_20111101_190000_Martin_Bashir#start/0/end/34,11/1/2011 19:00:14,MSNBC,Martin Bashir,MSNBCW_20111101_190000_Martin_Bashir,https://archive.org/download/MSNBCW_20111101_190000_Martin_Bashir/MSNBCW_20111101_190000_Martin_Bashir.thumbs/MSNBCW_20111101_190000_Martin_Bashir_000030.jpg,"through you your head. for took 24 hours, but we don't know all the facts. a roping eye? i enjoy flowers from everybody else. the koch brothers expert on global warming agrees. the earth is getting hotter."
https://archive.org/details/MSNBCW_20111101_190000_Martin_Bashir#start/920/end/955,11/1/2011 19:15:35,MSNBC,Martin Bashir,MSNBCW_20111101_190000_Martin_Bashir,https://archive.org/download/MSNBCW_20111101_190000_Martin_Bashir/MSNBCW_20111101_190000_Martin_Bashir.thumbs/MSNBCW_20111101_190000_Martin_Bashir_000900.jpg,"global warming is happening, however your coauthor according to a british newspaper said you were hiding certain data that would actually indicate that the world temperature, the global temperature is going down. what are you saying to this"
https://archive.org/details/MSNBCW_20111123_010000_The_Ed_Show#start/3000/end/3035,11/23/2011 1:50:15,MSNBC,The Ed Show,MSNBCW_20111123_010000_The_Ed_Show,https://archive.org/download/MSNBCW_20111123_010000_The_Ed_Show/MSNBCW_20111123_010000_The_Ed_Show.thumbs/MSNBCW_20111123_010000_The_Ed_Show_002996.jpg,"certain disabled veterans to, quote, hurry up and die. more muffinsen scandal? for $16 muffins. global warming, where are you? we want you back. we don't reduce our carbon emissions, aliens might come and kill us. $16 muffin."
https://archive.org/details/MSNBCW_20111123_060000_The_Last_Word#start/408/end/443,11/23/2011 6:07:03,MSNBC,The Last Word,MSNBCW_20111123_060000_The_Last_Word,https://archive.org/download/MSNBCW_20111123_060000_The_Last_Word/MSNBCW_20111123_060000_The_Last_Word.thumbs/MSNBCW_20111123_060000_The_Last_Word_000386.jpg,"are going to start looking for other choices. gingrich does -- it's interesting to see his rise, because he has taken some very controversial positions on mandated health care, on global warming and on immigration. really outside of conservative orthodoxy."
https://archive.org/details/MSNBCW_20111123_080000_The_Ed_Show#start/2958/end/2993,11/23/2011 8:49:33,MSNBC,The Ed Show,MSNBCW_20111123_080000_The_Ed_Show,https://archive.org/download/MSNBCW_20111123_080000_The_Ed_Show/MSNBCW_20111123_080000_The_Ed_Show.thumbs/MSNBCW_20111123_080000_The_Ed_Show_002936.jpg,"this is just a latest in a series of studies showing that fox viewers are significantly less informed than others on just about every topic, including global warming, health care, the islamic cultural center near ground zero."
https://archive.org/details/MSNBCW_20111123_080000_The_Ed_Show#start/3002/end/3037,11/23/2011 8:50:17,MSNBC,The Ed Show,MSNBCW_20111123_080000_The_Ed_Show,https://archive.org/download/MSNBCW_20111123_080000_The_Ed_Show/MSNBCW_20111123_080000_The_Ed_Show.thumbs/MSNBCW_20111123_080000_The_Ed_Show_002996.jpg,"administration is now actually pressuring certain disabled veterans to quote, hurry up and die. more muffin scandal? $16 muffin. global warming, where are you? we want you back? if we don't reduce our carbon emissions, aliens might come and"
https://archive.org/details/MSNBCW_20111113_130000_Up_W_Chris_Hayes#start/5188/end/5223,11/13/2011 14:26:43,MSNBC,Up W Chris Hayes,MSNBCW_20111113_130000_Up_W_Chris_Hayes,https://archive.org/download/MSNBCW_20111113_130000_Up_W_Chris_Hayes/MSNBCW_20111113_130000_Up_W_Chris_Hayes.thumbs/MSNBCW_20111113_130000_Up_W_Chris_Hayes_005186.jpg,"i should tell folks, there's a famous science, and he wrote a book called 'the skeptical scientist' in which he wrote that global warming was incorrect and then he wrote a second book saying i was"
https://archive.org/details/MSNBCW_20111130_060000_The_Last_Word#start/2811/end/2846,11/30/2011 6:47:06,MSNBC,The Last Word,MSNBCW_20111130_060000_The_Last_Word,https://archive.org/download/MSNBCW_20111130_060000_The_Last_Word/MSNBCW_20111130_060000_The_Last_Word.thumbs/MSNBCW_20111130_060000_The_Last_Word_002790.jpg,"pelosi about climate change, and, of course, limiting himself to recent years allows gingrich to ignore the $300000 fine that the house ethics committee hit"
https://archive.org/details/MSNBCW_20111113_130000_Up_W_Chris_Hayes#start/5026/end/5061,11/13/2011 14:24:01,MSNBC,Up W Chris Hayes,MSNBCW_20111113_130000_Up_W_Chris_Hayes,https://archive.org/download/MSNBCW_20111113_130000_Up_W_Chris_Hayes/MSNBCW_20111113_130000_Up_W_Chris_Hayes.thumbs/MSNBCW_20111113_130000_Up_W_Chris_Hayes_005006.jpg,"friend and colleague, martin bashir. we just had mark and josh on that were talking about the climate change. his statistics about the job"
https://archive.org/details/MSNBCW_20111130_200000_Martin_Bashir#start/1896/end/1931,11/30/2011 20:31:51,MSNBC,Martin Bashir,MSNBCW_20111130_200000_Martin_Bashir,https://archive.org/download/MSNBCW_20111130_200000_Martin_Bashir/MSNBCW_20111130_200000_Martin_Bashir.thumbs/MSNBCW_20111130_200000_Martin_Bashir_001890.jpg,"prove true, that means you are only one extra-marital affair behind newt gingrich. climate change, abortion, immigration, gay rights. how can voters trust what they"
https://archive.org/details/MSNBCW_20111128_110000_Morning_Joe#start/6977/end/7012,11/28/2011 12:56:32,MSNBC,Morning Joe,MSNBCW_20111128_110000_Morning_Joe,https://archive.org/download/MSNBCW_20111128_110000_Morning_Joe/MSNBCW_20111128_110000_Morning_Joe.thumbs/MSNBCW_20111128_110000_Morning_Joe_006956.jpg,"his record, he's got a couple things. but global warming and he's got one or two others. but i'll guarantee you, nine out of ten times he's rock solid conservative as a utah governor and, yet, you have romney and"
https://archive.org/details/MSNBCW_20111130_040000_The_Ed_Show#start/875/end/910,11/30/2011 4:14:50,MSNBC,The Ed Show,MSNBCW_20111130_040000_The_Ed_Show,https://archive.org/download/MSNBCW_20111130_040000_The_Ed_Show/MSNBCW_20111130_040000_The_Ed_Show.thumbs/MSNBCW_20111130_040000_The_Ed_Show_000867.jpg,"forgive him for things like global warming. that ad he did with speaker nancy pelosi. who's going to forget that? not me. later, republicans are hedging on a tax cut that would put $1500 in the pockets of middle class americans because"
https://archive.org/details/MSNBCW_20111122_070000_Hardball_With_Chris_Matthews#start/783/end/818,11/22/2011 7:13:18,MSNBC,Hardball With Chris Matthews,MSNBCW_20111122_070000_Hardball_With_Chris_Matthews,https://archive.org/download/MSNBCW_20111122_070000_Hardball_With_Chris_Matthews/MSNBCW_20111122_070000_Hardball_With_Chris_Matthews.thumbs/MSNBCW_20111122_070000_Hardball_With_Chris_Matthews_000777.jpg,"well now newt gingrich is explaining why he's changed his position on, well let's count, health care, global warming, tarp and big shocker, his new opinions are just what conservatives want to hear. how surprising. that's ahead. you're watching 'hardball' only on msnbc."
https://archive.org/details/MSNBCW_20111123_040000_The_Ed_Show#start/3564/end/3599,11/23/2011 4:59:39,MSNBC,The Ed Show,MSNBCW_20111123_040000_The_Ed_Show,https://archive.org/download/MSNBCW_20111123_040000_The_Ed_Show/MSNBCW_20111123_040000_The_Ed_Show.thumbs/MSNBCW_20111123_040000_The_Ed_Show_003416.jpg,"these are the things that you look at newt gingrich and then all of the flip-flips on issues where he used to be for global warming, now he's against it. that is where newt gingrich --? john, does he beat mitt romney?"
https://archive.org/details/MSNBCW_20111117_220000_Hardball_With_Chris_Matthews#start/3087/end/3122,11/17/2011 22:51:42,MSNBC,Hardball With Chris Matthews,MSNBCW_20111117_220000_Hardball_With_Chris_Matthews,https://archive.org/download/MSNBCW_20111117_220000_Hardball_With_Chris_Matthews/MSNBCW_20111117_220000_Hardball_With_Chris_Matthews.thumbs/MSNBCW_20111117_220000_Hardball_With_Chris_Matthews_003086.jpg,"damaged by that he damaged himself. simply by revealing what he presumably felt at the time about issues like global warming and choice and gay rights and things all of which he has flip flopped on now that he is"
https://archive.org/details/MSNBCW_20111104_100000_Morning_Joe#start/8947/end/8982,11/4/2011 12:29:22,MSNBC,Morning Joe,MSNBCW_20111104_100000_Morning_Joe,https://archive.org/download/MSNBCW_20111104_100000_Morning_Joe/MSNBCW_20111104_100000_Morning_Joe.thumbs/MSNBCW_20111104_100000_Morning_Joe_008937.jpg,"and by the way, people who are confused right now, munching their cheetos. i'm not saying there is not global warming. i'm saying there is. but your comparison -- well, i think that -- as herman cain would say, apples, oranges. they're both fruit, aren't"
https://archive.org/details/MSNBCW_20111124_120000_MSNBC_Live#start/12198/end/12233,11/24/2011 15:23:33,MSNBC,MSNBC Live,MSNBCW_20111124_120000_MSNBC_Live,https://archive.org/download/MSNBCW_20111124_120000_MSNBC_Live/MSNBCW_20111124_120000_MSNBC_Live.thumbs/MSNBCW_20111124_120000_MSNBC_Live_012176.jpg,"is hawkish on defense policies. but when it comes to domestic policy, when you look at climate change and his allegiance to a national health care policy, he"
https://archive.org/details/MSNBCW_20111116_070000_Hardball_With_Chris_Matthews#start/2083/end/2118,11/16/2011 7:34:58,MSNBC,Hardball With Chris Matthews,MSNBCW_20111116_070000_Hardball_With_Chris_Matthews,https://archive.org/download/MSNBCW_20111116_070000_Hardball_With_Chris_Matthews/MSNBCW_20111116_070000_Hardball_With_Chris_Matthews.thumbs/MSNBCW_20111116_070000_Hardball_With_Chris_Matthews_002067.jpg,"your prime minister. and most scientists in the world, climate change is a real problem. and that human activity is contributing to it. we all have a responsibility to"
https://archive.org/details/MSNBCW_20111129_200000_Martin_Bashir#start/2985/end/3020,11/29/2011 20:50:00,MSNBC,Martin Bashir,MSNBCW_20111129_200000_Martin_Bashir,https://archive.org/download/MSNBCW_20111129_200000_Martin_Bashir/MSNBCW_20111129_200000_Martin_Bashir.thumbs/MSNBCW_20111129_200000_Martin_Bashir_002970.jpg,"do you believe in man made global warming that because the planet is pollute and we spew a lot of stuff into the air that has influence the way climate comes about? do you believe that? i don't think we know. the evidence is not complete."
https://archive.org/details/MSNBCW_20111130_060000_The_Last_Word#start/2586/end/2621,11/30/2011 6:43:21,MSNBC,The Last Word,MSNBCW_20111130_060000_The_Last_Word,https://archive.org/download/MSNBCW_20111130_060000_The_Last_Word/MSNBCW_20111130_060000_The_Last_Word.thumbs/MSNBCW_20111130_060000_The_Last_Word_002580.jpg,"you, sitting there talking about global warming on tv. what was that all about? what was that all about is the standard fox news question to republican presidential candidates who have a problem they need to deal with publicly. it's not a pointed question."
https://archive.org/details/MSNBCW_20111129_103000_Way_Too_Early_With_Willie_Geist#start/140/end/175,11/29/2011 10:32:35,MSNBC,Way Too Early With Willie Geist,MSNBCW_20111129_103000_Way_Too_Early_With_Willie_Geist,https://archive.org/download/MSNBCW_20111129_103000_Way_Too_Early_With_Willie_Geist/MSNBCW_20111129_103000_Way_Too_Early_With_Willie_Geist.thumbs/MSNBCW_20111129_103000_Way_Too_Early_With_Willie_Geist_000120.jpg,"speaker nancy pelosi. gingrich defended himself on this ad last night on fox news. do you believe in manmade global warming, that because the planet is polluted and we spew a lot of stuff into the air, that has influenced the way climate comes about?"
https://archive.org/details/MSNBCW_20111114_110000_Morning_Joe#start/6341/end/6376,11/14/2011 12:45:56,MSNBC,Morning Joe,MSNBCW_20111114_110000_Morning_Joe,https://archive.org/download/MSNBCW_20111114_110000_Morning_Joe/MSNBCW_20111114_110000_Morning_Joe.thumbs/MSNBCW_20111114_110000_Morning_Joe_006327.jpg,"back that far. and we were able to do that. the reason i'm worried about global warming is not because it is evident because there are heat deaths in france or because there is more hurricanes or tornadoes, actually there are fewer hurricanes and tornadoes."
https://archive.org/details/MSNBCW_20111122_070000_Hardball_With_Chris_Matthews#start/72/end/107,11/22/2011 7:01:27,MSNBC,Hardball With Chris Matthews,MSNBCW_20111122_070000_Hardball_With_Chris_Matthews,https://archive.org/download/MSNBCW_20111122_070000_Hardball_With_Chris_Matthews/MSNBCW_20111122_070000_Hardball_With_Chris_Matthews.thumbs/MSNBCW_20111122_070000_Hardball_With_Chris_Matthews_000057.jpg,"explanations for why he's changed his positions on the health care mandate, on global warming, on tarp, on what he called paul ryan's right wing social engineering medicare plan and luckily for newt, all of his new positions line up nicely with the conservative republican"
https://archive.org/details/MSNBCW_20111101_190000_Martin_Bashir#start/952/end/987,11/1/2011 19:16:07,MSNBC,Martin Bashir,MSNBCW_20111101_190000_Martin_Bashir,https://archive.org/download/MSNBCW_20111101_190000_Martin_Bashir/MSNBCW_20111101_190000_Martin_Bashir.thumbs/MSNBCW_20111101_190000_Martin_Bashir_000930.jpg,"cannot be use to either confirm or deny a slow down in global warming over the past 13 years. she was referring to other data, not our data that shows that. i even pointed out that other data shows that, but when i was"
https://archive.org/details/MSNBCW_20111123_010000_The_Ed_Show#start/2954/end/2989,11/23/2011 1:49:29,MSNBC,The Ed Show,MSNBCW_20111123_010000_The_Ed_Show,https://archive.org/download/MSNBCW_20111123_010000_The_Ed_Show/MSNBCW_20111123_010000_The_Ed_Show.thumbs/MSNBCW_20111123_010000_The_Ed_Show_002937.jpg,"the study is just the latest in a series of surveys all showing fox news viewers are signific t significantsignifican significantly less informed than others on just about every topic. including global warming, health care, the islamic culture center near ground zero. now, how could that be?"
https://archive.org/details/MSNBCW_20111129_110000_Morning_Joe#start/589/end/624,11/29/2011 11:10:04,MSNBC,Morning Joe,MSNBCW_20111129_110000_Morning_Joe,https://archive.org/download/MSNBCW_20111129_110000_Morning_Joe/MSNBCW_20111129_110000_Morning_Joe.thumbs/MSNBCW_20111129_110000_Morning_Joe_000566.jpg,"one. on a couch, a love seat. global warming is very important. and that's why they're together. right. what is the next question? all right. next question. this next one is a great one. this next one is a great one. who once famously said, i"
https://archive.org/details/MSNBCW_20111116_110000_Morning_Joe#start/3052/end/3087,11/16/2011 11:51:07,MSNBC,Morning Joe,MSNBCW_20111116_110000_Morning_Joe,https://archive.org/download/MSNBCW_20111116_110000_Morning_Joe/MSNBCW_20111116_110000_Morning_Joe.thumbs/MSNBCW_20111116_110000_Morning_Joe_003026.jpg,"but even the smart ones have to pretend to be dumb, which is unfortunate. dumbing it down. dumbing it down. romney pretending he doesn't know anything about global warming. what is this? this is very demeaning to everyone concerned. do you remember a couple of"
https://archive.org/details/MSNBCW_20111130_060000_The_Last_Word#start/2651/end/2686,11/30/2011 6:44:26,MSNBC,The Last Word,MSNBCW_20111130_060000_The_Last_Word,https://archive.org/download/MSNBCW_20111130_060000_The_Last_Word/MSNBCW_20111130_060000_The_Last_Word.thumbs/MSNBCW_20111130_060000_The_Last_Word_002640.jpg,"do you believe in man made global warming that because the planet is polluted and spew out stuff in the air that has influenced the way climate comes about, do you believe that? i don't think we know. i think the evidence is not"
https://archive.org/details/MSNBCW_20111123_010000_The_Ed_Show#start/3561/end/3596,11/23/2011 1:59:36,MSNBC,The Ed Show,MSNBCW_20111123_010000_The_Ed_Show,https://archive.org/download/MSNBCW_20111123_010000_The_Ed_Show/MSNBCW_20111123_010000_The_Ed_Show.thumbs/MSNBCW_20111123_010000_The_Ed_Show_003536.jpg,"to vote. hey, joe, that's a dog whistle issue. right? the more that you look at newt gingrich and all the flip-flops on the issue where he used to be for global warming, now he's against it. all that stuff. joe, does he beat mitt"
https://archive.org/details/MSNBCW_20111119_103000_Your_Business#start/1264/end/1299,11/19/2011 10:51:19,MSNBC,Your Business,MSNBCW_20111119_103000_Your_Business,https://archive.org/download/MSNBCW_20111119_103000_Your_Business/MSNBCW_20111119_103000_Your_Business.thumbs/MSNBCW_20111119_103000_Your_Business_001256.jpg,"said we'll tackle climate change when it's good business to do so. when looking at any environmental matter, products or services, it needs to be profitable and a value for the"
https://archive.org/details/MSNBCW_20111101_190000_Martin_Bashir#start/695/end/730,11/1/2011 19:11:50,MSNBC,Martin Bashir,MSNBCW_20111101_190000_Martin_Bashir,https://archive.org/download/MSNBCW_20111101_190000_Martin_Bashir/MSNBCW_20111101_190000_Martin_Bashir.thumbs/MSNBCW_20111101_190000_Martin_Bashir_000690.jpg,"flip flop. we don't know what's causing climate change on the planet. it was only june that man was partially to blame. here's rick perry who believes scientists are making it all up."
https://archive.org/details/MSNBCW_20111130_220000_Hardball_With_Chris_Matthews#start/62/end/97,11/30/2011 22:01:17,MSNBC,Hardball With Chris Matthews,MSNBCW_20111130_220000_Hardball_With_Chris_Matthews,https://archive.org/download/MSNBCW_20111130_220000_Hardball_With_Chris_Matthews/MSNBCW_20111130_220000_Hardball_With_Chris_Matthews.thumbs/MSNBCW_20111130_220000_Hardball_With_Chris_Matthews_000056.jpg,"plus, mitt romney's feeling the heat as newt gingrich does rise in the polls. he got a tad testy in an interview with fox. climate change, abortion, immigration, gay rights, how can"
https://archive.org/details/MSNBCW_20111130_050000_The_Rachel_Maddow_Show#start/2550/end/2585,11/30/2011 5:42:45,MSNBC,The Rachel Maddow Show,MSNBCW_20111130_050000_The_Rachel_Maddow_Show,https://archive.org/download/MSNBCW_20111130_050000_The_Rachel_Maddow_Show/MSNBCW_20111130_050000_The_Rachel_Maddow_Show.thumbs/MSNBCW_20111130_050000_The_Rachel_Maddow_Show_002546.jpg,"what deals were he in? where were the inconsistencies? i think newt gingrich is going to have problems maintaining a tax against governor romney's authenticity, when, for example, just a few years ago he was appearing in global warming videos with nancy pelosi paid for by vice president gore's"
https://archive.org/details/MSNBCW_20111129_103000_Way_Too_Early_With_Willie_Geist#start/124/end/159,11/29/2011 10:32:19,MSNBC,Way Too Early With Willie Geist,MSNBCW_20111129_103000_Way_Too_Early_With_Willie_Geist,https://archive.org/download/MSNBCW_20111129_103000_Way_Too_Early_With_Willie_Geist/MSNBCW_20111129_103000_Way_Too_Early_With_Willie_Geist.thumbs/MSNBCW_20111129_103000_Way_Too_Early_With_Willie_Geist_000120.jpg,"people have to ask themselves, what would you tell me next time? gingrich talking, of course, there about mitt romney. the former speaker continues to get criticism from members of his own party over a 2008 global warming ad you're seeing right here, one he did with then house"
https://archive.org/details/MSNBCW_20111114_110000_Morning_Joe#start/6188/end/6223,11/14/2011 12:43:23,MSNBC,Morning Joe,MSNBCW_20111114_110000_Morning_Joe,https://archive.org/download/MSNBCW_20111114_110000_Morning_Joe/MSNBCW_20111114_110000_Morning_Joe.thumbs/MSNBCW_20111114_110000_Morning_Joe_006177.jpg,"of cities contributed unfairly to the estimate. cities do heat more. but that's not because of the greenhouse effects. so you don't want to include that in when you measure global warming. there are issues of whether they had treated the data fairly. they used only 20% of the data"
https://archive.org/details/MSNBCW_20111114_110000_Morning_Joe#start/6388/end/6423,11/14/2011 12:46:43,MSNBC,Morning Joe,MSNBCW_20111114_110000_Morning_Joe,https://archive.org/download/MSNBCW_20111114_110000_Morning_Joe/MSNBCW_20111114_110000_Morning_Joe.thumbs/MSNBCW_20111114_110000_Morning_Joe_006387.jpg,"that needed addressing. that's why two years ago i was not convinced that global warming was real or that it existed. now, the other scientific groups said, oh, we've done a good job, but there were outstanding issues, we have addressed those now. i think now we've stepped"
https://archive.org/details/MSNBCW_20111121_220000_Hardball_With_Chris_Matthews#start/836/end/871,11/21/2011 22:14:11,MSNBC,Hardball With Chris Matthews,MSNBCW_20111121_220000_Hardball_With_Chris_Matthews,https://archive.org/download/MSNBCW_20111121_220000_Hardball_With_Chris_Matthews/MSNBCW_20111121_220000_Hardball_With_Chris_Matthews.thumbs/MSNBCW_20111121_220000_Hardball_With_Chris_Matthews_000836.jpg,"is a flip-flopper? well, he is, of course. wait until you catch this one. newt gingrich is explaining why he changed his positions on just about everything from health care to global warming to tarp and big shocker, every one of this has changes are to the currently popular conservative"
https://archive.org/details/MSNBCW_20111118_000000_Hardball_With_Chris_Matthews#start/3087/end/3122,11/18/2011 0:51:42,MSNBC,Hardball With Chris Matthews,MSNBCW_20111118_000000_Hardball_With_Chris_Matthews,https://archive.org/download/MSNBCW_20111118_000000_Hardball_With_Chris_Matthews/MSNBCW_20111118_000000_Hardball_With_Chris_Matthews.thumbs/MSNBCW_20111118_000000_Hardball_With_Chris_Matthews_003087.jpg,"presumably felt at the time about issues like global warming and choice and gay rights and things like that. all of which he has flip-flopped on now that he is running for president in the republican party. this is an extraordinary event we have here, watching this"
https://archive.org/details/MSNBCW_20111101_230000_Hardball_With_Chris_Matthews#start/1378/end/1413,11/1/2011 23:23:13,MSNBC,Hardball With Chris Matthews,MSNBCW_20111101_230000_Hardball_With_Chris_Matthews,https://archive.org/download/MSNBCW_20111101_230000_Hardball_With_Chris_Matthews/MSNBCW_20111101_230000_Hardball_With_Chris_Matthews.thumbs/MSNBCW_20111101_230000_Hardball_With_Chris_Matthews_001376.jpg,"penchant for flip-flopping. listen to what he said back in june followed by what he said on thursday on global warming. let's watch the moves. i believe based on what i read that the world is getting warmer. and number two, i believe that humans contribute to that."
https://archive.org/details/MSNBCW_20111102_060000_Hardball_With_Chris_Matthews#start/1367/end/1402,11/2/2011 6:23:02,MSNBC,Hardball With Chris Matthews,MSNBCW_20111102_060000_Hardball_With_Chris_Matthews,https://archive.org/download/MSNBCW_20111102_060000_Hardball_With_Chris_Matthews/MSNBCW_20111102_060000_Hardball_With_Chris_Matthews.thumbs/MSNBCW_20111102_060000_Hardball_With_Chris_Matthews_001346.jpg,"penchant for flip-flopping. listen to what he said back in june followed by what he said on thursday on global warming. let's watch the moves. i believe based on what i read that the world is getting warmer. and number two, i believe that humans contribute to that."
https://archive.org/details/MSNBCW_20111130_080000_The_Ed_Show#start/875/end/910,11/30/2011 8:14:50,MSNBC,The Ed Show,MSNBCW_20111130_080000_The_Ed_Show,https://archive.org/download/MSNBCW_20111130_080000_The_Ed_Show/MSNBCW_20111130_080000_The_Ed_Show.thumbs/MSNBCW_20111130_080000_The_Ed_Show_000867.jpg,"coming up, newt gingrich could be the new republican front-runner, so republicans, well, they're going to have to forgive him for things like global warming. that ad he did with speaker nancy pelosi. who's going to forget that? not me. later, republicans are hedging on a tax cut that would"
https://archive.org/details/MSNBCW_20111130_030000_The_Last_Word#start/2641/end/2676,11/30/2011 3:44:16,MSNBC,The Last Word,MSNBCW_20111130_030000_The_Last_Word,https://archive.org/download/MSNBCW_20111130_030000_The_Last_Word/MSNBCW_20111130_030000_The_Last_Word.thumbs/MSNBCW_20111130_030000_The_Last_Word_002637.jpg,"do you believe in man made global warming that because the planet is polluted and spew out stuff in the air that has influenced the way climate comes about, do you believe that? i don't think we know. i think the evidence is not complete, and i think that we're"
https://archive.org/details/MSNBCW_20111102_190000_Martin_Bashir#start/2617/end/2652,11/2/2011 19:43:52,MSNBC,Martin Bashir,MSNBCW_20111102_190000_Martin_Bashir,https://archive.org/download/MSNBCW_20111102_190000_Martin_Bashir/MSNBCW_20111102_190000_Martin_Bashir.thumbs/MSNBCW_20111102_190000_Martin_Bashir_002610.jpg,"well, the republicans in the house passed legislation that basically is doing away with the clean air act. there is almost a premise in there that we can get rid of global warming or health hazards bypassing a law saying it doesn't count. that's the absurd definition of"
https://archive.org/details/MSNBCW_20111116_110000_Morning_Joe#start/583/end/618,11/16/2011 11:09:58,MSNBC,Morning Joe,MSNBCW_20111116_110000_Morning_Joe,https://archive.org/download/MSNBCW_20111116_110000_Morning_Joe/MSNBCW_20111116_110000_Morning_Joe.thumbs/MSNBCW_20111116_110000_Morning_Joe_000566.jpg,"even romney now has to say he doesn't know where global warming comes from. even the smart ones have to act stupid. for those who seem to be on the cain train, let's take a look at his pauses, just for a second. this is what he calls pausing."
https://archive.org/details/MSNBCW_20111130_030000_The_Last_Word#start/2800/end/2835,11/30/2011 3:46:55,MSNBC,The Last Word,MSNBCW_20111130_030000_The_Last_Word,https://archive.org/download/MSNBCW_20111130_030000_The_Last_Word/MSNBCW_20111130_030000_The_Last_Word.thumbs/MSNBCW_20111130_030000_The_Last_Word_002787.jpg,"dumber than agreeing with nancy pelosi about climate change, and, of course, limiting himself to recent years allows gingrich to ignore the $300000 fine that the house ethics committee hit him with in 1997."
https://archive.org/details/MSNBCW_20111113_130000_Up_W_Chris_Hayes#start/4507/end/4542,11/13/2011 14:15:22,MSNBC,Up W Chris Hayes,MSNBCW_20111113_130000_Up_W_Chris_Hayes,https://archive.org/download/MSNBCW_20111113_130000_Up_W_Chris_Hayes/MSNBCW_20111113_130000_Up_W_Chris_Hayes.thumbs/MSNBCW_20111113_130000_Up_W_Chris_Hayes_004496.jpg,"we had the biggest recession in 80 years, and still our carbons emission jumped 6%. climate change is real. it's happening. it's happening to america today and americans today. we need a renewable national"
https://archive.org/details/MSNBCW_20111130_060000_The_Last_Word#start/2990/end/3025,11/30/2011 6:50:05,MSNBC,The Last Word,MSNBCW_20111130_060000_The_Last_Word,https://archive.org/download/MSNBCW_20111130_060000_The_Last_Word/MSNBCW_20111130_060000_The_Last_Word.thumbs/MSNBCW_20111130_060000_The_Last_Word_002970.jpg,"running for office thought it was cool to have oral sex with another man's wife in a suburban driveway while his kids were walking past the car. doing a tv ad about climate change with nancy pelosi is"
https://archive.org/details/MSNBCW_20111130_080000_The_Ed_Show#start/1197/end/1232,11/30/2011 8:20:12,MSNBC,The Ed Show,MSNBCW_20111130_080000_The_Ed_Show,https://archive.org/download/MSNBCW_20111130_080000_The_Ed_Show/MSNBCW_20111130_080000_The_Ed_Show.thumbs/MSNBCW_20111130_080000_The_Ed_Show_001197.jpg,"address climate change. did he say agree? that's a problem. here's gingrich telling o'reilly, it was a mistake. well, i've said it's one of the dumbest things i've done in recent years. i actively oppose cap and trade."
https://archive.org/details/MSNBCW_20111130_030000_The_Last_Word#start/2989/end/3024,11/30/2011 3:50:04,MSNBC,The Last Word,MSNBCW_20111130_030000_The_Last_Word,https://archive.org/download/MSNBCW_20111130_030000_The_Last_Word/MSNBCW_20111130_030000_The_Last_Word.thumbs/MSNBCW_20111130_030000_The_Last_Word_002967.jpg,"doing a tv ad about climate change with nancy pelosi is nowhere close to the dumbest things newt gingrich has done in recent years or any years. at the obama re-election headquarters tonight, everyone"
https://archive.org/details/MSNBCW_20111130_180000_Andrea_Mitchell_Reports#start/2390/end/2425,11/30/2011 18:40:05,MSNBC,Andrea Mitchell Reports,MSNBCW_20111130_180000_Andrea_Mitchell_Reports,https://archive.org/download/MSNBCW_20111130_180000_Andrea_Mitchell_Reports/MSNBCW_20111130_180000_Andrea_Mitchell_Reports.thumbs/MSNBCW_20111130_180000_Andrea_Mitchell_Reports_002366.jpg,"with bret baird, and got a little testy. let's watch. climate change, abortion, immigration, gay rights, how can voters trust what they hear from you today is what you will believe if you win the white"
https://archive.org/details/MSNBCW_20111113_123000_Your_Business#start/1247/end/1282,11/13/2011 12:51:02,MSNBC,Your Business,MSNBCW_20111113_123000_Your_Business,https://archive.org/download/MSNBCW_20111113_123000_Your_Business/MSNBCW_20111113_123000_Your_Business.thumbs/MSNBCW_20111113_123000_Your_Business_001226.jpg,"service, but it has to make economic sense. i think it was former president clinton that said we will tackle climate change when it's good business to do so. when we are looking at any environmental matter, again,"
https://archive.org/details/MSNBCW_20111109_110000_Morning_Joe#start/1927/end/1962,11/9/2011 11:32:22,MSNBC,Morning Joe,MSNBCW_20111109_110000_Morning_Joe,https://archive.org/download/MSNBCW_20111109_110000_Morning_Joe/MSNBCW_20111109_110000_Morning_Joe.thumbs/MSNBCW_20111109_110000_Morning_Joe_001916.jpg,"simply overreached telling us florida was going to be under water in five years. if you raised any questions, you were burned at the stake. seriously, they were fundamentalists of the climate change movement, and americans"
https://archive.org/details/MSNBCW_20111106_130000_Up_W_Chris_Hayes#start/3312/end/3347,11/6/2011 13:55:27,MSNBC,Up W Chris Hayes,MSNBCW_20111106_130000_Up_W_Chris_Hayes,https://archive.org/download/MSNBCW_20111106_130000_Up_W_Chris_Hayes/MSNBCW_20111106_130000_Up_W_Chris_Hayes.thumbs/MSNBCW_20111106_130000_Up_W_Chris_Hayes_003296.jpg,"clear that human beings are causing climate change, and this is the challenge of the 21st century that is being ignored by the republican side certainly. how can you stop yourself from standing up and shaking these"
https://archive.org/details/MSNBCW_20111101_210000_Hardball_With_Chris_Matthews#start/1120/end/1155,11/1/2011 21:18:55,MSNBC,Hardball With Chris Matthews,MSNBCW_20111101_210000_Hardball_With_Chris_Matthews,https://archive.org/download/MSNBCW_20111101_210000_Hardball_With_Chris_Matthews/MSNBCW_20111101_210000_Hardball_With_Chris_Matthews.thumbs/MSNBCW_20111101_210000_Hardball_With_Chris_Matthews_001106.jpg,"but he's not the only one who's had a bad few days. look at mitt romney's flip-flopping around climate change. that won't go away. that flip-flopping label's not going away. and last week, romney got caught"
https://archive.org/details/MSNBCW_20111116_150000_Jansing_and_Co.#start/287/end/322,11/16/2011 15:05:02,MSNBC,Jansing and Co.,MSNBCW_20111116_150000_Jansing_and_Co.,https://archive.org/download/MSNBCW_20111116_150000_Jansing_and_Co./MSNBCW_20111116_150000_Jansing_and_Co..thumbs/MSNBCW_20111116_150000_Jansing_and_Co._000267.jpg,"and then the ad that you both remember -- we don't always see eye to eye, do we, newt? no. but we do agree, our country must take action to address climate change. so, josh, that ad he calls"
https://archive.org/details/MSNBCW_20111130_060000_The_Last_Word#start/2553/end/2588,11/30/2011 6:42:48,MSNBC,The Last Word,MSNBCW_20111130_060000_The_Last_Word,https://archive.org/download/MSNBCW_20111130_060000_The_Last_Word/MSNBCW_20111130_060000_The_Last_Word.thumbs/MSNBCW_20111130_060000_The_Last_Word_002550.jpg,"newt used to be a liberal on climate change, and bill o'reilly took on the job last night of helping him deal with that anyway forthright fox news kind of way so newt could put it"
https://archive.org/details/MSNBCW_20111130_103000_Way_Too_Early_With_Willie_Geist#start/319/end/354,11/30/2011 10:35:34,MSNBC,Way Too Early With Willie Geist,MSNBCW_20111130_103000_Way_Too_Early_With_Willie_Geist,https://archive.org/download/MSNBCW_20111130_103000_Way_Too_Early_With_Willie_Geist/MSNBCW_20111130_103000_Way_Too_Early_With_Willie_Geist.thumbs/MSNBCW_20111130_103000_Way_Too_Early_With_Willie_Geist_000300.jpg,"fit keeps me from winning a primary, so be it. gingrich was, of course, the one who did the global warming ad with nancy pelosi. the democratic national committee focusing its attention on romney, attacking him for changing positions in the ad we've been showing you this week called mitt versus mitt."
https://archive.org/details/MSNBCW_20111106_120000_Hardball_Weekend#start/1582/end/1617,11/6/2011 12:26:37,MSNBC,Hardball Weekend,MSNBCW_20111106_120000_Hardball_Weekend,https://archive.org/download/MSNBCW_20111106_120000_Hardball_Weekend/MSNBCW_20111106_120000_Hardball_Weekend.thumbs/MSNBCW_20111106_120000_Hardball_Weekend_001556.jpg,"the current crop of gop candidates or some of them, at least, are not exactly on the dean's list when it comes to the science behind global warming. how will this anti-science platform play out in the race for the white house? according to a new york city mayor michael bloomberg, it"
https://archive.org/details/MSNBCW_20111122_000000_Hardball_With_Chris_Matthews#start/797/end/832,11/22/2011 0:13:32,MSNBC,Hardball With Chris Matthews,MSNBCW_20111122_000000_Hardball_With_Chris_Matthews,https://archive.org/download/MSNBCW_20111122_000000_Hardball_With_Chris_Matthews/MSNBCW_20111122_000000_Hardball_With_Chris_Matthews.thumbs/MSNBCW_20111122_000000_Hardball_With_Chris_Matthews_000776.jpg,"joining us. coming up, think mitt romney is a flip-flopper who will say anything to win? well now newt gingrich is explaining why he's changed his position on, well let's count, health care, global warming, tarp and big shocker, his new opinions are just what conservatives want to hear. how surprising."
https://archive.org/details/MSNBCW_20111123_080000_The_Ed_Show#start/3570/end/3605,11/23/2011 8:59:45,MSNBC,The Ed Show,MSNBCW_20111123_080000_The_Ed_Show,https://archive.org/download/MSNBCW_20111123_080000_The_Ed_Show/MSNBCW_20111123_080000_The_Ed_Show.thumbs/MSNBCW_20111123_080000_The_Ed_Show_003566.jpg,"gingrich and then the flip-flops on the issues where he used to be for global warming and now he isn't. joe, does he beat mitt romney? no, he's not going to beat mitt romney in this. he's the latest flavor. and i look for ron paul after iowa to be up there."
https://archive.org/details/MSNBCW_20111130_010000_The_Ed_Show#start/879/end/914,11/30/2011 1:14:54,MSNBC,The Ed Show,MSNBCW_20111130_010000_The_Ed_Show,https://archive.org/download/MSNBCW_20111130_010000_The_Ed_Show/MSNBCW_20111130_010000_The_Ed_Show.thumbs/MSNBCW_20111130_010000_The_Ed_Show_000866.jpg,"well, they're going to have to forgive him for things like global warming. that ad he did with speaker nancy pelosi. who's going to forget that? not me. later, republicans are hedging on a tax cut that would put $1500 in the pockets of middle class americans because the richest 2% of this country"
https://archive.org/details/MSNBCW_20111130_103000_Way_Too_Early_With_Willie_Geist#start/286/end/321,11/30/2011 10:35:01,MSNBC,Way Too Early With Willie Geist,MSNBCW_20111130_103000_Way_Too_Early_With_Willie_Geist,https://archive.org/download/MSNBCW_20111130_103000_Way_Too_Early_With_Willie_Geist/MSNBCW_20111130_103000_Way_Too_Early_With_Willie_Geist.thumbs/MSNBCW_20111130_103000_Way_Too_Early_With_Willie_Geist_000270.jpg,"anything to get elected, wouldn't i just say it was a mistake? i watched other people on the stage when they talk about the cap and trade policies. they say that was a mistake. when someone says i did this ad on global warming, that was a mistake. so they just dust it aside."
https://archive.org/details/MSNBCW_20111113_130000_Up_W_Chris_Hayes#start/5299/end/5334,11/13/2011 14:28:34,MSNBC,Up W Chris Hayes,MSNBCW_20111113_130000_Up_W_Chris_Hayes,https://archive.org/download/MSNBCW_20111113_130000_Up_W_Chris_Hayes/MSNBCW_20111113_130000_Up_W_Chris_Hayes.thumbs/MSNBCW_20111113_130000_Up_W_Chris_Hayes_005276.jpg,"issue. environmentalist used to fight the cap and trade -- yeah, a carbon tax. what we are seeing is we are trying to chase the consensus. this is something that i really think about a lot. i think about the civil rights movement, and i think about the level of social consensus that"
https://archive.org/details/MSNBCW_20111130_010000_The_Ed_Show#start/1193/end/1228,11/30/2011 1:20:08,MSNBC,The Ed Show,MSNBCW_20111130_010000_The_Ed_Show,https://archive.org/download/MSNBCW_20111130_010000_The_Ed_Show/MSNBCW_20111130_010000_The_Ed_Show.thumbs/MSNBCW_20111130_010000_The_Ed_Show_001166.jpg,"no, but we do agree, our country must take action to address climate change. did he say agree? that's a problem. here's gingrich telling o'reilly, it was a mistake. well, i've said it's one of the dumbest things i've done in"
https://archive.org/details/MSNBCW_20111129_200000_Martin_Bashir#start/3077/end/3112,11/29/2011 20:51:32,MSNBC,Martin Bashir,MSNBCW_20111129_200000_Martin_Bashir,https://archive.org/download/MSNBCW_20111129_200000_Martin_Bashir/MSNBCW_20111129_200000_Martin_Bashir.thumbs/MSNBCW_20111129_200000_Martin_Bashir_003060.jpg,"children and grandchildren depend on decisions we make now, and yet we have politicians pandering to the polluting corporations, saying, oh, we don't know if climate change is real. and it's embarrassing and shocking. newt gingrich says that he's agnostic on the science."
https://archive.org/details/MSNBCW_20111104_140000_Jansing_and_Co.#start/2733/end/2768,11/4/2011 14:45:48,MSNBC,Jansing and Co.,MSNBCW_20111104_140000_Jansing_and_Co.,https://archive.org/download/MSNBCW_20111104_140000_Jansing_and_Co./MSNBCW_20111104_140000_Jansing_and_Co..thumbs/MSNBCW_20111104_140000_Jansing_and_Co._002727.jpg,"fight climate change and create clean-energy economies. even as our countries work to save lives from the drought and terrible famine in the horn of africa, we agreed on the need to mobilize new resources to support the development that"
https://archive.org/details/MSNBCW_20111102_060000_Hardball_With_Chris_Matthews#start/1133/end/1168,11/2/2011 6:19:08,MSNBC,Hardball With Chris Matthews,MSNBCW_20111102_060000_Hardball_With_Chris_Matthews,https://archive.org/download/MSNBCW_20111102_060000_Hardball_With_Chris_Matthews/MSNBCW_20111102_060000_Hardball_With_Chris_Matthews.thumbs/MSNBCW_20111102_060000_Hardball_With_Chris_Matthews_001106.jpg,"going away. and last week, romney got caught making contradictory statements about two different statements, about the upcoming ohio union vote and climate change. meanwhile, rick perry has plummeted in the polls and gave a bizarre performance to put it"
https://archive.org/details/MSNBCW_20111130_140000_The_Daily_Rundown#start/139/end/174,11/30/2011 14:02:34,MSNBC,The Daily Rundown,MSNBCW_20111130_140000_The_Daily_Rundown,https://archive.org/download/MSNBCW_20111130_140000_The_Daily_Rundown/MSNBCW_20111130_140000_The_Daily_Rundown.thumbs/MSNBCW_20111130_140000_The_Daily_Rundown_000117.jpg,"day. last night's combative interview with fox shows why it started, it started with a straightforward question on issues that romney has changed his views on over time. here's how he reacted -- climate change, abortion, immigration, gay rights, how can"
https://archive.org/details/MSNBCW_20111113_130000_Up_W_Chris_Hayes#start/3824/end/3859,11/13/2011 14:03:59,MSNBC,Up W Chris Hayes,MSNBCW_20111113_130000_Up_W_Chris_Hayes,https://archive.org/download/MSNBCW_20111113_130000_Up_W_Chris_Hayes/MSNBCW_20111113_130000_Up_W_Chris_Hayes.thumbs/MSNBCW_20111113_130000_Up_W_Chris_Hayes_003806.jpg,"man's biggest enemy is climate change. if we don't turn it back in five years, it will be unstoppable. we will experience a world of pain and so will our children. the keystone pipeline was a collect action that was"
https://archive.org/details/MSNBCW_20111114_220000_Hardball_With_Chris_Matthews#start/230/end/265,11/14/2011 22:04:05,MSNBC,Hardball With Chris Matthews,MSNBCW_20111114_220000_Hardball_With_Chris_Matthews,https://archive.org/download/MSNBCW_20111114_220000_Hardball_With_Chris_Matthews/MSNBCW_20111114_220000_Hardball_With_Chris_Matthews.thumbs/MSNBCW_20111114_220000_Hardball_With_Chris_Matthews_000206.jpg,"he's as much as a flip-flopper as mitt romney is on cap and trade, climate change, on mandates and the paul ryan budget plan. a lot of evangelicals say that he has one ex-wife too many. i mean, he is getting the --  _"
https://archive.org/details/MSNBCW_20111130_110000_Morning_Joe#start/70/end/105,11/30/2011 11:01:25,MSNBC,Morning Joe,MSNBCW_20111130_110000_Morning_Joe,https://archive.org/download/MSNBCW_20111130_110000_Morning_Joe/MSNBCW_20111130_110000_Morning_Joe.thumbs/MSNBCW_20111130_110000_Morning_Joe_000056.jpg,"i watch other people on the stage and they say, oh, that was a mistake. oh, someone says i did this ad on global warming, that was a mistake. they dust it aside. and that makes them more attractive in a primary. i'm standing by what i did in massachusetts. not trying to dust it aside."
https://archive.org/details/MSNBCW_20111104_210000_Hardball_With_Chris_Matthews#start/1800/end/1835,11/4/2011 21:30:15,MSNBC,Hardball With Chris Matthews,MSNBCW_20111104_210000_Hardball_With_Chris_Matthews,https://archive.org/download/MSNBCW_20111104_210000_Hardball_With_Chris_Matthews/MSNBCW_20111104_210000_Hardball_With_Chris_Matthews.thumbs/MSNBCW_20111104_210000_Hardball_With_Chris_Matthews_001796.jpg,"and finally, we all know that the current crop of gop candidates or some of them, at least, are not exactly on the dean's list when it comes to the science behind global warming. how will this anti-science platform play out in the race for the white house? according to a new york city mayor michael bloomberg, it"
https://archive.org/details/MSNBCW_20111118_070000_Hardball_With_Chris_Matthews#start/3077/end/3112,11/18/2011 7:51:32,MSNBC,Hardball With Chris Matthews,MSNBCW_20111118_070000_Hardball_With_Chris_Matthews,https://archive.org/download/MSNBCW_20111118_070000_Hardball_With_Chris_Matthews/MSNBCW_20111118_070000_Hardball_With_Chris_Matthews.thumbs/MSNBCW_20111118_070000_Hardball_With_Chris_Matthews_003056.jpg,"well, that's what it seems. it's fair i guess to say that he was damaged in his senate campaigns and his gubernatorial term in massachusetts. but if he was damaged by that, he damaged himself. simply by revealing what he presumably felt at the time about issues like global warming and choice and gay rights and things like that."
https://archive.org/details/MSNBCW_20111130_110000_Morning_Joe#start/7344/end/7379,11/30/2011 13:02:39,MSNBC,Morning Joe,MSNBCW_20111130_110000_Morning_Joe,https://archive.org/download/MSNBCW_20111130_110000_Morning_Joe/MSNBCW_20111130_110000_Morning_Joe.thumbs/MSNBCW_20111130_110000_Morning_Joe_007342.jpg,"wouldn't i say, oh, it's a mistake. because i look at other people when they are on the stage when they talk about the cap and trade policy, that was a mistake. when they talk about global warming, that's a mistake. and that makes them more attractive in a primary. i'm standing by what i did in"
https://archive.org/details/MSNBCW_20111130_030000_The_Last_Word#start/1649/end/1684,11/30/2011 3:27:44,MSNBC,The Last Word,MSNBCW_20111130_030000_The_Last_Word,https://archive.org/download/MSNBCW_20111130_030000_The_Last_Word/MSNBCW_20111130_030000_The_Last_Word.thumbs/MSNBCW_20111130_030000_The_Last_Word_001526.jpg,"record on climate change. that's in the rewrite. [ engine revs ] [ male announcer ] oh what fun it is to ride. get the mercedes-benz on your wish list at the winter event going on now -- but hurry, the offer ends soon. [ santa ] ho, ho, ho, ho!."
https://archive.org/details/MSNBCW_20111115_070000_Hardball_With_Chris_Matthews#start/271/end/306,11/15/2011 7:04:46,MSNBC,Hardball With Chris Matthews,MSNBCW_20111115_070000_Hardball_With_Chris_Matthews,https://archive.org/download/MSNBCW_20111115_070000_Hardball_With_Chris_Matthews/MSNBCW_20111115_070000_Hardball_With_Chris_Matthews.thumbs/MSNBCW_20111115_070000_Hardball_With_Chris_Matthews_000266.jpg,"trade, climate change, on mandates and the paul ryan budget plan. a lot of evangelicals say that he has one ex-wife too many. i mean, he is getting the -- he's the beneficiary of this anti-romney sentiment that has been conveyed to one candidate"
https://archive.org/details/MSNBCW_20111112_120000_Up_W_Chris_Hayes#start/1151/end/1186,11/12/2011 12:19:26,MSNBC,Up W Chris Hayes,MSNBCW_20111112_120000_Up_W_Chris_Hayes,https://archive.org/download/MSNBCW_20111112_120000_Up_W_Chris_Hayes/MSNBCW_20111112_120000_Up_W_Chris_Hayes.thumbs/MSNBCW_20111112_120000_Up_W_Chris_Hayes_001136.jpg,"grandchildren will inherit an earth in crisis. the moral challenge of our time is man made global climate change on track to devastate the coastlines where our grandkids will live and the farms that will grow their food. it has been largely ignored by"
https://archive.org/details/MSNBCW_20111102_060000_Hardball_With_Chris_Matthews#start/1525/end/1560,11/2/2011 6:25:40,MSNBC,Hardball With Chris Matthews,MSNBCW_20111102_060000_Hardball_With_Chris_Matthews,https://archive.org/download/MSNBCW_20111102_060000_Hardball_With_Chris_Matthews/MSNBCW_20111102_060000_Hardball_With_Chris_Matthews.thumbs/MSNBCW_20111102_060000_Hardball_With_Chris_Matthews_001526.jpg,"out in california to being pro-life. there's some kind of explanation of some kind of epiphany, something that leads you to change. but here's romney flipping on climate change without any pretense of a transformation. just, hey, things have changed politically in the last couple"
https://archive.org/details/MSNBCW_20111101_210000_Hardball_With_Chris_Matthews#start/1506/end/1541,11/1/2011 21:25:21,MSNBC,Hardball With Chris Matthews,MSNBCW_20111101_210000_Hardball_With_Chris_Matthews,https://archive.org/download/MSNBCW_20111101_210000_Hardball_With_Chris_Matthews/MSNBCW_20111101_210000_Hardball_With_Chris_Matthews.thumbs/MSNBCW_20111101_210000_Hardball_With_Chris_Matthews_001496.jpg,"transition from a man who signed a pro-choice bill out in california to being pro-life. there's some kind of explanation of some kind of epiphany, something that leads you to change. but here's romneyç flipping on climate change without any pretense of a transformation."
https://archive.org/details/MSNBCW_20111102_060000_Hardball_With_Chris_Matthews#start/1118/end/1153,11/2/2011 6:18:53,MSNBC,Hardball With Chris Matthews,MSNBCW_20111102_060000_Hardball_With_Chris_Matthews,https://archive.org/download/MSNBCW_20111102_060000_Hardball_With_Chris_Matthews/MSNBCW_20111102_060000_Hardball_With_Chris_Matthews.thumbs/MSNBCW_20111102_060000_Hardball_With_Chris_Matthews_001106.jpg,"and he's giving evolving responses to the politico story on previous sexual harassment allegations. but he's not the only one who's had a bad few days. look at mitt romney's flip-flopping around climate change. that won't go away. that flip-flopping label's not"
https://archive.org/details/MSNBCW_20111130_090000_The_Rachel_Maddow_Show#start/2893/end/2928,11/30/2011 9:48:28,MSNBC,The Rachel Maddow Show,MSNBCW_20111130_090000_The_Rachel_Maddow_Show,https://archive.org/download/MSNBCW_20111130_090000_The_Rachel_Maddow_Show/MSNBCW_20111130_090000_The_Rachel_Maddow_Show.thumbs/MSNBCW_20111130_090000_The_Rachel_Maddow_Show_002757.jpg,"channel has tried to help newt gingrich rewrite his relatively liberal record on climate change. coming up at the end of our show, 'the rachel maddow show' department of corrections is open for business. you know the good folks over at prilosec otc. have asked yours truly"
https://archive.org/details/MSNBCW_20111130_220000_Hardball_With_Chris_Matthews#start/1163/end/1198,11/30/2011 22:19:38,MSNBC,Hardball With Chris Matthews,MSNBCW_20111130_220000_Hardball_With_Chris_Matthews,https://archive.org/download/MSNBCW_20111130_220000_Hardball_With_Chris_Matthews/MSNBCW_20111130_220000_Hardball_With_Chris_Matthews.thumbs/MSNBCW_20111130_220000_Hardball_With_Chris_Matthews_001136.jpg,"one-on-one interviews this political election and perhaps now we know why. take a look at some of the more awkward moments, as i said, in this interview on fox with bret baier. it's yesterday. let's watch. climate change, abortion, immigration, gay rights."
https://archive.org/details/MSNBCW_20111113_130000_Up_W_Chris_Hayes#start/4540/end/4575,11/13/2011 14:15:55,MSNBC,Up W Chris Hayes,MSNBCW_20111113_130000_Up_W_Chris_Hayes,https://archive.org/download/MSNBCW_20111113_130000_Up_W_Chris_Hayes/MSNBCW_20111113_130000_Up_W_Chris_Hayes.thumbs/MSNBCW_20111113_130000_Up_W_Chris_Hayes_004526.jpg,"not the answer. we can go directly to the renewables today and we have the technology and that's where the movement is going. people want climate change dealt with. they know it's happening. chris, compare that view with rick perry's view right now, and"
https://archive.org/details/MSNBCW_20111129_080000_The_Ed_Show#start/2428/end/2463,11/29/2011 8:40:43,MSNBC,The Ed Show,MSNBCW_20111129_080000_The_Ed_Show,https://archive.org/download/MSNBCW_20111129_080000_The_Ed_Show/MSNBCW_20111129_080000_The_Ed_Show.thumbs/MSNBCW_20111129_080000_The_Ed_Show_002426.jpg,"romney, on flip-flopping and saying he will never change his positions. my mouth dropped when i heard it on television, today, ed. as you and i have gone over again and again, he changed his position on individual mandate, changed his position on climate change, changed his position on"
https://archive.org/details/MSNBCW_20111121_220000_Hardball_With_Chris_Matthews#start/1123/end/1158,11/21/2011 22:18:58,MSNBC,Hardball With Chris Matthews,MSNBCW_20111121_220000_Hardball_With_Chris_Matthews,https://archive.org/download/MSNBCW_20111121_220000_Hardball_With_Chris_Matthews/MSNBCW_20111121_220000_Hardball_With_Chris_Matthews.thumbs/MSNBCW_20111121_220000_Hardball_With_Chris_Matthews_001106.jpg,"principle. the 2007 political ad with nancy pelosi that argues for climate change, does that still work? no, he refers to the interview recently where he calls it, quote, the single dumbest thing i've ever done. for the latest on newt gingrich and whether conservatives will buy his explanations, let's"
https://archive.org/details/MSNBCW_20111101_190000_Martin_Bashir#start/1045/end/1080,11/1/2011 19:17:40,MSNBC,Martin Bashir,MSNBCW_20111101_190000_Martin_Bashir,https://archive.org/download/MSNBCW_20111101_190000_Martin_Bashir/MSNBCW_20111101_190000_Martin_Bashir.thumbs/MSNBCW_20111101_190000_Martin_Bashir_001020.jpg,"the candidates question climate change and you heard the sound we played at the top of the segment and they are skeptical with the science surrounding it. what do you think is necessary for them to understand what you are now describing or do you still believe that skepticism is"
https://archive.org/details/MSNBCW_20111117_170000_NOW_With_Alex_Wagner#start/2092/end/2127,11/17/2011 17:35:07,MSNBC,NOW With Alex Wagner,MSNBCW_20111117_170000_NOW_With_Alex_Wagner,https://archive.org/download/MSNBCW_20111117_170000_NOW_With_Alex_Wagner/MSNBCW_20111117_170000_NOW_With_Alex_Wagner.thumbs/MSNBCW_20111117_170000_NOW_With_Alex_Wagner_002070.jpg,"science, climate change. he staked out maybe a sensible position. what do you make of the rest of the field? why are there not more people like jon huntsman running for office? i think it's rare to find someone honest and true to their values and true to what they"
https://archive.org/details/MSNBCW_20111117_190000_News_Nation#start/2769/end/2804,11/17/2011 19:46:24,MSNBC,News Nation,MSNBCW_20111117_190000_News_Nation,https://archive.org/download/MSNBCW_20111117_190000_News_Nation/MSNBCW_20111117_190000_News_Nation.thumbs/MSNBCW_20111117_190000_News_Nation_002760.jpg,"partnership with ford. great cars. let me ask you personally, what made you decide to be so passionate. we walk out and we see that we are hurting the planet and see the effects of climate change and all of these things around us. they set aside the debate if"
https://archive.org/details/MSNBCW_20111122_030000_The_Last_Word#start/2212/end/2247,11/22/2011 3:37:07,MSNBC,The Last Word,MSNBCW_20111122_030000_The_Last_Word,https://archive.org/download/MSNBCW_20111122_030000_The_Last_Word/MSNBCW_20111122_030000_The_Last_Word.thumbs/MSNBCW_20111122_030000_The_Last_Word_002187.jpg,"right wing social engineering. he sits down and talks about cap and trade and climate change with nancy pelosi and others. the list goes on. hours after george will hit gingrich where it really hurts, in the academic credentials, the conservative newspaper with the the washington examiner' ran an"
https://archive.org/details/MSNBCW_20111122_060000_The_Last_Word#start/2199/end/2234,11/22/2011 6:36:54,MSNBC,The Last Word,MSNBCW_20111122_060000_The_Last_Word,https://archive.org/download/MSNBCW_20111122_060000_The_Last_Word/MSNBCW_20111122_060000_The_Last_Word.thumbs/MSNBCW_20111122_060000_The_Last_Word_002186.jpg,"right wing social engineering. he sits down and talks about cap and trade and climate change with nancy pelosi and others. the list goes on. hours after george will hit gingrich where it really hurts, in the academic credentials, the conservative newspaper with the the washington examiner' ran an"
https://archive.org/details/MSNBCW_20111129_010000_The_Ed_Show#start/2445/end/2480,11/29/2011 1:41:00,MSNBC,The Ed Show,MSNBCW_20111129_010000_The_Ed_Show,https://archive.org/download/MSNBCW_20111129_010000_The_Ed_Show/MSNBCW_20111129_010000_The_Ed_Show.thumbs/MSNBCW_20111129_010000_The_Ed_Show_002426.jpg,"changed his position on climate change, changed his position on five or six things partly because of the companies that he was representing. so this is really bold of him, and i think romney's got no choice but to fight back. well, the dnc came out with a"
https://archive.org/details/MSNBCW_20111127_130000_Up_W_Chris_Hayes#start/2866/end/2901,11/27/2011 13:48:01,MSNBC,Up W Chris Hayes,MSNBCW_20111127_130000_Up_W_Chris_Hayes,https://archive.org/download/MSNBCW_20111127_130000_Up_W_Chris_Hayes/MSNBCW_20111127_130000_Up_W_Chris_Hayes.thumbs/MSNBCW_20111127_130000_Up_W_Chris_Hayes_002846.jpg,"to climate change. we need programs to put people back to work. social instability is here. it's getting bigger around the corner. is there a way to make the case for that? the move has been one of austerity. we know the italian government put into place, a caretaker"
https://archive.org/details/MSNBCW_20111130_030000_The_Last_Word#start/2546/end/2581,11/30/2011 3:42:41,MSNBC,The Last Word,MSNBCW_20111130_030000_The_Last_Word,https://archive.org/download/MSNBCW_20111130_030000_The_Last_Word/MSNBCW_20111130_030000_The_Last_Word.thumbs/MSNBCW_20111130_030000_The_Last_Word_002546.jpg,"newt gingrich. newt used to be a liberal on climate change, and bill o'reilly took on the job last night of helping him deal with that anyway forthright fox news kind of way so newt could put it behind him and become the first person to go from the fox news"
https://archive.org/details/MSNBCW_20111104_100000_Morning_Joe#start/8933/end/8968,11/4/2011 12:29:08,MSNBC,Morning Joe,MSNBCW_20111104_100000_Morning_Joe,https://archive.org/download/MSNBCW_20111104_100000_Morning_Joe/MSNBCW_20111104_100000_Morning_Joe.thumbs/MSNBCW_20111104_100000_Morning_Joe_008907.jpg,"1000 papers and academic journals on global climate change. and not one of them came out against, you know, saying that it wasn't true. the american geophysical union, the american meteorological union, the natural -- you know all this, right? right. what i'm saying is that science is a very --  _"
https://archive.org/details/MSNBCW_20111129_040000_The_Ed_Show#start/2433/end/2468,11/29/2011 4:40:48,MSNBC,The Ed Show,MSNBCW_20111129_040000_The_Ed_Show,https://archive.org/download/MSNBCW_20111129_040000_The_Ed_Show/MSNBCW_20111129_040000_The_Ed_Show.thumbs/MSNBCW_20111129_040000_The_Ed_Show_002426.jpg,"my mouth dropped when i heard it on television, today, ed. as you and i have gone over again and again, he changed his position on individual mandate, changed his position on climate change, changed his position on five or six things partly because of the companies that he"
https://archive.org/details/MSNBCW_20111105_090000_Hardball_Weekend#start/1582/end/1617,11/5/2011 9:26:37,MSNBC,Hardball Weekend,MSNBCW_20111105_090000_Hardball_Weekend,https://archive.org/download/MSNBCW_20111105_090000_Hardball_Weekend/MSNBCW_20111105_090000_Hardball_Weekend.thumbs/MSNBCW_20111105_090000_Hardball_Weekend_001557.jpg,"i'm not sure if it qualifies as a defense. and finally, we all know that the current crop of gop candidates or some of them, at least, are not exactly on the dean's list when it comes to the science behind global warming. how will this anti-science platform play out in the race for the white house? according to a new york city"
https://archive.org/details/MSNBCW_20111130_050000_The_Rachel_Maddow_Show#start/2566/end/2601,11/30/2011 5:43:01,MSNBC,The Rachel Maddow Show,MSNBCW_20111130_050000_The_Rachel_Maddow_Show,https://archive.org/download/MSNBCW_20111130_050000_The_Rachel_Maddow_Show/MSNBCW_20111130_050000_The_Rachel_Maddow_Show.thumbs/MSNBCW_20111130_050000_The_Rachel_Maddow_Show_002546.jpg,"climate change group. so i think there's a lot of things that newt gingrich has done that are going to be ventilated in the weeks ahead. i do think it's highly likely that he's going to be the chief alternative to romney. that there could be a scenario where gingrich wins iowa, romney"
https://archive.org/details/MSNBCW_20111129_200000_Martin_Bashir#start/3062/end/3097,11/29/2011 20:51:17,MSNBC,Martin Bashir,MSNBCW_20111129_200000_Martin_Bashir,https://archive.org/download/MSNBCW_20111129_200000_Martin_Bashir/MSNBCW_20111129_200000_Martin_Bashir.thumbs/MSNBCW_20111129_200000_Martin_Bashir_003060.jpg,"incredibly important question. it's as though we're living in a bubble here in the united states, with politicians who pretend that climate change is not real. and it is. and as the president said during the election campaign, this is the overwhelming environmental issue of our era. and really the lives of our"
https://archive.org/details/MSNBCW_20111130_020000_The_Rachel_Maddow_Show#start/2769/end/2804,11/30/2011 2:46:24,MSNBC,The Rachel Maddow Show,MSNBCW_20111130_020000_The_Rachel_Maddow_Show,https://archive.org/download/MSNBCW_20111130_020000_The_Rachel_Maddow_Show/MSNBCW_20111130_020000_The_Rachel_Maddow_Show.thumbs/MSNBCW_20111130_020000_The_Rachel_Maddow_Show_002757.jpg,"lawrence has the story of how bill o'reilly from the fox news channel has tried to help newt gingrich rewrite his relatively liberal record on climate change. coming up at the end of our show, 'the rachel maddow show' department of corrections is open for business. [ male announcer ] truth is, dayquil doesn't treat that. really?"
https://archive.org/details/MSNBCW_20111130_050000_The_Rachel_Maddow_Show#start/2768/end/2803,11/30/2011 5:46:23,MSNBC,The Rachel Maddow Show,MSNBCW_20111130_050000_The_Rachel_Maddow_Show,https://archive.org/download/MSNBCW_20111130_050000_The_Rachel_Maddow_Show/MSNBCW_20111130_050000_The_Rachel_Maddow_Show.thumbs/MSNBCW_20111130_050000_The_Rachel_Maddow_Show_002756.jpg,"gingrich rewrite his relatively liberal record on climate change. coming up at the end of our show, 'the rachel maddow show' department of corrections is open for business. let's see if we can get one past the defense. hut! go! here it comes! right on the numbers! boom! get it! spin! oh, nice hands!"
https://archive.org/details/MSNBCW_20111104_210000_Hardball_With_Chris_Matthews#start/2357/end/2392,11/4/2011 21:39:32,MSNBC,Hardball With Chris Matthews,MSNBCW_20111104_210000_Hardball_With_Chris_Matthews,https://archive.org/download/MSNBCW_20111104_210000_Hardball_With_Chris_Matthews/MSNBCW_20111104_210000_Hardball_With_Chris_Matthews.thumbs/MSNBCW_20111104_210000_Hardball_With_Chris_Matthews_002336.jpg,"says, i simply rephrased my position while he was for a man-made climate change before a week ago, now he doesn't believe there is such a thing. he was against -- he was for limiting co2 emissions. now he says we should definitely not do that. he was for, basically, a woman's"
https://archive.org/details/MSNBCW_20111104_230000_Hardball_With_Chris_Matthews#start/2360/end/2395,11/4/2011 23:39:35,MSNBC,Hardball With Chris Matthews,MSNBCW_20111104_230000_Hardball_With_Chris_Matthews,https://archive.org/download/MSNBCW_20111104_230000_Hardball_With_Chris_Matthews/MSNBCW_20111104_230000_Hardball_With_Chris_Matthews.thumbs/MSNBCW_20111104_230000_Hardball_With_Chris_Matthews_002337.jpg,"flip-flopping. i mean, mark, here's a guy who says, i simply rephrased my position while he was for a man-made climate change before a week ago, now he doesn't believe there is such a thing. he was against -- he was for limiting co2 emissions. now he says we should definitely not do that."
https://archive.org/details/MSNBCW_20111125_130000_MSNBC_Live#start/5729/end/5764,11/25/2011 14:35:44,MSNBC,MSNBC Live,MSNBCW_20111125_130000_MSNBC_Live,https://archive.org/download/MSNBCW_20111125_130000_MSNBC_Live/MSNBCW_20111125_130000_MSNBC_Live.thumbs/MSNBCW_20111125_130000_MSNBC_Live_005726.jpg,"acknowledge there's climate change in this country. we want somebody who is going to focus on jobs from day one. i was back in iowa a couple days ago and i went back to those same folks and said look you asked and the president delivered. he was handed one of the"
https://archive.org/details/MSNBCW_20111119_020000_The_Rachel_Maddow_Show#start/830/end/865,11/19/2011 2:14:05,MSNBC,The Rachel Maddow Show,MSNBCW_20111119_020000_The_Rachel_Maddow_Show,https://archive.org/download/MSNBCW_20111119_020000_The_Rachel_Maddow_Show/MSNBCW_20111119_020000_The_Rachel_Maddow_Show.thumbs/MSNBCW_20111119_020000_The_Rachel_Maddow_Show_000806.jpg,"so, but this, you know, this is, as i say, representative of everything he said in public life and public policy from the get-go. he can just flip, turn on a dime. you saw that with paul ryan, you saw that with libya, you saw that with climate change. i'm just talking about this"
https://archive.org/details/MSNBCW_20111130_040000_The_Ed_Show#start/1195/end/1230,11/30/2011 4:20:10,MSNBC,The Ed Show,MSNBCW_20111130_040000_The_Ed_Show,https://archive.org/download/MSNBCW_20111130_040000_The_Ed_Show/MSNBCW_20111130_040000_The_Ed_Show.thumbs/MSNBCW_20111130_040000_The_Ed_Show_001167.jpg,"address climate change. did he say agree? that's a problem. here's gingrich telling o'reilly, it was a mistake. well, i've said it's one of the dumbest things i've done in recent years. i actively oppose cap and trade. i testified against it the same day al gore testified for it, but the commercial was just a"
https://archive.org/details/MSNBCW_20111109_110000_Morning_Joe#start/1994/end/2029,11/9/2011 11:33:29,MSNBC,Morning Joe,MSNBCW_20111109_110000_Morning_Joe,https://archive.org/download/MSNBCW_20111109_110000_Morning_Joe/MSNBCW_20111109_110000_Morning_Joe.thumbs/MSNBCW_20111109_110000_Morning_Joe_001976.jpg,"fervor saying believe with everything i believe in climate change or else you hate science, americans are going to turn those people off. but anyway. there's no doubt that the numbers are the numbers are the numbers. we shouldn't let this topic go like a few others that we cover. let's get to politico at this"
https://archive.org/details/MSNBCW_20111101_230000_Hardball_With_Chris_Matthews#start/1409/end/1444,11/1/2011 23:23:44,MSNBC,Hardball With Chris Matthews,MSNBCW_20111101_230000_Hardball_With_Chris_Matthews,https://archive.org/download/MSNBCW_20111101_230000_Hardball_With_Chris_Matthews/MSNBCW_20111101_230000_Hardball_With_Chris_Matthews.thumbs/MSNBCW_20111101_230000_Hardball_With_Chris_Matthews_001406.jpg,"what's causing climate change on this planet, and the idea of spending trillions and trillions of dollars to try to reduce co2 emissions is not the right course for us. 180. and last week, romney's opponent jon huntsman put out an ad that went after romney for some of his high-profile political"
https://archive.org/details/MSNBCW_20111104_230000_Hardball_With_Chris_Matthews#start/1812/end/1847,11/4/2011 23:30:27,MSNBC,Hardball With Chris Matthews,MSNBCW_20111104_230000_Hardball_With_Chris_Matthews,https://archive.org/download/MSNBCW_20111104_230000_Hardball_With_Chris_Matthews/MSNBCW_20111104_230000_Hardball_With_Chris_Matthews.thumbs/MSNBCW_20111104_230000_Hardball_With_Chris_Matthews_001797.jpg,"least, are not exactly on the dean's list when it comes to the science behind global warming. how will this anti-science platform play out in the race for the white house? according to a new york city mayor michael bloomberg, it doesn't make the grade. in a speech yesterday, the mayor said, 'we have presidential candidates who don't believe in science. i mean, just think about it. can you imagine a company of any size in a world where the ceo"
https://archive.org/details/MSNBCW_20111115_000000_Hardball_With_Chris_Matthews#start/252/end/287,11/15/2011 0:04:27,MSNBC,Hardball With Chris Matthews,MSNBCW_20111115_000000_Hardball_With_Chris_Matthews,https://archive.org/download/MSNBCW_20111115_000000_Hardball_With_Chris_Matthews/MSNBCW_20111115_000000_Hardball_With_Chris_Matthews.thumbs/MSNBCW_20111115_000000_Hardball_With_Chris_Matthews_000236.jpg,"trade, climate change, on mandates and the paul ryan budget plan. a lot of evangelicals say that he has one ex-wife too many. i mean, he is getting the -- he's the beneficiary of this anti-romney sentiment that has been conveyed to one candidate after another, but as soon as those candidates come into the spot, and under the glare of"
https://archive.org/details/MSNBCW_20111101_230000_Hardball_With_Chris_Matthews#start/1525/end/1560,11/1/2011 23:25:40,MSNBC,Hardball With Chris Matthews,MSNBCW_20111101_230000_Hardball_With_Chris_Matthews,https://archive.org/download/MSNBCW_20111101_230000_Hardball_With_Chris_Matthews/MSNBCW_20111101_230000_Hardball_With_Chris_Matthews.thumbs/MSNBCW_20111101_230000_Hardball_With_Chris_Matthews_001526.jpg,"but here's romney flipping on climate change without any pretense of a transformation. just, hey, things have changed politically in the last couple of weeks. i just checked the polls, so i'm changing my mind. i think this whole thing to him is a business proposition. he wants to pursue the presidency that way, so he's finding out what the customers want and giving the customers"
