﻿URL,MatchDateTime,Station,Show,IAShowID,IAPreviewThumb,Snippet
https://archive.org/details/MSNBCW_20170808_100000_Morning_Joe#start/1991/end/2026,8/8/2017 10:33:26,MSNBC,Morning Joe,MSNBCW_20170808_100000_Morning_Joe,https://archive.org/download/MSNBCW_20170808_100000_Morning_Joe/MSNBCW_20170808_100000_Morning_Joe.thumbs/MSNBCW_20170808_100000_Morning_Joe_001977.jpg,"something. anyway, about pris what's happening in places where climate change is willing"
https://archive.org/details/MSNBCW_20170819_100000_The_Rachel_Maddow_Show#start/535/end/570,8/19/2017 10:09:10,MSNBC,The Rachel Maddow Show,MSNBCW_20170819_100000_The_Rachel_Maddow_Show,https://archive.org/download/MSNBCW_20170819_100000_The_Rachel_Maddow_Show/MSNBCW_20170819_100000_The_Rachel_Maddow_Show.thumbs/MSNBCW_20170819_100000_The_Rachel_Maddow_Show_000538.jpg,"times. sounds kind of corny. it is. the message of the movie is about the mad scientist's murderous crazy scheme which is to convince people through this hostage crisis in the bikini sauna that there is a such thing as global warming."
https://archive.org/details/MSNBCW_20170808_100000_Morning_Joe#start/6156/end/6191,8/8/2017 11:42:51,MSNBC,Morning Joe,MSNBCW_20170808_100000_Morning_Joe,https://archive.org/download/MSNBCW_20170808_100000_Morning_Joe/MSNBCW_20170808_100000_Morning_Joe.thumbs/MSNBCW_20170808_100000_Morning_Joe_006147.jpg,"among them in california who drew boos when he told the crowd he doesn't actually buy that man-made activity is responsible for climate change."
https://archive.org/details/MSNBCW_20170803_070000_All_In_With_Chris_Hayes#start/3067/end/3102,8/3/2017 7:51:22,MSNBC,All In With Chris Hayes,MSNBCW_20170803_070000_All_In_With_Chris_Hayes,https://archive.org/download/MSNBCW_20170803_070000_All_In_With_Chris_Hayes/MSNBCW_20170803_070000_All_In_With_Chris_Hayes.thumbs/MSNBCW_20170803_070000_All_In_With_Chris_Hayes_001108.jpg,"president-elect trump and his daughter, ivanka, to somehow convince the incoming administration not to dis president obama's climate policies. almost immediately, the trump white house website deleted all mentions of climate change."
https://archive.org/details/MSNBCW_20170808_100000_Morning_Joe#start/2114/end/2149,8/8/2017 10:35:29,MSNBC,Morning Joe,MSNBCW_20170808_100000_Morning_Joe,https://archive.org/download/MSNBCW_20170808_100000_Morning_Joe/MSNBCW_20170808_100000_Morning_Joe.thumbs/MSNBCW_20170808_100000_Morning_Joe_002097.jpg,"and they're not particularly someone who is saying, oh, i hate donald trump or i really loved hillary clinton. these are people saying we just been bilook outsood our window that climate change is"
https://archive.org/details/MSNBCW_20170808_090000_First_Look#start/1830/end/1865,8/8/2017 9:30:45,MSNBC,First Look,MSNBCW_20170808_090000_First_Look,https://archive.org/download/MSNBCW_20170808_090000_First_Look/MSNBCW_20170808_090000_First_Look.thumbs/MSNBCW_20170808_090000_First_Look_001828.jpg,"is reportedly awaiting approval by the trump administration. the alleged report found that the average temperature in the u.s. has risen dramatically since 1980 and that americans are feeling the effects of climate change right now."
https://archive.org/details/MSNBCW_20170825_190000_MSNBC_Live_With_Ali_Velshi#start/1457/end/1492,8/25/2017 19:24:32,MSNBC,MSNBC Live With Ali Velshi,MSNBCW_20170825_190000_MSNBC_Live_With_Ali_Velshi,https://archive.org/download/MSNBCW_20170825_190000_MSNBC_Live_With_Ali_Velshi/MSNBCW_20170825_190000_MSNBC_Live_With_Ali_Velshi.thumbs/MSNBCW_20170825_190000_MSNBC_Live_With_Ali_Velshi_001437.jpg,"by the guardian between stf at the national resources conservation service which is a u.s. department of aurgt unit is requesting that staffers, government employees, avoid words like climate change. so they want to change climate"
https://archive.org/details/MSNBCW_20170808_140000_MSNBC_Live_With_Hallie_Jackson#start/1440/end/1475,8/8/2017 14:24:15,MSNBC,MSNBC Live With Hallie Jackson,MSNBCW_20170808_140000_MSNBC_Live_With_Hallie_Jackson,https://archive.org/download/MSNBCW_20170808_140000_MSNBC_Live_With_Hallie_Jackson/MSNBCW_20170808_140000_MSNBC_Live_With_Hallie_Jackson.thumbs/MSNBCW_20170808_140000_MSNBC_Live_With_Hallie_Jackson_001438.jpg,"but, again, you know, the president's views and philosophies and policy positions ultimately goes into shaping these reports. so, this is, you know, these things don't happen out of a whole cloth where independent agencies are out there sort of finding climate change or whatever."
https://archive.org/details/MSNBCW_20170830_100000_Morning_Joe#start/3381/end/3416,8/30/2017 10:56:36,MSNBC,Morning Joe,MSNBCW_20170830_100000_Morning_Joe,https://archive.org/download/MSNBCW_20170830_100000_Morning_Joe/MSNBCW_20170830_100000_Morning_Joe.thumbs/MSNBCW_20170830_100000_Morning_Joe_003358.jpg,"conservative guy, i don't think he ever voted for a democrat his entire life but he works he's a guy that sort of figures out long-term planning for an insurance company and he said let me show you my spreadsheet. you don't believe in climate change?"
https://archive.org/details/MSNBCW_20170808_080000_The_11th_Hour_With_Brian_Williams#start/3546/end/3581,8/8/2017 8:59:21,MSNBC,The 11th Hour With Brian Williams,MSNBCW_20170808_080000_The_11th_Hour_With_Brian_Williams,https://archive.org/download/MSNBCW_20170808_080000_The_11th_Hour_With_Brian_Williams/MSNBCW_20170808_080000_The_11th_Hour_With_Brian_Williams.thumbs/MSNBCW_20170808_080000_The_11th_Hour_With_Brian_Williams_003537.jpg,"this report obtained by 'the new york times' and awaiting signoff from the administration finds the average temperature has risen rapidly since 1980 and says human are to blame which contradicts claims by president trump and members of his cabinet who say that the human impact on climate change is uncertain."
https://archive.org/details/MSNBCW_20170808_140000_MSNBC_Live_With_Hallie_Jackson#start/1379/end/1414,8/8/2017 14:23:14,MSNBC,MSNBC Live With Hallie Jackson,MSNBCW_20170808_140000_MSNBC_Live_With_Hallie_Jackson,https://archive.org/download/MSNBCW_20170808_140000_MSNBC_Live_With_Hallie_Jackson/MSNBCW_20170808_140000_MSNBC_Live_With_Hallie_Jackson.thumbs/MSNBCW_20170808_140000_MSNBC_Live_With_Hallie_Jackson_001378.jpg,"now, nikki haley again on 'today' show was pressed on this and whether the trump administration would accept the finding. look, i haven't seen the report and i have no indication and no reason not to accept it. the issue is to balance business with fighting climate change."
https://archive.org/details/MSNBCW_20170805_210000_MSNBC_Live#start/1764/end/1799,8/5/2017 21:29:39,MSNBC,MSNBC Live,MSNBCW_20170805_210000_MSNBC_Live,https://archive.org/download/MSNBCW_20170805_210000_MSNBC_Live/MSNBCW_20170805_210000_MSNBC_Live.thumbs/MSNBCW_20170805_210000_MSNBC_Live_001738.jpg,"john davidson of land of legal. thank you. and so president trump is being pushed back in his own party for the proposed merit based legal immigration bill and up next we break down the bill and the all-star cast of celebrities getting ready to tackle climate change and world"
https://archive.org/details/MSNBCW_20170829_070000_All_In_With_Chris_Hayes#start/1509/end/1544,8/29/2017 7:25:24,MSNBC,All In With Chris Hayes,MSNBCW_20170829_070000_All_In_With_Chris_Hayes,https://archive.org/download/MSNBCW_20170829_070000_All_In_With_Chris_Hayes/MSNBCW_20170829_070000_All_In_With_Chris_Hayes.thumbs/MSNBCW_20170829_070000_All_In_With_Chris_Hayes_001497.jpg,"we got a very good response. and a lot of people were, frankly, shocked to hear what local officials told us when we interviewed them. local officials in houston did not think development was contributing to flooding. which is not what scientists told us. local officials didn't have plans to look at climate change"
https://archive.org/details/MSNBCW_20170803_000000_All_In_With_Chris_Hayes#start/3092/end/3127,8/3/2017 0:51:47,MSNBC,All In With Chris Hayes,MSNBCW_20170803_000000_All_In_With_Chris_Hayes,https://archive.org/download/MSNBCW_20170803_000000_All_In_With_Chris_Hayes/MSNBCW_20170803_000000_All_In_With_Chris_Hayes.thumbs/MSNBCW_20170803_000000_All_In_With_Chris_Hayes_003087.jpg,"2006 documentary inconvenient truth. today i got a chance to talk with vice president gore. the first time i managed to speak to him since the day of his first meeting with trump all the way back in december, when he still felt good about his chat with president trump on climate change."
https://archive.org/details/MSNBCW_20170820_120000_PoliticsNation_With_Al_Sharpton#start/382/end/417,8/20/2017 12:06:37,MSNBC,PoliticsNation With Al Sharpton,MSNBCW_20170820_120000_PoliticsNation_With_Al_Sharpton,https://archive.org/download/MSNBCW_20170820_120000_PoliticsNation_With_Al_Sharpton/MSNBCW_20170820_120000_PoliticsNation_With_Al_Sharpton.thumbs/MSNBCW_20170820_120000_PoliticsNation_With_Al_Sharpton_000357.jpg,"policies you think about the doj and what's going on there with jeff sessions essentially starting up the war on drugs, you think about the epa and them rolling back policies that directly affect people of color and working class people that are going to be the most affected by climate change."
https://archive.org/details/MSNBCW_20170809_070000_All_In_With_Chris_Hayes#start/1965/end/2000,8/9/2017 7:33:00,MSNBC,All In With Chris Hayes,MSNBCW_20170809_070000_All_In_With_Chris_Hayes,https://archive.org/download/MSNBCW_20170809_070000_All_In_With_Chris_Hayes/MSNBCW_20170809_070000_All_In_With_Chris_Hayes.thumbs/MSNBCW_20170809_070000_All_In_With_Chris_Hayes_001947.jpg,"human activities, especially emissions of greenhouse gases, are primarily responsible for recent observeded climb change. it still has to be approved but the heads of agencies, like"
https://archive.org/details/MSNBCW_20170807_000000_Dateline_Extra#start/84/end/119,8/7/2017 0:01:39,MSNBC,Dateline Extra,MSNBCW_20170807_000000_Dateline_Extra,https://archive.org/download/MSNBCW_20170807_000000_Dateline_Extra/MSNBCW_20170807_000000_Dateline_Extra.thumbs/MSNBCW_20170807_000000_Dateline_Extra_000057.jpg,"the top ranking american diplomat here in china quit his job two months ago. he simply couldn't understand or defend the decision to quit paris. we have an exclusive interview with him later in the show. some americans believe that global warming is a hoax. we're not going to spend a second of this show discussing whether climate change is man made or cyclical or caused by"
https://archive.org/details/MSNBCW_20170809_000000_All_In_With_Chris_Hayes#start/1951/end/1986,8/9/2017 0:32:46,MSNBC,All In With Chris Hayes,MSNBCW_20170809_000000_All_In_With_Chris_Hayes,https://archive.org/download/MSNBCW_20170809_000000_All_In_With_Chris_Hayes/MSNBCW_20170809_000000_All_In_With_Chris_Hayes.thumbs/MSNBCW_20170809_000000_All_In_With_Chris_Hayes_001948.jpg,"day. the paper published a draft of a report from 13 federal agencies which reads in part, many lines of evidence demonstrate that human activities, especially emissions of greenhouse gases, are primarily responsible for"
https://archive.org/details/MSNBCW_20170819_010000_The_Rachel_Maddow_Show#start/597/end/632,8/19/2017 1:10:12,MSNBC,The Rachel Maddow Show,MSNBCW_20170819_010000_The_Rachel_Maddow_Show,https://archive.org/download/MSNBCW_20170819_010000_The_Rachel_Maddow_Show/MSNBCW_20170819_010000_The_Rachel_Maddow_Show.thumbs/MSNBCW_20170819_010000_The_Rachel_Maddow_Show_000597.jpg,"as global warming. why are you here? people are going to die. that's a fact. hundreds of millions of people will die how? global warming. and that's how you know he's crazy. this one guy who doesn't fit the"
https://archive.org/details/MSNBCW_20170811_090000_First_Look#start/2877/end/2912,8/11/2017 9:48:12,MSNBC,First Look,MSNBCW_20170811_090000_First_Look,https://archive.org/download/MSNBCW_20170811_090000_First_Look/MSNBCW_20170811_090000_First_Look.thumbs/MSNBCW_20170811_090000_First_Look_002878.jpg,"the report, which is based on contributions from nearly 500 scientists for more than 60 countries also found that greenhouse gases, global sea temperatures, and sea levels were also at record highs. with that let's get a check on your weather with nbc meteorologist bill karins standing by."
https://archive.org/details/MSNBCW_20170820_000000_The_Last_Word_With_Lawrence_ODonnell#start/554/end/589,8/20/2017 0:09:29,MSNBC,The Last Word With Lawrence ODonnell,MSNBCW_20170820_000000_The_Last_Word_With_Lawrence_ODonnell,https://archive.org/download/MSNBCW_20170820_000000_The_Last_Word_With_Lawrence_ODonnell/MSNBCW_20170820_000000_The_Last_Word_With_Lawrence_ODonnell.thumbs/MSNBCW_20170820_000000_The_Last_Word_With_Lawrence_ODonnell_000537.jpg,"scheme to convince them there is such a thing as global warming. why are you here? hundreds of millions of people are going to die. that's a fact. hundreds of millions of people are going to die how? global warming. that's how you know he's"
https://archive.org/details/MSNBCW_20170822_190000_MSNBC_Live_With_Ali_Velshi#start/1322/end/1357,8/22/2017 19:22:17,MSNBC,MSNBC Live With Ali Velshi,MSNBCW_20170822_190000_MSNBC_Live_With_Ali_Velshi,https://archive.org/download/MSNBCW_20170822_190000_MSNBC_Live_With_Ali_Velshi/MSNBCW_20170822_190000_MSNBC_Live_With_Ali_Velshi.thumbs/MSNBCW_20170822_190000_MSNBC_Live_With_Ali_Velshi_001317.jpg,"really almost erasing climate change information throughout the government. they seem to be on a mission to try and get agencies and departments to not focus on climate change, focus away from it, not make references to it."
https://archive.org/details/MSNBCW_20170830_150000_MSNBC_Live_With_Velshi_and_Ruhle#start/1161/end/1196,8/30/2017 15:19:36,MSNBC,MSNBC Live With Velshi and Ruhle,MSNBCW_20170830_150000_MSNBC_Live_With_Velshi_and_Ruhle,https://archive.org/download/MSNBCW_20170830_150000_MSNBC_Live_With_Velshi_and_Ruhle/MSNBCW_20170830_150000_MSNBC_Live_With_Velshi_and_Ruhle.thumbs/MSNBCW_20170830_150000_MSNBC_Live_With_Velshi_and_Ruhle_001138.jpg,"money has not been flowing into the region for the infrastructure and climate change effects that we knew were inevitable and activities on this coastline. as they were covering up what they knew about climate change in the '70s."
https://archive.org/details/MSNBCW_20170810_160000_Andrea_Mitchell_Reports#start/2638/end/2673,8/10/2017 16:44:13,MSNBC,Andrea Mitchell Reports,MSNBCW_20170810_160000_Andrea_Mitchell_Reports,https://archive.org/download/MSNBCW_20170810_160000_Andrea_Mitchell_Reports/MSNBCW_20170810_160000_Andrea_Mitchell_Reports.thumbs/MSNBCW_20170810_160000_Andrea_Mitchell_Reports_002638.jpg,"but we have to assume that within a relatively short time, very likely during this current presidency, they will have that capability to integrate nuclear weapons and longer-range missiles. i want to switch to climate"
https://archive.org/details/MSNBCW_20170825_060000_The_11th_Hour_With_Brian_Williams#start/3241/end/3276,8/25/2017 6:54:16,MSNBC,The 11th Hour With Brian Williams,MSNBCW_20170825_060000_The_11th_Hour_With_Brian_Williams,https://archive.org/download/MSNBCW_20170825_060000_The_11th_Hour_With_Brian_Williams/MSNBCW_20170825_060000_The_11th_Hour_With_Brian_Williams.thumbs/MSNBCW_20170825_060000_The_11th_Hour_With_Brian_Williams_003237.jpg,"examplest put a hard focus, he said in the past, that climate change isn't real. the chinese manufactured it. there's a stream of these things. the epa under barack obama was responding to the threat of climate change. and in active rules and"
https://archive.org/details/MSNBCW_20170805_040000_The_Rachel_Maddow_Show#start/3123/end/3158,8/5/2017 4:52:18,MSNBC,The Rachel Maddow Show,MSNBCW_20170805_040000_The_Rachel_Maddow_Show,https://archive.org/download/MSNBCW_20170805_040000_The_Rachel_Maddow_Show/MSNBCW_20170805_040000_The_Rachel_Maddow_Show.thumbs/MSNBCW_20170805_040000_The_Rachel_Maddow_Show_003117.jpg,"his new movie. we did end up talking about climate change back in 2015 as promised. this week i got to talk with al gore again about the realities and the politics of climate change and why he's hopeful about possible solutions to the"
https://archive.org/details/MSNBCW_20170805_100000_The_Rachel_Maddow_Show#start/3125/end/3160,8/5/2017 10:52:20,MSNBC,The Rachel Maddow Show,MSNBCW_20170805_100000_The_Rachel_Maddow_Show,https://archive.org/download/MSNBCW_20170805_100000_The_Rachel_Maddow_Show/MSNBCW_20170805_100000_The_Rachel_Maddow_Show.thumbs/MSNBCW_20170805_100000_The_Rachel_Maddow_Show_003118.jpg,"power.' we did end up talking about climate change, as promised. this week i got to talk with al gore again about the realities and the politics of climate change and why he's hopeful about possible solutions to the crisis like investment in renewable energy."
https://archive.org/details/MSNBCW_20170808_140000_MSNBC_Live_With_Hallie_Jackson#start/1393/end/1428,8/8/2017 14:23:28,MSNBC,MSNBC Live With Hallie Jackson,MSNBCW_20170808_140000_MSNBC_Live_With_Hallie_Jackson,https://archive.org/download/MSNBCW_20170808_140000_MSNBC_Live_With_Hallie_Jackson/MSNBCW_20170808_140000_MSNBC_Live_With_Hallie_Jackson.thumbs/MSNBCW_20170808_140000_MSNBC_Live_With_Hallie_Jackson_001378.jpg,"as you know, hallie, president trump when he was a citizen at one point referred to climate change as a hoax. he sort of walked those comments back. but his top officials have been pressed on whether he still sees climate change in that way. we haven't gotten a real"
https://archive.org/details/MSNBCW_20170828_200000_Deadline_White_House#start/762/end/797,8/28/2017 20:12:57,MSNBC,Deadline White House,MSNBCW_20170828_200000_Deadline_White_House,https://archive.org/download/MSNBCW_20170828_200000_Deadline_White_House/MSNBCW_20170828_200000_Deadline_White_House.thumbs/MSNBCW_20170828_200000_Deadline_White_House_000747.jpg,"galveston, texas, and my story was focused on climate change and on the idea that middle class and poor people would be some of the first people hurt by climate change and there's this idea that these storms, these hurricanes are getting worse and worse and that working class and"
https://archive.org/details/MSNBCW_20170808_090000_First_Look#start/1164/end/1199,8/8/2017 9:19:39,MSNBC,First Look,MSNBCW_20170808_090000_First_Look,https://archive.org/download/MSNBCW_20170808_090000_First_Look/MSNBCW_20170808_090000_First_Look.thumbs/MSNBCW_20170808_090000_First_Look_001138.jpg,"it is extremely likely that more than half of the global average temperature rise since 1951 was caused by human influence. 'the times' argues that it directly contradicts claims by president trump and members of his cabinet who say that the human contribution to climate"
https://archive.org/details/MSNBCW_20170808_130000_MSNBC_Live_With_Stephanie_Ruhle#start/609/end/644,8/8/2017 13:10:24,MSNBC,MSNBC Live With Stephanie Ruhle,MSNBCW_20170808_130000_MSNBC_Live_With_Stephanie_Ruhle,https://archive.org/download/MSNBCW_20170808_130000_MSNBC_Live_With_Stephanie_Ruhle/MSNBCW_20170808_130000_MSNBC_Live_With_Stephanie_Ruhle.thumbs/MSNBCW_20170808_130000_MSNBC_Live_With_Stephanie_Ruhle_000597.jpg,"withdrew the u.s. from the paris accord on climate change, there were a lot of questions about the president's personal views on whether or not climate change is caused by humans. and over and over again the answer from sean spicer was i haven't had a chance to talk to the president about that."
https://archive.org/details/MSNBCW_20170822_190000_MSNBC_Live_With_Ali_Velshi#start/1400/end/1435,8/22/2017 19:23:35,MSNBC,MSNBC Live With Ali Velshi,MSNBCW_20170822_190000_MSNBC_Live_With_Ali_Velshi,https://archive.org/download/MSNBCW_20170822_190000_MSNBC_Live_With_Ali_Velshi/MSNBCW_20170822_190000_MSNBC_Live_With_Ali_Velshi.thumbs/MSNBCW_20170822_190000_MSNBC_Live_With_Ali_Velshi_001377.jpg,"in terms of remediating climate change doesn't happen at the federal level. so how much does this ultimately hold us back? a lot of companies are coming around to the idea that they've got to be more aggressive about playing a role in climate change. that's right. and i think that we saw sort of"
https://archive.org/details/MSNBCW_20170828_170000_MSNBC_Live_With_Craig_Melvin#start/1948/end/1983,8/28/2017 17:32:43,MSNBC,MSNBC Live With Craig Melvin,MSNBCW_20170828_170000_MSNBC_Live_With_Craig_Melvin,https://archive.org/download/MSNBCW_20170828_170000_MSNBC_Live_With_Craig_Melvin/MSNBCW_20170828_170000_MSNBC_Live_With_Craig_Melvin.thumbs/MSNBCW_20170828_170000_MSNBC_Live_With_Craig_Melvin_001948.jpg,"public officials to start thinking about climate change, and how climate change will start bringing more intense and frequent rainfall. and a lot of them are not doing that at this point, even though a bunch of other major cities are. anyone who takes a look at that report you did will see, it"
https://archive.org/details/MSNBCW_20170804_180000_MSNBC_Live_With_Katy_Tur#start/3546/end/3581,8/4/2017 18:59:21,MSNBC,MSNBC Live With Katy Tur,MSNBCW_20170804_180000_MSNBC_Live_With_Katy_Tur,https://archive.org/download/MSNBCW_20170804_180000_MSNBC_Live_With_Katy_Tur/MSNBCW_20170804_180000_MSNBC_Live_With_Katy_Tur.thumbs/MSNBCW_20170804_180000_MSNBC_Live_With_Katy_Tur_003403.jpg,"conference on global warming and talking about the carbon footprint. give me a break. news week is even mocking president trump, calling him laysy boy on his new cover and"
https://archive.org/details/MSNBCW_20170826_180000_MSNBC_Live#start/3378/end/3413,8/26/2017 18:56:33,MSNBC,MSNBC Live,MSNBCW_20170826_180000_MSNBC_Live,https://archive.org/download/MSNBCW_20170826_180000_MSNBC_Live/MSNBCW_20170826_180000_MSNBC_Live.thumbs/MSNBCW_20170826_180000_MSNBC_Live_003358.jpg,"next weekend. paul, as we don't want people to be fooled again by the downgrade and the severity of what it means for the rain and the historic flooding over the next couple of days, but bigger picture, explain why this could be more to do with climate"
https://archive.org/details/MSNBCW_20170807_130000_MSNBC_Live_With_Stephanie_Ruhle#start/2255/end/2290,8/7/2017 13:37:50,MSNBC,MSNBC Live With Stephanie Ruhle,MSNBCW_20170807_130000_MSNBC_Live_With_Stephanie_Ruhle,https://archive.org/download/MSNBCW_20170807_130000_MSNBC_Live_With_Stephanie_Ruhle/MSNBCW_20170807_130000_MSNBC_Live_With_Stephanie_Ruhle.thumbs/MSNBCW_20170807_130000_MSNBC_Live_With_Stephanie_Ruhle_002248.jpg,"slogan, maybe. i know what you're going for. maybe not. thank you so much. before we go to break, i want to correct something i said earlier, that sinkhole we talked about on climate change, not all sinkholes are linked to climate change and we don't yet know the cause of this severe one down in"
https://archive.org/details/MSNBCW_20170811_160000_Andrea_Mitchell_Reports#start/2447/end/2482,8/11/2017 16:41:02,MSNBC,Andrea Mitchell Reports,MSNBCW_20170811_160000_Andrea_Mitchell_Reports,https://archive.org/download/MSNBCW_20170811_160000_Andrea_Mitchell_Reports/MSNBCW_20170811_160000_Andrea_Mitchell_Reports.thumbs/MSNBCW_20170811_160000_Andrea_Mitchell_Reports_002428.jpg,"nuclear, to me, number one, i would like to denuke the world. i know president obama said global warming is the threat. i disagree. i say it's a simple one, nuclear is our greatest threat"
https://archive.org/details/MSNBCW_20170811_180000_MSNBC_Live_With_Katy_Tur#start/2395/end/2430,8/11/2017 18:40:10,MSNBC,MSNBC Live With Katy Tur,MSNBCW_20170811_180000_MSNBC_Live_With_Katy_Tur,https://archive.org/download/MSNBCW_20170811_180000_MSNBC_Live_With_Katy_Tur/MSNBCW_20170811_180000_MSNBC_Live_With_Katy_Tur.thumbs/MSNBCW_20170811_180000_MSNBC_Live_With_Katy_Tur_002367.jpg,"world. president obama said global warming is the biggest threat, but i think it is nuclear. not even a question, not even close. president trump announced he wanted to de-nuke the world only"
https://archive.org/details/MSNBCW_20170819_100000_The_Rachel_Maddow_Show#start/567/end/602,8/19/2017 10:09:42,MSNBC,The Rachel Maddow Show,MSNBCW_20170819_100000_The_Rachel_Maddow_Show,https://archive.org/download/MSNBCW_20170819_100000_The_Rachel_Maddow_Show/MSNBCW_20170819_100000_The_Rachel_Maddow_Show.thumbs/MSNBCW_20170819_100000_The_Rachel_Maddow_Show_000568.jpg,"and the trump administration, he produced the mad scientist kills people because he believes in global warming sexy sauna scene horror movie. he also produced a movie that is supposed to be nonfiction, a"
https://archive.org/details/MSNBCW_20170805_010000_The_Rachel_Maddow_Show#start/2517/end/2552,8/5/2017 1:42:12,MSNBC,The Rachel Maddow Show,MSNBCW_20170805_010000_The_Rachel_Maddow_Show,https://archive.org/download/MSNBCW_20170805_010000_The_Rachel_Maddow_Show/MSNBCW_20170805_010000_The_Rachel_Maddow_Show.thumbs/MSNBCW_20170805_010000_The_Rachel_Maddow_Show_002518.jpg,"didn't count on the process actually working, which it did two years later when the group issued its first comprehensive report. it clearly linked global warming to human activity. that report paved the way for 25 years of negotiations,"
https://archive.org/details/MSNBCW_20170805_040000_The_Rachel_Maddow_Show#start/3300/end/3335,8/5/2017 4:55:15,MSNBC,The Rachel Maddow Show,MSNBCW_20170805_040000_The_Rachel_Maddow_Show,https://archive.org/download/MSNBCW_20170805_040000_The_Rachel_Maddow_Show/MSNBCW_20170805_040000_The_Rachel_Maddow_Show.thumbs/MSNBCW_20170805_040000_The_Rachel_Maddow_Show_003297.jpg,"more common and evident. we're seeing these rain bombs now on a regular basis because the water cycle is being disrupted by 90% of the global warming heat going into the oceans and evaporating much more"
https://archive.org/details/MSNBCW_20170819_010000_The_Rachel_Maddow_Show#start/613/end/648,8/19/2017 1:10:28,MSNBC,The Rachel Maddow Show,MSNBCW_20170819_010000_The_Rachel_Maddow_Show,https://archive.org/download/MSNBCW_20170819_010000_The_Rachel_Maddow_Show/MSNBCW_20170819_010000_The_Rachel_Maddow_Show.thumbs/MSNBCW_20170819_010000_The_Rachel_Maddow_Show_000597.jpg,"sort of pattern of a weird choice for the trump campaign and trump administration, he produced the mad scientist kills people because he believes in global warming sexy sauna scene horror movie. he also produced a movie that is"
https://archive.org/details/MSNBCW_20170805_070000_All_In_With_Chris_Hayes#start/3280/end/3315,8/5/2017 7:54:55,MSNBC,All In With Chris Hayes,MSNBCW_20170805_070000_All_In_With_Chris_Hayes,https://archive.org/download/MSNBCW_20170805_070000_All_In_With_Chris_Hayes/MSNBCW_20170805_070000_All_In_With_Chris_Hayes.thumbs/MSNBCW_20170805_070000_All_In_With_Chris_Hayes_003268.jpg,"of rain in two hours. we're seeing these rain bombs now on a regular basis because the water cycle is being disrupted by 90% of the global warming heat going into the oceans and evaporating more moisture, which comes over the"
https://archive.org/details/MSNBCW_20170807_000000_Dateline_Extra#start/2515/end/2550,8/7/2017 0:42:10,MSNBC,Dateline Extra,MSNBCW_20170807_000000_Dateline_Extra,https://archive.org/download/MSNBCW_20170807_000000_Dateline_Extra/MSNBCW_20170807_000000_Dateline_Extra.thumbs/MSNBCW_20170807_000000_Dateline_Extra_000987.jpg,"while the white house hoped it would be tied up for years, it didn't count on the process actually working, which it did two years later when the group issued its first comprehensive report. it clearly linked global warming to human activity."
https://archive.org/details/MSNBCW_20170811_090000_First_Look#start/2862/end/2897,8/11/2017 9:47:57,MSNBC,First Look,MSNBCW_20170811_090000_First_Look,https://archive.org/download/MSNBCW_20170811_090000_First_Look/MSNBCW_20170811_090000_First_Look.thumbs/MSNBCW_20170811_090000_First_Look_002848.jpg,"oceanic and atmospheric administration reveals that the higher temps were the result of long-term global warming and a strong el nino weather pattern. it says that 2016 surpassed 2015 as the warmest year in 137 years of record keeping."
https://archive.org/details/MSNBCW_20170819_040000_The_Rachel_Maddow_Show#start/577/end/612,8/19/2017 4:09:52,MSNBC,The Rachel Maddow Show,MSNBCW_20170819_040000_The_Rachel_Maddow_Show,https://archive.org/download/MSNBCW_20170819_040000_The_Rachel_Maddow_Show/MSNBCW_20170819_040000_The_Rachel_Maddow_Show.thumbs/MSNBCW_20170819_040000_The_Rachel_Maddow_Show_000567.jpg,"it sounds kind of corny. it is. the message of the movie is about the mad scientist's murderous crazy scheme which is to convince those in the hostage crisis that there is such thing as global warming. why are you here?"
https://archive.org/details/MSNBCW_20170819_040000_The_Rachel_Maddow_Show#start/611/end/646,8/19/2017 4:10:26,MSNBC,The Rachel Maddow Show,MSNBCW_20170819_040000_The_Rachel_Maddow_Show,https://archive.org/download/MSNBCW_20170819_040000_The_Rachel_Maddow_Show/MSNBCW_20170819_040000_The_Rachel_Maddow_Show.thumbs/MSNBCW_20170819_040000_The_Rachel_Maddow_Show_000597.jpg,"produced the mad scientist kills people because he believes in global warming sexy sauna scene horror movie. he also produced a movie that is supposed to be nonfiction, a documentary, that shows and proves that one of the guys from"
https://archive.org/details/MSNBCW_20170810_160000_Andrea_Mitchell_Reports#start/2687/end/2722,8/10/2017 16:45:02,MSNBC,Andrea Mitchell Reports,MSNBCW_20170810_160000_Andrea_Mitchell_Reports,https://archive.org/download/MSNBCW_20170810_160000_Andrea_Mitchell_Reports/MSNBCW_20170810_160000_Andrea_Mitchell_Reports.thumbs/MSNBCW_20170810_160000_Andrea_Mitchell_Reports_002668.jpg,"experiencing the impacts of global warming, a clang in climate, those are expensive already in terms of our needing to adapt and that we are headed towards a much greater impacts. so the science is there. the science is clear."
https://archive.org/details/MSNBCW_20170820_000000_The_Last_Word_With_Lawrence_ODonnell#start/569/end/604,8/20/2017 0:09:44,MSNBC,The Last Word With Lawrence ODonnell,MSNBCW_20170820_000000_The_Last_Word_With_Lawrence_ODonnell,https://archive.org/download/MSNBCW_20170820_000000_The_Last_Word_With_Lawrence_ODonnell/MSNBCW_20170820_000000_The_Last_Word_With_Lawrence_ODonnell.thumbs/MSNBCW_20170820_000000_The_Last_Word_With_Lawrence_ODonnell_000567.jpg,"crazy. this one guy who doesn't fit the sort of pattern of a weird choice for the trump campaign in the trump administration, he produced the mad scientists kills people because he believes in global warming sexy sauna scene horror movie."
https://archive.org/details/MSNBCW_20170805_010000_The_Rachel_Maddow_Show#start/2487/end/2522,8/5/2017 1:41:42,MSNBC,The Rachel Maddow Show,MSNBCW_20170805_010000_The_Rachel_Maddow_Show,https://archive.org/download/MSNBCW_20170805_010000_The_Rachel_Maddow_Show/MSNBCW_20170805_010000_The_Rachel_Maddow_Show.thumbs/MSNBCW_20170805_010000_The_Rachel_Maddow_Show_002488.jpg,"warming. the international panel on climate change came into existence to consider whether humanity was responsible for"
https://archive.org/details/MSNBCW_20170807_000000_Dateline_Extra#start/2478/end/2513,8/7/2017 0:41:33,MSNBC,Dateline Extra,MSNBCW_20170807_000000_Dateline_Extra,https://archive.org/download/MSNBCW_20170807_000000_Dateline_Extra/MSNBCW_20170807_000000_Dateline_Extra.thumbs/MSNBCW_20170807_000000_Dateline_Extra_000987.jpg,"insist that the globe was warming. the international panel on climate change came into existence to consider whether"
https://archive.org/details/MSNBCW_20170805_010000_The_Rachel_Maddow_Show#start/62/end/97,8/5/2017 1:01:17,MSNBC,The Rachel Maddow Show,MSNBCW_20170805_010000_The_Rachel_Maddow_Show,https://archive.org/download/MSNBCW_20170805_010000_The_Rachel_Maddow_Show/MSNBCW_20170805_010000_The_Rachel_Maddow_Show.thumbs/MSNBCW_20170805_010000_The_Rachel_Maddow_Show_000058.jpg,"the top ranking american diplomat here in china quit his job two months ago. he simply couldn't understand or defend the decision to quit paris. we have an exclusive interview with him later in the show. some americans believe that global warming is a hoax."
https://archive.org/details/MSNBCW_20170805_230000_The_Rachel_Maddow_Show#start/3298/end/3333,8/5/2017 23:55:13,MSNBC,The Rachel Maddow Show,MSNBCW_20170805_230000_The_Rachel_Maddow_Show,https://archive.org/download/MSNBCW_20170805_230000_The_Rachel_Maddow_Show/MSNBCW_20170805_230000_The_Rachel_Maddow_Show.thumbs/MSNBCW_20170805_230000_The_Rachel_Maddow_Show_003297.jpg,"yesterday in miami, two inches in two hours. we're seeing these rain bombs on a regular basis because the water cycle is being disrupted by 90% of the global warming heat going into the oceans and evaporating moisture, which comes over the land and causes"
https://archive.org/details/MSNBCW_20170826_180000_MSNBC_Live#start/3387/end/3422,8/26/2017 18:56:42,MSNBC,MSNBC Live,MSNBCW_20170826_180000_MSNBC_Live,https://archive.org/download/MSNBCW_20170826_180000_MSNBC_Live/MSNBCW_20170826_180000_MSNBC_Live.thumbs/MSNBCW_20170826_180000_MSNBC_Live_003388.jpg,"change. well, certainly climate change, a warmer climate is now flavoring all weather, thomas. weather and climate are flip"
https://archive.org/details/MSNBCW_20170808_030000_The_11th_Hour_With_Brian_Williams#start/3542/end/3577,8/8/2017 3:59:17,MSNBC,The 11th Hour With Brian Williams,MSNBCW_20170808_030000_The_11th_Hour_With_Brian_Williams,https://archive.org/download/MSNBCW_20170808_030000_The_11th_Hour_With_Brian_Williams/MSNBCW_20170808_030000_The_11th_Hour_With_Brian_Williams.thumbs/MSNBCW_20170808_030000_The_11th_Hour_With_Brian_Williams_003537.jpg,"and win at business. last thing before we go, new findings on the effect of climate change in the u.s."
https://archive.org/details/MSNBCW_20170803_000000_All_In_With_Chris_Hayes#start/3075/end/3110,8/3/2017 0:51:30,MSNBC,All In With Chris Hayes,MSNBCW_20170803_000000_All_In_With_Chris_Hayes,https://archive.org/download/MSNBCW_20170803_000000_All_In_With_Chris_Hayes/MSNBCW_20170803_000000_All_In_With_Chris_Hayes.thumbs/MSNBCW_20170803_000000_All_In_With_Chris_Hayes_003057.jpg,"out of the historic climate change agreement. an inconvenient sequel, truth to power, a follow-up to gore's"
https://archive.org/details/MSNBCW_20170805_000000_All_In_With_Chris_Hayes#start/3284/end/3319,8/5/2017 0:54:59,MSNBC,All In With Chris Hayes,MSNBCW_20170805_000000_All_In_With_Chris_Hayes,https://archive.org/download/MSNBCW_20170805_000000_All_In_With_Chris_Hayes/MSNBCW_20170805_000000_All_In_With_Chris_Hayes.thumbs/MSNBCW_20170805_000000_All_In_With_Chris_Hayes_003268.jpg,"we're seeing these rain bombs now on a regular basis because the water cycle is being disrupted by 90% of the global warming heat going into the oceans and evaporating more moisture, which comes over the land and causes these extreme events. and the ice is melting and"
https://archive.org/details/MSNBCW_20170819_040000_The_Rachel_Maddow_Show#start/595/end/630,8/19/2017 4:10:10,MSNBC,The Rachel Maddow Show,MSNBCW_20170819_040000_The_Rachel_Maddow_Show,https://archive.org/download/MSNBCW_20170819_040000_The_Rachel_Maddow_Show/MSNBCW_20170819_040000_The_Rachel_Maddow_Show.thumbs/MSNBCW_20170819_040000_The_Rachel_Maddow_Show_000597.jpg,"hundreds of millions of people are going to die. that's a fact. hundreds of millions of people will die how? global warming. and that's how you know he's crazy. this one guy who doesn't fit the sort of pattern of a weird choice for the trump campaign and trump administration, he"
https://archive.org/details/MSNBCW_20170819_100000_The_Rachel_Maddow_Show#start/553/end/588,8/19/2017 10:09:28,MSNBC,The Rachel Maddow Show,MSNBCW_20170819_100000_The_Rachel_Maddow_Show,https://archive.org/download/MSNBCW_20170819_100000_The_Rachel_Maddow_Show/MSNBCW_20170819_100000_The_Rachel_Maddow_Show.thumbs/MSNBCW_20170819_100000_The_Rachel_Maddow_Show_000538.jpg,"why are you here? hundreds of millions of people are going to die. that's a fact. hundreds of millions of people will die how? global warming. that's how you know he is crazy. this one guy who doesn't fit the sort of pattern of a weird choice for the trump campaign"
https://archive.org/details/MSNBCW_20170805_230000_The_Rachel_Maddow_Show#start/3127/end/3162,8/5/2017 23:52:22,MSNBC,The Rachel Maddow Show,MSNBCW_20170805_230000_The_Rachel_Maddow_Show,https://archive.org/download/MSNBCW_20170805_230000_The_Rachel_Maddow_Show/MSNBCW_20170805_230000_The_Rachel_Maddow_Show.thumbs/MSNBCW_20170805_230000_The_Rachel_Maddow_Show_003117.jpg,"week i got to talk to al gore again about the realities of climate change. the difference between solar electricity unsubsidized being"
https://archive.org/details/MSNBCW_20170810_200000_Deadline_White_House#start/2657/end/2692,8/10/2017 20:44:32,MSNBC,Deadline White House,MSNBCW_20170810_200000_Deadline_White_House,https://archive.org/download/MSNBCW_20170810_200000_Deadline_White_House/MSNBCW_20170810_200000_Deadline_White_House.thumbs/MSNBCW_20170810_200000_Deadline_White_House_002637.jpg,"world. i know that president obama said global warming is the biggest threat. i totally disagree. i say that it's a simple one -- nuclear is our greatest threat worldwide. not even a question, not even close. so i'd like to denuke the world. i would like russia and the united states and china and"
https://archive.org/details/MSNBCW_20170803_000000_All_In_With_Chris_Hayes#start/3183/end/3218,8/3/2017 0:53:18,MSNBC,All In With Chris Hayes,MSNBCW_20170803_000000_All_In_With_Chris_Hayes,https://archive.org/download/MSNBCW_20170803_000000_All_In_With_Chris_Hayes/MSNBCW_20170803_000000_All_In_With_Chris_Hayes.thumbs/MSNBCW_20170803_000000_All_In_With_Chris_Hayes_003177.jpg,"even though there are those in his inner circle who wanted him to do the right thing on climate, they were outweighed, outtalked by the climate deniers. and the truth about the climate crisis is still inconvenient for the large carbon polluters, and"
https://archive.org/details/MSNBCW_20170803_070000_All_In_With_Chris_Hayes#start/3193/end/3228,8/3/2017 7:53:28,MSNBC,All In With Chris Hayes,MSNBCW_20170803_070000_All_In_With_Chris_Hayes,https://archive.org/download/MSNBCW_20170803_070000_All_In_With_Chris_Hayes/MSNBCW_20170803_070000_All_In_With_Chris_Hayes.thumbs/MSNBCW_20170803_070000_All_In_With_Chris_Hayes_001108.jpg,"even though there are those in his inner circle who wanted him to do the right thing on climate, they were outweighed, outtalked by the climate deniers. and the truth about the climate crisis is still inconvenient for the large carbon polluters, and"
https://archive.org/details/MSNBCW_20170805_010000_The_Rachel_Maddow_Show#start/2471/end/2506,8/5/2017 1:41:26,MSNBC,The Rachel Maddow Show,MSNBCW_20170805_010000_The_Rachel_Maddow_Show,https://archive.org/download/MSNBCW_20170805_010000_The_Rachel_Maddow_Show/MSNBCW_20170805_010000_The_Rachel_Maddow_Show.thumbs/MSNBCW_20170805_010000_The_Rachel_Maddow_Show_002458.jpg,"had come to tackle climate change once and for all. the problem, is he saw it, was having to listen to scientists insist that the globe was"
https://archive.org/details/MSNBCW_20170808_030000_The_11th_Hour_With_Brian_Williams#start/3573/end/3608,8/8/2017 3:59:48,MSNBC,The 11th Hour With Brian Williams,MSNBCW_20170808_030000_The_11th_Hour_With_Brian_Williams,https://archive.org/download/MSNBCW_20170808_030000_The_11th_Hour_With_Brian_Williams/MSNBCW_20170808_030000_The_11th_Hour_With_Brian_Williams.thumbs/MSNBCW_20170808_030000_The_11th_Hour_With_Brian_Williams_003567.jpg,"contradicts claims by president trump and members of his cabinet who say that the human impact on climate change is uncertain. some are concerned that the"
https://archive.org/details/MSNBCW_20170809_030000_The_11th_Hour_With_Brian_Williams#start/1503/end/1538,8/9/2017 3:25:18,MSNBC,The 11th Hour With Brian Williams,MSNBCW_20170809_030000_The_11th_Hour_With_Brian_Williams,https://archive.org/download/MSNBCW_20170809_030000_The_11th_Hour_With_Brian_Williams/MSNBCW_20170809_030000_The_11th_Hour_With_Brian_Williams.thumbs/MSNBCW_20170809_030000_The_11th_Hour_With_Brian_Williams_001497.jpg,"netanyahu did the same thing in sear israel. he gave voice to views on climate change. that seemed very out of character for him based on his"
https://archive.org/details/MSNBCW_20170809_080000_The_11th_Hour_With_Brian_Williams#start/1484/end/1519,8/9/2017 8:24:59,MSNBC,The 11th Hour With Brian Williams,MSNBCW_20170809_080000_The_11th_Hour_With_Brian_Williams,https://archive.org/download/MSNBCW_20170809_080000_The_11th_Hour_With_Brian_Williams/MSNBCW_20170809_080000_The_11th_Hour_With_Brian_Williams.thumbs/MSNBCW_20170809_080000_The_11th_Hour_With_Brian_Williams_001468.jpg,"climate change. that seemed very out of character for him based on his campaign rhetoric, but in that setting, he thought that's what they wanted to hear."
https://archive.org/details/MSNBCW_20170803_070000_All_In_With_Chris_Hayes#start/3114/end/3149,8/3/2017 7:52:09,MSNBC,All In With Chris Hayes,MSNBCW_20170803_070000_All_In_With_Chris_Hayes,https://archive.org/download/MSNBCW_20170803_070000_All_In_With_Chris_Hayes/MSNBCW_20170803_070000_All_In_With_Chris_Hayes.thumbs/MSNBCW_20170803_070000_All_In_With_Chris_Hayes_001108.jpg,"chat with president trump on climate change. it was a very intelligent exchange. it was a search for common ground. and in answer to your question,"
https://archive.org/details/MSNBCW_20170808_140000_MSNBC_Live_With_Hallie_Jackson#start/1364/end/1399,8/8/2017 14:22:59,MSNBC,MSNBC Live With Hallie Jackson,MSNBCW_20170808_140000_MSNBC_Live_With_Hallie_Jackson,https://archive.org/download/MSNBCW_20170808_140000_MSNBC_Live_With_Hallie_Jackson/MSNBCW_20170808_140000_MSNBC_Live_With_Hallie_Jackson.thumbs/MSNBCW_20170808_140000_MSNBC_Live_With_Hallie_Jackson_001348.jpg,"essentially found, hallie, that americans are feeling the effect and people are feeling the effect globally of climate change now. and that temperatures have been warming significantly since 1980s."
https://archive.org/details/MSNBCW_20170805_010000_The_Rachel_Maddow_Show#start/2042/end/2077,8/5/2017 1:34:17,MSNBC,The Rachel Maddow Show,MSNBCW_20170805_010000_The_Rachel_Maddow_Show,https://archive.org/download/MSNBCW_20170805_010000_The_Rachel_Maddow_Show/MSNBCW_20170805_010000_The_Rachel_Maddow_Show.thumbs/MSNBCW_20170805_010000_The_Rachel_Maddow_Show_002038.jpg,"instrument for that to address climate change, th than the par agreement, i haven't heard about it. the president called the paris agreement, and i quote, an agreement that disadvantages the"
https://archive.org/details/MSNBCW_20170808_060000_The_11th_Hour_With_Brian_Williams#start/3588/end/3623,8/8/2017 7:00:03,MSNBC,The 11th Hour With Brian Williams,MSNBCW_20170808_060000_The_11th_Hour_With_Brian_Williams,https://archive.org/download/MSNBCW_20170808_060000_The_11th_Hour_With_Brian_Williams/MSNBCW_20170808_060000_The_11th_Hour_With_Brian_Williams.thumbs/MSNBCW_20170808_060000_The_11th_Hour_With_Brian_Williams_003567.jpg,"from a division of the agriculture department saying the phrase 'climate change' should be avoided and replaced by weather extremes. the climate section of the epa website was taken down after"
https://archive.org/details/MSNBCW_20170808_100000_Morning_Joe#start/2915/end/2950,8/8/2017 10:48:50,MSNBC,Morning Joe,MSNBCW_20170808_100000_Morning_Joe,https://archive.org/download/MSNBCW_20170808_100000_Morning_Joe/MSNBCW_20170808_100000_Morning_Joe.thumbs/MSNBCW_20170808_100000_Morning_Joe_002907.jpg,"president can't just say, no, i'm not running. two, contrast it with last story. democrats are focused on climate change. we need an economic message. if we could pivot, saying we're"
https://archive.org/details/MSNBCW_20170829_230000_Hardball_With_Chris_Matthews#start/581/end/616,8/29/2017 23:09:56,MSNBC,Hardball With Chris Matthews,MSNBCW_20170829_230000_Hardball_With_Chris_Matthews,https://archive.org/download/MSNBCW_20170829_230000_Hardball_With_Chris_Matthews/MSNBCW_20170829_230000_Hardball_With_Chris_Matthews.thumbs/MSNBCW_20170829_230000_Hardball_With_Chris_Matthews_000567.jpg,"this hurricane were exacerbated by climate change. that there were no prevailing currents to steer the storm away. instead, it sat over houston and delivered up to 52 inches of"
https://archive.org/details/MSNBCW_20170803_070000_All_In_With_Chris_Hayes#start/3079/end/3114,8/3/2017 7:51:34,MSNBC,All In With Chris Hayes,MSNBCW_20170803_070000_All_In_With_Chris_Hayes,https://archive.org/download/MSNBCW_20170803_070000_All_In_With_Chris_Hayes/MSNBCW_20170803_070000_All_In_With_Chris_Hayes.thumbs/MSNBCW_20170803_070000_All_In_With_Chris_Hayes_001108.jpg,"in june the president announced the united states was pulling out of the historic climate change agreement. an inconvenient sequel, truth to power, a follow-up to gore's"
https://archive.org/details/MSNBCW_20170805_010000_The_Rachel_Maddow_Show#start/2579/end/2614,8/5/2017 1:43:14,MSNBC,The Rachel Maddow Show,MSNBCW_20170805_010000_The_Rachel_Maddow_Show,https://archive.org/download/MSNBCW_20170805_010000_The_Rachel_Maddow_Show/MSNBCW_20170805_010000_The_Rachel_Maddow_Show.thumbs/MSNBCW_20170805_010000_The_Rachel_Maddow_Show_002578.jpg,"the united states is strongly committed to the ipcc process of international cooperation on global climate change. i am very pleased that the united states has reached a truly historic agreement with"
https://archive.org/details/MSNBCW_20170808_080000_The_11th_Hour_With_Brian_Williams#start/3529/end/3564,8/8/2017 8:59:04,MSNBC,The 11th Hour With Brian Williams,MSNBCW_20170808_080000_The_11th_Hour_With_Brian_Williams,https://archive.org/download/MSNBCW_20170808_080000_The_11th_Hour_With_Brian_Williams/MSNBCW_20170808_080000_The_11th_Hour_With_Brian_Williams.thumbs/MSNBCW_20170808_080000_The_11th_Hour_With_Brian_Williams_003387.jpg,"just ask your doctor about taltz. last thing before we go, new findings on the effect of climate change in the u.s. revealed in a draft report from scientists from 13 federal agencies."
https://archive.org/details/MSNBCW_20170808_160000_Andrea_Mitchell_Reports#start/2654/end/2689,8/8/2017 16:44:29,MSNBC,Andrea Mitchell Reports,MSNBCW_20170808_160000_Andrea_Mitchell_Reports,https://archive.org/download/MSNBCW_20170808_160000_Andrea_Mitchell_Reports/MSNBCW_20170808_160000_Andrea_Mitchell_Reports.thumbs/MSNBCW_20170808_160000_Andrea_Mitchell_Reports_002638.jpg,"agency, while a lot of media is playing to the russia investigation, you have climate change regulations being ignored, scientists panels being fired. there is what you could call a"
https://archive.org/details/MSNBCW_20170830_180000_MSNBC_Live_With_Katy_Tur#start/1585/end/1620,8/30/2017 18:26:40,MSNBC,MSNBC Live With Katy Tur,MSNBCW_20170830_180000_MSNBC_Live_With_Katy_Tur,https://archive.org/download/MSNBCW_20170830_180000_MSNBC_Live_With_Katy_Tur/MSNBCW_20170830_180000_MSNBC_Live_With_Katy_Tur.thumbs/MSNBCW_20170830_180000_MSNBC_Live_With_Katy_Tur_001587.jpg,"houston, but an entire region of texas. how do you rebuild it better? we have to make sure we're prepared now with all of this discussion about climate change affecting the severity of"
https://archive.org/details/MSNBCW_20170825_100000_Morning_Joe#start/9350/end/9385,8/25/2017 12:36:05,MSNBC,Morning Joe,MSNBCW_20170825_100000_Morning_Joe,https://archive.org/download/MSNBCW_20170825_100000_Morning_Joe/MSNBCW_20170825_100000_Morning_Joe.thumbs/MSNBCW_20170825_100000_Morning_Joe_009328.jpg,"don't get me wrong, i've enjoyed your few public engagements so far this year, you spoke meaningfully n on climate change in milan and you eloquently repudiated the continuing attempts to repeal the"
https://archive.org/details/MSNBCW_20170805_010000_The_Rachel_Maddow_Show#start/1997/end/2032,8/5/2017 1:33:32,MSNBC,The Rachel Maddow Show,MSNBCW_20170805_010000_The_Rachel_Maddow_Show,https://archive.org/download/MSNBCW_20170805_010000_The_Rachel_Maddow_Show/MSNBCW_20170805_010000_The_Rachel_Maddow_Show.thumbs/MSNBCW_20170805_010000_The_Rachel_Maddow_Show_001978.jpg,"agreement on climate change, as a parent, patriot, and christian, i could not in good conscious be involved in any way, no matter how small, with the implementation of that decision. as a patriot, christian -- and --  _          _"
https://archive.org/details/MSNBCW_20170805_070000_All_In_With_Chris_Hayes#start/3104/end/3139,8/5/2017 7:51:59,MSNBC,All In With Chris Hayes,MSNBCW_20170805_070000_All_In_With_Chris_Hayes,https://archive.org/download/MSNBCW_20170805_070000_All_In_With_Chris_Hayes/MSNBCW_20170805_070000_All_In_With_Chris_Hayes.thumbs/MSNBCW_20170805_070000_All_In_With_Chris_Hayes_003088.jpg,"this week i got to talk with al gore again about the realities and the politics of climate change and why he's hopeful about possible solutions to the crisis like investment in renewable energy."
https://archive.org/details/MSNBCW_20170807_000000_Dateline_Extra#start/2499/end/2534,8/7/2017 0:41:54,MSNBC,Dateline Extra,MSNBCW_20170807_000000_Dateline_Extra,https://archive.org/download/MSNBCW_20170807_000000_Dateline_Extra/MSNBCW_20170807_000000_Dateline_Extra.thumbs/MSNBCW_20170807_000000_Dateline_Extra_000987.jpg,"humanity was responsible for climate change, if so, by how much, and how much could be done about it. those scientists would hammer out a report and countries would be given recommendations to follow."
https://archive.org/details/MSNBCW_20170829_230000_Hardball_With_Chris_Matthews#start/562/end/597,8/29/2017 23:09:37,MSNBC,Hardball With Chris Matthews,MSNBCW_20170829_230000_Hardball_With_Chris_Matthews,https://archive.org/download/MSNBCW_20170829_230000_Hardball_With_Chris_Matthews/MSNBCW_20170829_230000_Hardball_With_Chris_Matthews.thumbs/MSNBCW_20170829_230000_Hardball_With_Chris_Matthews_000537.jpg,"time to fix. that's one piece of it. the other thing is these are words the president isn't likely to speak, climate change. it is fairly likely, certainly very likely that the effects of"
https://archive.org/details/MSNBCW_20170803_000000_All_In_With_Chris_Hayes#start/3062/end/3097,8/3/2017 0:51:17,MSNBC,All In With Chris Hayes,MSNBCW_20170803_000000_All_In_With_Chris_Hayes,https://archive.org/download/MSNBCW_20170803_000000_All_In_With_Chris_Hayes/MSNBCW_20170803_000000_All_In_With_Chris_Hayes.thumbs/MSNBCW_20170803_000000_All_In_With_Chris_Hayes_003057.jpg,"convince the incoming administration not to dis president obama's climate policies. almost immediately, the trump white house website deleted all mentions of climate change. in june the president announced the united states was pulling"
https://archive.org/details/MSNBCW_20170808_060000_The_11th_Hour_With_Brian_Williams#start/3536/end/3571,8/8/2017 6:59:11,MSNBC,The 11th Hour With Brian Williams,MSNBCW_20170808_060000_The_11th_Hour_With_Brian_Williams,https://archive.org/download/MSNBCW_20170808_060000_The_11th_Hour_With_Brian_Williams/MSNBCW_20170808_060000_The_11th_Hour_With_Brian_Williams.thumbs/MSNBCW_20170808_060000_The_11th_Hour_With_Brian_Williams_003417.jpg,"only exclusive retailers carry tempur-pedic. find yours at tempurpedic.com. before we go here tonight, new findings on the effect of climate change in the u.s., revealed in a draft report by scientists from 13 federal"
https://archive.org/details/MSNBCW_20170822_190000_MSNBC_Live_With_Ali_Velshi#start/1369/end/1404,8/22/2017 19:23:04,MSNBC,MSNBC Live With Ali Velshi,MSNBCW_20170822_190000_MSNBC_Live_With_Ali_Velshi,https://archive.org/download/MSNBCW_20170822_190000_MSNBC_Live_With_Ali_Velshi/MSNBCW_20170822_190000_MSNBC_Live_With_Ali_Velshi.thumbs/MSNBCW_20170822_190000_MSNBC_Live_With_Ali_Velshi_001347.jpg,"the -- you know, not just the makeup of these kind of scientific advisory boards but the agendas and priorities of these agencies which obviously are out there to deal with problems such as climate change and other environmental issues."
https://archive.org/details/MSNBCW_20170830_070000_All_In_With_Chris_Hayes#start/895/end/930,8/30/2017 7:15:10,MSNBC,All In With Chris Hayes,MSNBCW_20170830_070000_All_In_With_Chris_Hayes,https://archive.org/download/MSNBCW_20170830_070000_All_In_With_Chris_Hayes/MSNBCW_20170830_070000_All_In_With_Chris_Hayes.thumbs/MSNBCW_20170830_070000_All_In_With_Chris_Hayes_000868.jpg,"to factor flooding into their climate change. i think what we've done in new jersey is to say, we have to react to new realities. that may be true in new jersey. but this is about the federal"
https://archive.org/details/MSNBCW_20170831_050000_The_Last_Word_With_Lawrence_ODonnell#start/820/end/855,8/31/2017 5:13:55,MSNBC,The Last Word With Lawrence ODonnell,MSNBCW_20170831_050000_The_Last_Word_With_Lawrence_ODonnell,https://archive.org/download/MSNBCW_20170831_050000_The_Last_Word_With_Lawrence_ODonnell/MSNBCW_20170831_050000_The_Last_Word_With_Lawrence_ODonnell.thumbs/MSNBCW_20170831_050000_The_Last_Word_With_Lawrence_ODonnell_000807.jpg,"you can't have a serious discussion about the response to a hurricane unless you begin to talk about climate change, and you can't have that conversation without talking about paris. and you also need to talk about"
https://archive.org/details/MSNBCW_20170831_140000_MSNBC_Live_With_Hallie_Jackson#start/958/end/993,8/31/2017 14:16:13,MSNBC,MSNBC Live With Hallie Jackson,MSNBCW_20170831_140000_MSNBC_Live_With_Hallie_Jackson,https://archive.org/download/MSNBCW_20170831_140000_MSNBC_Live_With_Hallie_Jackson/MSNBCW_20170831_140000_MSNBC_Live_With_Hallie_Jackson.thumbs/MSNBCW_20170831_140000_MSNBC_Live_With_Hallie_Jackson_000957.jpg,"we don't know what the extent of the impact is on chemical facilities there. probably more important looking into the future, i mean, the trump administration can deny climate change all it wants. but the fact is that it's"
https://archive.org/details/MSNBCW_20170816_160000_Andrea_Mitchell_Reports#start/1279/end/1314,8/16/2017 16:21:34,MSNBC,Andrea Mitchell Reports,MSNBCW_20170816_160000_Andrea_Mitchell_Reports,https://archive.org/download/MSNBCW_20170816_160000_Andrea_Mitchell_Reports/MSNBCW_20170816_160000_Andrea_Mitchell_Reports.thumbs/MSNBCW_20170816_160000_Andrea_Mitchell_Reports_001258.jpg,"care, on climate change, a big fight over tax reform, and tax breaks, billionaires and all that stuff. but i am happy to see that we have republican leaders, conservatives, joining virtually all democrats, all progressives,"
https://archive.org/details/MSNBCW_20170805_210000_MSNBC_Live#start/2367/end/2402,8/5/2017 21:39:42,MSNBC,MSNBC Live,MSNBCW_20170805_210000_MSNBC_Live,https://archive.org/download/MSNBCW_20170805_210000_MSNBC_Live/MSNBCW_20170805_210000_MSNBC_Live.thumbs/MSNBCW_20170805_210000_MSNBC_Live_002368.jpg,"steps away from climate change, his foreign counterparts are stepping up. during the recent g-20 summit, canada's prime minister and macron took part in events from global citizen and trump did not. savannah sellers is here to talk"
https://archive.org/details/MSNBCW_20170805_230000_The_Rachel_Maddow_Show#start/3112/end/3147,8/5/2017 23:52:07,MSNBC,The Rachel Maddow Show,MSNBCW_20170805_230000_The_Rachel_Maddow_Show,https://archive.org/download/MSNBCW_20170805_230000_The_Rachel_Maddow_Show/MSNBCW_20170805_230000_The_Rachel_Maddow_Show.thumbs/MSNBCW_20170805_230000_The_Rachel_Maddow_Show_003087.jpg,"vice president. that conversation about feeding the beast and the type of interview i was getting ready to do which made it into his new movie, we spoke about climate change back in 2015 and this"
https://archive.org/details/MSNBCW_20170830_150000_MSNBC_Live_With_Velshi_and_Ruhle#start/1177/end/1212,8/30/2017 15:19:52,MSNBC,MSNBC Live With Velshi and Ruhle,MSNBCW_20170830_150000_MSNBC_Live_With_Velshi_and_Ruhle,https://archive.org/download/MSNBCW_20170830_150000_MSNBC_Live_With_Velshi_and_Ruhle/MSNBCW_20170830_150000_MSNBC_Live_With_Velshi_and_Ruhle.thumbs/MSNBCW_20170830_150000_MSNBC_Live_With_Velshi_and_Ruhle_001168.jpg,"you're an al jazeera guy, it's striking here, so much money has been made in the region -- hold -- deal with the climate change -- hold that thought for one second because on the screen we've got a live helicopter"
https://archive.org/details/MSNBCW_20170830_150000_MSNBC_Live_With_Velshi_and_Ruhle#start/1423/end/1458,8/30/2017 15:23:58,MSNBC,MSNBC Live With Velshi and Ruhle,MSNBCW_20170830_150000_MSNBC_Live_With_Velshi_and_Ruhle,https://archive.org/download/MSNBCW_20170830_150000_MSNBC_Live_With_Velshi_and_Ruhle/MSNBCW_20170830_150000_MSNBC_Live_With_Velshi_and_Ruhle.thumbs/MSNBCW_20170830_150000_MSNBC_Live_With_Velshi_and_Ruhle_001408.jpg,"continue to rise. an important part that he was making there, that a lot of people are asking about the contribution of climate change to this type of -- we have this -- bill karins is with me"
https://archive.org/details/MSNBCW_20170810_160000_Andrea_Mitchell_Reports#start/2652/end/2687,8/10/2017 16:44:27,MSNBC,Andrea Mitchell Reports,MSNBCW_20170810_160000_Andrea_Mitchell_Reports,https://archive.org/download/MSNBCW_20170810_160000_Andrea_Mitchell_Reports/MSNBCW_20170810_160000_Andrea_Mitchell_Reports.thumbs/MSNBCW_20170810_160000_Andrea_Mitchell_Reports_002638.jpg,"change, briefly, and ask you about any concerns that you might share among the scientists of 13 different agencies, who have concluded that americans are feeling the effects of climate change and they are very worried, frankly that this"
https://archive.org/details/MSNBCW_20170805_000000_All_In_With_Chris_Hayes#start/3110/end/3145,8/5/2017 0:52:05,MSNBC,All In With Chris Hayes,MSNBCW_20170805_000000_All_In_With_Chris_Hayes,https://archive.org/download/MSNBCW_20170805_000000_All_In_With_Chris_Hayes/MSNBCW_20170805_000000_All_In_With_Chris_Hayes.thumbs/MSNBCW_20170805_000000_All_In_With_Chris_Hayes_003088.jpg,"power.' this week i got to talk with al gore again about the realities and the politics of climate change and why he's hopeful about possible solutions to the crisis like investment in renewable energy. the difference between solar electricity, unsubsidized, being"
https://archive.org/details/MSNBCW_20170805_010000_The_Rachel_Maddow_Show#start/78/end/113,8/5/2017 1:01:33,MSNBC,The Rachel Maddow Show,MSNBCW_20170805_010000_The_Rachel_Maddow_Show,https://archive.org/download/MSNBCW_20170805_010000_The_Rachel_Maddow_Show/MSNBCW_20170805_010000_The_Rachel_Maddow_Show.thumbs/MSNBCW_20170805_010000_The_Rachel_Maddow_Show_000058.jpg,"we're not going to spend a second of this show discussing whether climate change is man made or cyclical or caused by alien spacecraft, because frankly, it doesn't matter. a new world is coming. no matter what you believe, new"
https://archive.org/details/MSNBCW_20170805_010000_The_Rachel_Maddow_Show#start/2503/end/2538,8/5/2017 1:41:58,MSNBC,The Rachel Maddow Show,MSNBCW_20170805_010000_The_Rachel_Maddow_Show,https://archive.org/download/MSNBCW_20170805_010000_The_Rachel_Maddow_Show/MSNBCW_20170805_010000_The_Rachel_Maddow_Show.thumbs/MSNBCW_20170805_010000_The_Rachel_Maddow_Show_002488.jpg,"climate change, if so, by how much, and how much could be done about it. those scientists would hammer out a report and countries would be given recommendations to follow. while the white house hoped it would be tied up for years, it"
https://archive.org/details/MSNBCW_20170808_100000_Morning_Joe#start/4680/end/4715,8/8/2017 11:18:15,MSNBC,Morning Joe,MSNBCW_20170808_100000_Morning_Joe,https://archive.org/download/MSNBCW_20170808_100000_Morning_Joe/MSNBCW_20170808_100000_Morning_Joe.thumbs/MSNBCW_20170808_100000_Morning_Joe_004677.jpg,"care about climate change or are focusing on it. think the problem is one, what you referenced in the last hour, joe, which is there are gerrymander districts that make it hard for them to win the house seats and two, they're"
https://archive.org/details/MSNBCW_20170808_130000_MSNBC_Live_With_Stephanie_Ruhle#start/281/end/316,8/8/2017 13:04:56,MSNBC,MSNBC Live With Stephanie Ruhle,MSNBCW_20170808_130000_MSNBC_Live_With_Stephanie_Ruhle,https://archive.org/download/MSNBCW_20170808_130000_MSNBC_Live_With_Stephanie_Ruhle/MSNBCW_20170808_130000_MSNBC_Live_With_Stephanie_Ruhle.thumbs/MSNBCW_20170808_130000_MSNBC_Live_With_Stephanie_Ruhle_000267.jpg,"settled, questioning just how great our ability is to determine that climate change is real right now. the white house as we understand it, said to be reviewing this report. we don't know what they will say or to about i."
https://archive.org/details/MSNBCW_20170808_130000_MSNBC_Live_With_Stephanie_Ruhle#start/593/end/628,8/8/2017 13:10:08,MSNBC,MSNBC Live With Stephanie Ruhle,MSNBCW_20170808_130000_MSNBC_Live_With_Stephanie_Ruhle,https://archive.org/download/MSNBCW_20170808_130000_MSNBC_Live_With_Stephanie_Ruhle/MSNBCW_20170808_130000_MSNBC_Live_With_Stephanie_Ruhle.thumbs/MSNBCW_20170808_130000_MSNBC_Live_With_Stephanie_Ruhle_000567.jpg,"they don't trust this white house not to suppress the report or to value taidate it. they are worried about this white house attending on climate change and as peter mentioned, go back to june in that briefing room and after the president"
https://archive.org/details/MSNBCW_20170807_000000_Dateline_Extra#start/636/end/671,8/7/2017 0:10:51,MSNBC,Dateline Extra,MSNBCW_20170807_000000_Dateline_Extra,https://archive.org/download/MSNBCW_20170807_000000_Dateline_Extra/MSNBCW_20170807_000000_Dateline_Extra.thumbs/MSNBCW_20170807_000000_Dateline_Extra_000627.jpg,"that's all china's doing, right? i don't know what the hell we're doing. chris deangelis is an american lawyer who works with large technology companies in beijing. he says while americans argue about the science of climate change, the chinese are racing ahead."
https://archive.org/details/MSNBCW_20170807_000000_Dateline_Extra#start/2046/end/2081,8/7/2017 0:34:21,MSNBC,Dateline Extra,MSNBCW_20170807_000000_Dateline_Extra,https://archive.org/download/MSNBCW_20170807_000000_Dateline_Extra/MSNBCW_20170807_000000_Dateline_Extra.thumbs/MSNBCW_20170807_000000_Dateline_Extra_000987.jpg,"happen. and if there is a better instrument for that to address climate change than the paris agreement, i haven't heard about it. the president called the paris agreement, and i quote, an agreement that disadvantages the united states to advantage other"
https://archive.org/details/MSNBCW_20170807_000000_Dateline_Extra#start/2463/end/2498,8/7/2017 0:41:18,MSNBC,Dateline Extra,MSNBCW_20170807_000000_Dateline_Extra,https://archive.org/download/MSNBCW_20170807_000000_Dateline_Extra/MSNBCW_20170807_000000_Dateline_Extra.thumbs/MSNBCW_20170807_000000_Dateline_Extra_000987.jpg,"the answer may very well surprise you. back in the summer of 1988, ronald reagan decided the time had come to tackle climate change once and for all. the problem, is he saw it, was having to listen to scientists"
https://archive.org/details/MSNBCW_20170807_000000_Dateline_Extra#start/2577/end/2612,8/7/2017 0:43:12,MSNBC,Dateline Extra,MSNBCW_20170807_000000_Dateline_Extra,https://archive.org/download/MSNBCW_20170807_000000_Dateline_Extra/MSNBCW_20170807_000000_Dateline_Extra.thumbs/MSNBCW_20170807_000000_Dateline_Extra_000987.jpg,"now, republicans and democrats have taken turns to stand up a pledge to act and then haven't. the united states is strongly committed to the ipcc process of international cooperation on global climate change. i am very pleased that the"
https://archive.org/details/MSNBCW_20170807_210000_MTP_Daily#start/2667/end/2702,8/7/2017 21:44:42,MSNBC,MTP Daily,MSNBCW_20170807_210000_MTP_Daily,https://archive.org/download/MSNBCW_20170807_210000_MTP_Daily/MSNBCW_20170807_210000_MTP_Daily.thumbs/MSNBCW_20170807_210000_MTP_Daily_002668.jpg,"it is not a hockey. it was not kraeltd in china. it is something that the majority, 95% of scientists believe in the science of climate change. we've got to do something. it is life-threatening over a"
https://archive.org/details/MSNBCW_20170830_100000_Morning_Joe#start/3208/end/3243,8/30/2017 10:53:43,MSNBC,Morning Joe,MSNBCW_20170830_100000_Morning_Joe,https://archive.org/download/MSNBCW_20170830_100000_Morning_Joe/MSNBCW_20170830_100000_Morning_Joe.thumbs/MSNBCW_20170830_100000_Morning_Joe_003208.jpg,"climate change, this is about rising waters, warming temperatures. more severe storms. makes the storm more severe. even though the science isn't clear but there's a combination of things, confluence of factors. by the way even if things were consistent, if you're"
https://archive.org/details/MSNBCW_20170829_000000_All_In_With_Chris_Hayes#start/1506/end/1541,8/29/2017 0:25:21,MSNBC,All In With Chris Hayes,MSNBCW_20170829_000000_All_In_With_Chris_Hayes,https://archive.org/download/MSNBCW_20170829_000000_All_In_With_Chris_Hayes/MSNBCW_20170829_000000_All_In_With_Chris_Hayes.thumbs/MSNBCW_20170829_000000_All_In_With_Chris_Hayes_001498.jpg,"waterways and bu yebayous that make it prone to flooding. you wrote this piece that said look the policies in the city of houston, growth plus climate change equals a disaster is coming our way. what was the reaction when you"
https://archive.org/details/MSNBCW_20170829_070000_All_In_With_Chris_Hayes#start/1477/end/1512,8/29/2017 7:24:52,MSNBC,All In With Chris Hayes,MSNBCW_20170829_070000_All_In_With_Chris_Hayes,https://archive.org/download/MSNBCW_20170829_070000_All_In_With_Chris_Hayes/MSNBCW_20170829_070000_All_In_With_Chris_Hayes.thumbs/MSNBCW_20170829_070000_All_In_With_Chris_Hayes_001467.jpg,"it is also shot through with waterways and bu bayous that make it prone to flooding. you wrote this piece that said look the policies in the city of houston, growth plus climate change equals a disaster is coming our way."
https://archive.org/details/MSNBCW_20170831_140000_MSNBC_Live_With_Hallie_Jackson#start/880/end/915,8/31/2017 14:14:55,MSNBC,MSNBC Live With Hallie Jackson,MSNBCW_20170831_140000_MSNBC_Live_With_Hallie_Jackson,https://archive.org/download/MSNBCW_20170831_140000_MSNBC_Live_With_Hallie_Jackson/MSNBCW_20170831_140000_MSNBC_Live_With_Hallie_Jackson.thumbs/MSNBCW_20170831_140000_MSNBC_Live_With_Hallie_Jackson_000867.jpg,"climate change and, unfortunately, what the impact of the trump administration policies will have on the plant. what's the takeaway for people living in that area of texas right now? what's the most important thing that they need to know, given"
https://archive.org/details/MSNBCW_20170830_150000_MSNBC_Live_With_Velshi_and_Ruhle#start/1286/end/1321,8/30/2017 15:21:41,MSNBC,MSNBC Live With Velshi and Ruhle,MSNBCW_20170830_150000_MSNBC_Live_With_Velshi_and_Ruhle,https://archive.org/download/MSNBCW_20170830_150000_MSNBC_Live_With_Velshi_and_Ruhle/MSNBCW_20170830_150000_MSNBC_Live_With_Velshi_and_Ruhle.thumbs/MSNBCW_20170830_150000_MSNBC_Live_With_Velshi_and_Ruhle_001288.jpg,"you can't make the connection with the oil and gas industry and climate change much clearer. you were talking to someone in port arthur. we understood the largest crude oil refinery in the united states is shutting down. that might sound very prudent"
https://archive.org/details/MSNBCW_20170804_140000_MSNBC_Live_With_Hallie_Jackson#start/2471/end/2506,8/4/2017 14:41:26,MSNBC,MSNBC Live With Hallie Jackson,MSNBCW_20170804_140000_MSNBC_Live_With_Hallie_Jackson,https://archive.org/download/MSNBCW_20170804_140000_MSNBC_Live_With_Hallie_Jackson/MSNBCW_20170804_140000_MSNBC_Live_With_Hallie_Jackson.thumbs/MSNBCW_20170804_140000_MSNBC_Live_With_Hallie_Jackson_002457.jpg,"years. they want to get rid of it. there's also no debate about climate change. they see going green investigating in these new sectors as an enormous business opportunity that the u.s. is missing out on. that's, that's why we're here in"
https://archive.org/details/MSNBCW_20170810_000000_All_In_With_Chris_Hayes#start/2712/end/2747,8/10/2017 0:45:27,MSNBC,All In With Chris Hayes,MSNBCW_20170810_000000_All_In_With_Chris_Hayes,https://archive.org/download/MSNBCW_20170810_000000_All_In_With_Chris_Hayes/MSNBCW_20170810_000000_All_In_With_Chris_Hayes.thumbs/MSNBCW_20170810_000000_All_In_With_Chris_Hayes_002697.jpg,"attack on blumenthal. last night this was what was on at 8:00 p.m. someone talking about climate change is that a selling omt this show about the alabama senate primary. and just 16 minutes after this show's segment, the president"
https://archive.org/details/MSNBCW_20170810_070000_All_In_With_Chris_Hayes#start/2687/end/2722,8/10/2017 7:45:02,MSNBC,All In With Chris Hayes,MSNBCW_20170810_070000_All_In_With_Chris_Hayes,https://archive.org/download/MSNBCW_20170810_070000_All_In_With_Chris_Hayes/MSNBCW_20170810_070000_All_In_With_Chris_Hayes.thumbs/MSNBCW_20170810_070000_All_In_With_Chris_Hayes_002667.jpg,"someone talking about climate change is that a selling omt this show about the alabama senate primary. and just 16 minutes after this show's segment, the president tweeted out of nowhere his surprise endorsement in that primary for the current senate"
https://archive.org/details/MSNBCW_20170821_150000_MSNBC_Live_With_Velshi_and_Ruhle#start/3332/end/3367,8/21/2017 15:55:47,MSNBC,MSNBC Live With Velshi and Ruhle,MSNBCW_20170821_150000_MSNBC_Live_With_Velshi_and_Ruhle,https://archive.org/download/MSNBCW_20170821_150000_MSNBC_Live_With_Velshi_and_Ruhle/MSNBCW_20170821_150000_MSNBC_Live_With_Velshi_and_Ruhle.thumbs/MSNBCW_20170821_150000_MSNBC_Live_With_Velshi_and_Ruhle_003328.jpg,"as we think about climate change and science and technology, not these ills of getting over racist remarks and statutes. we have to keep them rising in these places. because if we don't, we're going to falter as a civilization."
https://archive.org/details/MSNBCW_20170820_160000_MSNBC_Live_With_Alex_Witt#start/2035/end/2070,8/20/2017 16:34:10,MSNBC,MSNBC Live With Alex Witt,MSNBCW_20170820_160000_MSNBC_Live_With_Alex_Witt,https://archive.org/download/MSNBCW_20170820_160000_MSNBC_Live_With_Alex_Witt/MSNBCW_20170820_160000_MSNBC_Live_With_Alex_Witt.thumbs/MSNBCW_20170820_160000_MSNBC_Live_With_Alex_Witt_002008.jpg,"giving them kombucha shakes at google to walking the talk on a lot of social issues. not just social issues, immigration, climate change and this. it's not -- i don't want to say it's a final straw, but it is. it's enough."
https://archive.org/details/MSNBCW_20170808_090000_First_Look#start/1133/end/1168,8/8/2017 9:19:08,MSNBC,First Look,MSNBCW_20170808_090000_First_Look,https://archive.org/download/MSNBCW_20170808_090000_First_Look/MSNBCW_20170808_090000_First_Look.thumbs/MSNBCW_20170808_090000_First_Look_001108.jpg,"was able to climb over to safety. unreal footage of that rescue. in a new federal report on climate change, they've found that the average temperature in the united states has risen dramatically since 1980. the 'new york times' claims to have obtained a copy of a"
https://archive.org/details/MSNBCW_20170808_090000_First_Look#start/1816/end/1851,8/8/2017 9:30:31,MSNBC,First Look,MSNBCW_20170808_090000_First_Look,https://archive.org/download/MSNBCW_20170808_090000_First_Look/MSNBCW_20170808_090000_First_Look.thumbs/MSNBCW_20170808_090000_First_Look_001798.jpg,"welcome back. it is the bottom of the hour. let's start with the morning's top stories. a new federal report is suggesting a strong link between humans and climate change. the 'new york times' claiming to have obtained a draft copy of the government document, which"
https://archive.org/details/MSNBCW_20170808_090000_First_Look#start/2115/end/2150,8/8/2017 9:35:30,MSNBC,First Look,MSNBCW_20170808_090000_First_Look,https://archive.org/download/MSNBCW_20170808_090000_First_Look/MSNBCW_20170808_090000_First_Look.thumbs/MSNBCW_20170808_090000_First_Look_002098.jpg,"man made activity is responsible for climate change. at an elks lodge session one man reportedly told him may you die in pain over his vote to overhaul obama care. take a listen to this. i think our constituents have been misled by a lot of the"
https://archive.org/details/MSNBCW_20170808_140000_MSNBC_Live_With_Hallie_Jackson#start/1348/end/1383,8/8/2017 14:22:43,MSNBC,MSNBC Live With Hallie Jackson,MSNBCW_20170808_140000_MSNBC_Live_With_Hallie_Jackson,https://archive.org/download/MSNBCW_20170808_140000_MSNBC_Live_With_Hallie_Jackson/MSNBCW_20170808_140000_MSNBC_Live_With_Hallie_Jackson.thumbs/MSNBCW_20170808_140000_MSNBC_Live_With_Hallie_Jackson_001348.jpg,"talk about this government report on climate change. kristen welker, third time is a charm. walk us through this new reporting here and this apparent leak of this study, this sort of document put together by federal agencies. right. this is 13 federal agencies have"
https://archive.org/details/MSNBCW_20170808_140000_MSNBC_Live_With_Hallie_Jackson#start/1471/end/1506,8/8/2017 14:24:46,MSNBC,MSNBC Live With Hallie Jackson,MSNBCW_20170808_140000_MSNBC_Live_With_Hallie_Jackson,https://archive.org/download/MSNBCW_20170808_140000_MSNBC_Live_With_Hallie_Jackson/MSNBCW_20170808_140000_MSNBC_Live_With_Hallie_Jackson.thumbs/MSNBCW_20170808_140000_MSNBC_Live_With_Hallie_Jackson_001468.jpg,"the ultimate view is the president and the president is very clear on the record what he thinks about climate change. i don't think he has been very clear -- as clear as he can be. it can definitely force the president's hand. his own government is pressing"
https://archive.org/details/MSNBCW_20170807_210000_MTP_Daily#start/2697/end/2732,8/7/2017 21:45:12,MSNBC,MTP Daily,MSNBCW_20170807_210000_MTP_Daily,https://archive.org/download/MSNBCW_20170807_210000_MTP_Daily/MSNBCW_20170807_210000_MTP_Daily.thumbs/MSNBCW_20170807_210000_MTP_Daily_002698.jpg,"control. if we go down that route and we retreat on climate change and we exacerbate the nuclear arms race by tearing up our only basic arms treat i didn't see, america and the world will be in deep, deep trouble. still ahead, the story of the"
https://archive.org/details/MSNBCW_20170822_190000_MSNBC_Live_With_Ali_Velshi#start/1385/end/1420,8/22/2017 19:23:20,MSNBC,MSNBC Live With Ali Velshi,MSNBCW_20170822_190000_MSNBC_Live_With_Ali_Velshi,https://archive.org/download/MSNBCW_20170822_190000_MSNBC_Live_With_Ali_Velshi/MSNBCW_20170822_190000_MSNBC_Live_With_Ali_Velshi.thumbs/MSNBCW_20170822_190000_MSNBC_Live_With_Ali_Velshi_001377.jpg,"climate change denial is something that happens around the world but it doesn't happen with the intensity anywhere else than it does in the united states. no. it's almost a uniquely american phenomenon to have a movement of climate deniers. that said, much of what happens"
https://archive.org/details/MSNBCW_20170826_180000_MSNBC_Live#start/249/end/284,8/26/2017 18:04:24,MSNBC,MSNBC Live,MSNBCW_20170826_180000_MSNBC_Live,https://archive.org/download/MSNBCW_20170826_180000_MSNBC_Live/MSNBCW_20170826_180000_MSNBC_Live.thumbs/MSNBCW_20170826_180000_MSNBC_Live_000238.jpg,"going on historic rainfall, more than 40 inches predicted and leaving nearly 300000 people without power currently. can climate change be fuelling the history-making nature of this storm? it's a question a lot of people are wondering, and joining me now is the founder and senior"
https://archive.org/details/MSNBCW_20170830_000000_All_In_With_Chris_Hayes#start/898/end/933,8/30/2017 0:15:13,MSNBC,All In With Chris Hayes,MSNBCW_20170830_000000_All_In_With_Chris_Hayes,https://archive.org/download/MSNBCW_20170830_000000_All_In_With_Chris_Hayes/MSNBCW_20170830_000000_All_In_With_Chris_Hayes.thumbs/MSNBCW_20170830_000000_All_In_With_Chris_Hayes_000897.jpg,"director that required agencies to factor flooding into their climate change. i think what we've done in new jersey is to say, we have to react to new realities. that may be true in new jersey. but this is about the federal government and this president."
https://archive.org/details/MSNBCW_20170829_000000_All_In_With_Chris_Hayes#start/1538/end/1573,8/29/2017 0:25:53,MSNBC,All In With Chris Hayes,MSNBCW_20170829_000000_All_In_With_Chris_Hayes,https://archive.org/download/MSNBCW_20170829_000000_All_In_With_Chris_Hayes/MSNBCW_20170829_000000_All_In_With_Chris_Hayes.thumbs/MSNBCW_20170829_000000_All_In_With_Chris_Hayes_001528.jpg,"local officials told us when we interviewed them. local officials in houston did not think development was contributing to flooding. which is not what scientists told us. local officials didn't have plans to look at climate change or see if they needed to plan"
https://archive.org/details/MSNBCW_20170829_010000_The_Rachel_Maddow_Show#start/2855/end/2890,8/29/2017 1:47:50,MSNBC,The Rachel Maddow Show,MSNBCW_20170829_010000_The_Rachel_Maddow_Show,https://archive.org/download/MSNBCW_20170829_010000_The_Rachel_Maddow_Show/MSNBCW_20170829_010000_The_Rachel_Maddow_Show.thumbs/MSNBCW_20170829_010000_The_Rachel_Maddow_Show_002848.jpg,"hundred-year storm, a storm that's only supposed to happen in 100 years, since 1989 that's happened six times in houston. are you saying this isn't just a houston issue, this is a climate change issue in terms of how we anticipate the magnitude of"
https://archive.org/details/MSNBCW_20170831_020000_The_Last_Word_With_Lawrence_ODonnell#start/791/end/826,8/31/2017 2:13:26,MSNBC,The Last Word With Lawrence ODonnell,MSNBCW_20170831_020000_The_Last_Word_With_Lawrence_ODonnell,https://archive.org/download/MSNBCW_20170831_020000_The_Last_Word_With_Lawrence_ODonnell/MSNBCW_20170831_020000_The_Last_Word_With_Lawrence_ODonnell.thumbs/MSNBCW_20170831_020000_The_Last_Word_With_Lawrence_ODonnell_000778.jpg,"to focus on. you can't have a serious discussion about the response to a hurricane unless you begin to talk about climate change, and you can't have that conversation without talking about paris. and you also need to talk about adaptation so that coastal"
https://archive.org/details/MSNBCW_20170815_180000_MSNBC_Live_With_Katy_Tur#start/2852/end/2887,8/15/2017 18:47:47,MSNBC,MSNBC Live With Katy Tur,MSNBCW_20170815_180000_MSNBC_Live_With_Katy_Tur,https://archive.org/download/MSNBCW_20170815_180000_MSNBC_Live_With_Katy_Tur/MSNBCW_20170815_180000_MSNBC_Live_With_Katy_Tur.thumbs/MSNBCW_20170815_180000_MSNBC_Live_With_Katy_Tur_002848.jpg,"you're talking right now about charlottesville and the fallout from the president's comments about what happened this past weekend. other executives have left for other reasons. and musk's instance, the problem was climate change, he left after spending months trying to get president donald trump not"
https://archive.org/details/MSNBCW_20170809_000000_All_In_With_Chris_Hayes#start/1703/end/1738,8/9/2017 0:28:38,MSNBC,All In With Chris Hayes,MSNBCW_20170809_000000_All_In_With_Chris_Hayes,https://archive.org/download/MSNBCW_20170809_000000_All_In_With_Chris_Hayes/MSNBCW_20170809_000000_All_In_With_Chris_Hayes.thumbs/MSNBCW_20170809_000000_All_In_With_Chris_Hayes_001678.jpg,"story was just one of many leaking out. most of which do not carry a presidential tweet of approval. like a major report from 13 federal agencies saying that climate change is real. its effects are already being felt and it is caused by carbon"
https://archive.org/details/MSNBCW_20170809_070000_All_In_With_Chris_Hayes#start/1703/end/1738,8/9/2017 7:28:38,MSNBC,All In With Chris Hayes,MSNBCW_20170809_070000_All_In_With_Chris_Hayes,https://archive.org/download/MSNBCW_20170809_070000_All_In_With_Chris_Hayes/MSNBCW_20170809_070000_All_In_With_Chris_Hayes.thumbs/MSNBCW_20170809_070000_All_In_With_Chris_Hayes_001677.jpg,"leaking out. most of which do not carry a presidential tweet of approval. like a major report from 13 federal agencies saying that climate change is real. its effects are already being felt and it is caused by carbon emissions. the good leaks and the bad leaks"
https://archive.org/details/MSNBCW_20170805_190000_MSNBC_Live#start/2991/end/3026,8/5/2017 19:50:06,MSNBC,MSNBC Live,MSNBCW_20170805_190000_MSNBC_Live,https://archive.org/download/MSNBCW_20170805_190000_MSNBC_Live/MSNBCW_20170805_190000_MSNBC_Live.thumbs/MSNBCW_20170805_190000_MSNBC_Live_002967.jpg,"america today. thank you both for the conversati conversation. appreciate it. thank you. thank you. what does stevie wonder, and the chainsmokers and green day have in common possibly? they are leading the change for climate change, and health care at this year's global citizen"
https://archive.org/details/MSNBCW_20170804_200000_Deadline_White_House#start/3380/end/3415,8/4/2017 20:56:35,MSNBC,Deadline White House,MSNBCW_20170804_200000_Deadline_White_House,https://archive.org/download/MSNBCW_20170804_200000_Deadline_White_House/MSNBCW_20170804_200000_Deadline_White_House.thumbs/MSNBCW_20170804_200000_Deadline_White_House_003358.jpg,"president and say, wait a minute, i'm speaking for the nation. i'm speaking for the free world. this is not me cutting a deal selling a condo on madison avenue. this is dealing with the future health care climate change or whatever it is."
https://archive.org/details/MSNBCW_20170803_070000_All_In_With_Chris_Hayes#start/3052/end/3087,8/3/2017 7:51:07,MSNBC,All In With Chris Hayes,MSNBCW_20170803_070000_All_In_With_Chris_Hayes,https://archive.org/download/MSNBCW_20170803_070000_All_In_With_Chris_Hayes/MSNBCW_20170803_070000_All_In_With_Chris_Hayes.thumbs/MSNBCW_20170803_070000_All_In_With_Chris_Hayes_001108.jpg,"there was hope in some quarters that perhaps donald trump could be persuaded to do the right thing when it came to climate change. and that is what brought former vice president al gore to trump tower to speak with then"
https://archive.org/details/MSNBCW_20170828_200000_Deadline_White_House#start/2315/end/2350,8/28/2017 20:38:50,MSNBC,Deadline White House,MSNBCW_20170828_200000_Deadline_White_House,https://archive.org/download/MSNBCW_20170828_200000_Deadline_White_House/MSNBCW_20170828_200000_Deadline_White_House.thumbs/MSNBCW_20170828_200000_Deadline_White_House_002307.jpg,"finland. did you speak speak about climate change at all, and what about your initiative about cleaning up the arctic and doing it together with the united states? what kind of response did your idea receive here in washington, d.c.? we discussed a lot about"
https://archive.org/details/MSNBCW_20170808_090000_First_Look#start/1148/end/1183,8/8/2017 9:19:23,MSNBC,First Look,MSNBCW_20170808_090000_First_Look,https://archive.org/download/MSNBCW_20170808_090000_First_Look/MSNBCW_20170808_090000_First_Look.thumbs/MSNBCW_20170808_090000_First_Look_001138.jpg,"government document which is awaiting approval by the trump administration. it is not yet been made public, but 'the times' has published a draft report. in it scientist from 13 federal agencies conclude that americans are feeling the effects of climate change right now. the author of the documents say"
https://archive.org/details/MSNBCW_20170808_130000_MSNBC_Live_With_Stephanie_Ruhle#start/295/end/330,8/8/2017 13:05:10,MSNBC,MSNBC Live With Stephanie Ruhle,MSNBCW_20170808_130000_MSNBC_Live_With_Stephanie_Ruhle,https://archive.org/download/MSNBCW_20170808_130000_MSNBC_Live_With_Stephanie_Ruhle/MSNBCW_20170808_130000_MSNBC_Live_With_Stephanie_Ruhle.thumbs/MSNBCW_20170808_130000_MSNBC_Live_With_Stephanie_Ruhle_000297.jpg,"but the bottom line is the president himself, who back in 2012 i believe on twitter said that climate change was a hoax perpetrated by the chinese. we don't have an updated sense of where the president stands on this. in the briefing room in the last several months, sean spicer,"
https://archive.org/details/MSNBCW_20170808_130000_MSNBC_Live_With_Stephanie_Ruhle#start/562/end/597,8/8/2017 13:09:37,MSNBC,MSNBC Live With Stephanie Ruhle,MSNBCW_20170808_130000_MSNBC_Live_With_Stephanie_Ruhle,https://archive.org/download/MSNBCW_20170808_130000_MSNBC_Live_With_Stephanie_Ruhle/MSNBCW_20170808_130000_MSNBC_Live_With_Stephanie_Ruhle.thumbs/MSNBCW_20170808_130000_MSNBC_Live_With_Stephanie_Ruhle_000537.jpg,"an ineffective president. republican congress. exactly. can't get them to move. eli, i want to ask you about 'the new york times' report that was leaked, this climate change report. do you think the scientists jumped the gun here? the white house didn't even have the opportunity to release it."
https://archive.org/details/MSNBCW_20170808_160000_Andrea_Mitchell_Reports#start/1423/end/1458,8/8/2017 16:23:58,MSNBC,Andrea Mitchell Reports,MSNBCW_20170808_160000_Andrea_Mitchell_Reports,https://archive.org/download/MSNBCW_20170808_160000_Andrea_Mitchell_Reports/MSNBCW_20170808_160000_Andrea_Mitchell_Reports.thumbs/MSNBCW_20170808_160000_Andrea_Mitchell_Reports_001408.jpg,"and this is the report from 13 agencies, but apparently leaked because they're concerned about it being suppressed by the administration and the new agency heads who don't seem to believe in climate change. you know, i was deeply disturbed that we would try to hide any kind of -- one of the                 _"
https://archive.org/details/MSNBCW_20170807_000000_Dateline_Extra#start/1990/end/2025,8/7/2017 0:33:25,MSNBC,Dateline Extra,MSNBCW_20170807_000000_Dateline_Extra,https://archive.org/download/MSNBCW_20170807_000000_Dateline_Extra/MSNBCW_20170807_000000_Dateline_Extra.thumbs/MSNBCW_20170807_000000_Dateline_Extra_000987.jpg,"your duty to serve, then i think that is the ultimate of service. rank published an opinion piece in 'the washington post' in which he said when the administration decided to withdraw from the paris agreement on climate change, as a parent, patriot, and christian, i could not in good"
https://archive.org/details/MSNBCW_20170807_210000_MTP_Daily#start/2652/end/2687,8/7/2017 21:44:27,MSNBC,MTP Daily,MSNBCW_20170807_210000_MTP_Daily,https://archive.org/download/MSNBCW_20170807_210000_MTP_Daily/MSNBCW_20170807_210000_MTP_Daily.thumbs/MSNBCW_20170807_210000_MTP_Daily_002638.jpg,"american dream all around the worl. if we're going to be the great power we all want to be, we're going to have to start rolling up our sleeves, raising some revenue and getting the job done. in terms of climate change, it is an exist i ten shall."
https://archive.org/details/MSNBCW_20170822_190000_MSNBC_Live_With_Ali_Velshi#start/1259/end/1294,8/22/2017 19:21:14,MSNBC,MSNBC Live With Ali Velshi,MSNBCW_20170822_190000_MSNBC_Live_With_Ali_Velshi,https://archive.org/download/MSNBCW_20170822_190000_MSNBC_Live_With_Ali_Velshi/MSNBCW_20170822_190000_MSNBC_Live_With_Ali_Velshi.thumbs/MSNBCW_20170822_190000_MSNBC_Live_With_Ali_Velshi_001257.jpg,"times' got its hands on an unfinished draft on a coming report from earlier this month. the advisory committee helps translate the report so local governments can factor in the effects of climate change when planning major project. joining me now to talk about what this all means is jake"
https://archive.org/details/MSNBCW_20170826_180000_MSNBC_Live#start/3425/end/3460,8/26/2017 18:57:20,MSNBC,MSNBC Live,MSNBCW_20170826_180000_MSNBC_Live,https://archive.org/download/MSNBCW_20170826_180000_MSNBC_Live/MSNBCW_20170826_180000_MSNBC_Live.thumbs/MSNBCW_20170826_180000_MSNBC_Live_003418.jpg,"climate change flavored the storm. it probably will make the rainfall amounts much worse than they would be otherwise. so it started as a tropical storm, that categorization on the 17th. it's now back to that going up to hurricane force. paul, i may ask you back in the"
https://archive.org/details/MSNBCW_20170829_040000_The_Rachel_Maddow_Show#start/2817/end/2852,8/29/2017 4:47:12,MSNBC,The Rachel Maddow Show,MSNBCW_20170829_040000_The_Rachel_Maddow_Show,https://archive.org/download/MSNBCW_20170829_040000_The_Rachel_Maddow_Show/MSNBCW_20170829_040000_The_Rachel_Maddow_Show.thumbs/MSNBCW_20170829_040000_The_Rachel_Maddow_Show_002817.jpg,"what they call a 100-year storm, a storm that's only supposed to happen once in 100 years, since 1989 that's happened six times in houston. are you saying this isn't just a houston issue, this is a climate change issue in terms of how we anticipate the magnitude of"
https://archive.org/details/MSNBCW_20170803_000000_All_In_With_Chris_Hayes#start/3045/end/3080,8/3/2017 0:51:00,MSNBC,All In With Chris Hayes,MSNBCW_20170803_000000_All_In_With_Chris_Hayes,https://archive.org/download/MSNBCW_20170803_000000_All_In_With_Chris_Hayes/MSNBCW_20170803_000000_All_In_With_Chris_Hayes.thumbs/MSNBCW_20170803_000000_All_In_With_Chris_Hayes_003027.jpg,"there was hope in some quarters that perhaps donald trump could be persuaded to do the right thing when it came to climate change. and that is what brought former vice president al gore to trump tower to speak with then president-elect trump and his daughter, ivanka, to somehow"
https://archive.org/details/MSNBCW_20170805_100000_The_Rachel_Maddow_Show#start/3327/end/3362,8/5/2017 10:55:42,MSNBC,The Rachel Maddow Show,MSNBCW_20170805_100000_The_Rachel_Maddow_Show,https://archive.org/download/MSNBCW_20170805_100000_The_Rachel_Maddow_Show/MSNBCW_20170805_100000_The_Rachel_Maddow_Show.thumbs/MSNBCW_20170805_100000_The_Rachel_Maddow_Show_003328.jpg,"disrupted by 90% of the global warming heat going into the oceans and evaporating more moisture, which comes over the land and causes these extreme events. and the ice is melting and raising sea level and the tropical diseases are moving northward and the droughts are deeper, and you know the whole story. so people are feeling this now. and in politics and in social movements, the pattern we were talking about in technology also is sometimes evident there. i'll give you a quick example. you could take the civil rights"
https://archive.org/details/MSNBCW_20170808_100000_Morning_Joe#start/4588/end/4623,8/8/2017 11:16:43,MSNBC,Morning Joe,MSNBCW_20170808_100000_Morning_Joe,https://archive.org/download/MSNBCW_20170808_100000_Morning_Joe/MSNBCW_20170808_100000_Morning_Joe.thumbs/MSNBCW_20170808_100000_Morning_Joe_004587.jpg,"business people, and how do they talk about it in a way that appeals to the everyday voter. the everyday voter doesn't get the debt ceiling. democrats, we're talking about climate change and saying no to the president. this is a unique moment, a great moment to come up with a message"
https://archive.org/details/MSNBCW_20170808_130000_MSNBC_Live_With_Stephanie_Ruhle#start/219/end/254,8/8/2017 13:03:54,MSNBC,MSNBC Live With Stephanie Ruhle,MSNBCW_20170808_130000_MSNBC_Live_With_Stephanie_Ruhle,https://archive.org/download/MSNBCW_20170808_130000_MSNBC_Live_With_Stephanie_Ruhle/MSNBCW_20170808_130000_MSNBC_Live_With_Stephanie_Ruhle.thumbs/MSNBCW_20170808_130000_MSNBC_Live_With_Stephanie_Ruhle_000207.jpg,"be our first chance on day five of this working vacation to see the president at work. all right, peter. i have to ask you about this 'new york times' piece. 'the times' got a hold of a draft of a climate change report that was leaked to the paper because some scientists were"
https://archive.org/details/MSNBCW_20170805_210000_MSNBC_Live#start/2477/end/2512,8/5/2017 21:41:32,MSNBC,MSNBC Live,MSNBCW_20170805_210000_MSNBC_Live,https://archive.org/download/MSNBCW_20170805_210000_MSNBC_Live/MSNBCW_20170805_210000_MSNBC_Live.thumbs/MSNBCW_20170805_210000_MSNBC_Live_002458.jpg,"platform and trump has not been involved and climate change is a focus of the organization because of the impact on extreme poverty and as noted the united states is joining only syria and nicaragua as the three countries not signing the paris climate agreement for very different reasons than we are."
https://archive.org/details/MSNBCW_20170825_190000_MSNBC_Live_With_Ali_Velshi#start/1488/end/1523,8/25/2017 19:25:03,MSNBC,MSNBC Live With Ali Velshi,MSNBCW_20170825_190000_MSNBC_Live_With_Ali_Velshi,https://archive.org/download/MSNBCW_20170825_190000_MSNBC_Live_With_Ali_Velshi/MSNBCW_20170825_190000_MSNBC_Live_With_Ali_Velshi.thumbs/MSNBCW_20170825_190000_MSNBC_Live_With_Ali_Velshi_001467.jpg,"matter. so scientist, how much does this stuff matter? it does matter because this is literally putting your head in the warj sand, if you will. the global community has spoken about the reality of climate change and that humans are causing it and that not just science and technology but also"
https://archive.org/details/MSNBCW_20170805_010000_The_Rachel_Maddow_Show#start/632/end/667,8/5/2017 1:10:47,MSNBC,The Rachel Maddow Show,MSNBCW_20170805_010000_The_Rachel_Maddow_Show,https://archive.org/download/MSNBCW_20170805_010000_The_Rachel_Maddow_Show/MSNBCW_20170805_010000_The_Rachel_Maddow_Show.thumbs/MSNBCW_20170805_010000_The_Rachel_Maddow_Show_000628.jpg,"beijing. he says while americans argue about the science of climate change, the chinese are racing ahead. whether or not you believe it, this is where the world is going, right? you take a very sort of business focus on it. they see where this is going. the whole world is going down this path, other than the u.s."
https://archive.org/details/MSNBCW_20170808_130000_MSNBC_Live_With_Stephanie_Ruhle#start/639/end/674,8/8/2017 13:10:54,MSNBC,MSNBC Live With Stephanie Ruhle,MSNBCW_20170808_130000_MSNBC_Live_With_Stephanie_Ruhle,https://archive.org/download/MSNBCW_20170808_130000_MSNBC_Live_With_Stephanie_Ruhle/MSNBCW_20170808_130000_MSNBC_Live_With_Stephanie_Ruhle.thumbs/MSNBCW_20170808_130000_MSNBC_Live_With_Stephanie_Ruhle_000627.jpg,"to answer this question that this is not a white house that is all that worried about the threat of climate change and obviously given how serious that threat is, according to this draft report and these scientists, you can kind of understand why they may have wanted to make this public rather than going the sort of"
https://archive.org/details/MSNBCW_20170809_060000_The_11th_Hour_With_Brian_Williams#start/1460/end/1495,8/9/2017 6:24:35,MSNBC,The 11th Hour With Brian Williams,MSNBCW_20170809_060000_The_11th_Hour_With_Brian_Williams,https://archive.org/download/MSNBCW_20170809_060000_The_11th_Hour_With_Brian_Williams/MSNBCW_20170809_060000_The_11th_Hour_With_Brian_Williams.thumbs/MSNBCW_20170809_060000_The_11th_Hour_With_Brian_Williams_001437.jpg,"we also saw a colder reception the president got in europe. this has always been the case even with the failing 'new york times' as he likes to put it when he met with their editorial board during the transition. he gave voice to views on climate change. that seemed very out of character for him based on his"
https://archive.org/details/MSNBCW_20170808_130000_MSNBC_Live_With_Stephanie_Ruhle#start/250/end/285,8/8/2017 13:04:25,MSNBC,MSNBC Live With Stephanie Ruhle,MSNBCW_20170808_130000_MSNBC_Live_With_Stephanie_Ruhle,https://archive.org/download/MSNBCW_20170808_130000_MSNBC_Live_With_Stephanie_Ruhle/MSNBCW_20170808_130000_MSNBC_Live_With_Stephanie_Ruhle.thumbs/MSNBCW_20170808_130000_MSNBC_Live_With_Stephanie_Ruhle_000237.jpg,"i haven't seen the report but i don't see any reason they wouldn't. we're not saying that climate change is not real. it is real. it's having to have that balance between making sure you have jobs and businesses moving and also making sure you protect your climate. the answer is in the middle. the answer is in the middle"
