﻿URL,MatchDateTime,Station,Show,IAShowID,IAPreviewThumb,Snippet
https://archive.org/details/MSNBCW_20160717_000000_Dateline_Extra#start/2682/end/2717,7/17/2016 0:44:57,MSNBC,Dateline Extra,MSNBCW_20160717_000000_Dateline_Extra,https://archive.org/download/MSNBCW_20160717_000000_Dateline_Extra/MSNBCW_20160717_000000_Dateline_Extra.thumbs/MSNBCW_20160717_000000_Dateline_Extra_001745.jpg,"enough that they were willing to figure out exactly what climate change or global warming is. 17 years after the failed kyoto protocol, 195 countries sign the paris agreement. promising to limit global"
https://archive.org/details/MSNBCW_20160716_100000_The_Rachel_Maddow_Show#start/2665/end/2700,7/16/2016 10:44:40,MSNBC,The Rachel Maddow Show,MSNBCW_20160716_100000_The_Rachel_Maddow_Show,https://archive.org/download/MSNBCW_20160716_100000_The_Rachel_Maddow_Show/MSNBCW_20160716_100000_The_Rachel_Maddow_Show.thumbs/MSNBCW_20160716_100000_The_Rachel_Maddow_Show_002637.jpg,"that explained the science in a way that almost anybody could understand. what 'an inconvenient truth' did, is it got people curious enough they were willing to figure out exactly what climate change or global warming is."
https://archive.org/details/MSNBCW_20160710_060000_Dateline_Extra#start/2482/end/2517,7/10/2016 6:41:37,MSNBC,Dateline Extra,MSNBCW_20160710_060000_Dateline_Extra,https://archive.org/download/MSNBCW_20160710_060000_Dateline_Extra/MSNBCW_20160710_060000_Dateline_Extra.thumbs/MSNBCW_20160710_060000_Dateline_Extra_002298.jpg,"and a bunch of smaller issues. some of which we haven't gotten to yet and a late night tonight on fracking and carbon tax but"
https://archive.org/details/MSNBCW_20160729_030000_MSNBC_-_Democratic_National_Convention#start/181/end/216,7/29/2016 3:03:16,MSNBC,MSNBC - Democratic National Convention,MSNBCW_20160729_030000_MSNBC_-_Democratic_National_Convention,https://archive.org/download/MSNBCW_20160729_030000_MSNBC_-_Democratic_National_Convention/MSNBCW_20160729_030000_MSNBC_-_Democratic_National_Convention.thumbs/MSNBCW_20160729_030000_MSNBC_-_Democratic_National_Convention_000178.jpg,"and i believe in science! i believe climate change is real"
https://archive.org/details/MSNBCW_20160712_150000_MSNBC_Live#start/2724/end/2759,7/12/2016 15:45:39,MSNBC,MSNBC Live,MSNBCW_20160712_150000_MSNBC_Live,https://archive.org/download/MSNBCW_20160712_150000_MSNBC_Live/MSNBCW_20160712_150000_MSNBC_Live.thumbs/MSNBCW_20160712_150000_MSNBC_Live_002698.jpg,"school without debt. [ applause ] this election is about climate change, the greatest"
https://archive.org/details/MSNBCW_20160701_000000_All_In_With_Chris_Hayes#start/3084/end/3119,7/1/2016 0:51:39,MSNBC,All In With Chris Hayes,MSNBCW_20160701_000000_All_In_With_Chris_Hayes,https://archive.org/download/MSNBCW_20160701_000000_All_In_With_Chris_Hayes/MSNBCW_20160701_000000_All_In_With_Chris_Hayes.thumbs/MSNBCW_20160701_000000_All_In_With_Chris_Hayes_003058.jpg,"this week we showed you the effect of climate change on a small island in the bayous of louisiana and a remote city on the northern coast of alaska. tonight we'll take you to miami, florida. the signs of climate change are"
https://archive.org/details/MSNBCW_20160727_230000_MSNBC_-_Democratic_National_Convention#start/2421/end/2456,7/27/2016 23:40:36,MSNBC,MSNBC - Democratic National Convention,MSNBCW_20160727_230000_MSNBC_-_Democratic_National_Convention,https://archive.org/download/MSNBCW_20160727_230000_MSNBC_-_Democratic_National_Convention/MSNBCW_20160727_230000_MSNBC_-_Democratic_National_Convention.thumbs/MSNBCW_20160727_230000_MSNBC_-_Democratic_National_Convention_002397.jpg,"convention for 76 long and painful minutes, trump contradict a host of dark threats but never once mention the words 'climate change' or"
https://archive.org/details/MSNBCW_20160709_220000_Dateline_Extra#start/2487/end/2522,7/9/2016 22:41:42,MSNBC,Dateline Extra,MSNBCW_20160709_220000_Dateline_Extra,https://archive.org/download/MSNBCW_20160709_220000_Dateline_Extra/MSNBCW_20160709_220000_Dateline_Extra.thumbs/MSNBCW_20160709_220000_Dateline_Extra_002304.jpg,"breaking up big banks he wanted. and a ban of the death penalty, something that clinton has not personally come out against. and a bunch of smaller issues. some of which we haven't gotten to yet and a late night tonight on fracking and carbon tax but"
https://archive.org/details/MSNBCW_20160716_070000_Dateline_Extra#start/2673/end/2708,7/16/2016 7:44:48,MSNBC,Dateline Extra,MSNBCW_20160716_070000_Dateline_Extra,https://archive.org/download/MSNBCW_20160716_070000_Dateline_Extra/MSNBCW_20160716_070000_Dateline_Extra.thumbs/MSNBCW_20160716_070000_Dateline_Extra_001739.jpg,"figure out exactly what climate change or global warming is. 17 years after the failed kyoto protocol, 195 countries sign the paris agreement, promising to limit global warming to well below 2 degrees celsus. we are going to win this, the"
https://archive.org/details/MSNBCW_20160717_000000_Dateline_Extra#start/2619/end/2654,7/17/2016 0:43:54,MSNBC,Dateline Extra,MSNBCW_20160717_000000_Dateline_Extra,https://archive.org/download/MSNBCW_20160717_000000_Dateline_Extra/MSNBCW_20160717_000000_Dateline_Extra.thumbs/MSNBCW_20160717_000000_Dateline_Extra_001745.jpg,"we rely on government in times of crisis and to protect us, and it failed. it failed a lot of people. it was shameful. since 1992, world leaders have convened every year to discuss ways to fight climate change."
https://archive.org/details/MSNBCW_20160730_140000_AM_Joy#start/6832/end/6867,7/30/2016 15:54:07,MSNBC,AM Joy,MSNBCW_20160730_140000_AM_Joy,https://archive.org/download/MSNBCW_20160730_140000_AM_Joy/MSNBCW_20160730_140000_AM_Joy.thumbs/MSNBCW_20160730_140000_AM_Joy_006807.jpg,"i don't like it. who won the week? well, i think the planet won because last week, not much of a dinger, but i played ai drinkin game with myself and my phrase was climate change."
https://archive.org/details/MSNBCW_20160716_100000_The_Rachel_Maddow_Show#start/2650/end/2685,7/16/2016 10:44:25,MSNBC,The Rachel Maddow Show,MSNBCW_20160716_100000_The_Rachel_Maddow_Show,https://archive.org/download/MSNBCW_20160716_100000_The_Rachel_Maddow_Show/MSNBCW_20160716_100000_The_Rachel_Maddow_Show.thumbs/MSNBCW_20160716_100000_The_Rachel_Maddow_Show_002637.jpg,"on global warming and president gore's climate change activism. is it possible we should prepare on other threats besides terrorists? what al gore did was create a simple but entertaining film"
https://archive.org/details/MSNBCW_20160726_180000_The_Place_for_Politics_2016#start/1793/end/1828,7/26/2016 18:30:08,MSNBC,The Place for Politics 2016,MSNBCW_20160726_180000_The_Place_for_Politics_2016,https://archive.org/download/MSNBCW_20160726_180000_The_Place_for_Politics_2016/MSNBCW_20160726_180000_The_Place_for_Politics_2016.thumbs/MSNBCW_20160726_180000_The_Place_for_Politics_2016_001767.jpg,"process. i may in the end vote for hillary clinton because actually i do think donald trump and the values and message he represents is more threat to our society but i also am waiting for hillary to say somhing meaningful about climate change."
https://archive.org/details/MSNBCW_20160713_100000_Morning_Joe#start/5431/end/5466,7/13/2016 11:30:46,MSNBC,Morning Joe,MSNBCW_20160713_100000_Morning_Joe,https://archive.org/download/MSNBCW_20160713_100000_Morning_Joe/MSNBCW_20160713_100000_Morning_Joe.thumbs/MSNBCW_20160713_100000_Morning_Joe_005048.jpg,"i'm in. others are still waiting to be persuaded. they were happy to hear what she said about tpp. some of the younger kids we talked to, college kids, not happy that she didn't come out against fracking. they are one-issue voters on climate change."
https://archive.org/details/MSNBCW_20160723_220000_Hillary_Clinton_It_Takes_a_Country#start/2668/end/2703,7/23/2016 22:44:43,MSNBC,Hillary Clinton It Takes a Country,MSNBCW_20160723_220000_Hillary_Clinton_It_Takes_a_Country,https://archive.org/download/MSNBCW_20160723_220000_Hillary_Clinton_It_Takes_a_Country/MSNBCW_20160723_220000_Hillary_Clinton_It_Takes_a_Country.thumbs/MSNBCW_20160723_220000_Hillary_Clinton_It_Takes_a_Country_002667.jpg,"in a way that almost anybody could understand it. what 'an inconvenient truth' did is got people curious enough to figure out exactly what climate change or global warming is. 17 years after the failed"
https://archive.org/details/MSNBCW_20160728_000000_MSNBC_-_Democratic_National_Convention#start/2499/end/2534,7/28/2016 0:41:54,MSNBC,MSNBC - Democratic National Convention,MSNBCW_20160728_000000_MSNBC_-_Democratic_National_Convention,https://archive.org/download/MSNBCW_20160728_000000_MSNBC_-_Democratic_National_Convention/MSNBCW_20160728_000000_MSNBC_-_Democratic_National_Convention.thumbs/MSNBCW_20160728_000000_MSNBC_-_Democratic_National_Convention_002488.jpg,"why is everybody so angry, they're willing to put a man in the white house, they tell the pollsters that, who says those ideas which are so out of the box,orture, idea of not believing in science. your talk out there was they don't believe in climate change,"
https://archive.org/details/MSNBCW_20160724_190000_MSNBC_Live#start/1625/end/1660,7/24/2016 19:27:20,MSNBC,MSNBC Live,MSNBCW_20160724_190000_MSNBC_Live,https://archive.org/download/MSNBCW_20160724_190000_MSNBC_Live/MSNBCW_20160724_190000_MSNBC_Live.thumbs/MSNBCW_20160724_190000_MSNBC_Live_001617.jpg,"you are going to find hundreds of people. the headline is that we are seeing more people today in this march than we saw all of last week in cleveland. and it is important to note that we had a different protest only several hours ago. this was about climate change,"
https://archive.org/details/MSNBCW_20160717_000000_Dateline_Extra#start/2649/end/2684,7/17/2016 0:44:24,MSNBC,Dateline Extra,MSNBCW_20160717_000000_Dateline_Extra,https://archive.org/download/MSNBCW_20160717_000000_Dateline_Extra/MSNBCW_20160717_000000_Dateline_Extra.thumbs/MSNBCW_20160717_000000_Dateline_Extra_001745.jpg,"premiere. i am al gore. i used to be the next president of the united states of america. the film shines a spotlight on global warming. and on former vice president al gore's climate change activism. is it possible that we should prepare against other threats"
https://archive.org/details/MSNBCW_20160727_230000_MSNBC_-_Democratic_National_Convention#start/2439/end/2474,7/27/2016 23:40:54,MSNBC,MSNBC - Democratic National Convention,MSNBCW_20160727_230000_MSNBC_-_Democratic_National_Convention,https://archive.org/download/MSNBCW_20160727_230000_MSNBC_-_Democratic_National_Convention/MSNBCW_20160727_230000_MSNBC_-_Democratic_National_Convention.thumbs/MSNBCW_20160727_230000_MSNBC_-_Democratic_National_Convention_002427.jpg,"'global warming.' what do you expect? trump says 'global warming is a hoax.'"
https://archive.org/details/MSNBCW_20160725_170000_The_Place_for_Politics_2016#start/1562/end/1597,7/25/2016 17:26:17,MSNBC,The Place for Politics 2016,MSNBCW_20160725_170000_The_Place_for_Politics_2016,https://archive.org/download/MSNBCW_20160725_170000_The_Place_for_Politics_2016/MSNBCW_20160725_170000_The_Place_for_Politics_2016.thumbs/MSNBCW_20160725_170000_The_Place_for_Politics_2016_001557.jpg,"health care is a right for all people. [ applause ] we understand what donald trump does not understand, climate"
https://archive.org/details/MSNBCW_20160724_160000_MSNBC_Live#start/665/end/700,7/24/2016 16:11:20,MSNBC,MSNBC Live,MSNBCW_20160724_160000_MSNBC_Live,https://archive.org/download/MSNBCW_20160724_160000_MSNBC_Live/MSNBCW_20160724_160000_MSNBC_Live.thumbs/MSNBCW_20160724_160000_MSNBC_Live_000657.jpg,"risk of nuclear war. in fact, over syria, where she wants to start an air war with a no fly zone with a nuclear armed power, she's spread fracking around the world and helped contribute to this climate"
https://archive.org/details/MSNBCW_20160701_000000_All_In_With_Chris_Hayes#start/3366/end/3401,7/1/2016 0:56:21,MSNBC,All In With Chris Hayes,MSNBCW_20160701_000000_All_In_With_Chris_Hayes,https://archive.org/download/MSNBCW_20160701_000000_All_In_With_Chris_Hayes/MSNBCW_20160701_000000_All_In_With_Chris_Hayes.thumbs/MSNBCW_20160701_000000_All_In_With_Chris_Hayes_003358.jpg,"but much of that property is at risk. hundreds of billions of dollars of assets are currently exposed to the rising seas. billions more will be threatened in the coming decade. regardless of whether greenhouse gas emissions are lowered."
https://archive.org/details/MSNBCW_20160711_230000_Hardball_With_Chris_Matthews#start/2127/end/2162,7/11/2016 23:35:42,MSNBC,Hardball With Chris Matthews,MSNBCW_20160711_230000_Hardball_With_Chris_Matthews,https://archive.org/download/MSNBCW_20160711_230000_Hardball_With_Chris_Matthews/MSNBCW_20160711_230000_Hardball_With_Chris_Matthews.thumbs/MSNBCW_20160711_230000_Hardball_With_Chris_Matthews_002128.jpg,"get a lot more than they were getting, setting a price on greenhouse gas emissions, opposition to the death penalty which we will talk about what that means. sanders lost the fight over one of his top campaign parties, language opposing the tpp."
https://archive.org/details/MSNBCW_20160701_030000_All_In_With_Chris_Hayes#start/2196/end/2231,7/1/2016 3:36:51,MSNBC,All In With Chris Hayes,MSNBCW_20160701_030000_All_In_With_Chris_Hayes,https://archive.org/download/MSNBCW_20160701_030000_All_In_With_Chris_Hayes/MSNBCW_20160701_030000_All_In_With_Chris_Hayes.thumbs/MSNBCW_20160701_030000_All_In_With_Chris_Hayes_002188.jpg,"and so that means there are people who legitimately believe in this man's platform, this hateful nonsense that he espouses. thank you very much. really appreciate it. thank you very much. still to come, we've shown you the real dangers of climate"
https://archive.org/details/MSNBCW_20160713_230000_Hardball_With_Chris_Matthews#start/2717/end/2752,7/13/2016 23:45:32,MSNBC,Hardball With Chris Matthews,MSNBCW_20160713_230000_Hardball_With_Chris_Matthews,https://archive.org/download/MSNBCW_20160713_230000_Hardball_With_Chris_Matthews/MSNBCW_20160713_230000_Hardball_With_Chris_Matthews.thumbs/MSNBCW_20160713_230000_Hardball_With_Chris_Matthews_002697.jpg,"to washington last fall and lectured the republicans on climate change. i mean, climate change isn't even on his beat. he is the pope. he doesn't to have address this issue. he took it upon himself, he is a smart guy. and he said i will put this on"
https://archive.org/details/MSNBCW_20160720_060000_The_Place_for_Politics_2016#start/1117/end/1152,7/20/2016 6:18:52,MSNBC,The Place for Politics 2016,MSNBCW_20160720_060000_The_Place_for_Politics_2016,https://archive.org/download/MSNBCW_20160720_060000_The_Place_for_Politics_2016/MSNBCW_20160720_060000_The_Place_for_Politics_2016.thumbs/MSNBCW_20160720_060000_The_Place_for_Politics_2016_001107.jpg,"university. bernie sanders supporters want to have free college. okay? that's a big difference. bernie sanders supporters want to do something about climate change. they care very much about the environment. donald trump says it's something invented by the chinese, the climate change problem. he said it on twitter where he"
https://archive.org/details/MSNBCW_20160701_070000_All_In_With_Chris_Hayes#start/3347/end/3382,7/1/2016 7:56:02,MSNBC,All In With Chris Hayes,MSNBCW_20160701_070000_All_In_With_Chris_Hayes,https://archive.org/download/MSNBCW_20160701_070000_All_In_With_Chris_Hayes/MSNBCW_20160701_070000_All_In_With_Chris_Hayes.thumbs/MSNBCW_20160701_070000_All_In_With_Chris_Hayes_003328.jpg,"but much of that property is at risk. hundreds of billions of dollars of assets are currently exposed to the rising seas. billions more will be threatened in the coming decade. regardless of whether greenhouse gas emissions are lowered. we've put a certain amount of"
https://archive.org/details/MSNBCW_20160726_030000_MSNBC_-_Democratic_National_Convention#start/3037/end/3072,7/26/2016 3:50:52,MSNBC,MSNBC - Democratic National Convention,MSNBCW_20160726_030000_MSNBC_-_Democratic_National_Convention,https://archive.org/download/MSNBCW_20160726_030000_MSNBC_-_Democratic_National_Convention/MSNBCW_20160726_030000_MSNBC_-_Democratic_National_Convention.thumbs/MSNBCW_20160726_030000_MSNBC_-_Democratic_National_Convention_003028.jpg,"global warming. so he has shifted in a fascinating and profound way the direction of the democratic party and the direction of the"
https://archive.org/details/MSNBCW_20160724_180000_Meet_the_Press#start/1978/end/2013,7/24/2016 18:33:13,MSNBC,Meet the Press,MSNBCW_20160724_180000_Meet_the_Press,https://archive.org/download/MSNBCW_20160724_180000_Meet_the_Press/MSNBCW_20160724_180000_Meet_the_Press.thumbs/MSNBCW_20160724_180000_Meet_the_Press_001978.jpg,"mind is to make sure that donald trump does not become president of the united states. i think by temperament he is unqualified to be president. i think his views. you have a guy who is running for president who rejects science. doesn't even believe climate"
https://archive.org/details/MSNBCW_20160720_030000_The_Place_for_Politics_2016#start/1101/end/1136,7/20/2016 3:18:36,MSNBC,The Place for Politics 2016,MSNBCW_20160720_030000_The_Place_for_Politics_2016,https://archive.org/download/MSNBCW_20160720_030000_The_Place_for_Politics_2016/MSNBCW_20160720_030000_The_Place_for_Politics_2016.thumbs/MSNBCW_20160720_030000_The_Place_for_Politics_2016_001077.jpg,"and when people ask about, well, what will these bernie sanders supporters do, look at the difference here. donald trump had trump university. bernie sanders supporters want to have free college, okay? that's a big difference. bernie sanders supporters want to do something about climate"
https://archive.org/details/MSNBCW_20160726_030000_MSNBC_-_Democratic_National_Convention#start/842/end/877,7/26/2016 3:14:17,MSNBC,MSNBC - Democratic National Convention,MSNBCW_20160726_030000_MSNBC_-_Democratic_National_Convention,https://archive.org/download/MSNBCW_20160726_030000_MSNBC_-_Democratic_National_Convention/MSNBCW_20160726_030000_MSNBC_-_Democratic_National_Convention.thumbs/MSNBCW_20160726_030000_MSNBC_-_Democratic_National_Convention_000838.jpg,"reject science. he believes that climate change is a hoax, no need to address"
https://archive.org/details/MSNBCW_20160701_030000_All_In_With_Chris_Hayes#start/2396/end/2431,7/1/2016 3:40:11,MSNBC,All In With Chris Hayes,MSNBCW_20160701_030000_All_In_With_Chris_Hayes,https://archive.org/download/MSNBCW_20160701_030000_All_In_With_Chris_Hayes/MSNBCW_20160701_030000_All_In_With_Chris_Hayes.thumbs/MSNBCW_20160701_030000_All_In_With_Chris_Hayes_002368.jpg,"our highest level of calcium plus d. climate change on the northernmost city in the"
https://archive.org/details/MSNBCW_20160701_060000_Hardball_With_Chris_Matthews#start/3640/end/3675,7/1/2016 7:00:55,MSNBC,Hardball With Chris Matthews,MSNBCW_20160701_060000_Hardball_With_Chris_Matthews,https://archive.org/download/MSNBCW_20160701_060000_Hardball_With_Chris_Matthews/MSNBCW_20160701_060000_Hardball_With_Chris_Matthews.thumbs/MSNBCW_20160701_060000_Hardball_With_Chris_Matthews_003628.jpg,"and the clear and present danger of climate change in miami. i suppose for our great, great grandkids, this will be a great snorkeling site. our special report from florida when 'all in' starts right now."
https://archive.org/details/MSNBCW_20160725_140000_The_Place_for_Politics_2016#start/504/end/539,7/25/2016 14:08:39,MSNBC,The Place for Politics 2016,MSNBCW_20160725_140000_The_Place_for_Politics_2016,https://archive.org/download/MSNBCW_20160725_140000_The_Place_for_Politics_2016/MSNBCW_20160725_140000_The_Place_for_Politics_2016.thumbs/MSNBCW_20160725_140000_The_Place_for_Politics_2016_000478.jpg,"progressive platform we have ever seen from health care to hillary clinton coming over to his free college tuition. there is also things about donald trump that really get under bernie sanders' skin. i can tell you, from being with him for several months on the campaign trail, expect him to go after things like climate"
https://archive.org/details/MSNBCW_20160712_060000_Hardball_With_Chris_Matthews#start/2134/end/2169,7/12/2016 6:35:49,MSNBC,Hardball With Chris Matthews,MSNBCW_20160712_060000_Hardball_With_Chris_Matthews,https://archive.org/download/MSNBCW_20160712_060000_Hardball_With_Chris_Matthews/MSNBCW_20160712_060000_Hardball_With_Chris_Matthews.thumbs/MSNBCW_20160712_060000_Hardball_With_Chris_Matthews_002127.jpg,"greenhouse gas emissions, opposition to the death penalty which we will talk about what that means. sanders lost the fight over one of his top campaign parties, language opposing the tpp. the language still needs to be ratified by the entire democratic convention when they meet in philadelphia later this month. but the document reflects the influence sanders holds in the"
https://archive.org/details/MSNBCW_20160710_080000_Dateline_Extra#start/2484/end/2519,7/10/2016 8:41:39,MSNBC,Dateline Extra,MSNBCW_20160710_080000_Dateline_Extra,https://archive.org/download/MSNBCW_20160710_080000_Dateline_Extra/MSNBCW_20160710_080000_Dateline_Extra.thumbs/MSNBCW_20160710_080000_Dateline_Extra_002294.jpg,"a bunch of smaller issues some of which we haven't gotten to yet. we're expecting a late night tonight on fracking and carbon tax. but overall, sanders stay maryland this race. a lot of people doubted whether he would have leverage after"
https://archive.org/details/MSNBCW_20160726_030000_MSNBC_-_Democratic_National_Convention#start/760/end/795,7/26/2016 3:12:55,MSNBC,MSNBC - Democratic National Convention,MSNBCW_20160726_030000_MSNBC_-_Democratic_National_Convention,https://archive.org/download/MSNBCW_20160726_030000_MSNBC_-_Democratic_National_Convention/MSNBCW_20160726_030000_MSNBC_-_Democratic_National_Convention.thumbs/MSNBCW_20160726_030000_MSNBC_-_Democratic_National_Convention_000748.jpg,"that proposal also substantially reduces student debt. this election is about climate change, the great environmental crisis facing our planet."
https://archive.org/details/MSNBCW_20160701_030000_All_In_With_Chris_Hayes#start/3091/end/3126,7/1/2016 3:51:46,MSNBC,All In With Chris Hayes,MSNBCW_20160701_030000_All_In_With_Chris_Hayes,https://archive.org/download/MSNBCW_20160701_030000_All_In_With_Chris_Hayes/MSNBCW_20160701_030000_All_In_With_Chris_Hayes.thumbs/MSNBCW_20160701_030000_All_In_With_Chris_Hayes_003088.jpg,"florida. the signs of climate change are there to see as salt water bubbles up from storm drains during high tides, flooding made"
https://archive.org/details/MSNBCW_20160712_160000_MSNBC_Live#start/1773/end/1808,7/12/2016 16:29:48,MSNBC,MSNBC Live,MSNBCW_20160712_160000_MSNBC_Live,https://archive.org/download/MSNBCW_20160712_160000_MSNBC_Live/MSNBCW_20160712_160000_MSNBC_Live.thumbs/MSNBCW_20160712_160000_MSNBC_Live_001767.jpg,"embrace of the progressive movement. she went throu the issues one after another. really laying out how we need to put america back on track, back on track in fighting global warming, taking on the high cost of college, getting rid of"
https://archive.org/details/MSNBCW_20160716_100000_The_Rachel_Maddow_Show#start/2681/end/2716,7/16/2016 10:44:56,MSNBC,The Rachel Maddow Show,MSNBCW_20160716_100000_The_Rachel_Maddow_Show,https://archive.org/download/MSNBCW_20160716_100000_The_Rachel_Maddow_Show/MSNBCW_20160716_100000_The_Rachel_Maddow_Show.thumbs/MSNBCW_20160716_100000_The_Rachel_Maddow_Show_002667.jpg,"17 years after the failed kyoto protocol, 195 countries sign the paris agreement, promising to limit global warming to well below 2 degrees celsus. we are going to win this, the remaining question is how quickly we will win it."
https://archive.org/details/MSNBCW_20160723_220000_Hillary_Clinton_It_Takes_a_Country#start/2614/end/2649,7/23/2016 22:43:49,MSNBC,Hillary Clinton It Takes a Country,MSNBCW_20160723_220000_Hillary_Clinton_It_Takes_a_Country,https://archive.org/download/MSNBCW_20160723_220000_Hillary_Clinton_It_Takes_a_Country/MSNBCW_20160723_220000_Hillary_Clinton_It_Takes_a_Country.thumbs/MSNBCW_20160723_220000_Hillary_Clinton_It_Takes_a_Country_002607.jpg,"it was shameful. since 1992, world leaders have convened every year to discuss ways to fight climate change. in 1997, a treaty called the"
https://archive.org/details/MSNBCW_20160716_100000_The_Rachel_Maddow_Show#start/2618/end/2653,7/16/2016 10:43:53,MSNBC,The Rachel Maddow Show,MSNBCW_20160716_100000_The_Rachel_Maddow_Show,https://archive.org/download/MSNBCW_20160716_100000_The_Rachel_Maddow_Show/MSNBCW_20160716_100000_The_Rachel_Maddow_Show.thumbs/MSNBCW_20160716_100000_The_Rachel_Maddow_Show_002607.jpg,"since 1992, world leaders have convened every year to discuss ways to fight climate change. a treaty called the kyota protocol is drafted to emit"
https://archive.org/details/MSNBCW_20160710_030000_Dateline_Extra#start/2493/end/2528,7/10/2016 3:41:48,MSNBC,Dateline Extra,MSNBCW_20160710_030000_Dateline_Extra,https://archive.org/download/MSNBCW_20160710_030000_Dateline_Extra/MSNBCW_20160710_030000_Dateline_Extra.thumbs/MSNBCW_20160710_030000_Dateline_Extra_002300.jpg,"yet. we're expecting a late night tonight on fracking and carbon tax. but overall, sanders stay maryland this race. a lot of people doubted whether he would have leverage after waiting so long not endorsing hillary clinton. but i think he proved that he did get some of his top"
https://archive.org/details/MSNBCW_20160701_180000_MSNBC_Live#start/2733/end/2768,7/1/2016 18:45:48,MSNBC,MSNBC Live,MSNBCW_20160701_180000_MSNBC_Live,https://archive.org/download/MSNBCW_20160701_180000_MSNBC_Live/MSNBCW_20160701_180000_MSNBC_Live.thumbs/MSNBCW_20160701_180000_MSNBC_Live_002727.jpg,"a variety of attacks in the past but also frankly from global warming as the delta and the water rises the u.s. embassy tells people check in with us when you a arrive here. you are a target just because you look and stand out in a"
https://archive.org/details/MSNBCW_20160723_220000_Hillary_Clinton_It_Takes_a_Country#start/2635/end/2670,7/23/2016 22:44:10,MSNBC,Hillary Clinton It Takes a Country,MSNBCW_20160723_220000_Hillary_Clinton_It_Takes_a_Country,https://archive.org/download/MSNBCW_20160723_220000_Hillary_Clinton_It_Takes_a_Country/MSNBCW_20160723_220000_Hillary_Clinton_It_Takes_a_Country.thumbs/MSNBCW_20160723_220000_Hillary_Clinton_It_Takes_a_Country_002607.jpg,"kyoto protocol, the u.s. won't support it and it fails. nearly a decade later, an inconvenient truth has its premiere. i am al gore. i used to be the next president of the united states. the film shines a spotlight on global warming and on former"
https://archive.org/details/MSNBCW_20160716_070000_Dateline_Extra#start/2643/end/2678,7/16/2016 7:44:18,MSNBC,Dateline Extra,MSNBCW_20160716_070000_Dateline_Extra,https://archive.org/download/MSNBCW_20160716_070000_Dateline_Extra/MSNBCW_20160716_070000_Dateline_Extra.thumbs/MSNBCW_20160716_070000_Dateline_Extra_001739.jpg,"i used to be the vice president of the united states of america. the film shines a spotlight on global warming and on vice president gore's climatism. is it possible we should prepare on other threats besides terrorists? what al gore did was create a"
https://archive.org/details/MSNBCW_20160705_190000_MSNBC_Live#start/2626/end/2661,7/5/2016 19:44:01,MSNBC,MSNBC Live,MSNBCW_20160705_190000_MSNBC_Live,https://archive.org/download/MSNBCW_20160705_190000_MSNBC_Live/MSNBCW_20160705_190000_MSNBC_Live.thumbs/MSNBCW_20160705_190000_MSNBC_Live_002607.jpg,"it was his vision -- [ applause ] it was his vision and diplomacy that secured a historic global agreement on climate change, put a lid on iran's nuclear program,"
https://archive.org/details/MSNBCW_20160727_230000_MSNBC_-_Democratic_National_Convention#start/2390/end/2425,7/27/2016 23:40:05,MSNBC,MSNBC - Democratic National Convention,MSNBCW_20160727_230000_MSNBC_-_Democratic_National_Convention,https://archive.org/download/MSNBCW_20160727_230000_MSNBC_-_Democratic_National_Convention/MSNBCW_20160727_230000_MSNBC_-_Democratic_National_Convention.thumbs/MSNBCW_20160727_230000_MSNBC_-_Democratic_National_Convention_002367.jpg,"heroic efforts on the part of many people. climate change isra real the vast majority of world leaders like scientists like nasa and the department of defen"
https://archive.org/details/MSNBCW_20160712_150000_MSNBC_Live#start/2826/end/2861,7/12/2016 15:47:21,MSNBC,MSNBC Live,MSNBCW_20160712_150000_MSNBC_Live,https://archive.org/download/MSNBCW_20160712_150000_MSNBC_Live/MSNBCW_20160712_150000_MSNBC_Live.thumbs/MSNBCW_20160712_150000_MSNBC_Live_002818.jpg,"science. something no presidential candidate should ever do. he believes that climate change is a hoax. in fact, he wants to expand the use of fossil fuels."
https://archive.org/details/MSNBCW_20160725_020000_Hardball_With_Chris_Matthews#start/2525/end/2560,7/25/2016 2:42:20,MSNBC,Hardball With Chris Matthews,MSNBCW_20160725_020000_Hardball_With_Chris_Matthews,https://archive.org/download/MSNBCW_20160725_020000_Hardball_With_Chris_Matthews/MSNBCW_20160725_020000_Hardball_With_Chris_Matthews.thumbs/MSNBCW_20160725_020000_Hardball_With_Chris_Matthews_002517.jpg,"he says many of es prushl him spreading the science on climate change and try burst the bubble. let me ask, i'm pretty much"
https://archive.org/details/MSNBCW_20160729_090000_First_Look#start/389/end/424,7/29/2016 9:06:44,MSNBC,First Look,MSNBCW_20160729_090000_First_Look,https://archive.org/download/MSNBCW_20160729_090000_First_Look/MSNBCW_20160729_090000_First_Look.thumbs/MSNBCW_20160729_090000_First_Look_000387.jpg,"life fighting for families, and children. i'm voting for the progressive who will protect our planet from climate change, and our communities from gun violence. hillary clinton was watching"
https://archive.org/details/MSNBCW_20160729_020000_MSNBC_-_Democratic_National_Convention#start/790/end/825,7/29/2016 2:13:25,MSNBC,MSNBC - Democratic National Convention,MSNBCW_20160729_020000_MSNBC_-_Democratic_National_Convention,https://archive.org/download/MSNBCW_20160729_020000_MSNBC_-_Democratic_National_Convention/MSNBCW_20160729_020000_MSNBC_-_Democratic_National_Convention.thumbs/MSNBCW_20160729_020000_MSNBC_-_Democratic_National_Convention_000778.jpg,"woman who has spent her entire life fighting for families and children. i'm voting for the progressive who will protect our planet from climate change and our communities from gun violence."
https://archive.org/details/MSNBCW_20160712_190000_MSNBC_Live#start/2578/end/2613,7/12/2016 19:43:13,MSNBC,MSNBC Live,MSNBCW_20160712_190000_MSNBC_Live,https://archive.org/download/MSNBCW_20160712_190000_MSNBC_Live/MSNBCW_20160712_190000_MSNBC_Live.thumbs/MSNBCW_20160712_190000_MSNBC_Live_002577.jpg,"infrastructure, college funding and climate change. within minutes, trump slammed sanders tweeting bernie sanders endorsing crooked hillary clinton is like occupy wall street endorsing goldman sachs. bernie sanders who lost his"
https://archive.org/details/MSNBCW_20160726_020000_MSNBC_-_Democratic_National_Convention#start/2543/end/2578,7/26/2016 2:42:38,MSNBC,MSNBC - Democratic National Convention,MSNBCW_20160726_020000_MSNBC_-_Democratic_National_Convention,https://archive.org/download/MSNBCW_20160726_020000_MSNBC_-_Democratic_National_Convention/MSNBCW_20160726_020000_MSNBC_-_Democratic_National_Convention.thumbs/MSNBCW_20160726_020000_MSNBC_-_Democratic_National_Convention_002517.jpg,"[ applause ] we believe that oil companies shouldn't call the shots in washington, that science matters, that climate change is real. hillary will fight to preserve this earth for our children and"
https://archive.org/details/MSNBCW_20160722_160000_The_Place_for_Politics_2016#start/208/end/243,7/22/2016 16:03:43,MSNBC,The Place for Politics 2016,MSNBCW_20160722_160000_The_Place_for_Politics_2016,https://archive.org/download/MSNBCW_20160722_160000_The_Place_for_Politics_2016/MSNBCW_20160722_160000_The_Place_for_Politics_2016.thumbs/MSNBCW_20160722_160000_The_Place_for_Politics_2016_000207.jpg,"over a million jobs right here in the united states. on a whole host of issues. from our shared security to climate change, mexico is a critical partner and is"
https://archive.org/details/MSNBCW_20160723_220000_Hillary_Clinton_It_Takes_a_Country#start/2653/end/2688,7/23/2016 22:44:28,MSNBC,Hillary Clinton It Takes a Country,MSNBCW_20160723_220000_Hillary_Clinton_It_Takes_a_Country,https://archive.org/download/MSNBCW_20160723_220000_Hillary_Clinton_It_Takes_a_Country/MSNBCW_20160723_220000_Hillary_Clinton_It_Takes_a_Country.thumbs/MSNBCW_20160723_220000_Hillary_Clinton_It_Takes_a_Country_002637.jpg,"vice president al gore's climate change activism. is it possible to threaten others besides terrorists? what al gore did is create a really simple but entertaining film that explained the science"
https://archive.org/details/MSNBCW_20160705_060000_Dateline_Extra#start/1072/end/1107,7/5/2016 6:18:07,MSNBC,Dateline Extra,MSNBCW_20160705_060000_Dateline_Extra,https://archive.org/download/MSNBCW_20160705_060000_Dateline_Extra/MSNBCW_20160705_060000_Dateline_Extra.thumbs/MSNBCW_20160705_060000_Dateline_Extra_000717.jpg,"may 2nd, 8 climate change 18 p.m., before any realized she had disappeared. mirabel appears to be alone. the cops needed to talk to any who was any in mirabel's life."
https://archive.org/details/MSNBCW_20160716_070000_Dateline_Extra#start/2610/end/2645,7/16/2016 7:43:45,MSNBC,Dateline Extra,MSNBCW_20160716_070000_Dateline_Extra,https://archive.org/download/MSNBCW_20160716_070000_Dateline_Extra/MSNBCW_20160716_070000_Dateline_Extra.thumbs/MSNBCW_20160716_070000_Dateline_Extra_001739.jpg,"it failed a lot of people. it was shameful. since 1992, world leaders have convened every year to discuss ways to fight climate change. in 1997 a treaty called the"
https://archive.org/details/MSNBCW_20160715_170000_MSNBC_Live#start/1256/end/1291,7/15/2016 17:21:11,MSNBC,MSNBC Live,MSNBCW_20160715_170000_MSNBC_Live,https://archive.org/download/MSNBCW_20160715_170000_MSNBC_Live/MSNBCW_20160715_170000_MSNBC_Live.thumbs/MSNBCW_20160715_170000_MSNBC_Live_001258.jpg,"nuclear weapon. that includes our efforts to confront what our officials at the department of defense describe as a significant national security problem. which is climate change. and the united states did reach"
https://archive.org/details/MSNBCW_20160715_170000_MSNBC_Live#start/1272/end/1307,7/15/2016 17:21:27,MSNBC,MSNBC Live,MSNBCW_20160715_170000_MSNBC_Live,https://archive.org/download/MSNBCW_20160715_170000_MSNBC_Live/MSNBCW_20160715_170000_MSNBC_Live.thumbs/MSNBCW_20160715_170000_MSNBC_Live_001258.jpg,"an agreement last december with 193 nations to take a coordinated approach to fighting carbon pollution and addressing climate change. these are all good examples of the way the national security of"
https://archive.org/details/MSNBCW_20160728_030000_MSNBC_-_Democratic_National_Convention#start/1559/end/1594,7/28/2016 3:26:14,MSNBC,MSNBC - Democratic National Convention,MSNBCW_20160728_030000_MSNBC_-_Democratic_National_Convention,https://archive.org/download/MSNBCW_20160728_030000_MSNBC_-_Democratic_National_Convention/MSNBCW_20160728_030000_MSNBC_-_Democratic_National_Convention.thumbs/MSNBCW_20160728_030000_MSNBC_-_Democratic_National_Convention_001558.jpg,"that's how democracy works. if you want to fight climate change, we've got to engage not only young people on college campuses, we've got to reach out to the coal miner who's worked"
https://archive.org/details/MSNBCW_20160715_190000_MSNBC_Live#start/83/end/118,7/15/2016 19:01:38,MSNBC,MSNBC Live,MSNBCW_20160715_190000_MSNBC_Live,https://archive.org/download/MSNBCW_20160715_190000_MSNBC_Live/MSNBCW_20160715_190000_MSNBC_Live.thumbs/MSNBCW_20160715_190000_MSNBC_Live_000057.jpg,"materials, a comprehensive deal to prevent iran from obtaining a nuclear weapon, halting the spread of ebola and saving countless lives. in paris the most ambitious to fight climate change. a new sustainable development"
https://archive.org/details/MSNBCW_20160726_000000_MSNBC_-_Democratic_National_Convention#start/1003/end/1038,7/26/2016 0:16:58,MSNBC,MSNBC - Democratic National Convention,MSNBCW_20160726_000000_MSNBC_-_Democratic_National_Convention,https://archive.org/download/MSNBCW_20160726_000000_MSNBC_-_Democratic_National_Convention/MSNBCW_20160726_000000_MSNBC_-_Democratic_National_Convention.thumbs/MSNBCW_20160726_000000_MSNBC_-_Democratic_National_Convention_000988.jpg,"that fights for an inclusive and fair nation, our union of black and brown, white and african and asian people who love the earth and know that climate change is real and value education."
https://archive.org/details/MSNBCW_20160701_070000_All_In_With_Chris_Hayes#start/3058/end/3093,7/1/2016 7:51:13,MSNBC,All In With Chris Hayes,MSNBCW_20160701_070000_All_In_With_Chris_Hayes,https://archive.org/download/MSNBCW_20160701_070000_All_In_With_Chris_Hayes/MSNBCW_20160701_070000_All_In_With_Chris_Hayes.thumbs/MSNBCW_20160701_070000_All_In_With_Chris_Hayes_002848.jpg,"ouch. to put it more succinctly, if you brexit, you bought it. he's knocked billions off the. this week we showed you the effect of climate change on a small island in the bayous of"
https://archive.org/details/MSNBCW_20160705_000000_Dateline_Extra#start/1075/end/1110,7/5/2016 0:18:10,MSNBC,Dateline Extra,MSNBCW_20160705_000000_Dateline_Extra,https://archive.org/download/MSNBCW_20160705_000000_Dateline_Extra/MSNBCW_20160705_000000_Dateline_Extra.thumbs/MSNBCW_20160705_000000_Dateline_Extra_000717.jpg,"police checked all of them. they found only this security outside her manager's office from her apartment complex. it's maribel paying the rent. may 2nd, 8 climate change 18 p.m., before any realized she"
https://archive.org/details/MSNBCW_20160701_030000_All_In_With_Chris_Hayes#start/3080/end/3115,7/1/2016 3:51:35,MSNBC,All In With Chris Hayes,MSNBCW_20160701_030000_All_In_With_Chris_Hayes,https://archive.org/download/MSNBCW_20160701_030000_All_In_With_Chris_Hayes/MSNBCW_20160701_030000_All_In_With_Chris_Hayes.thumbs/MSNBCW_20160701_030000_All_In_With_Chris_Hayes_003058.jpg,"this week we showed you the effect of climate change on a small island in the bayous of louisiana and a remote city on the northern coast of alaska. tonight we'll take you to miami,"
https://archive.org/details/MSNBCW_20160705_200000_MSNBC_Live#start/708/end/743,7/5/2016 20:12:03,MSNBC,MSNBC Live,MSNBCW_20160705_200000_MSNBC_Live,https://archive.org/download/MSNBCW_20160705_200000_MSNBC_Live/MSNBCW_20160705_200000_MSNBC_Live.thumbs/MSNBCW_20160705_200000_MSNBC_Live_000688.jpg,"now, to me, that in and of itself would be enough to make the choice. but we've got some other choices. you can go the path that denies climate change is real, or you"
https://archive.org/details/MSNBCW_20160725_080000_Meet_the_Press#start/1772/end/1807,7/25/2016 8:29:47,MSNBC,Meet the Press,MSNBCW_20160725_080000_Meet_the_Press,https://archive.org/download/MSNBCW_20160725_080000_Meet_the_Press/MSNBCW_20160725_080000_Meet_the_Press.thumbs/MSNBCW_20160725_080000_Meet_the_Press_001767.jpg,"fighting for the middle class on health care, on climate change is a far, far superior candidate to trump. that's where i think the focus has got to be. do you believe that the dnc's"
https://archive.org/details/MSNBCW_20160728_010000_MSNBC_-_Democratic_National_Convention#start/2116/end/2151,7/28/2016 1:35:31,MSNBC,MSNBC - Democratic National Convention,MSNBCW_20160728_010000_MSNBC_-_Democratic_National_Convention,https://archive.org/download/MSNBCW_20160728_010000_MSNBC_-_Democratic_National_Convention/MSNBCW_20160728_010000_MSNBC_-_Democratic_National_Convention.thumbs/MSNBCW_20160728_010000_MSNBC_-_Democratic_National_Convention_002097.jpg,"to many republicans blame immigrants for problems and they stand in the way of action on climate change and gun violence. meanwhile, many democrats i think wrongly blame the private sector for our problems."
https://archive.org/details/MSNBCW_20160725_060000_Meet_the_Press#start/1762/end/1797,7/25/2016 6:29:37,MSNBC,Meet the Press,MSNBCW_20160725_060000_Meet_the_Press,https://archive.org/download/MSNBCW_20160725_060000_Meet_the_Press/MSNBCW_20160725_060000_Meet_the_Press.thumbs/MSNBCW_20160725_060000_Meet_the_Press_001737.jpg,"fighting for the middle class on health care, on climate change is a far, far superior candidate to trump. that's where i think the focus has got to be. do you believe that the dnc's"
https://archive.org/details/MSNBCW_20160722_160000_The_Place_for_Politics_2016#start/572/end/607,7/22/2016 16:09:47,MSNBC,The Place for Politics 2016,MSNBCW_20160722_160000_The_Place_for_Politics_2016,https://archive.org/download/MSNBCW_20160722_160000_The_Place_for_Politics_2016/MSNBCW_20160722_160000_The_Place_for_Politics_2016.thumbs/MSNBCW_20160722_160000_The_Place_for_Politics_2016_000567.jpg,"committed with the best favor of his country. and with stability also in harmony in our hemisphere and with a solution of global challenges as for instance climate change, international migration, and the reduction of"
https://archive.org/details/MSNBCW_20160725_000000_MSNBC_-_Democratic_National_Convention#start/85/end/120,7/25/2016 0:01:40,MSNBC,MSNBC - Democratic National Convention,MSNBCW_20160725_000000_MSNBC_-_Democratic_National_Convention,https://archive.org/download/MSNBCW_20160725_000000_MSNBC_-_Democratic_National_Convention/MSNBCW_20160725_000000_MSNBC_-_Democratic_National_Convention.thumbs/MSNBCW_20160725_000000_MSNBC_-_Democratic_National_Convention_000087.jpg,"that's how i describe myself and i look at his record, his civil rights record, his education record, his taking on tough issues like gun safety, climate change, the whole picture is one that i find, you know, very"
https://archive.org/details/MSNBCW_20160713_130000_MSNBC_Live#start/1556/end/1591,7/13/2016 13:26:11,MSNBC,MSNBC Live,MSNBCW_20160713_130000_MSNBC_Live,https://archive.org/download/MSNBCW_20160713_130000_MSNBC_Live/MSNBCW_20160713_130000_MSNBC_Live.thumbs/MSNBCW_20160713_130000_MSNBC_Live_000747.jpg,"embraced bernie sanders' program for free tuition at public colleges and universities. the democratic platform now includes strong language on pricing carbon and dealing with climate change, a $15 minimum wage, expanding health care in a"
https://archive.org/details/MSNBCW_20160727_020000_MSNBC_-_Democratic_National_Convention#start/2641/end/2676,7/27/2016 2:44:16,MSNBC,MSNBC - Democratic National Convention,MSNBCW_20160727_020000_MSNBC_-_Democratic_National_Convention,https://archive.org/download/MSNBCW_20160727_020000_MSNBC_-_Democratic_National_Convention/MSNBCW_20160727_020000_MSNBC_-_Democratic_National_Convention.thumbs/MSNBCW_20160727_020000_MSNBC_-_Democratic_National_Convention_002637.jpg,"the mindfield. she put climate change at the center of our foreign policy. she negotiated the first agreement ever, ever with china and india officially committed to reduce their emissions. and as she had been doing since"
https://archive.org/details/MSNBCW_20160727_230000_MSNBC_-_Democratic_National_Convention#start/2555/end/2590,7/27/2016 23:42:50,MSNBC,MSNBC - Democratic National Convention,MSNBCW_20160727_230000_MSNBC_-_Democratic_National_Convention,https://archive.org/download/MSNBCW_20160727_230000_MSNBC_-_Democratic_National_Convention/MSNBCW_20160727_230000_MSNBC_-_Democratic_National_Convention.thumbs/MSNBCW_20160727_230000_MSNBC_-_Democratic_National_Convention_002547.jpg,"cau and for her first day in office, president hillary clinton will do what's needed to combat climate change and lead the clear air revolution. yes, we do need a revolution. and we are going to get one."
https://archive.org/details/MSNBCW_20160701_030000_All_In_With_Chris_Hayes#start/1234/end/1269,7/1/2016 3:20:49,MSNBC,All In With Chris Hayes,MSNBCW_20160701_030000_All_In_With_Chris_Hayes,https://archive.org/download/MSNBCW_20160701_030000_All_In_With_Chris_Hayes/MSNBCW_20160701_030000_All_In_With_Chris_Hayes.thumbs/MSNBCW_20160701_030000_All_In_With_Chris_Hayes_001228.jpg,"hundreds of billions of dollars in tax breaks to the top 2/10 of 1% by repealing the estate tax. he thinks that climate change is a hoax. and most importantly, we cannot have a president who goes around"
https://archive.org/details/MSNBCW_20160701_030000_All_In_With_Chris_Hayes#start/3574/end/3609,7/1/2016 3:59:49,MSNBC,All In With Chris Hayes,MSNBCW_20160701_030000_All_In_With_Chris_Hayes,https://archive.org/download/MSNBCW_20160701_030000_All_In_With_Chris_Hayes/MSNBCW_20160701_030000_All_In_With_Chris_Hayes.thumbs/MSNBCW_20160701_030000_All_In_With_Chris_Hayes_003568.jpg,"innovation will help in the fight against sea level rise. and speaking of future innovation, tomorrow night, my exclusive conversation with secretary of state john kerry on the solutions he sees to fighting climate change, like revolutionizing our energy"
https://archive.org/details/MSNBCW_20160701_000000_All_In_With_Chris_Hayes#start/1202/end/1237,7/1/2016 0:20:17,MSNBC,All In With Chris Hayes,MSNBCW_20160701_000000_All_In_With_Chris_Hayes,https://archive.org/download/MSNBCW_20160701_000000_All_In_With_Chris_Hayes/MSNBCW_20160701_000000_All_In_With_Chris_Hayes.thumbs/MSNBCW_20160701_000000_All_In_With_Chris_Hayes_001198.jpg,"hundreds of billions of dollars in tax breaks to the top 2/10 of 1% by repealing the estate tax. he thinks that climate change is a hoax. and most importantly, we cannot have a president who goes around"
https://archive.org/details/MSNBCW_20160728_000000_MSNBC_-_Democratic_National_Convention#start/2544/end/2579,7/28/2016 0:42:39,MSNBC,MSNBC - Democratic National Convention,MSNBCW_20160728_000000_MSNBC_-_Democratic_National_Convention,https://archive.org/download/MSNBCW_20160728_000000_MSNBC_-_Democratic_National_Convention/MSNBCW_20160728_000000_MSNBC_-_Democratic_National_Convention.thumbs/MSNBCW_20160728_000000_MSNBC_-_Democratic_National_Convention_002518.jpg,"says let's waterboard people, let's humiliate john mccain? let's not believe in climate change, it's all -- what do you -- why is it selling? well, because he's saying it to a bunch of republicans and they're the amen chorus."
https://archive.org/details/MSNBCW_20160724_160000_MSNBC_Live#start/619/end/654,7/24/2016 16:10:34,MSNBC,MSNBC Live,MSNBCW_20160724_160000_MSNBC_Live,https://archive.org/download/MSNBCW_20160724_160000_MSNBC_Live/MSNBCW_20160724_160000_MSNBC_Live.thumbs/MSNBCW_20160724_160000_MSNBC_Live_000597.jpg,"climate change we're feeling today. instead of this catastrophic regime change foreign policy we've been involved in. earlier this week, dan saviage had this to say. you are essentially, if you're voting for jill stein, helping"
https://archive.org/details/MSNBCW_20160724_220000_The_Place_for_Politics_2016#start/1750/end/1785,7/24/2016 22:29:25,MSNBC,The Place for Politics 2016,MSNBCW_20160724_220000_The_Place_for_Politics_2016,https://archive.org/download/MSNBCW_20160724_220000_The_Place_for_Politics_2016/MSNBCW_20160724_220000_The_Place_for_Politics_2016.thumbs/MSNBCW_20160724_220000_The_Place_for_Politics_2016_001737.jpg,"we got to elect secretary clinton on every single issue fighting for the middle class on health care, on climate change is a far, far superior candidate to trump. that's where i think the focus has got to be."
https://archive.org/details/MSNBCW_20160726_030000_MSNBC_-_Democratic_National_Convention#start/2825/end/2860,7/26/2016 3:47:20,MSNBC,MSNBC - Democratic National Convention,MSNBCW_20160726_030000_MSNBC_-_Democratic_National_Convention,https://archive.org/download/MSNBCW_20160726_030000_MSNBC_-_Democratic_National_Convention/MSNBCW_20160726_030000_MSNBC_-_Democratic_National_Convention.thumbs/MSNBCW_20160726_030000_MSNBC_-_Democratic_National_Convention_002818.jpg,"supporters got behind senator sanders because they cared about the issues, they cared about criminal justice reform, the climate change, working people, making our economy work for hard working people in america and tonight senator sanders laid out, one, that those issues are"
https://archive.org/details/MSNBCW_20160714_210000_MTP_Daily#start/2266/end/2301,7/14/2016 21:38:01,MSNBC,MTP Daily,MSNBCW_20160714_210000_MTP_Daily,https://archive.org/download/MSNBCW_20160714_210000_MTP_Daily/MSNBCW_20160714_210000_MTP_Daily.thumbs/MSNBCW_20160714_210000_MTP_Daily_000927.jpg,"solve the crises of our economy at the same time that it solves the crisis of climate change and that will make wars for oil obsolete and create foreign policy based on international law and human rights. i will cancel student debt like"
https://archive.org/details/MSNBCW_20160728_020000_MSNBC_-_Democratic_National_Convention#start/3088/end/3123,7/28/2016 2:51:43,MSNBC,MSNBC - Democratic National Convention,MSNBCW_20160728_020000_MSNBC_-_Democratic_National_Convention,https://archive.org/download/MSNBCW_20160728_020000_MSNBC_-_Democratic_National_Convention/MSNBCW_20160728_020000_MSNBC_-_Democratic_National_Convention.thumbs/MSNBCW_20160728_020000_MSNBC_-_Democratic_National_Convention_003087.jpg,"international agreement on climate change. paris agreement represents the best chance to save the one planet that we've got. obama announced a historic vote with iran today. comprehensive long-term deal that will prevent it from obtaining a nuclear weapon."
https://archive.org/details/MSNBCW_20160727_230000_MSNBC_-_Democratic_National_Convention#start/2354/end/2389,7/27/2016 23:39:29,MSNBC,MSNBC - Democratic National Convention,MSNBCW_20160727_230000_MSNBC_-_Democratic_National_Convention,https://archive.org/download/MSNBCW_20160727_230000_MSNBC_-_Democratic_National_Convention/MSNBCW_20160727_230000_MSNBC_-_Democratic_National_Convention.thumbs/MSNBCW_20160727_230000_MSNBC_-_Democratic_National_Convention_002337.jpg,"good. again, i think i only got five minutes so i got to get going here. as we just saw climate change is unlike any other threat we humans face. it is over arching and affecting our entire earth at all living"
https://archive.org/details/MSNBCW_20160701_000000_All_In_With_Chris_Hayes#start/3581/end/3616,7/1/2016 0:59:56,MSNBC,All In With Chris Hayes,MSNBCW_20160701_000000_All_In_With_Chris_Hayes,https://archive.org/download/MSNBCW_20160701_000000_All_In_With_Chris_Hayes/MSNBCW_20160701_000000_All_In_With_Chris_Hayes.thumbs/MSNBCW_20160701_000000_All_In_With_Chris_Hayes_003568.jpg,"and speaking of future innovation, tomorrow night, my exclusive conversation with secretary of state john kerry on the solutions he sees to fighting climate change, like revolutionizing our energy sector. i don't believe government is going to solve this problem."
https://archive.org/details/MSNBCW_20160701_070000_All_In_With_Chris_Hayes#start/1185/end/1220,7/1/2016 7:20:00,MSNBC,All In With Chris Hayes,MSNBCW_20160701_070000_All_In_With_Chris_Hayes,https://archive.org/download/MSNBCW_20160701_070000_All_In_With_Chris_Hayes/MSNBCW_20160701_070000_All_In_With_Chris_Hayes.thumbs/MSNBCW_20160701_070000_All_In_With_Chris_Hayes_001168.jpg,"in tax breaks to the top 2/10 of 1% by repealing the estate tax. he thinks that climate change is a hoax. and most importantly, we cannot have a president who goes around insulting mexicans, latinos, muslims, women and african"
https://archive.org/details/MSNBCW_20160701_070000_All_In_With_Chris_Hayes#start/2385/end/2420,7/1/2016 7:40:00,MSNBC,All In With Chris Hayes,MSNBCW_20160701_070000_All_In_With_Chris_Hayes,https://archive.org/download/MSNBCW_20160701_070000_All_In_With_Chris_Hayes/MSNBCW_20160701_070000_All_In_With_Chris_Hayes.thumbs/MSNBCW_20160701_070000_All_In_With_Chris_Hayes_002248.jpg,"their health insurance may cover cialis. contact your health plan for the latest information. climate change on the northernmost city in the country, new york to barrow, alaska, to the top of the continent. we went on the ice where whaling"
https://archive.org/details/MSNBCW_20160701_000000_All_In_With_Chris_Hayes#start/2409/end/2444,7/1/2016 0:40:24,MSNBC,All In With Chris Hayes,MSNBCW_20160701_000000_All_In_With_Chris_Hayes,https://archive.org/download/MSNBCW_20160701_000000_All_In_With_Chris_Hayes/MSNBCW_20160701_000000_All_In_With_Chris_Hayes.thumbs/MSNBCW_20160701_000000_All_In_With_Chris_Hayes_002398.jpg,"climate change on the northernmost city in the country, new york to barrow, alaska, to the top of the continent. we went on the ice where whaling crews gather. it was peaceful and quiet as we stood there on the edge of the"
https://archive.org/details/MSNBCW_20160701_070000_All_In_With_Chris_Hayes#start/3568/end/3603,7/1/2016 7:59:43,MSNBC,All In With Chris Hayes,MSNBCW_20160701_070000_All_In_With_Chris_Hayes,https://archive.org/download/MSNBCW_20160701_070000_All_In_With_Chris_Hayes/MSNBCW_20160701_070000_All_In_With_Chris_Hayes.thumbs/MSNBCW_20160701_070000_All_In_With_Chris_Hayes_003568.jpg,"the solutions he sees to fighting climate change, like revolutionizing our energy sector. i don't believe government is going to solve this problem. i believe the private sector is going to solve it, great entrepreneurs and people of daring and creativity that will"
https://archive.org/details/MSNBCW_20160710_160000_MSNBC_Live#start/738/end/773,7/10/2016 16:12:33,MSNBC,MSNBC Live,MSNBCW_20160710_160000_MSNBC_Live,https://archive.org/download/MSNBCW_20160710_160000_MSNBC_Live/MSNBCW_20160710_160000_MSNBC_Live.thumbs/MSNBCW_20160710_160000_MSNBC_Live_000717.jpg,"supporters of u.s. senator bernie sanders, democratic platform writers meeting this weekend in orlando, florida, adopted a progressive agenda that underscores the need for bold action on climate change' dresses criminal justice reform, and calls for doubling the federal minimum wage.'"
https://archive.org/details/MSNBCW_20160718_150000_The_Place_for_Politics_2016#start/623/end/658,7/18/2016 15:10:38,MSNBC,The Place for Politics 2016,MSNBCW_20160718_150000_The_Place_for_Politics_2016,https://archive.org/download/MSNBCW_20160718_150000_The_Place_for_Politics_2016/MSNBCW_20160718_150000_The_Place_for_Politics_2016.thumbs/MSNBCW_20160718_150000_The_Place_for_Politics_2016_000597.jpg,"a stand from everything from climate change to some of the rhetoric that we have heard during the primaries. reporter: sure. and let me take you over here, because in the distance, you have somebody speaking on a microphone there, what's called"
https://archive.org/details/MSNBCW_20160712_160000_MSNBC_Live#start/388/end/423,7/12/2016 16:06:43,MSNBC,MSNBC Live,MSNBCW_20160712_160000_MSNBC_Live,https://archive.org/download/MSNBCW_20160712_160000_MSNBC_Live/MSNBCW_20160712_160000_MSNBC_Live.thumbs/MSNBCW_20160712_160000_MSNBC_Live_000387.jpg,"powerfully, we owe it to future generations to work together to combat climate change. and we're going to do it. we've got the intelligence. we've got the innovation. we're going roll up our sleeves and demonstrate to the world what america is made of."
https://archive.org/details/MSNBCW_20160713_210000_MTP_Daily#start/687/end/722,7/13/2016 21:11:42,MSNBC,MTP Daily,MSNBCW_20160713_210000_MTP_Daily,https://archive.org/download/MSNBCW_20160713_210000_MTP_Daily/MSNBCW_20160713_210000_MTP_Daily.thumbs/MSNBCW_20160713_210000_MTP_Daily_000687.jpg,"climate change, we have to work with people, not against people. tim kaine was my guest on this show just a couple of days ago. he said he's boring but boring is the fastest growing demkr demograph demographic. who is more boring, tom vilsack"
https://archive.org/details/MSNBCW_20160713_210000_MTP_Daily#start/1013/end/1048,7/13/2016 21:17:08,MSNBC,MTP Daily,MSNBCW_20160713_210000_MTP_Daily,https://archive.org/download/MSNBCW_20160713_210000_MTP_Daily/MSNBCW_20160713_210000_MTP_Daily.thumbs/MSNBCW_20160713_210000_MTP_Daily_000987.jpg,"together. working together with other nation. not necessarily going to be the u.s. way, our way or the highway. that is not going to work to solve the major problems that we face globally, whether it's climate change, cybersecurity, terrorism, whatever it might be. secretary tom vilsack,"
https://archive.org/details/MSNBCW_20160727_210000_MSNBC_-_Democratic_National_Convention#start/1876/end/1911,7/27/2016 21:31:31,MSNBC,MSNBC - Democratic National Convention,MSNBCW_20160727_210000_MSNBC_-_Democratic_National_Convention,https://archive.org/download/MSNBCW_20160727_210000_MSNBC_-_Democratic_National_Convention/MSNBCW_20160727_210000_MSNBC_-_Democratic_National_Convention.thumbs/MSNBCW_20160727_210000_MSNBC_-_Democratic_National_Convention_001858.jpg,"interested in the future economy. it's got a budding -- younger. -- higher, younger millennial base. a state that cares very much about the environment and climate change. they've got a guy on the other side named trump saying it's a hoax. you've got a diverse population,"
https://archive.org/details/MSNBCW_20160707_060000_Hardball_With_Chris_Matthews#start/1959/end/1994,7/7/2016 6:32:54,MSNBC,Hardball With Chris Matthews,MSNBCW_20160707_060000_Hardball_With_Chris_Matthews,https://archive.org/download/MSNBCW_20160707_060000_Hardball_With_Chris_Matthews/MSNBCW_20160707_060000_Hardball_With_Chris_Matthews.thumbs/MSNBCW_20160707_060000_Hardball_With_Chris_Matthews_001948.jpg,"do everythg that can to address the major crises facing this country in terms of income and wealth inequality, the 40-year decline of the american middle class, the horrific crisis that we face in terms of climate change and i'm going to use all"
https://archive.org/details/MSNBCW_20160701_000000_All_In_With_Chris_Hayes#start/2630/end/2665,7/1/2016 0:44:05,MSNBC,All In With Chris Hayes,MSNBCW_20160701_000000_All_In_With_Chris_Hayes,https://archive.org/download/MSNBCW_20160701_000000_All_In_With_Chris_Hayes/MSNBCW_20160701_000000_All_In_With_Chris_Hayes.thumbs/MSNBCW_20160701_000000_All_In_With_Chris_Hayes_002608.jpg,"same time. so all of that, sounds like it was just five different animals, four nearby bearded seals and one bowhead while in the distance. still ahead, we move from alaska to miami to see the effects of climate change there. but first the zip line that"
https://archive.org/details/MSNBCW_20160712_150000_MSNBC_Live#start/1341/end/1376,7/12/2016 15:22:36,MSNBC,MSNBC Live,MSNBCW_20160712_150000_MSNBC_Live,https://archive.org/download/MSNBCW_20160712_150000_MSNBC_Live/MSNBCW_20160712_150000_MSNBC_Live.thumbs/MSNBCW_20160712_150000_MSNBC_Live_001318.jpg,"the sanders top policy aide told me they got more than 80% out of what they wanted out of that democratic platform process, all those things as well as climate change, 80% is a good number, about the number of bernie sanders supporters who"
https://archive.org/details/MSNBCW_20160718_150000_The_Place_for_Politics_2016#start/638/end/673,7/18/2016 15:10:53,MSNBC,The Place for Politics 2016,MSNBCW_20160718_150000_The_Place_for_Politics_2016,https://archive.org/download/MSNBCW_20160718_150000_The_Place_for_Politics_2016/MSNBCW_20160718_150000_The_Place_for_Politics_2016.thumbs/MSNBCW_20160718_150000_The_Place_for_Politics_2016_000627.jpg,"the speaker's platform. and we have a total of 120 permits begin out for people to speak. that's anywhere from one person, like you see there, to 5000 people. and it's everything from, as you said, climate change. we had earlier a pro choice"
https://archive.org/details/MSNBCW_20160728_000000_MSNBC_-_Democratic_National_Convention#start/2606/end/2641,7/28/2016 0:43:41,MSNBC,MSNBC - Democratic National Convention,MSNBCW_20160728_000000_MSNBC_-_Democratic_National_Convention,https://archive.org/download/MSNBCW_20160728_000000_MSNBC_-_Democratic_National_Convention/MSNBCW_20160728_000000_MSNBC_-_Democratic_National_Convention.thumbs/MSNBCW_20160728_000000_MSNBC_-_Democratic_National_Convention_002608.jpg,"today, everybody with a brain says we got a climate change problem. exactly. and we're not doing enough about it. and we're going to have to step up the game and probably task one is getting those republicans either to convert or to get out"
https://archive.org/details/MSNBCW_20160725_080000_Meet_the_Press#start/1977/end/2012,7/25/2016 8:33:12,MSNBC,Meet the Press,MSNBCW_20160725_080000_Meet_the_Press,https://archive.org/download/MSNBCW_20160725_080000_Meet_the_Press/MSNBCW_20160725_080000_Meet_the_Press.thumbs/MSNBCW_20160725_080000_Meet_the_Press_001977.jpg,"his views, you have a guy running for president that rejects science. doesn't even believe climate change is real, let alone wants to do something about it. wants to get hundreds of billions of dollars in tax breaks to the top two-tenths of 1%."
https://archive.org/details/MSNBCW_20160725_060000_Meet_the_Press#start/1967/end/2002,7/25/2016 6:33:02,MSNBC,Meet the Press,MSNBCW_20160725_060000_Meet_the_Press,https://archive.org/download/MSNBCW_20160725_060000_Meet_the_Press/MSNBCW_20160725_060000_Meet_the_Press.thumbs/MSNBCW_20160725_060000_Meet_the_Press_001947.jpg,"his views, you have a guy running for president that rejects science. doesn't even believe climate change is real, let alone wants to do something about it. wants to get hundreds of billions of dollars in tax breaks to the top two-tenths of 1%."
https://archive.org/details/MSNBCW_20160730_200000_MSNBC_Live#start/1552/end/1587,7/30/2016 20:26:07,MSNBC,MSNBC Live,MSNBCW_20160730_200000_MSNBC_Live,https://archive.org/download/MSNBCW_20160730_200000_MSNBC_Live/MSNBCW_20160730_200000_MSNBC_Live.thumbs/MSNBCW_20160730_200000_MSNBC_Live_001527.jpg,"new jobs and businesses, and pennsylvania's doing some good work. we owe it to future generations to work together to combat climate change, not dismiss it as a chinese hoax the way donald trump has. i love this. he dismisses it as a chinese"
https://archive.org/details/MSNBCW_20160707_030000_All_In_With_Chris_Hayes#start/1987/end/2022,7/7/2016 3:33:22,MSNBC,All In With Chris Hayes,MSNBCW_20160707_030000_All_In_With_Chris_Hayes,https://archive.org/download/MSNBCW_20160707_030000_All_In_With_Chris_Hayes/MSNBCW_20160707_030000_All_In_With_Chris_Hayes.thumbs/MSNBCW_20160707_030000_All_In_With_Chris_Hayes_001977.jpg,"wealth inequality, the 40-year decline of the american middle class, the horrific crisis that we face in terms of climate change and i'm going to use all of the leverage that i have to try to make those changes and i'm also on record and will do"
https://archive.org/details/MSNBCW_20160701_000000_All_In_With_Chris_Hayes#start/58/end/93,7/1/2016 0:01:13,MSNBC,All In With Chris Hayes,MSNBCW_20160701_000000_All_In_With_Chris_Hayes,https://archive.org/download/MSNBCW_20160701_000000_All_In_With_Chris_Hayes/MSNBCW_20160701_000000_All_In_With_Chris_Hayes.thumbs/MSNBCW_20160701_000000_All_In_With_Chris_Hayes_000058.jpg,"to me and they don't look like indians to indians. and the clear and present danger of climate change in miami. i suppose for our great, great grandkids, this will be a great snorkeling site. our special report from florida when 'all in' starts right now.irst time in this lon"
https://archive.org/details/MSNBCW_20160701_030000_All_In_With_Chris_Hayes#start/83/end/118,7/1/2016 3:01:38,MSNBC,All In With Chris Hayes,MSNBCW_20160701_030000_All_In_With_Chris_Hayes,https://archive.org/download/MSNBCW_20160701_030000_All_In_With_Chris_Hayes/MSNBCW_20160701_030000_All_In_With_Chris_Hayes.thumbs/MSNBCW_20160701_030000_All_In_With_Chris_Hayes_000058.jpg,"they don't look like indians to me and they don't look like indians to indians. and the clear and present danger of climate change in miami. i suppose for our great, great grandkids, this will be a great snorkeling site. our special report from florida when 'all in' starts"
https://archive.org/details/MSNBCW_20160702_000000_All_In_With_Chris_Hayes#start/2781/end/2816,7/2/2016 0:46:36,MSNBC,All In With Chris Hayes,MSNBCW_20160702_000000_All_In_With_Chris_Hayes,https://archive.org/download/MSNBCW_20160702_000000_All_In_With_Chris_Hayes/MSNBCW_20160702_000000_All_In_With_Chris_Hayes.thumbs/MSNBCW_20160702_000000_All_In_With_Chris_Hayes_002757.jpg,"one of the most significant stories of our lifetime, if not the most significant. tonight we'll bring you an exclusive interview with secretary of state john kerry on u.s. efforts to combat climate change. we'll look at the battle for solar power in one of the sunniest states in the country -- nevada.       _"
https://archive.org/details/MSNBCW_20160701_190000_MSNBC_Live#start/1157/end/1192,7/1/2016 19:19:32,MSNBC,MSNBC Live,MSNBCW_20160701_190000_MSNBC_Live,https://archive.org/download/MSNBCW_20160701_190000_MSNBC_Live/MSNBCW_20160701_190000_MSNBC_Live.thumbs/MSNBCW_20160701_190000_MSNBC_Live_001137.jpg,"they don't need this thing. it's not something that a developing country like bangladesh pressed hard by climate change with the rising seas needs at this time. we have been talking about the scale of this. if we have 408 hostages there, and a number of gunmen, perhaps"
https://archive.org/details/MSNBCW_20160701_070000_All_In_With_Chris_Hayes#start/40/end/75,7/1/2016 7:00:55,MSNBC,All In With Chris Hayes,MSNBCW_20160701_070000_All_In_With_Chris_Hayes,https://archive.org/download/MSNBCW_20160701_070000_All_In_With_Chris_Hayes/MSNBCW_20160701_070000_All_In_With_Chris_Hayes.thumbs/MSNBCW_20160701_070000_All_In_With_Chris_Hayes_000058.jpg,"they don't look like indians to me and they don't look like indians to indians. and the clear and present danger of climate change in miami. i suppose for our great, great grandkids, this will be a great snorkeling site. our special report from florida when 'all in' starts right now."
https://archive.org/details/MSNBCW_20160728_000000_MSNBC_-_Democratic_National_Convention#start/2622/end/2657,7/28/2016 0:43:57,MSNBC,MSNBC - Democratic National Convention,MSNBCW_20160728_000000_MSNBC_-_Democratic_National_Convention,https://archive.org/download/MSNBCW_20160728_000000_MSNBC_-_Democratic_National_Convention/MSNBCW_20160728_000000_MSNBC_-_Democratic_National_Convention.thumbs/MSNBCW_20160728_000000_MSNBC_-_Democratic_National_Convention_002608.jpg,"because they are the number one obstacle to dealing with climate change in the united states of america. congress. i mean, when they -- i mean, they're incredible. it's almost unbelievable. you say why is trump doing so well? why are the republicans doing so well when they deny science?"
https://archive.org/details/MSNBCW_20160725_020000_Hardball_With_Chris_Matthews#start/2750/end/2785,7/25/2016 2:46:05,MSNBC,Hardball With Chris Matthews,MSNBCW_20160725_020000_Hardball_With_Chris_Matthews,https://archive.org/download/MSNBCW_20160725_020000_Hardball_With_Chris_Matthews/MSNBCW_20160725_020000_Hardball_With_Chris_Matthews.thumbs/MSNBCW_20160725_020000_Hardball_With_Chris_Matthews_002727.jpg,"climate change. he is the pope, he doesn't have to address this issue, but he took it upon himself because he is smart, and he saidly put it on my agenda. it's sort of pro life when you think about it. is saves the live of our species"
https://archive.org/details/MSNBCW_20160720_030000_The_Place_for_Politics_2016#start/1116/end/1151,7/20/2016 3:18:51,MSNBC,The Place for Politics 2016,MSNBCW_20160720_030000_The_Place_for_Politics_2016,https://archive.org/download/MSNBCW_20160720_030000_The_Place_for_Politics_2016/MSNBCW_20160720_030000_The_Place_for_Politics_2016.thumbs/MSNBCW_20160720_030000_The_Place_for_Politics_2016_001107.jpg,"change. they care very much about the environment. donald trump says that it's something invented by the chinese, the climate change problem. he said it on twitter, where he says everything else. bernie sanders supporters want to help the poor. donald trump said he wants to bet on the housing crisis."
https://archive.org/details/MSNBCW_20160722_160000_The_Place_for_Politics_2016#start/2409/end/2444,7/22/2016 16:40:24,MSNBC,The Place for Politics 2016,MSNBCW_20160722_160000_The_Place_for_Politics_2016,https://archive.org/download/MSNBCW_20160722_160000_The_Place_for_Politics_2016/MSNBCW_20160722_160000_The_Place_for_Politics_2016.thumbs/MSNBCW_20160722_160000_The_Place_for_Politics_2016_002397.jpg,"disrupting this illegal trade? particularly given the fact that often it's transported in small amounts making the kind of large bust that mexico and the u.s. have collaborated on in terms of other elicit drugs more difficult and in addition you like president obama have made climate change a top priority,"
https://archive.org/details/MSNBCW_20160701_030000_All_In_With_Chris_Hayes#start/3427/end/3462,7/1/2016 3:57:22,MSNBC,All In With Chris Hayes,MSNBCW_20160701_030000_All_In_With_Chris_Hayes,https://archive.org/download/MSNBCW_20160701_030000_All_In_With_Chris_Hayes/MSNBCW_20160701_030000_All_In_With_Chris_Hayes.thumbs/MSNBCW_20160701_030000_All_In_With_Chris_Hayes_003418.jpg,"in south florida, tourism and property tax are the main source of revenue for our communities. but much of that property is at risk. hundreds of billions of dollars of assets are currently exposed to the rising seas. billions more will be threatened in the coming decade. regardless of whether greenhouse gas emissions are lowered. we've put a certain amount of co2 into the atmosphere, that's warmed the oceans and the atmosphere and that's going to persist for the next 25 years or so, maybe longer. we've made a commitment, it's already happening. we have to adapt to that. day to day, there isn't anywhere prettier to live."
https://archive.org/details/MSNBCW_20160701_000000_All_In_With_Chris_Hayes#start/2204/end/2239,7/1/2016 0:36:59,MSNBC,All In With Chris Hayes,MSNBCW_20160701_000000_All_In_With_Chris_Hayes,https://archive.org/download/MSNBCW_20160701_000000_All_In_With_Chris_Hayes/MSNBCW_20160701_000000_All_In_With_Chris_Hayes.thumbs/MSNBCW_20160701_000000_All_In_With_Chris_Hayes_002188.jpg,"espouses. thank you very much. really appreciate it. thank you very much. still to come, we've shown you the real dangers of climate change threatening two remote areas of the country. tonight we take you to miami, the effects we found right in the streets and you do not want to miss that report."
https://archive.org/details/MSNBCW_20160712_130000_MSNBC_Live#start/3132/end/3167,7/12/2016 13:52:27,MSNBC,MSNBC Live,MSNBCW_20160712_130000_MSNBC_Live,https://archive.org/download/MSNBCW_20160712_130000_MSNBC_Live/MSNBCW_20160712_130000_MSNBC_Live.thumbs/MSNBCW_20160712_130000_MSNBC_Live_003117.jpg,"addressing the problems of american families today. again, how to raise wages in this country, who you to fight climate change, how to make college more affordable, those are the issues he cares about and as he has said his supporters are not going to back a candidate who works to deport"
https://archive.org/details/MSNBCW_20160730_140000_AM_Joy#start/6847/end/6882,7/30/2016 15:54:22,MSNBC,AM Joy,MSNBCW_20160730_140000_AM_Joy,https://archive.org/download/MSNBCW_20160730_140000_AM_Joy/MSNBCW_20160730_140000_AM_Joy.thumbs/MSNBCW_20160730_140000_AM_Joy_006837.jpg,"and so there was talk of climate change this week. jerry brown, we heard secretary clinton of course mention it in her speech. but for me, the real winner this week was diversity, so i was in philly and i walked around -- even at this table. it's a boufl thing. i would disagree."
https://archive.org/details/MSNBCW_20160724_220000_The_Place_for_Politics_2016#start/1957/end/1992,7/24/2016 22:32:52,MSNBC,The Place for Politics 2016,MSNBCW_20160724_220000_The_Place_for_Politics_2016,https://archive.org/download/MSNBCW_20160724_220000_The_Place_for_Politics_2016/MSNBCW_20160724_220000_The_Place_for_Politics_2016.thumbs/MSNBCW_20160724_220000_The_Place_for_Politics_2016_001947.jpg,"his views, you have a guy running for president that rejects science. doesn't even believe climate change is real, let alone wants to do something about it. wants to get hundreds of billions of dollars in tax breaks to the top two-tenths of 1%. my job right now is to see that"
https://archive.org/details/MSNBCW_20160707_000000_All_In_With_Chris_Hayes#start/1982/end/2017,7/7/2016 0:33:17,MSNBC,All In With Chris Hayes,MSNBCW_20160707_000000_All_In_With_Chris_Hayes,https://archive.org/download/MSNBCW_20160707_000000_All_In_With_Chris_Hayes/MSNBCW_20160707_000000_All_In_With_Chris_Hayes.thumbs/MSNBCW_20160707_000000_All_In_With_Chris_Hayes_001977.jpg,"and wealth inequality, the 40-year decline of the american middle class, the horrific crisis that we face in terms of climate change and i'm going to use all of the leverage that i have to try to make those changes and i'm also on record and will do everything that i can, chris, and i'm a pretty"
https://archive.org/details/MSNBCW_20160701_030000_All_In_With_Chris_Hayes#start/2640/end/2675,7/1/2016 3:44:15,MSNBC,All In With Chris Hayes,MSNBCW_20160701_030000_All_In_With_Chris_Hayes,https://archive.org/download/MSNBCW_20160701_030000_All_In_With_Chris_Hayes/MSNBCW_20160701_030000_All_In_With_Chris_Hayes.thumbs/MSNBCW_20160701_030000_All_In_With_Chris_Hayes_002638.jpg,"it was just five different animals, four nearby bearded seals and one bowhead while in the distance. still ahead, we move from alaska to miami to see the effects of climate change there. but first the zip line that doesn't make it to number 10 downing street next. urn relief . they work fast and don't taste chalky."
https://archive.org/details/MSNBCW_20160701_150000_MSNBC_Live#start/3321/end/3356,7/1/2016 15:55:36,MSNBC,MSNBC Live,MSNBCW_20160701_150000_MSNBC_Live,https://archive.org/download/MSNBCW_20160701_150000_MSNBC_Live/MSNBCW_20160701_150000_MSNBC_Live.thumbs/MSNBCW_20160701_150000_MSNBC_Live_003297.jpg,"scientists have been trying to figure out why so many of the country's honey bees have been dying. honey bees are a crucial part of our food chain, but the population in the u.s. has been declining at an alarming rate. some believe climate change partly to blame, but scientists and bee farmers are now pointing"
https://archive.org/details/MSNBCW_20160701_070000_All_In_With_Chris_Hayes#start/3076/end/3111,7/1/2016 7:51:31,MSNBC,All In With Chris Hayes,MSNBCW_20160701_070000_All_In_With_Chris_Hayes,https://archive.org/download/MSNBCW_20160701_070000_All_In_With_Chris_Hayes/MSNBCW_20160701_070000_All_In_With_Chris_Hayes.thumbs/MSNBCW_20160701_070000_All_In_With_Chris_Hayes_002968.jpg,"louisiana and a remote city on the northern coast of alaska. tonight we'll take you to miami, florida. the signs of climate change are there to see as salt water bubbles up from storm drains during high tides, flooding made worse by sea level rise. the people of miami are starting to reckon with what it's doing to the city they love."
https://archive.org/details/MSNBCW_20160701_070000_All_In_With_Chris_Hayes#start/2749/end/2784,7/1/2016 7:46:04,MSNBC,All In With Chris Hayes,MSNBCW_20160701_070000_All_In_With_Chris_Hayes,https://archive.org/download/MSNBCW_20160701_070000_All_In_With_Chris_Hayes/MSNBCW_20160701_070000_All_In_With_Chris_Hayes.thumbs/MSNBCW_20160701_070000_All_In_With_Chris_Hayes_002608.jpg,"still ahead, we move from alaska to miami to see the effects of climate change there. but first the zip line that doesn't make it to number 10 downing street next. today improbably the uk witnessed its second brexit in less than a week. the face of the movement to leave the eu and pseudo popular lawmaker, thought to be a"
