﻿URL,MatchDateTime,Station,Show,IAShowID,IAPreviewThumb,Snippet
https://archive.org/details/MSNBCW_20111014_220000_PoliticsNation#start/2318/end/2353,10/14/2011 22:38:53,MSNBC,PoliticsNation,MSNBCW_20111014_220000_PoliticsNation,https://archive.org/download/MSNBCW_20111014_220000_PoliticsNation/MSNBCW_20111014_220000_PoliticsNation.thumbs/MSNBCW_20111014_220000_PoliticsNation_002307.jpg,"and foot-dragging from the epa. from the department of interior, that are killing jobs in this country. i'll stop the epa's draconian measures related to the regulation of greenhouse gases,"
https://archive.org/details/MSNBCW_20111028_210000_Hardball_With_Chris_Matthews#start/180/end/215,10/28/2011 21:03:15,MSNBC,Hardball With Chris Matthews,MSNBCW_20111028_210000_Hardball_With_Chris_Matthews,https://archive.org/download/MSNBCW_20111028_210000_Hardball_With_Chris_Matthews/MSNBCW_20111028_210000_Hardball_With_Chris_Matthews.thumbs/MSNBCW_20111028_210000_Hardball_With_Chris_Matthews_000176.jpg,"past, but i believe that we contribute to that. and so i think it's important for us to reduce our emissions of pollutants and greenhouse gases that may well be significant contributors to the climate change and the global warming that you're seeing."
https://archive.org/details/MSNBCW_20111029_090000_Hardball_Weekend#start/166/end/201,10/29/2011 9:03:01,MSNBC,Hardball Weekend,MSNBCW_20111029_090000_Hardball_Weekend,https://archive.org/download/MSNBCW_20111029_090000_Hardball_Weekend/MSNBCW_20111029_090000_Hardball_Weekend.thumbs/MSNBCW_20111029_090000_Hardball_Weekend_000147.jpg,"for us to reduce our emissions of pollutants and greenhouse gases that may well be significant contributors to the climate change and the global warming that you're seeing. and now let's listen to what governor romney had to say yesterday. here's the flip."
https://archive.org/details/MSNBCW_20111030_110000_Hardball_Weekend#start/165/end/200,10/30/2011 11:03:00,MSNBC,Hardball Weekend,MSNBCW_20111030_110000_Hardball_Weekend,https://archive.org/download/MSNBCW_20111030_110000_Hardball_Weekend/MSNBCW_20111030_110000_Hardball_Weekend.thumbs/MSNBCW_20111030_110000_Hardball_Weekend_000146.jpg,"and so i think it's important for us to reduce our emissions of pollutants and greenhouse gases that may well be significant contributors to the climate change and the global warming that you're seeing. and now let's listen to what governor romney had to say yesterday."
https://archive.org/details/MSNBCW_20111028_190000_Martin_Bashir#start/1928/end/1963,10/28/2011 19:32:23,MSNBC,Martin Bashir,MSNBCW_20111028_190000_Martin_Bashir,https://archive.org/download/MSNBCW_20111028_190000_Martin_Bashir/MSNBCW_20111028_190000_Martin_Bashir.thumbs/MSNBCW_20111028_190000_Martin_Bashir_001920.jpg,"up in the polls to believe in the scientific consensus on global warming. what are is bizarre is a number of evangelical scholars and i have written about the fact that they believe in climate change."
https://archive.org/details/MSNBCW_20111011_050000_The_Ed_Show#start/2594/end/2629,10/11/2011 5:43:29,MSNBC,The Ed Show,MSNBCW_20111011_050000_The_Ed_Show,https://archive.org/download/MSNBCW_20111011_050000_The_Ed_Show/MSNBCW_20111011_050000_The_Ed_Show.thumbs/MSNBCW_20111011_050000_The_Ed_Show_002577.jpg,"is ahead in new hampshire. he's going to get an early primary victory. is that strategy by the perry camp going to work? it's an essential strategy for them. they have to go after him on things like gay marriage, abortion, global warming and"
https://archive.org/details/MSNBCW_20111028_190000_Martin_Bashir#start/1957/end/1992,10/28/2011 19:32:52,MSNBC,Martin Bashir,MSNBCW_20111028_190000_Martin_Bashir,https://archive.org/download/MSNBCW_20111028_190000_Martin_Bashir/MSNBCW_20111028_190000_Martin_Bashir.thumbs/MSNBCW_20111028_190000_Martin_Bashir_001950.jpg,"republican presidential candidate who had to stare down the skeleton in his closet of being reasonable and empirically minded. tim pawlenty had the same problem because he acknowledged the climate change and john"
https://archive.org/details/MSNBCW_20111004_190000_Martin_Bashir#start/379/end/414,10/4/2011 19:06:34,MSNBC,Martin Bashir,MSNBCW_20111004_190000_Martin_Bashir,https://archive.org/download/MSNBCW_20111004_190000_Martin_Bashir/MSNBCW_20111004_190000_Martin_Bashir.thumbs/MSNBCW_20111004_190000_Martin_Bashir_000360.jpg,"quiet in the whole christie love affair and understanding that his views on some of the issues was not necessarily tenable when you look at how vis rated perry and huntsman on climate change."
https://archive.org/details/MSNBCW_20111008_110000_Up_W_Chris_Hayes#start/6576/end/6611,10/8/2011 12:49:51,MSNBC,Up W Chris Hayes,MSNBCW_20111008_110000_Up_W_Chris_Hayes,https://archive.org/download/MSNBCW_20111008_110000_Up_W_Chris_Hayes/MSNBCW_20111008_110000_Up_W_Chris_Hayes.thumbs/MSNBCW_20111008_110000_Up_W_Chris_Hayes_006566.jpg,"like planning come back. regulation. actually say no to -- you've got to get the money from somewhere. so polluters maybe should pay. this is -- i went to the heartland conference, the annual climate change denial conference"
https://archive.org/details/MSNBCW_20111028_190000_Martin_Bashir#start/1848/end/1883,10/28/2011 19:31:03,MSNBC,Martin Bashir,MSNBCW_20111028_190000_Martin_Bashir,https://archive.org/download/MSNBCW_20111028_190000_Martin_Bashir/MSNBCW_20111028_190000_Martin_Bashir.thumbs/MSNBCW_20111028_190000_Martin_Bashir_001830.jpg,"if more i'm joined by my colleague and host, mr. chris hayes himself. in a casually dressed attire. there is a story moving right now, the latest example of mitt romney's flip flopping. this on climate change, here's"
https://archive.org/details/MSNBCW_20111030_120000_Up_W_Chris_Hayes#start/4043/end/4078,10/30/2011 13:07:38,MSNBC,Up W Chris Hayes,MSNBCW_20111030_120000_Up_W_Chris_Hayes,https://archive.org/download/MSNBCW_20111030_120000_Up_W_Chris_Hayes/MSNBCW_20111030_120000_Up_W_Chris_Hayes.thumbs/MSNBCW_20111030_120000_Up_W_Chris_Hayes_004017.jpg,"keeps collapsing, and that's the problem we are having now, there's no way to get out of it because we're running short on fossil fuels like we are running short on the land, and water is a big problem. it has to do with climate change"
https://archive.org/details/MSNBCW_20111029_090000_Hardball_Weekend#start/42/end/77,10/29/2011 9:00:57,MSNBC,Hardball Weekend,MSNBCW_20111029_090000_Hardball_Weekend,https://archive.org/download/MSNBCW_20111029_090000_Hardball_Weekend/MSNBCW_20111029_090000_Hardball_Weekend.thumbs/MSNBCW_20111029_090000_Hardball_Weekend_000027.jpg,"well, if romney's serial flip-flopping has embarrassed him, he isn't showing it. romney's now disavowing his long-held position that the earth is getting warmer and that humans are partly to blame. he now says, quote, we don't know what's causing climate change."
https://archive.org/details/MSNBCW_20111028_230000_Hardball_With_Chris_Matthews#start/186/end/221,10/28/2011 23:03:21,MSNBC,Hardball With Chris Matthews,MSNBCW_20111028_230000_Hardball_With_Chris_Matthews,https://archive.org/download/MSNBCW_20111028_230000_Hardball_With_Chris_Matthews/MSNBCW_20111028_230000_Hardball_With_Chris_Matthews.thumbs/MSNBCW_20111028_230000_Hardball_With_Chris_Matthews_000177.jpg,"gases that may well be significant contributors to the climate change and the global warming that you're seeing. and now let's listen to what governor romney had to say yesterday. here's the flip."
https://archive.org/details/MSNBCW_20111028_210000_Hardball_With_Chris_Matthews#start/214/end/249,10/28/2011 21:03:49,MSNBC,Hardball With Chris Matthews,MSNBCW_20111028_210000_Hardball_With_Chris_Matthews,https://archive.org/download/MSNBCW_20111028_210000_Hardball_With_Chris_Matthews/MSNBCW_20111028_210000_Hardball_With_Chris_Matthews.thumbs/MSNBCW_20111028_210000_Hardball_With_Chris_Matthews_000206.jpg,"emissions is not the right course for us. i'm beginning to think that the question for mitt romney should be, what are you coming as? like on halloween. what are you coming as tonight? let me go to susan page. what are you coming as tonight. there he is with his shirt on, saying there's climate change,"
https://archive.org/details/MSNBCW_20111009_150000_Weekends_With_Alex_Witt#start/2226/end/2261,10/9/2011 15:37:21,MSNBC,Weekends With Alex Witt,MSNBCW_20111009_150000_Weekends_With_Alex_Witt,https://archive.org/download/MSNBCW_20111009_150000_Weekends_With_Alex_Witt/MSNBCW_20111009_150000_Weekends_With_Alex_Witt.thumbs/MSNBCW_20111009_150000_Weekends_With_Alex_Witt_002217.jpg,"and leona lewis. fall is running behind. climate change may be to blame for it. scientists in europe say global warming may not only be keeping leaves on the trees longer but also delaying the bursts of beautiful color that we normally see this time of year."
https://archive.org/details/MSNBCW_20111028_230000_Hardball_With_Chris_Matthews#start/168/end/203,10/28/2011 23:03:03,MSNBC,Hardball With Chris Matthews,MSNBCW_20111028_230000_Hardball_With_Chris_Matthews,https://archive.org/download/MSNBCW_20111028_230000_Hardball_With_Chris_Matthews/MSNBCW_20111028_230000_Hardball_With_Chris_Matthews.thumbs/MSNBCW_20111028_230000_Hardball_With_Chris_Matthews_000147.jpg,"humans contribute to that. i don't know how much our contribution is to that, because i know there's been periods of greater heat and warmth in the past, but i believe that we contribute to that. and so i think it's important for us to reduce our emissions of pollutants and greenhouse"
https://archive.org/details/MSNBCW_20111028_040000_The_Rachel_Maddow_Show#start/2559/end/2594,10/28/2011 4:42:54,MSNBC,The Rachel Maddow Show,MSNBCW_20111028_040000_The_Rachel_Maddow_Show,https://archive.org/download/MSNBCW_20111028_040000_The_Rachel_Maddow_Show/MSNBCW_20111028_040000_The_Rachel_Maddow_Show.thumbs/MSNBCW_20111028_040000_The_Rachel_Maddow_Show_002547.jpg,"regulations, he'll stop, quoting, lawsuit abuse by setting time limits on permit-related lawsuits. he will repeal the environmental protection agency's authority over greenhouse gases. he'll eliminate all current and planned epa programs to restrict"
https://archive.org/details/MSNBCW_20111028_010000_The_Rachel_Maddow_Show#start/2555/end/2590,10/28/2011 1:42:50,MSNBC,The Rachel Maddow Show,MSNBCW_20111028_010000_The_Rachel_Maddow_Show,https://archive.org/download/MSNBCW_20111028_010000_The_Rachel_Maddow_Show/MSNBCW_20111028_010000_The_Rachel_Maddow_Show.thumbs/MSNBCW_20111028_010000_The_Rachel_Maddow_Show_002547.jpg,"setting time limits on permit-related lawsuits. he will repeal the environmental protection agency's authority over greenhouse gases. he'll eliminate all current and planned epa programs to restrict carbon dioe we're at it let's just go ahead and 'dismantling"
https://archive.org/details/MSNBCW_20111028_080000_The_Rachel_Maddow_Show#start/2548/end/2583,10/28/2011 8:42:43,MSNBC,The Rachel Maddow Show,MSNBCW_20111028_080000_The_Rachel_Maddow_Show,https://archive.org/download/MSNBCW_20111028_080000_The_Rachel_Maddow_Show/MSNBCW_20111028_080000_The_Rachel_Maddow_Show.thumbs/MSNBCW_20111028_080000_The_Rachel_Maddow_Show_002546.jpg,"quoting, lawsuit abuse by setting time limits on permit-related lawsuits. he will repeal the environmental protection agency's authority over greenhouse gases. he'll eliminate all current and planned epa programs to restrict carbon dioxide emissions. oh, and while we're at it let's just go ahead and 'dismantling"
https://archive.org/details/MSNBCW_20111015_000000_The_Last_Word#start/97/end/132,10/15/2011 0:01:52,MSNBC,The Last Word,MSNBCW_20111015_000000_The_Last_Word,https://archive.org/download/MSNBCW_20111015_000000_The_Last_Word/MSNBCW_20111015_000000_The_Last_Word.thumbs/MSNBCW_20111015_000000_The_Last_Word_000087.jpg,"jobs but also deconstruct the environmental protection agencies. i'll stop the epa's draconian measures related to the regulation of greenhouse gases. it does sound a lot like drill, baby, drill. let's drill, baby, drill. 9-9-9. 9-9-9."
https://archive.org/details/MSNBCW_20111008_110000_Up_W_Chris_Hayes#start/6592/end/6627,10/8/2011 12:50:07,MSNBC,Up W Chris Hayes,MSNBCW_20111008_110000_Up_W_Chris_Hayes,https://archive.org/download/MSNBCW_20111008_110000_Up_W_Chris_Hayes/MSNBCW_20111008_110000_Up_W_Chris_Hayes.thumbs/MSNBCW_20111008_110000_Up_W_Chris_Hayes_006566.jpg,"in washington, d.c. this year, and you know, they talk about -- climate change being a marxist plot. why? because in order to respond to climate change, their ideology is challenged. so it's not a marxist plot but"
https://archive.org/details/MSNBCW_20111008_110000_Up_W_Chris_Hayes#start/4085/end/4120,10/8/2011 12:08:20,MSNBC,Up W Chris Hayes,MSNBCW_20111008_110000_Up_W_Chris_Hayes,https://archive.org/download/MSNBCW_20111008_110000_Up_W_Chris_Hayes/MSNBCW_20111008_110000_Up_W_Chris_Hayes.thumbs/MSNBCW_20111008_110000_Up_W_Chris_Hayes_004076.jpg,"chamber of commerce was opposes the regulations and apple quit. now, apple would not be affected by u.s. climate change regulations and they're not lobbying for climate change regulations over in china. it's one of those things. and i actually appreciate apple"
https://archive.org/details/MSNBCW_20111021_130000_The_Daily_Rundown#start/1970/end/2005,10/21/2011 13:33:05,MSNBC,The Daily Rundown,MSNBCW_20111021_130000_The_Daily_Rundown,https://archive.org/download/MSNBCW_20111021_130000_The_Daily_Rundown/MSNBCW_20111021_130000_The_Daily_Rundown.thumbs/MSNBCW_20111021_130000_The_Daily_Rundown_001947.jpg,"system that impros poses companies to lower their greenhouse gas emissions. the northern california preacher who predicted the end of the world twice. he says today is the end of"
https://archive.org/details/MSNBCW_20111009_120000_Up_W_Chris_Hayes#start/537/end/572,10/9/2011 12:09:12,MSNBC,Up W Chris Hayes,MSNBCW_20111009_120000_Up_W_Chris_Hayes,https://archive.org/download/MSNBCW_20111009_120000_Up_W_Chris_Hayes/MSNBCW_20111009_120000_Up_W_Chris_Hayes.thumbs/MSNBCW_20111009_120000_Up_W_Chris_Hayes_000537.jpg,"consensus on global warming? what is the consensus. great, you get to stay. i think people say -- i will            _"
https://archive.org/details/MSNBCW_20111011_100000_Morning_Joe#start/1492/end/1527,10/11/2011 10:25:07,MSNBC,Morning Joe,MSNBCW_20111011_100000_Morning_Joe,https://archive.org/download/MSNBCW_20111011_100000_Morning_Joe/MSNBCW_20111011_100000_Morning_Joe.thumbs/MSNBCW_20111011_100000_Morning_Joe_001467.jpg,"verizon. a new study found global warming could cause a shortage of wine. which explains why today kathie"
https://archive.org/details/MSNBCW_20111030_110000_Hardball_Weekend#start/40/end/75,10/30/2011 11:00:55,MSNBC,Hardball Weekend,MSNBCW_20111030_110000_Hardball_Weekend,https://archive.org/download/MSNBCW_20111030_110000_Hardball_Weekend/MSNBCW_20111030_110000_Hardball_Weekend.thumbs/MSNBCW_20111030_110000_Hardball_Weekend_000026.jpg,"was 110% behind the issue. well, if romney's serial flip-flopping has embarrassed him, he isn't showing it. romney's now disavowing his long-held position that the earth is getting warmer and that humans are partly to blame. he now says, quote, we don't know what's causing climate"
https://archive.org/details/MSNBCW_20111011_160000_MSNBC_News_Live#start/3010/end/3045,10/11/2011 16:50:25,MSNBC,MSNBC News Live,MSNBCW_20111011_160000_MSNBC_News_Live,https://archive.org/download/MSNBCW_20111011_160000_MSNBC_News_Live/MSNBCW_20111011_160000_MSNBC_News_Live.thumbs/MSNBCW_20111011_160000_MSNBC_News_Live_002997.jpg,"problems with rhythm. jimmy fallon taking a shot at kathy lee and hoda. new study found global warming to cause a shortage of wine."
https://archive.org/details/MSNBCW_20111028_230000_Hardball_With_Chris_Matthews#start/57/end/92,10/28/2011 23:01:12,MSNBC,Hardball With Chris Matthews,MSNBCW_20111028_230000_Hardball_With_Chris_Matthews,https://archive.org/download/MSNBCW_20111028_230000_Hardball_With_Chris_Matthews/MSNBCW_20111028_230000_Hardball_With_Chris_Matthews.thumbs/MSNBCW_20111028_230000_Hardball_With_Chris_Matthews_000057.jpg,"lurched into reverse the next day, saying, why, of course he was 110% behind the issue. well, if romney's serial flip-flopping has embarrassed him, he isn't showing it. romney's now disavowing his long-held position that the earth is getting warmer and that humans are partly to blame. he now says, quote, we don't know what's causing climate"
https://archive.org/details/MSNBCW_20111003_060000_Meet_the_Press#start/312/end/347,10/3/2011 6:05:27,MSNBC,Meet the Press,MSNBCW_20111003_060000_Meet_the_Press,https://archive.org/download/MSNBCW_20111003_060000_Meet_the_Press/MSNBCW_20111003_060000_Meet_the_Press.thumbs/MSNBCW_20111003_060000_Meet_the_Press_000296.jpg,"them. he was at 35000 feet. now he's down to the tree line, right? this is what he said just this past week at a fund-raiser out west. the president saying, i mean, has anybody been watching the debaits lately? you've got a governor, he's talking about perry here, whose state is on fire denying climate"
https://archive.org/details/MSNBCW_20111029_130000_Weekends_With_Alex_Witt#start/4296/end/4331,10/29/2011 14:11:51,MSNBC,Weekends With Alex Witt,MSNBCW_20111029_130000_Weekends_With_Alex_Witt,https://archive.org/download/MSNBCW_20111029_130000_Weekends_With_Alex_Witt/MSNBCW_20111029_130000_Weekends_With_Alex_Witt.thumbs/MSNBCW_20111029_130000_Weekends_With_Alex_Witt_004287.jpg,"on he said he's 110% behind it. well, he also said just yesterday that he's not sure what is behind global warming and i was with him in new hampshire covering him in june right after he announced his"
https://archive.org/details/MSNBCW_20111029_000000_The_Ed_Show#start/854/end/889,10/29/2011 0:14:29,MSNBC,The Ed Show,MSNBCW_20111029_000000_The_Ed_Show,https://archive.org/download/MSNBCW_20111029_000000_The_Ed_Show/MSNBCW_20111029_000000_The_Ed_Show.thumbs/MSNBCW_20111029_000000_The_Ed_Show_000836.jpg,"revolution in energy which we desperately need if we're going to combat global warming. what about the radical idea of making sure that our homes and our factories and our buildings are weatherized, put people to"
https://archive.org/details/MSNBCW_20111019_050000_The_Ed_Show#start/2735/end/2770,10/19/2011 5:45:50,MSNBC,The Ed Show,MSNBCW_20111019_050000_The_Ed_Show,https://archive.org/download/MSNBCW_20111019_050000_The_Ed_Show/MSNBCW_20111019_050000_The_Ed_Show.thumbs/MSNBCW_20111019_050000_The_Ed_Show_002726.jpg,"often stand behind the president, but i do in this case. is that a polite scolding? even senator inhofe, the climate change denier, and supports"
https://archive.org/details/MSNBCW_20111003_220000_PoliticsNation#start/2213/end/2248,10/3/2011 22:37:08,MSNBC,PoliticsNation,MSNBCW_20111003_220000_PoliticsNation,https://archive.org/download/MSNBCW_20111003_220000_PoliticsNation/MSNBCW_20111003_220000_PoliticsNation.thumbs/MSNBCW_20111003_220000_PoliticsNation_002187.jpg,"the sidelines. he sucked up all the oxygen in the room. but can a guy who supports civil unions, believes in global warming, and once says it's not a crime to be in the united states illegally really win over"
https://archive.org/details/MSNBCW_20111015_010000_The_Rachel_Maddow_Show#start/1518/end/1553,10/15/2011 1:25:33,MSNBC,The Rachel Maddow Show,MSNBCW_20111015_010000_The_Rachel_Maddow_Show,https://archive.org/download/MSNBCW_20111015_010000_The_Rachel_Maddow_Show/MSNBCW_20111015_010000_The_Rachel_Maddow_Show.thumbs/MSNBCW_20111015_010000_The_Rachel_Maddow_Show_001496.jpg,"spokeswoman says this website was put up in february and hasn't been updated since. now, global warming is weird but even in massachusetts there's not a snow ball's change in hol holioke that the person who screwed this up in february was"
https://archive.org/details/MSNBCW_20111019_200000_The_Dylan_Ratigan_Show#start/2768/end/2803,10/19/2011 20:46:23,MSNBC,The Dylan Ratigan Show,MSNBCW_20111019_200000_The_Dylan_Ratigan_Show,https://archive.org/download/MSNBCW_20111019_200000_The_Dylan_Ratigan_Show/MSNBCW_20111019_200000_The_Dylan_Ratigan_Show.thumbs/MSNBCW_20111019_200000_The_Dylan_Ratigan_Show_002757.jpg,"the world is developing resorts and occasionally bulldozing some environmental areas to do it? when it's supposed to be protected and vital for scientists, according to the scientists to tell key things about global warming on this stretch of scotland, these sand"
https://archive.org/details/MSNBCW_20111008_110000_Up_W_Chris_Hayes#start/6966/end/7001,10/8/2011 12:56:21,MSNBC,Up W Chris Hayes,MSNBCW_20111008_110000_Up_W_Chris_Hayes,https://archive.org/download/MSNBCW_20111008_110000_Up_W_Chris_Hayes/MSNBCW_20111008_110000_Up_W_Chris_Hayes.thumbs/MSNBCW_20111008_110000_Up_W_Chris_Hayes_006956.jpg,"candidates, 2000 progressives across the country in 2012. naomi klein, writing a book an climate change and clean energy. everybody bit as exceptional, and maria hosa, lost and"
https://archive.org/details/MSNBCW_20111023_120000_Up_W_Chris_Hayes#start/6967/end/7002,10/23/2011 13:56:22,MSNBC,Up W Chris Hayes,MSNBCW_20111023_120000_Up_W_Chris_Hayes,https://archive.org/download/MSNBCW_20111023_120000_Up_W_Chris_Hayes/MSNBCW_20111023_120000_Up_W_Chris_Hayes.thumbs/MSNBCW_20111023_120000_Up_W_Chris_Hayes_006956.jpg,"people concerned about capitalism which there is in washington across the board, but climate change denialists. richard kim of the nation.com. i want to thank all my guests."
https://archive.org/details/MSNBCW_20111025_190000_Martin_Bashir#start/338/end/373,10/25/2011 19:05:53,MSNBC,Martin Bashir,MSNBCW_20111025_190000_Martin_Bashir,https://archive.org/download/MSNBCW_20111025_190000_Martin_Bashir/MSNBCW_20111025_190000_Martin_Bashir.thumbs/MSNBCW_20111025_190000_Martin_Bashir_000330.jpg,"climate change denialists. governor scott walker was beyond the anti-union bill and an interesting thing with mother jones.com. there was a loophole in the wisconsin law that allows"
https://archive.org/details/MSNBCW_20111004_070000_The_Last_Word#start/198/end/233,10/4/2011 7:03:33,MSNBC,The Last Word,MSNBCW_20111004_070000_The_Last_Word,https://archive.org/download/MSNBCW_20111004_070000_The_Last_Word/MSNBCW_20111004_070000_The_Last_Word.thumbs/MSNBCW_20111004_070000_The_Last_Word_000177.jpg,"documentation and do not believe global warming is a crisis or threat. yes, it might be a little bit out there but i don't see it as a crisis of a threat. as you go right down the line, he's going to turn off a lot of"
https://archive.org/details/MSNBCW_20111031_090000_First_Look#start/744/end/779,10/31/2011 9:12:39,MSNBC,First Look,MSNBCW_20111031_090000_First_Look,https://archive.org/download/MSNBCW_20111031_090000_First_Look/MSNBCW_20111031_090000_First_Look.thumbs/MSNBCW_20111031_090000_First_Look_000716.jpg,"recovery efts were expected to resume this morning for another worker and two grain inspectors who did not likely survive the blast. a prominent skeptic of global warming who spent the last two years trying to disprove climatologists recent findings has changed his mind."
https://archive.org/details/MSNBCW_20111029_090000_Hardball_Weekend#start/134/end/169,10/29/2011 9:02:29,MSNBC,Hardball Weekend,MSNBCW_20111029_090000_Hardball_Weekend,https://archive.org/download/MSNBCW_20111029_090000_Hardball_Weekend/MSNBCW_20111029_090000_Hardball_Weekend.thumbs/MSNBCW_20111029_090000_Hardball_Weekend_000117.jpg,"he was asked this summer what his position was on manmade global warming. let's listen to his response. i don't speak for the scientific community, of course, but i believe the world's getting warmer. i can't prove that, but i believe, based on what i read,"
https://archive.org/details/MSNBCW_20111002_140000_Weekends_With_Alex_Witt#start/2280/end/2315,10/2/2011 14:38:15,MSNBC,Weekends With Alex Witt,MSNBCW_20111002_140000_Weekends_With_Alex_Witt,https://archive.org/download/MSNBCW_20111002_140000_Weekends_With_Alex_Witt/MSNBCW_20111002_140000_Weekends_With_Alex_Witt.thumbs/MSNBCW_20111002_140000_Weekends_With_Alex_Witt_002276.jpg,"the front-runner and favorite of the right wing, he entered the race six weeks ago. perry's polls are sinking. president obama prepares to divide our nation to achieve reelection. christie's positions on gun control, global warming and even taxes, while far from liberal,"
https://archive.org/details/MSNBCW_20111028_210000_Hardball_With_Chris_Matthews#start/149/end/184,10/28/2011 21:02:44,MSNBC,Hardball With Chris Matthews,MSNBCW_20111028_210000_Hardball_With_Chris_Matthews,https://archive.org/download/MSNBCW_20111028_210000_Hardball_With_Chris_Matthews/MSNBCW_20111028_210000_Hardball_With_Chris_Matthews.thumbs/MSNBCW_20111028_210000_Hardball_With_Chris_Matthews_000146.jpg,"romney. you think you've heard it all. he was asked yesterday what his position is on man-made global warming. let's listen to his typical mitt romney response, a flip-flop. i don't speak for the scientific community, of course, but i believe the world's"
https://archive.org/details/MSNBCW_20111003_100000_Morning_Joe#start/2783/end/2818,10/3/2011 10:46:38,MSNBC,Morning Joe,MSNBCW_20111003_100000_Morning_Joe,https://archive.org/download/MSNBCW_20111003_100000_Morning_Joe/MSNBCW_20111003_100000_Morning_Joe.thumbs/MSNBCW_20111003_100000_Morning_Joe_002756.jpg,"it's very interesting when you look at the candidates. because 80%, 83% don't believe climate change is affected by human activities. 60% don't believe in evolution. you have 68% attending church,"
https://archive.org/details/MSNBCW_20111028_040000_The_Rachel_Maddow_Show#start/2281/end/2316,10/28/2011 4:38:16,MSNBC,The Rachel Maddow Show,MSNBCW_20111028_040000_The_Rachel_Maddow_Show,https://archive.org/download/MSNBCW_20111028_040000_The_Rachel_Maddow_Show/MSNBCW_20111028_040000_The_Rachel_Maddow_Show.thumbs/MSNBCW_20111028_040000_The_Rachel_Maddow_Show_002277.jpg,"whether or not the climate change is being impacted by man to the point where we're going to put america's economics in jeopardy. and they want -- anderson -- you say you that knew --  _"
https://archive.org/details/MSNBCW_20111031_220000_PoliticsNation#start/51/end/86,10/31/2011 22:01:06,MSNBC,PoliticsNation,MSNBCW_20111031_220000_PoliticsNation,https://archive.org/download/MSNBCW_20111031_220000_PoliticsNation/MSNBCW_20111031_220000_PoliticsNation.thumbs/MSNBCW_20111031_220000_PoliticsNation_000026.jpg,"climate change on this planet. i believe the humans contribute to that. whatever you say. bob shrum and dana milbank. live free or die, victory or death. bring it."
https://archive.org/details/MSNBCW_20111008_110000_Up_W_Chris_Hayes#start/6039/end/6074,10/8/2011 12:40:54,MSNBC,Up W Chris Hayes,MSNBCW_20111008_110000_Up_W_Chris_Hayes,https://archive.org/download/MSNBCW_20111008_110000_Up_W_Chris_Hayes/MSNBCW_20111008_110000_Up_W_Chris_Hayes.thumbs/MSNBCW_20111008_110000_Up_W_Chris_Hayes_006026.jpg,"collecting subsidies. the reason why we are subsidizing green energy is because of climate change. we will not meet the goals that science demands, unless there is serious government intervention in the market."
https://archive.org/details/MSNBCW_20111008_110000_Up_W_Chris_Hayes#start/6052/end/6087,10/8/2011 12:41:07,MSNBC,Up W Chris Hayes,MSNBCW_20111008_110000_Up_W_Chris_Hayes,https://archive.org/download/MSNBCW_20111008_110000_Up_W_Chris_Hayes/MSNBCW_20111008_110000_Up_W_Chris_Hayes.thumbs/MSNBCW_20111008_110000_Up_W_Chris_Hayes_006056.jpg,"you know what? if you look at the polling on climate change there is a massive partisan divide. 70% to 75% of democrats believe in it. overwhelming scientific consensus agree with 98% of"
https://archive.org/details/MSNBCW_20111008_150000_Weekends_With_Alex_Witt#start/1962/end/1997,10/8/2011 15:32:57,MSNBC,Weekends With Alex Witt,MSNBCW_20111008_150000_Weekends_With_Alex_Witt,https://archive.org/download/MSNBCW_20111008_150000_Weekends_With_Alex_Witt/MSNBCW_20111008_150000_Weekends_With_Alex_Witt.thumbs/MSNBCW_20111008_150000_Weekends_With_Alex_Witt_001946.jpg,"to climate change. what type -- i've been asking, is there one thing or three things or anything in particular that either washington or the financial sector need to start putting into place?"
https://archive.org/details/MSNBCW_20111028_190000_Martin_Bashir#start/1942/end/1977,10/28/2011 19:32:37,MSNBC,Martin Bashir,MSNBCW_20111028_190000_Martin_Bashir,https://archive.org/download/MSNBCW_20111028_190000_Martin_Bashir/MSNBCW_20111028_190000_Martin_Bashir.thumbs/MSNBCW_20111028_190000_Martin_Bashir_001920.jpg,"this is no longer a religious issue? what's depress suggest it has gone backwards. there was a president where al gore was doing pat robertson about climate change. romney is not the first"
https://archive.org/details/MSNBCW_20111001_150000_Weekends_With_Alex_Witt#start/2992/end/3027,10/1/2011 15:50:07,MSNBC,Weekends With Alex Witt,MSNBCW_20111001_150000_Weekends_With_Alex_Witt,https://archive.org/download/MSNBCW_20111001_150000_Weekends_With_Alex_Witt/MSNBCW_20111001_150000_Weekends_With_Alex_Witt.thumbs/MSNBCW_20111001_150000_Weekends_With_Alex_Witt_002966.jpg,"reshape the field? i think he pulls from romney. when they're talking about -- conservatives talking about a conservative candidate, he's not the most conservative candidate. he's conservative, but he does things like global warming, immigration. there are some issues there that he is a little bit more, you"
https://archive.org/details/MSNBCW_20111029_130000_Weekends_With_Alex_Witt#start/4314/end/4349,10/29/2011 14:12:09,MSNBC,Weekends With Alex Witt,MSNBCW_20111029_130000_Weekends_With_Alex_Witt,https://archive.org/download/MSNBCW_20111029_130000_Weekends_With_Alex_Witt/MSNBCW_20111029_130000_Weekends_With_Alex_Witt.thumbs/MSNBCW_20111029_130000_Weekends_With_Alex_Witt_004287.jpg,"campaign and he said he thought global warming was, you know, caused by -- shouldn't it be solidified in terms of the campaign reform? you would think. but romney has developed an identity as a flip-flopper. yeah. and what is interesting, richard, i haven't seen much push back from the romney"
https://archive.org/details/MSNBCW_20111011_020000_The_Ed_Show#start/2614/end/2649,10/11/2011 2:43:49,MSNBC,The Ed Show,MSNBCW_20111011_020000_The_Ed_Show,https://archive.org/download/MSNBCW_20111011_020000_The_Ed_Show/MSNBCW_20111011_020000_The_Ed_Show.thumbs/MSNBCW_20111011_020000_The_Ed_Show_002606.jpg,"abortion, global warming and things in his home state. rick perry has lost voters and support, he's got to go back to those issues so he can beat them up on those. and the immigration thing becomes less relevant. you're coming to us tonight from new hampshire where there"
https://archive.org/details/MSNBCW_20111028_160000_MSNBC_News_Live#start/1927/end/1962,10/28/2011 16:32:22,MSNBC,MSNBC News Live,MSNBCW_20111028_160000_MSNBC_News_Live,https://archive.org/download/MSNBCW_20111028_160000_MSNBC_News_Live/MSNBCW_20111028_160000_MSNBC_News_Live.thumbs/MSNBCW_20111028_160000_MSNBC_News_Live_001916.jpg,"a pre-dawn launch lit up the skies of central california this morning. the delta 2 rocket is carrying a satellite used to improve weather forecast and monitor climate change. happy birthday lady liberty."
https://archive.org/details/MSNBCW_20111003_100000_Morning_Joe#start/4251/end/4286,10/3/2011 11:11:06,MSNBC,Morning Joe,MSNBCW_20111003_100000_Morning_Joe,https://archive.org/download/MSNBCW_20111003_100000_Morning_Joe/MSNBCW_20111003_100000_Morning_Joe.thumbs/MSNBCW_20111003_100000_Morning_Joe_004226.jpg,"believe that climate change is affected by human activities, 60% don't believe in evolution, 77% say they or someone in their household own a personal firearm. and here's an eye-catching stat,"
https://archive.org/details/MSNBCW_20111028_190000_Martin_Bashir#start/1863/end/1898,10/28/2011 19:31:18,MSNBC,Martin Bashir,MSNBCW_20111028_190000_Martin_Bashir,https://archive.org/download/MSNBCW_20111028_190000_Martin_Bashir/MSNBCW_20111028_190000_Martin_Bashir.thumbs/MSNBCW_20111028_190000_Martin_Bashir_001860.jpg,"the progress video. we don't know what's causing climate change on this planet. here's the problem with that. in june he said i believe the world is getting warmer and i believe humans have contributed"
https://archive.org/details/MSNBCW_20111004_070000_The_Last_Word#start/109/end/144,10/4/2011 7:02:04,MSNBC,The Last Word,MSNBCW_20111004_070000_The_Last_Word,https://archive.org/download/MSNBCW_20111004_070000_The_Last_Word/MSNBCW_20111004_070000_The_Last_Word.thumbs/MSNBCW_20111004_070000_The_Last_Word_000087.jpg,"of undocumented workers. and a republican who completely agrees with the president that climate change is real continues to trick the political media and more importantly wall street billionaires into thinking he can win the republican nomination for president."
https://archive.org/details/MSNBCW_20111028_230000_Hardball_With_Chris_Matthews#start/221/end/256,10/28/2011 23:03:56,MSNBC,Hardball With Chris Matthews,MSNBCW_20111028_230000_Hardball_With_Chris_Matthews,https://archive.org/download/MSNBCW_20111028_230000_Hardball_With_Chris_Matthews/MSNBCW_20111028_230000_Hardball_With_Chris_Matthews.thumbs/MSNBCW_20111028_230000_Hardball_With_Chris_Matthews_000207.jpg,"there he is with his shirt on, saying there's climate change, manmade contributing to it, which is a reasonable scientific fact. and then he's just flipping completely, as if he had never given it any thought."
https://archive.org/details/MSNBCW_20111030_180000_Meet_the_Press#start/1914/end/1949,10/30/2011 18:32:09,MSNBC,Meet the Press,MSNBCW_20111030_180000_Meet_the_Press,https://archive.org/download/MSNBCW_20111030_180000_Meet_the_Press/MSNBCW_20111030_180000_Meet_the_Press.thumbs/MSNBCW_20111030_180000_Meet_the_Press_001917.jpg,"i mean this is not about more information on abortion or stem cell. i mean this week -- i was trying to count this week, the collective bargaining issue in ohio, climate change, the flat tax, and ethanol."
https://archive.org/details/MSNBCW_20111017_100000_Morning_Joe#start/1160/end/1195,10/17/2011 10:19:35,MSNBC,Morning Joe,MSNBCW_20111017_100000_Morning_Joe,https://archive.org/download/MSNBCW_20111017_100000_Morning_Joe/MSNBCW_20111017_100000_Morning_Joe.thumbs/MSNBCW_20111017_100000_Morning_Joe_001137.jpg,"the risks are widening and the violence is widening, and the situation in the horn of africa is made far more disastrous by famine, droughts, climate change, the lack of attention to underlying grim realities there"
https://archive.org/details/MSNBCW_20111019_020000_The_Ed_Show#start/2729/end/2764,10/19/2011 2:45:44,MSNBC,The Ed Show,MSNBCW_20111019_020000_The_Ed_Show,https://archive.org/download/MSNBCW_20111019_020000_The_Ed_Show/MSNBCW_20111019_020000_The_Ed_Show.thumbs/MSNBCW_20111019_020000_The_Ed_Show_002726.jpg,"often stand behind the president, but doi in thi do in case. is that a polite scolding? even senator inhofe, the climate change denier, and supports president obama on this issue, and rush does not think it is a"
https://archive.org/details/MSNBCW_20111028_080000_The_Rachel_Maddow_Show#start/2269/end/2304,10/28/2011 8:38:04,MSNBC,The Rachel Maddow Show,MSNBCW_20111028_080000_The_Rachel_Maddow_Show,https://archive.org/download/MSNBCW_20111028_080000_The_Rachel_Maddow_Show/MSNBCW_20111028_080000_The_Rachel_Maddow_Show.thumbs/MSNBCW_20111028_080000_The_Rachel_Maddow_Show_002246.jpg,"roe versus wade -- the fact of the matter is the science is not settled on whether or not the climate change is being impacted by man to the point where we're going to put america's economics in"
https://archive.org/details/MSNBCW_20111004_130000_The_Daily_Rundown#start/3104/end/3139,10/4/2011 13:51:59,MSNBC,The Daily Rundown,MSNBCW_20111004_130000_The_Daily_Rundown,https://archive.org/download/MSNBCW_20111004_130000_The_Daily_Rundown/MSNBCW_20111004_130000_The_Daily_Rundown.thumbs/MSNBCW_20111004_130000_The_Daily_Rundown_003087.jpg,"climate change, and certainly china, and christie generally lines up with those particular points of view. so it's going to be touch for the base, for example, to excoriate those individuals like romney and perry and give chr"
https://archive.org/details/MSNBCW_20111004_000000_The_Last_Word#start/108/end/143,10/4/2011 0:02:03,MSNBC,The Last Word,MSNBCW_20111004_000000_The_Last_Word,https://archive.org/download/MSNBCW_20111004_000000_The_Last_Word/MSNBCW_20111004_000000_The_Last_Word.thumbs/MSNBCW_20111004_000000_The_Last_Word_000086.jpg,"the president on the treatment of undocumented workers. and a republican who completely agrees with the president that climate change is real continues to trick the political media and more importantly wall street billionaires into thinking he"
https://archive.org/details/MSNBCW_20111021_210000_Hardball_With_Chris_Matthews#start/2201/end/2236,10/21/2011 21:36:56,MSNBC,Hardball With Chris Matthews,MSNBCW_20111021_210000_Hardball_With_Chris_Matthews,https://archive.org/download/MSNBCW_20111021_210000_Hardball_With_Chris_Matthews/MSNBCW_20111021_210000_Hardball_With_Chris_Matthews.thumbs/MSNBCW_20111021_210000_Hardball_With_Chris_Matthews_002187.jpg,"evolution. and i trust scientists on global warming. call me crazy.' call my crazy. that was a delightful comment, but it was basically, you're whisking away the rest of these people in your party, because they began to look crazy, by the way you said that. well, i was being true to who"
https://archive.org/details/MSNBCW_20111028_230000_Hardball_With_Chris_Matthews#start/153/end/188,10/28/2011 23:02:48,MSNBC,Hardball With Chris Matthews,MSNBCW_20111028_230000_Hardball_With_Chris_Matthews,https://archive.org/download/MSNBCW_20111028_230000_Hardball_With_Chris_Matthews/MSNBCW_20111028_230000_Hardball_With_Chris_Matthews.thumbs/MSNBCW_20111028_230000_Hardball_With_Chris_Matthews_000147.jpg,"his position was on manmade global warming. let's listen to his response. i don't speak for the scientific community, of course, but i believe the world's getting warmer. i can't prove that, but i believe, based on what i read, that the world is getting warmer. and number two, i believe that"
https://archive.org/details/MSNBCW_20111030_110000_Hardball_Weekend#start/134/end/169,10/30/2011 11:02:29,MSNBC,Hardball Weekend,MSNBCW_20111030_110000_Hardball_Weekend,https://archive.org/download/MSNBCW_20111030_110000_Hardball_Weekend/MSNBCW_20111030_110000_Hardball_Weekend.thumbs/MSNBCW_20111030_110000_Hardball_Weekend_000116.jpg,"romney was asked this summer what his position on man-made global warming was. let's listen to his response. i don't speak for the scientific community, of course, but i believe the world's getting warmer. i can't prove that, but i believe, based on what i read, that the world is getting"
https://archive.org/details/MSNBCW_20111004_030000_The_Last_Word#start/201/end/236,10/4/2011 3:03:36,MSNBC,The Last Word,MSNBCW_20111004_030000_The_Last_Word,https://archive.org/download/MSNBCW_20111004_030000_The_Last_Word/MSNBCW_20111004_030000_The_Last_Word.thumbs/MSNBCW_20111004_030000_The_Last_Word_000177.jpg,"should be here without documentation. they do not believe global warming is a crisis or a threat. yes, it might be a little bit out there. but they don't see it as a crisis or a threat. as you go down the line, he's going to turn off a lot of conservatives with those"
https://archive.org/details/MSNBCW_20111025_200000_The_Dylan_Ratigan_Show#start/2524/end/2559,10/25/2011 20:42:19,MSNBC,The Dylan Ratigan Show,MSNBCW_20111025_200000_The_Dylan_Ratigan_Show,https://archive.org/download/MSNBCW_20111025_200000_The_Dylan_Ratigan_Show/MSNBCW_20111025_200000_The_Dylan_Ratigan_Show.thumbs/MSNBCW_20111025_200000_The_Dylan_Ratigan_Show_002517.jpg,"things better, but it's also, i think, important. because talk about global climate change on mars, wow. there used to be enough atmosphere to support water and there no longer is. that was a very big change. be very interesting, very useful"
https://archive.org/details/MSNBCW_20111028_210000_Hardball_With_Chris_Matthews#start/69/end/104,10/28/2011 21:01:24,MSNBC,Hardball With Chris Matthews,MSNBCW_20111028_210000_Hardball_With_Chris_Matthews,https://archive.org/download/MSNBCW_20111028_210000_Hardball_With_Chris_Matthews/MSNBCW_20111028_210000_Hardball_With_Chris_Matthews.thumbs/MSNBCW_20111028_210000_Hardball_With_Chris_Matthews_000056.jpg,"know what's causing climate change. and he says, we should not try to reduce carbon emissions. seriously, can you believe anything this guy says? does he even he believe what he says? plus, could newt gingrich become the first openly mean"
https://archive.org/details/MSNBCW_20111010_200000_The_Dylan_Ratigan_Show#start/2052/end/2087,10/10/2011 20:34:27,MSNBC,The Dylan Ratigan Show,MSNBCW_20111010_200000_The_Dylan_Ratigan_Show,https://archive.org/download/MSNBCW_20111010_200000_The_Dylan_Ratigan_Show/MSNBCW_20111010_200000_The_Dylan_Ratigan_Show.thumbs/MSNBCW_20111010_200000_The_Dylan_Ratigan_Show_002037.jpg,"soaring rhetoric of the obama campaign, is that when they saw that that change didn't happen, that the wars didn't end, that climate change is hurtling forward, that they would go home. the government would be sold at auction. that they would become"
https://archive.org/details/MSNBCW_20111005_100000_Morning_Joe#start/3954/end/3989,10/5/2011 11:06:09,MSNBC,Morning Joe,MSNBCW_20111005_100000_Morning_Joe,https://archive.org/download/MSNBCW_20111005_100000_Morning_Joe/MSNBCW_20111005_100000_Morning_Joe.thumbs/MSNBCW_20111005_100000_Morning_Joe_003927.jpg,"christie would've had problems navigating those waters as they got into immigration, civil unions, climate change, and a lot of others where the base would've looked at him and gone, really? and that would have been a problem. the chairman knows the appeal"
https://archive.org/details/MSNBCW_20111003_210000_Hardball_With_Chris_Matthews#start/2200/end/2235,10/3/2011 21:36:55,MSNBC,Hardball With Chris Matthews,MSNBCW_20111003_210000_Hardball_With_Chris_Matthews,https://archive.org/download/MSNBCW_20111003_210000_Hardball_With_Chris_Matthews/MSNBCW_20111003_210000_Hardball_With_Chris_Matthews.thumbs/MSNBCW_20111003_210000_Hardball_With_Chris_Matthews_002187.jpg,"and good for the country. my sense is, he'll have a good hour or two once he announces, and then be in a tough situation. he's for gun control, for climate change. all these will cause trouble with the base of the republican"
https://archive.org/details/MSNBCW_20111004_030000_The_Last_Word#start/109/end/144,10/4/2011 3:02:04,MSNBC,The Last Word,MSNBCW_20111004_030000_The_Last_Word,https://archive.org/download/MSNBCW_20111004_030000_The_Last_Word/MSNBCW_20111004_030000_The_Last_Word.thumbs/MSNBCW_20111004_030000_The_Last_Word_000087.jpg,"the president on the treatment of undocumented workers. and a republican who completely agrees with the president that climate change is real continues to trick the political media and mor importantly wall street billionaires into thinking he can win the republican"
https://archive.org/details/MSNBCW_20111003_180000_News_Nation#start/635/end/670,10/3/2011 18:10:50,MSNBC,News Nation,MSNBCW_20111003_180000_News_Nation,https://archive.org/download/MSNBCW_20111003_180000_News_Nation/MSNBCW_20111003_180000_News_Nation.thumbs/MSNBCW_20111003_180000_News_Nation_000627.jpg,"embracing the notion of climate change that would make him endearing to moderates and independents in the fall. that will be a problem. you spoke with the president and we know you have to want this. you cannot be persuaded."
https://archive.org/details/MSNBCW_20111007_000000_The_Last_Word#start/1228/end/1263,10/7/2011 0:20:43,MSNBC,The Last Word,MSNBCW_20111007_000000_The_Last_Word,https://archive.org/download/MSNBCW_20111007_000000_The_Last_Word/MSNBCW_20111007_000000_The_Last_Word.thumbs/MSNBCW_20111007_000000_The_Last_Word_001226.jpg,"than ted kennedy when he was running against ted kennedy not that long ago. he says that climate change is real, that human activity is contributing to it, and so on. he also raised taxes as the governor of massachusetts."
https://archive.org/details/MSNBCW_20111028_010000_The_Rachel_Maddow_Show#start/2275/end/2310,10/28/2011 1:38:10,MSNBC,The Rachel Maddow Show,MSNBCW_20111028_010000_The_Rachel_Maddow_Show,https://archive.org/download/MSNBCW_20111028_010000_The_Rachel_Maddow_Show/MSNBCW_20111028_010000_The_Rachel_Maddow_Show.thumbs/MSNBCW_20111028_010000_The_Rachel_Maddow_Show_002277.jpg,"before he was against verse -- roe versus wade -- the fact of the matter is the science is not settled on whether or not the climate change is being impacted by man to the point where we're going to put america's economics in"
https://archive.org/details/MSNBCW_20111004_000000_The_Last_Word#start/202/end/237,10/4/2011 0:03:37,MSNBC,The Last Word,MSNBCW_20111004_000000_The_Last_Word,https://archive.org/download/MSNBCW_20111004_000000_The_Last_Word/MSNBCW_20111004_000000_The_Last_Word.thumbs/MSNBCW_20111004_000000_The_Last_Word_000176.jpg,"they do not believe people should be here without documentation and do not believe global warming is a crisis or threat. yes, it might be a little bit out there but i don't see it as a crisis of a threat. as you go right down the line, he's going to turn off a lot of conservatives with those"
https://archive.org/details/MSNBCW_20111030_110000_Hardball_Weekend#start/180/end/215,10/30/2011 11:03:15,MSNBC,Hardball Weekend,MSNBCW_20111030_110000_Hardball_Weekend,https://archive.org/download/MSNBCW_20111030_110000_Hardball_Weekend/MSNBCW_20111030_110000_Hardball_Weekend.thumbs/MSNBCW_20111030_110000_Hardball_Weekend_000176.jpg,"here's the flip. my view is that we don't know what's causing climate change on this planet and the idea of spending trillions and trillions of dollars to try to reduce co2 emissions is not the right course for us. i'm beginning to think that"
https://archive.org/details/MSNBCW_20111028_210000_Hardball_With_Chris_Matthews#start/197/end/232,10/28/2011 21:03:32,MSNBC,Hardball With Chris Matthews,MSNBCW_20111028_210000_Hardball_With_Chris_Matthews,https://archive.org/download/MSNBCW_20111028_210000_Hardball_With_Chris_Matthews/MSNBCW_20111028_210000_Hardball_With_Chris_Matthews.thumbs/MSNBCW_20111028_210000_Hardball_With_Chris_Matthews_000176.jpg,"and now let's listen to what governor romney had to say yesterday. here's the flip. my view is that we don't know what's causing climate change on this planet and the idea of spending trillions and trillions of dollars to try to reduce co2"
https://archive.org/details/MSNBCW_20111008_110000_Up_W_Chris_Hayes#start/1262/end/1297,10/8/2011 11:21:17,MSNBC,Up W Chris Hayes,MSNBCW_20111008_110000_Up_W_Chris_Hayes,https://archive.org/download/MSNBCW_20111008_110000_Up_W_Chris_Hayes/MSNBCW_20111008_110000_Up_W_Chris_Hayes.thumbs/MSNBCW_20111008_110000_Up_W_Chris_Hayes_001256.jpg,"obsessed with electoral politics than any other in the world, i believe. it is corrupting and core roe sieve to the building of social movements. what happens is every two years, whatever independent movements are being built, whether it is about climate change or the war"
https://archive.org/details/MSNBCW_20111007_070000_The_Last_Word#start/1218/end/1253,10/7/2011 7:20:33,MSNBC,The Last Word,MSNBCW_20111007_070000_The_Last_Word,https://archive.org/download/MSNBCW_20111007_070000_The_Last_Word/MSNBCW_20111007_070000_The_Last_Word.thumbs/MSNBCW_20111007_070000_The_Last_Word_001197.jpg,"points in this discussion over the years. he said he wanted to be a stronger advocate for gay rights than ted kennedy when he was running against ted kennedy not that long ago. he says that climate change is real, that human activity is"
https://archive.org/details/MSNBCW_20111008_110000_Up_W_Chris_Hayes#start/6545/end/6580,10/8/2011 12:49:20,MSNBC,Up W Chris Hayes,MSNBCW_20111008_110000_Up_W_Chris_Hayes,https://archive.org/download/MSNBCW_20111008_110000_Up_W_Chris_Hayes/MSNBCW_20111008_110000_Up_W_Chris_Hayes.thumbs/MSNBCW_20111008_110000_Up_W_Chris_Hayes_006536.jpg,"important. where you can dig deep, and try to expose the levels of complication, because, as you were saying, naomi, if you just look at the reality, climate change is real. we have to prepare for that, but how do you plan on that?"
https://archive.org/details/MSNBCW_20111007_030000_The_Last_Word#start/1226/end/1261,10/7/2011 3:20:41,MSNBC,The Last Word,MSNBCW_20111007_030000_The_Last_Word,https://archive.org/download/MSNBCW_20111007_030000_The_Last_Word/MSNBCW_20111007_030000_The_Last_Word.thumbs/MSNBCW_20111007_030000_The_Last_Word_001200.jpg,"running against ted kennedy not that long ago. he says that climate change is real, that human activity is contributing to it, and so on. he also raised taxes as the governor of massachusetts. do you see enough distance between now and then on those"
https://archive.org/details/MSNBCW_20111031_080000_Meet_the_Press#start/996/end/1031,10/31/2011 8:16:51,MSNBC,Meet the Press,MSNBCW_20111031_080000_Meet_the_Press,https://archive.org/download/MSNBCW_20111031_080000_Meet_the_Press/MSNBCW_20111031_080000_Meet_the_Press.thumbs/MSNBCW_20111031_080000_Meet_the_Press_000986.jpg,"and you know, every day almost, it seems to be we find another issue. you know, he was supportive of doing things like cap and trade agreement. now he doesn't think that, you know, climate change is real. he was to the left of ted kennedy on gay rights issues."
https://archive.org/details/MSNBCW_20111029_090000_Hardball_Weekend#start/199/end/234,10/29/2011 9:03:34,MSNBC,Hardball Weekend,MSNBCW_20111029_090000_Hardball_Weekend,https://archive.org/download/MSNBCW_20111029_090000_Hardball_Weekend/MSNBCW_20111029_090000_Hardball_Weekend.thumbs/MSNBCW_20111029_090000_Hardball_Weekend_000177.jpg,"as? like on halloween. what are you coming as tonight? let me go to susan page. what are you coming as tonight? there he is with his shirt on, saying there's climate change, manmade contributing to it, which is a reasonable scientific fact. and then he's just flipping"
https://archive.org/details/MSNBCW_20111031_060000_Meet_the_Press#start/997/end/1032,10/31/2011 6:16:52,MSNBC,Meet the Press,MSNBCW_20111031_060000_Meet_the_Press,https://archive.org/download/MSNBCW_20111031_060000_Meet_the_Press/MSNBCW_20111031_060000_Meet_the_Press.thumbs/MSNBCW_20111031_060000_Meet_the_Press_000987.jpg,"one is, he has no core. and you know, every day almost, it seems to be we find another issue. you know, he was supportive of doing things like cap and trade agreement. now he doesn't think that, you know, climate change is real. he was to the left of ted"
https://archive.org/details/MSNBCW_20111003_080000_Meet_the_Press#start/313/end/348,10/3/2011 8:05:28,MSNBC,Meet the Press,MSNBCW_20111003_080000_Meet_the_Press,https://archive.org/download/MSNBCW_20111003_080000_Meet_the_Press/MSNBCW_20111003_080000_Meet_the_Press.thumbs/MSNBCW_20111003_080000_Meet_the_Press_000297.jpg,"right? this is what he said just this past week at a fund-raiser out west. the president saying, i mean, has anybody been watching the debaits lately? you've got a governor, he's talking about perry here, whose state is on fire denying climate change. he's engaging republicans."
https://archive.org/details/MSNBCW_20111021_230000_Hardball_With_Chris_Matthews#start/2182/end/2217,10/21/2011 23:36:37,MSNBC,Hardball With Chris Matthews,MSNBCW_20111021_230000_Hardball_With_Chris_Matthews,https://archive.org/download/MSNBCW_20111021_230000_Hardball_With_Chris_Matthews/MSNBCW_20111021_230000_Hardball_With_Chris_Matthews.thumbs/MSNBCW_20111021_230000_Hardball_With_Chris_Matthews_002156.jpg,"and that number is expanding. if you want to do well in new hampshire, you've got to have a message that sells. let's take a look at this quote of yours, which i found quite winsome. back in august, in response to messages by others in your party, you tweeted the following. 'to be clear, i believe in evolution. and i trust scientists on global warming. call me crazy.'"
https://archive.org/details/MSNBCW_20111031_060000_Meet_the_Press#start/1895/end/1930,10/31/2011 6:31:50,MSNBC,Meet the Press,MSNBCW_20111031_060000_Meet_the_Press,https://archive.org/download/MSNBCW_20111031_060000_Meet_the_Press/MSNBCW_20111031_060000_Meet_the_Press.thumbs/MSNBCW_20111031_060000_Meet_the_Press_001887.jpg,"i mean, this week, i was trying to count this week, the collective bargaining issue in ohio. climate change. the flat tax. and ethanol. george will said that he's like a pretzel. i think he's like a wet noodle. but it's not even so much about the flip-flop. it's about where he lands."
https://archive.org/details/MSNBCW_20111030_110000_Hardball_Weekend#start/196/end/231,10/30/2011 11:03:31,MSNBC,Hardball Weekend,MSNBCW_20111030_110000_Hardball_Weekend,https://archive.org/download/MSNBCW_20111030_110000_Hardball_Weekend/MSNBCW_20111030_110000_Hardball_Weekend.thumbs/MSNBCW_20111030_110000_Hardball_Weekend_000176.jpg,"the question for mitt romney should be, what are you coming as? like on halloween. what are you coming as tonight? let me go to susan page. what are you coming as tonight. there he is with his shirt on, saying there's climate change, man-made contributing to it, which is a reasonable scientific fact."
https://archive.org/details/MSNBCW_20111029_090000_Hardball_Weekend#start/184/end/219,10/29/2011 9:03:19,MSNBC,Hardball Weekend,MSNBCW_20111029_090000_Hardball_Weekend,https://archive.org/download/MSNBCW_20111029_090000_Hardball_Weekend/MSNBCW_20111029_090000_Hardball_Weekend.thumbs/MSNBCW_20111029_090000_Hardball_Weekend_000177.jpg,"my view is that we don't know what's causing climate change on this planet and the idea of spending trillions and trillions of dollars to try to reduce co2 emissions is not the right course for us. i'm beginning to think that the question for mitt romney should be, what are you coming"
https://archive.org/details/MSNBCW_20111008_110000_Up_W_Chris_Hayes#start/6161/end/6196,10/8/2011 12:42:56,MSNBC,Up W Chris Hayes,MSNBCW_20111008_110000_Up_W_Chris_Hayes,https://archive.org/download/MSNBCW_20111008_110000_Up_W_Chris_Hayes/MSNBCW_20111008_110000_Up_W_Chris_Hayes.thumbs/MSNBCW_20111008_110000_Up_W_Chris_Hayes_006146.jpg,"stop climate change we can't be putting more carbon into the air? right? someone telling you they going to go on a diet but first going to build a pie room in their house, right? you would tell them it was a -- the first thing they should do, not build the pie room."
https://archive.org/details/MSNBCW_20111031_080000_Meet_the_Press#start/1892/end/1927,10/31/2011 8:31:47,MSNBC,Meet the Press,MSNBCW_20111031_080000_Meet_the_Press,https://archive.org/download/MSNBCW_20111031_080000_Meet_the_Press/MSNBCW_20111031_080000_Meet_the_Press.thumbs/MSNBCW_20111031_080000_Meet_the_Press_001886.jpg,"information on abortion or stem cell. i mean, this week, i was trying to count this week, the collective bargaining issue in ohio. climate change. the flat tax. and ethanol. george will said that he's like a pretzel. i think he's like a wet noodle. but it's not even so much about the flip-flop."
https://archive.org/details/MSNBCW_20111029_090000_Hardball_Weekend#start/213/end/248,10/29/2011 9:03:48,MSNBC,Hardball Weekend,MSNBCW_20111029_090000_Hardball_Weekend,https://archive.org/download/MSNBCW_20111029_090000_Hardball_Weekend/MSNBCW_20111029_090000_Hardball_Weekend.thumbs/MSNBCW_20111029_090000_Hardball_Weekend_000207.jpg,"completely, as if he had never given it any thought. and his campaign has sent me an e-mail saying he hasn't changed positions, that he continues to believe that there is climate change and he believes humans contribute to it, but he's not sure by how much. but that's not exactly what he said in this most recent appearance."
https://archive.org/details/MSNBCW_20111030_180000_Meet_the_Press#start/1033/end/1068,10/30/2011 18:17:28,MSNBC,Meet the Press,MSNBCW_20111030_180000_Meet_the_Press,https://archive.org/download/MSNBCW_20111030_180000_Meet_the_Press/MSNBCW_20111030_180000_Meet_the_Press.thumbs/MSNBCW_20111030_180000_Meet_the_Press_001017.jpg,"now he doesn't think that, you know, climate change is real. he was to the left of ted kennedy on gay rights issues. now he wants to amend the constitution to prevent gay marriage pep was an extremely pro-choice governor. now he believes that life begins at conception, and would ban roe v. wade. you look at issue after issue"
https://archive.org/details/MSNBCW_20111028_210000_Hardball_With_Chris_Matthews#start/230/end/265,10/28/2011 21:04:05,MSNBC,Hardball With Chris Matthews,MSNBCW_20111028_210000_Hardball_With_Chris_Matthews,https://archive.org/download/MSNBCW_20111028_210000_Hardball_With_Chris_Matthews/MSNBCW_20111028_210000_Hardball_With_Chris_Matthews.thumbs/MSNBCW_20111028_210000_Hardball_With_Chris_Matthews_000206.jpg,"man-made contributing to it, which is a reasonable scientific fact. and then he's just flipping completely, as if he had never given it any thought. and his campaign has sent me an e-mail saying he hasn't changed positions, that he continues to believe that there is climate change and he believes humans contribute to it, but he's not sure by how"
https://archive.org/details/MSNBCW_20111028_230000_Hardball_With_Chris_Matthews#start/238/end/273,10/28/2011 23:04:13,MSNBC,Hardball With Chris Matthews,MSNBCW_20111028_230000_Hardball_With_Chris_Matthews,https://archive.org/download/MSNBCW_20111028_230000_Hardball_With_Chris_Matthews/MSNBCW_20111028_230000_Hardball_With_Chris_Matthews.thumbs/MSNBCW_20111028_230000_Hardball_With_Chris_Matthews_000237.jpg,"and his campaign has sent me an e-mail saying he hasn't changed positions, that he continues to believe that there is climate change and he believes humans contribute to it, but he's not sure by how much. but that's not exactly what he said in this most recent appearance. and one thing with romney -- why's he doing this? there's a logic to this."
https://archive.org/details/MSNBCW_20111030_110000_Hardball_Weekend#start/212/end/247,10/30/2011 11:03:47,MSNBC,Hardball Weekend,MSNBCW_20111030_110000_Hardball_Weekend,https://archive.org/download/MSNBCW_20111030_110000_Hardball_Weekend/MSNBCW_20111030_110000_Hardball_Weekend.thumbs/MSNBCW_20111030_110000_Hardball_Weekend_000206.jpg,"and then he's just flipping completely, as if he had never given it any thought. and his campaign has sent me an e-mail saying he hasn't changed positions, that he continues to believe that there is climate change and he believes humans contribute to it, but he's not sure by how much. but that's not exactly what he said in this most recent"
https://archive.org/details/MSNBCW_20111028_230000_Hardball_With_Chris_Matthews#start/206/end/241,10/28/2011 23:03:41,MSNBC,Hardball With Chris Matthews,MSNBCW_20111028_230000_Hardball_With_Chris_Matthews,https://archive.org/download/MSNBCW_20111028_230000_Hardball_With_Chris_Matthews/MSNBCW_20111028_230000_Hardball_With_Chris_Matthews.thumbs/MSNBCW_20111028_230000_Hardball_With_Chris_Matthews_000207.jpg,"my view is that we don't know what's causing climate change on this planet and the idea of spending trillions and trillions of dollars to try to reduce co2 emissions is not the right course for us. i'm beginning to think that the question for mitt romney should be, what are you coming as? like on halloween. what are you coming as tonight? let me go to susan page. what are you coming as tonight?"
